date,battery,qse,mw,mwh,hours_online,actual_usd,perfect_usd,discharged_mwh,charged_mwh,soc_change_mwh,as_awarded_mwh,day_max_price,day_spread
2026-07-28,ABINDUST_ESR1,QMP2M1,9.9,25.9,24.0,562.0,723.0,21.8,14.6,-9.4,15.2,56.4,39.0
2026-07-28,ADL_ESR1,QTEN26,60.0,57.7,24.0,1612.0,2197.0,37.4,11.5,-35.7,777.9,56.4,39.0
2026-07-28,AE_ESR1,QTEN26,9.9,19.1,24.0,247.0,601.0,8.1,6.9,-2.7,220.6,56.4,39.0
2026-07-28,ALAMO_ST_ESR1,QSYSO,9.9,17.6,24.0,-143.0,570.0,14.8,13.9,-2.2,63.2,56.4,39.0
2026-07-28,ALP_BESS_ESR1,QHEI1,100.3,164.1,24.0,2199.0,5464.0,100.4,135.8,-5.3,1334.7,56.4,39.0
2026-07-28,ALVIN_ESR1,QSUE74,8.3,5.5,24.0,59.0,219.0,7.5,8.3,-0.1,32.5,56.4,39.0
2026-07-28,ANCHOR_ESR1,QENE11,34.7,45.3,24.0,-37.0,1610.0,31.5,44.9,-2.1,229.4,56.4,39.0
2026-07-28,ANCHOR_ESR2,QENE11,33.5,48.2,24.0,116.0,1668.0,36.4,48.4,-1.0,179.2,56.4,39.0
2026-07-28,ANDMDSLR_ESR1,QIPLU2,81.5,140.9,15.4,5052.0,4608.0,119.6,37.0,46.0,359.6,56.4,39.0
2026-07-28,ANDMDSLR_ESR2,QIPLU2,78.1,137.7,15.4,4709.0,4473.0,117.3,43.4,49.9,404.1,56.4,39.0
2026-07-28,ANEM_ESS_ESR1,QSUE53,200.0,406.6,24.0,-5454.0,12579.0,158.3,471.7,205.1,1813.1,56.4,39.0
2026-07-28,ANG_SLR_ESR1,QTEN26,100.0,213.1,24.0,2132.0,6377.0,95.4,118.5,-15.3,971.3,56.4,39.0
2026-07-28,ANOL_ESS_ESR1,QESVE1,240.0,519.2,24.0,12209.0,15724.0,479.4,354.9,-251.9,1760.7,56.4,39.0
2026-07-28,ANTL_ESS_ESR1,QSU100,70.0,169.7,24.0,2536.0,4945.0,141.2,169.0,3.1,304.0,56.4,39.0
2026-07-28,ARY_BESS_ESR1,QTEN32,180.0,180.0,24.0,1605.0,6822.0,110.0,123.3,-26.8,0.0,56.4,39.0
2026-07-28,AVIL_ESS_ESR1,QSU100,160.0,377.0,24.0,2985.0,11092.0,332.9,400.0,12.7,960.5,56.4,39.0
2026-07-28,AZURE_ESR1,QENEL6,77.6,127.9,24.0,1015.0,4249.0,108.2,152.6,8.9,286.4,56.4,39.0
2026-07-28,BATCAVE_ESR1,QSUE74,100.5,107.9,24.0,375.0,4020.0,51.5,82.4,-1.4,367.5,56.4,39.0
2026-07-28,BAY_CITY_ESR1,QTEN24,9.9,11.2,24.0,79.0,347.0,1.6,0.2,-1.5,83.3,56.4,39.0
2026-07-28,BCK_ESR1,QHEI5,123.5,305.7,24.0,6599.0,8847.0,263.2,317.8,-2.0,0.0,56.4,39.0
2026-07-28,BCK_ESR2,QHEI5,126.5,313.5,24.0,6522.0,9069.0,265.7,328.4,-0.1,0.0,56.4,39.0
2026-07-28,BCNV2_ES_ESR1,QSU115,150.0,300.0,24.0,7690.0,9331.0,316.8,374.7,0.0,0.0,56.4,39.0
2026-07-28,BCNV_ESS_ESR1,QSHE11,150.0,300.0,24.0,7106.0,9336.0,624.9,454.9,-231.9,749.8,56.4,39.0
2026-07-28,BELD_ESR1,QJPEM,7.0,10.3,24.0,-27.0,357.0,4.0,10.5,5.5,75.6,56.4,39.0
2026-07-28,BEXAR_ES_ESR1,QTEN32,80.0,81.9,24.0,441.0,3087.0,52.1,88.0,9.9,197.8,56.4,39.0
2026-07-28,BIG_STAR_ESR1,QECNR,80.0,108.0,24.0,2651.0,3801.0,107.9,128.7,-0.5,0.0,56.4,39.0
2026-07-28,BKSL_ESS_ESR1,QESVE2,100.0,208.8,24.0,5816.0,6401.0,178.8,98.8,-101.8,802.1,56.4,39.0
2026-07-28,BLACKSPR_ESR1,QBROO2,120.0,262.0,24.0,5674.0,7909.0,242.7,265.2,-21.1,813.4,56.4,39.0
2026-07-28,BLSUMMIT_ESR1,QFPL12,27.7,9.7,24.0,243.0,425.0,9.9,12.3,-0.7,0.0,56.4,39.0
2026-07-28,BLSUMMIT_ESR2,QFPL48,150.0,450.0,24.0,10687.0,12049.0,480.3,561.6,0.0,0.0,56.4,39.0
2026-07-28,BLUEJAY_ESR1,QENEL7,50.0,86.1,24.0,1567.0,2820.0,60.9,65.8,-6.6,462.6,56.4,39.0
2026-07-28,BLVN_SLR_ESR1,QSHEL8,180.0,360.0,24.0,2284.0,11203.0,356.1,450.2,0.0,292.1,56.4,39.0
2026-07-28,BOCO_ESS_ESR1,QTEN28,150.0,365.0,24.0,7073.0,10623.0,333.8,401.5,0.0,1375.2,56.4,39.0
2026-07-28,BRAZORIA_ESR1,QSUE74,9.9,9.5,24.0,149.0,363.0,7.6,8.8,-0.1,39.8,56.4,39.0
2026-07-28,BR_ARROW_ESR1,QECNR,48.3,93.5,24.0,2661.0,2941.0,88.6,75.8,-26.4,151.4,56.4,39.0
2026-07-28,BR_ARROW_ESR2,QECNR,51.7,100.4,24.0,2293.0,3154.0,87.9,101.4,0.6,0.0,56.4,39.0
2026-07-28,BUDA_ESR1,QTEN26,9.9,24.7,24.0,534.0,630.0,20.8,23.3,-0.5,0.0,56.4,39.0
2026-07-28,BYP_ESR1,QEXELO,198.1,465.0,24.0,1839.0,13699.0,196.1,370.0,93.1,0.0,56.4,39.0
2026-07-28,BYRDR_ES_ESR1,QHABIT,50.0,56.8,19.0,1036.0,2085.0,42.6,53.3,-0.6,491.4,56.4,39.0
2026-07-28,CACH_ESS_ESR1,QSU100,200.0,469.5,24.0,7332.0,13829.0,424.6,517.7,22.4,1057.6,56.4,39.0
2026-07-28,CAMWIND_ESR1,QTEN26,16.4,33.9,24.0,386.0,1042.0,34.2,43.2,3.5,83.5,56.4,39.0
2026-07-28,CARA_ESS_ESR1,QHEI8,98.3,196.7,24.0,2283.0,6120.0,140.0,191.5,4.5,1347.5,56.4,39.0
2026-07-28,CARN_ESS_ESR1,QSU100,150.0,351.3,24.0,6632.0,10357.0,311.5,333.4,-25.4,1664.0,56.4,39.0
2026-07-28,CARRIZO_ESR1,QTEN30,9.4,12.6,24.0,192.0,446.0,12.2,12.2,-1.2,64.8,56.4,39.0
2026-07-28,CARTWHL_ESR1,QECNR,150.0,276.8,24.0,7047.0,8851.0,267.7,317.5,-1.2,0.0,56.4,39.0
2026-07-28,CASL_GAP_ESR1,QLUMN1,4.0,4.5,24.0,89.0,165.0,4.7,5.7,-0.0,0.0,56.4,39.0
2026-07-28,CAST_ESS_ESR1,QSUE79,200.0,446.0,24.0,9507.0,13371.0,393.1,421.0,-34.7,1009.6,56.4,39.0
2026-07-28,CATARINA_ESR1,QBEEP1,9.9,10.7,24.0,198.0,345.0,7.7,8.6,-1.0,99.5,56.4,39.0
2026-07-28,CEDRVALE_ESR1,QBEEP1,9.9,10.7,24.0,306.0,345.0,7.7,3.5,-6.2,123.8,56.4,39.0
2026-07-28,CFLAT_ES_ESR1,QTEN26,100.0,200.0,24.0,5721.0,6202.0,207.7,108.0,-126.5,0.0,56.4,39.0
2026-07-28,CHERRYCR_ESR1,QBEEP1,9.9,10.7,24.0,272.0,345.0,7.8,5.5,-3.2,112.1,56.4,39.0
2026-07-28,CHIL_SLR_ESR1,QSUE88,150.0,323.2,24.0,2217.0,9801.0,324.5,367.8,-16.0,1080.0,56.4,39.0
2026-07-28,CISC_ESR1,QBEEP1,9.9,10.7,24.0,305.0,345.0,7.5,3.4,-6.5,123.7,56.4,39.0
2026-07-28,CITRUSCY_ESR1,QPROLO,9.9,21.0,24.0,26.0,569.0,11.4,13.2,-0.0,176.7,56.4,39.0
2026-07-28,CLO_ESR1,QMEA1,100.0,195.1,24.0,1772.0,6122.0,146.6,186.0,4.0,1646.1,56.4,39.0
2026-07-28,CLO_ESR2,QMEA1,100.0,187.1,24.0,1709.0,5954.0,145.2,186.0,2.5,1630.3,56.4,39.0
2026-07-28,CNLY_ESS_ESR1,QSUE76,119.5,229.5,24.0,4566.0,7238.0,335.1,343.1,-31.2,2455.1,56.4,39.0
2026-07-28,CNTRY_ESR1,QPROLO,9.8,20.3,24.0,663.0,555.0,19.0,12.9,-3.4,105.6,56.4,39.0
2026-07-28,CNTYRDS_ESR1,QTEN26,9.9,24.7,24.0,379.0,698.0,19.5,22.2,-0.2,0.0,56.4,39.0
2026-07-28,CORALSLR_ESR1,QNGRE1,46.8,58.3,24.0,-143.0,2102.0,70.8,108.2,-0.5,154.0,56.4,39.0
2026-07-28,CORALSLR_ESR2,QNGRE1,51.3,58.3,24.0,1058.0,2145.0,58.7,58.8,-1.8,254.0,56.4,39.0
2026-07-28,CORAZON_ESR1,QHEI4,200.0,254.0,24.0,-675.0,9088.0,136.5,272.1,84.9,2027.3,56.4,39.0
2026-07-28,COTULLA_ESR1,QGRIDB,9.9,24.4,22.0,236.0,644.0,21.0,23.5,-0.3,0.0,56.4,39.0
2026-07-28,COYOTSPR_ESR1,QBEEP1,9.9,10.7,24.0,313.0,345.0,7.8,3.4,-6.5,125.4,56.4,39.0
2026-07-28,CROSSETT_ESR1,QJPEM1,99.9,101.5,24.0,2381.0,3833.0,90.2,102.6,-2.0,665.8,56.4,39.0
2026-07-28,CROSSETT_ESR2,QJPEM1,99.7,101.6,24.0,2451.0,3834.0,87.5,94.2,-0.9,759.6,56.4,39.0
2026-07-28,CROSSTRL_ESR1,QGRIE4,56.9,113.8,24.0,1247.0,3542.0,83.3,112.7,-1.2,66.6,56.4,39.0
2026-07-28,CR_ESR1,QPROLO,9.8,19.6,24.0,523.0,541.0,17.8,16.6,-4.7,121.2,56.4,39.0
2026-07-28,CS_ESR1,QTEN26,9.9,14.3,24.0,264.0,495.0,14.0,13.3,1.1,153.2,56.4,39.0
2026-07-28,CTW_ESR1,QTOTL5,150.0,185.3,24.0,4994.0,6675.0,236.3,289.8,3.7,1267.8,56.4,39.0
2026-07-28,DAN_ESR1,QTOTL4,75.3,102.2,24.0,2317.0,3592.0,92.7,112.4,1.3,636.0,56.4,39.0
2026-07-28,DAN_ESR2,QTOTL4,71.7,102.4,24.0,2225.0,3554.0,90.6,111.7,3.1,607.4,56.4,39.0
2026-07-28,DA_ESR1,QSHE16,4.0,10.0,24.0,229.0,288.0,9.6,10.9,0.0,0.0,56.4,39.0
2026-07-28,DA_ESR3,QSHE16,9.9,15.5,20.8,-199.0,524.0,0.4,10.2,0.0,0.0,56.4,39.0
2026-07-28,DCSES_ESR1,QLUMN,66.5,66.4,24.0,79.0,2518.0,17.5,34.8,-0.5,360.1,56.4,39.0
2026-07-28,DCSES_ESR2,QLUMN,66.5,66.4,24.0,72.0,2518.0,17.5,35.0,-0.6,359.0,56.4,39.0
2026-07-28,DCSES_ESR3,QLUMN,63.5,63.4,24.0,47.0,2405.0,16.6,34.3,4.6,329.1,56.4,39.0
2026-07-28,DCSES_ESR4,QLUMN,63.5,63.4,24.0,48.0,2405.0,16.7,34.1,-0.5,341.5,56.4,39.0
2026-07-28,DESN_ESS_ESR1,QSUE79,200.0,470.1,24.0,10006.0,13842.0,416.2,437.6,-50.5,1046.5,56.4,39.0
2026-07-28,DGFS_ESR_ESR1,QTEN26,75.0,64.0,24.0,1319.0,2478.0,43.9,26.4,-46.8,0.0,56.4,39.0
2026-07-28,DIBOL_ESR1,QBEEP1,9.9,10.7,24.0,327.0,345.0,6.9,0.8,-6.9,131.7,56.4,39.0
2026-07-28,DICKNSON_ESR1,QSUE74,9.9,7.8,24.0,85.0,307.0,7.0,8.2,-0.1,52.8,56.4,39.0
2026-07-28,DKNS_ESS_ESR1,QSUE74,50.0,47.8,24.0,987.0,1823.0,49.2,56.4,-1.2,175.4,56.4,39.0
2026-07-28,DKNS_ESS_ESR2,QSUE74,50.0,47.9,24.0,956.0,1827.0,47.8,54.6,-0.2,180.2,56.4,39.0
2026-07-28,DKNS_ESS_ESR3,QSUE74,50.0,49.3,24.0,1008.0,1871.0,48.9,56.7,-0.1,178.4,56.4,39.0
2026-07-28,DKNS_ESS_ESR4,QSUE74,50.0,48.8,24.0,1008.0,1855.0,48.5,56.1,-0.3,179.5,56.4,39.0
2026-07-28,DPCRK_ESR1,QTEN26,6.5,13.1,24.0,319.0,398.0,12.6,14.5,-0.1,0.0,56.4,39.0
2026-07-28,DSWL_ESS_ESR1,QPHIL3,150.0,316.6,24.0,3668.0,9670.0,347.5,441.5,0.5,1045.1,56.4,39.0
2026-07-28,EBNY_ESS_ESR1,QSUE52,200.0,458.5,24.0,2862.0,13616.0,317.9,500.5,79.0,2041.9,56.4,39.0
2026-07-28,ELMCRK_ESR1,QMP2M1,9.9,25.9,24.0,580.0,694.0,15.7,5.6,-11.5,11.6,56.4,39.0
2026-07-28,ELM_ST_ESR1,QTEN26,9.9,24.7,24.0,380.0,698.0,19.3,22.0,-0.1,0.0,56.4,39.0
2026-07-28,ELM_ST_ESR2,QSYSO,9.9,18.0,24.0,274.0,578.0,19.8,20.1,-1.8,41.9,56.4,39.0
2026-07-28,ELSA_ESR1,QTEN24,9.9,10.6,24.0,4.0,334.0,0.2,0.1,-0.0,79.7,56.4,39.0
2026-07-28,ELZA_SLR_ESR1,QENE16,100.0,142.2,24.0,848.0,4937.0,85.3,124.6,-1.9,644.9,56.4,39.0
2026-07-28,EMPCT_ESR1,QTEN24,7.0,8.6,24.0,-11.0,270.0,5.7,10.0,4.5,32.3,56.4,39.0
2026-07-28,ENDPARKS_ESR1,QGRIE4,50.0,102.4,24.0,391.0,3143.0,72.8,82.5,-1.4,396.5,56.4,39.0
2026-07-28,ESCONDID_ESR1,QTEN30,9.4,12.7,24.0,-2.0,384.0,0.2,0.3,-0.1,0.0,56.4,39.0
2026-07-28,ESTONIAN_ESR1,QENE14,101.6,163.6,24.0,4239.0,5478.0,152.5,144.8,-31.0,669.8,56.4,39.0
2026-07-28,EUNICE_ESR1,QTENSK,22.0,26.0,24.0,-41.0,853.0,13.8,14.1,-4.5,317.8,56.4,39.0
2026-07-28,EVLN_ESS_ESR1,QSHE15,202.9,299.7,24.0,8852.0,10291.0,304.2,190.1,-151.4,0.0,56.4,39.0
2026-07-28,E_HARRIS_ESR1,QTEN26,9.9,20.0,24.0,-28.0,559.0,12.0,18.9,5.0,132.9,56.4,39.0
2026-07-28,FALFUR_ESR2,QTEN30,9.4,12.6,24.0,-12.0,362.0,4.6,5.5,-0.0,118.9,56.4,39.0
2026-07-28,FAULKNER_ESR1,QBEEP1,9.9,10.7,24.0,320.0,345.0,7.8,2.9,-6.3,126.6,56.4,39.0
2026-07-28,FENCESLR_ESR1,QENE13,67.7,108.3,24.0,1572.0,3635.0,64.2,70.7,-8.1,448.0,56.4,39.0
2026-07-28,FERD_ESS_ESR1,QCPSE,200.0,950.0,24.0,7507.0,20199.0,371.4,492.3,29.9,199.7,56.4,39.0
2026-07-28,FIVEWSLR_ESR1,QSUE61,220.0,250.0,19.8,-34.0,9184.0,161.3,259.2,63.4,843.0,56.4,39.0
2026-07-28,FLAT_TOP_ESR1,QSHEL2,9.3,14.4,24.0,138.0,488.0,9.2,8.5,-0.7,45.2,56.4,39.0
2026-07-28,FLAT_TOP_ESR2,QJPEM,9.9,16.0,24.0,365.0,535.0,13.2,15.6,0.2,94.9,56.4,39.0
2026-07-28,FLOWERII_ESR1,QJPEM,99.7,195.7,24.0,3592.0,6128.0,142.9,171.7,1.8,1014.2,56.4,39.0
2026-07-28,FORTMA_ESR1,QTEN30,10.0,12.6,24.0,356.0,451.0,10.0,4.0,-6.7,119.7,56.4,39.0
2026-07-28,FRMRSVLW_ESR1,QBEEP1,9.9,10.7,24.0,324.0,345.0,6.8,0.9,-7.3,130.7,56.4,39.0
2026-07-28,FRMRSVLW_ESR2,QTEN26,6.0,14.7,24.0,151.0,427.0,7.2,5.5,-2.6,120.3,56.4,39.0
2026-07-28,FTDUNCAN_ESR1,QTEN26,100.0,214.2,24.0,3321.0,6509.0,145.7,180.4,-3.6,1464.0,56.4,39.0
2026-07-28,GAIA_SLR_ESR1,QTEN26,75.0,150.0,24.0,2951.0,4668.0,150.1,167.7,-11.2,257.4,56.4,39.0
2026-07-28,GAMBIT_ESR1,QSUE23,100.0,146.3,24.0,1373.0,5022.0,147.5,182.8,-13.3,802.2,56.4,39.0
2026-07-28,GARCENO_ESR1,QTEN24,9.9,11.1,24.0,256.0,346.0,10.7,3.9,-9.2,69.5,56.4,39.0
2026-07-28,GEORSO_ESR1,QEDIS9,9.8,8.1,24.0,138.0,312.0,12.8,15.2,-0.0,87.1,56.4,39.0
2026-07-28,GIGA_ESS_ESR1,QSUE55,118.3,213.2,24.0,5481.0,6863.0,213.9,207.4,-18.6,2238.4,56.4,39.0
2026-07-28,GKS_BESS_ESR1,QTEN26,79.5,138.0,24.0,2998.0,4438.0,92.6,72.3,-45.4,606.2,56.4,39.0
2026-07-28,GODY_SLR_ESR1,QTEN26,49.3,150.8,24.0,3660.0,4005.0,158.6,151.0,-2.3,0.0,56.4,39.0
2026-07-28,GOMZ_ESR1,QBEEP1,9.9,10.7,24.0,317.0,345.0,7.8,3.2,-5.7,124.8,56.4,39.0
2026-07-28,GOODWIN_ESR1,QTEN30,9.5,12.7,24.0,53.0,385.0,2.8,1.9,-2.8,105.1,56.4,39.0
2026-07-28,GRDNE_ESR1,QBEEP1,9.9,10.7,24.0,386.0,345.0,8.1,0.5,-8.2,134.1,56.4,39.0
2026-07-28,GREGORY_ESR1,QTEN30,9.9,11.4,24.0,227.0,418.0,13.9,13.4,-2.3,144.5,56.4,39.0
2026-07-28,GRIZZLY_ESR1,QPRIO1,9.9,10.0,0.0,0.0,378.0,0.0,-0.0,0.0,0.0,56.4,39.0
2026-07-28,GZ_ESR1,QTEN30,9.9,12.7,24.0,-38.0,451.0,3.6,6.1,2.5,130.4,56.4,39.0
2026-07-28,GZ_ESR2,QPROLO,9.9,19.9,24.0,421.0,546.0,11.4,7.9,-5.2,57.4,56.4,39.0
2026-07-28,HAMILTON_ESR1,QBEEP1,9.9,10.7,22.7,205.0,345.0,8.4,9.9,0.5,90.8,56.4,39.0
2026-07-28,HEADCAMP_ESR1,QTEN34,150.0,300.0,24.0,-3209.0,9336.0,189.7,267.4,23.9,0.0,56.4,39.0
2026-07-28,HEARN_RD_ESR1,QTEN30,9.8,12.7,24.0,288.0,433.0,12.4,14.2,-0.1,0.0,56.4,39.0
2026-07-28,HEIGHTTN_ESR1,QSUE74,9.9,8.2,24.0,124.0,317.0,8.8,10.0,-0.1,40.2,56.4,39.0
2026-07-28,HEN_ESR1,QECNR,150.0,293.6,24.0,4739.0,9203.0,252.5,320.0,-0.3,0.0,56.4,39.0
2026-07-28,HEN_ESR2,QECNR,149.1,284.1,23.7,-1351.0,8986.0,5.4,64.5,19.8,0.0,56.4,39.0
2026-07-28,HI_LONEB_ESR1,QENEL1,50.0,78.6,24.0,1703.0,2654.0,98.8,83.1,-28.9,437.4,56.4,39.0
2026-07-28,HLY_ESR1,QHEI1,102.2,172.9,24.0,2079.0,5694.0,122.2,168.3,-0.7,1309.6,56.4,39.0
2026-07-28,HLY_ESR2,QHEI1,101.8,167.9,24.0,1961.0,5577.0,122.0,173.6,5.9,1317.0,56.4,39.0
2026-07-28,HMNG_ESS_ESR1,QMEA8,99.9,233.0,24.0,3746.0,6879.0,191.8,238.7,-0.1,1227.2,56.4,39.0
2026-07-28,HOLCOMB_ESR1,QBEEP1,9.9,10.7,24.0,160.0,345.0,6.9,7.2,-1.2,113.0,56.4,39.0
2026-07-28,HOUSEMTN_ESR1,QJPEM,60.0,127.4,24.0,1624.0,3883.0,85.8,115.5,2.5,762.0,56.4,39.0
2026-07-28,HRMS_SLR_ESR1,QTOT16,100.0,214.4,24.0,-456.0,6513.0,31.0,37.8,-0.1,0.0,56.4,39.0
2026-07-28,HWY6_ESR1,QTEN26,9.9,24.7,22.0,70.0,713.0,5.4,7.0,-1.8,0.0,56.4,39.0
2026-07-28,HYDR_ESS_ESR1,QSUE74,200.0,190.4,24.0,2386.0,7261.0,164.6,216.2,23.0,702.0,56.4,39.0
2026-07-28,INDL_ESR1,QECNR,9.9,4.2,24.0,50.0,181.0,1.6,1.5,-1.3,0.0,56.4,39.0
2026-07-28,INRT_W_ESR1,QFPL32,12.9,45.8,24.0,649.0,1120.0,29.8,38.3,0.0,0.0,56.4,39.0
2026-07-28,JADE_SLR_ESR1,QIPLUM,78.1,140.1,24.0,3662.0,4523.0,137.7,147.1,-16.8,239.1,56.4,39.0
2026-07-28,JADE_SLR_ESR2,QIPLUM,81.5,140.6,24.0,3641.0,4594.0,138.9,150.0,-15.7,237.2,56.4,39.0
2026-07-28,JAG_SLR_ESR1,QLCRA,150.0,300.0,24.0,1982.0,9336.0,273.6,350.6,16.9,633.8,56.4,39.0
2026-07-28,JAG_SLR_ESR2,QMITS2,150.0,305.5,24.0,5239.0,9447.0,273.4,339.8,10.9,0.0,56.4,39.0
2026-07-28,JAR_ESR1,QHEI1,147.0,264.0,24.0,4399.0,8521.0,184.7,221.8,0.5,1945.5,56.4,39.0
2026-07-28,JAR_ESR2,QHEI1,157.0,291.0,24.0,4869.0,9290.0,201.8,242.7,1.2,2036.9,56.4,39.0
2026-07-28,JDKNS_ESR1,QBEEP1,9.9,10.7,24.0,362.0,345.0,7.9,1.2,-8.8,125.8,56.4,39.0
2026-07-28,JUNCTION_ESR1,QBEEP1,9.9,10.7,24.0,148.0,345.0,3.3,0.5,-2.8,138.7,56.4,39.0
2026-07-28,JUNORTH_ESR1,QTEN26,9.9,22.0,24.0,322.0,661.0,10.3,6.1,-6.1,0.0,56.4,39.0
2026-07-28,K0_ESR1,QSUE74,9.9,9.7,24.0,121.0,348.0,7.5,8.9,-1.2,44.8,56.4,39.0
2026-07-28,KEG_ESR1,QEDF27,120.0,311.2,24.0,-1964.0,8846.0,68.0,224.2,127.0,0.0,56.4,39.0
2026-07-28,LANTANA_ESR1,QTEN26,9.9,20.1,24.0,308.0,591.0,22.8,23.3,-1.1,125.3,56.4,39.0
2026-07-28,LAURELES_ESR1,QTEN30,9.4,11.4,24.0,140.0,414.0,13.2,11.7,-2.9,42.5,56.4,39.0
2026-07-28,LBRA_ESS_ESR1,QSUE48,200.0,200.0,24.0,2358.0,7580.0,133.8,166.9,-31.4,793.2,56.4,39.0
2026-07-28,LFSTH_ESR1,QBEEP1,9.9,10.7,24.0,329.0,345.0,6.9,0.8,-6.8,143.0,56.4,39.0
2026-07-28,LIGSW_ESR1,QPROLO,6.0,6.8,24.0,151.0,234.0,6.3,7.9,-0.2,79.5,56.4,39.0
2026-07-28,LILY_ESR1,QENEL5,50.0,71.8,24.0,-141.0,2488.0,47.3,82.3,29.2,515.0,56.4,39.0
2026-07-28,LMO_ESR1,QSHEL2,99.9,243.5,24.0,5231.0,7083.0,195.7,202.8,-45.5,860.2,56.4,39.0
2026-07-28,LONESTAR_ESR1,QBEEP1,9.9,10.7,24.0,318.0,345.0,7.6,2.7,-6.4,126.4,56.4,39.0
2026-07-28,LON_ESR1,QTEN26,174.0,337.9,24.0,-3793.0,10654.0,91.3,321.6,69.7,2220.4,56.4,39.0
2026-07-28,LOPENO_ESR1,QSUE74,9.9,9.8,14.7,58.0,350.0,5.2,3.7,7.0,59.6,56.4,39.0
2026-07-28,LOWR_ESS_ESR1,QEDI10,60.0,117.6,24.0,1954.0,3683.0,97.3,66.8,-42.9,1195.3,56.4,39.0
2026-07-28,LUCKYBLU_ESR1,QBROO1,69.2,140.5,24.0,2293.0,4349.0,104.1,89.0,-26.2,440.0,56.4,39.0
2026-07-28,LYNX_ESS_ESR1,QSU101,75.0,184.8,24.0,-205.0,5205.0,0.0,6.8,-5.3,0.0,56.4,39.0
2026-07-28,L_463S_ESR1,QSUE74,9.9,7.3,24.0,74.0,275.0,7.5,8.5,-0.2,65.2,56.4,39.0
2026-07-28,L_FRESNO_ESR1,QTEN24,9.9,11.3,24.0,2.0,350.0,0.2,0.1,-0.0,106.5,56.4,39.0
2026-07-28,MADERO_ESR1,QTEN25,100.0,259.2,24.0,6242.0,7369.0,309.0,190.7,-160.0,602.5,56.4,39.0
2026-07-28,MADERO_ESR2,QTEN25,100.0,252.4,24.0,5857.0,7253.0,284.8,174.9,-147.4,561.3,56.4,39.0
2026-07-28,MAGNO_TN_ESR1,QSUE74,8.3,6.4,24.0,116.0,253.0,6.8,7.6,-0.2,35.1,56.4,39.0
2026-07-28,MAINLAND_ESR1,QBEEP1,9.9,10.7,24.0,79.0,345.0,5.4,4.3,-2.2,136.4,56.4,39.0
2026-07-28,MAYBERRY_ESR1,QTEN24,9.9,10.9,24.0,2.0,341.0,0.2,0.2,0.0,70.7,56.4,39.0
2026-07-28,MAYBERRY_ESR2,QTEN24,9.9,11.9,24.0,5.0,363.0,0.3,0.1,-0.0,124.9,56.4,39.0
2026-07-28,MESQUITE_ESR1,QTEN26,9.9,19.8,21.0,670.0,593.0,20.0,7.8,-15.0,0.0,56.4,39.0
2026-07-28,MESQUITE_ESR2,QSYSO,9.9,19.5,24.0,540.0,556.0,17.4,12.7,-7.7,0.0,56.4,39.0
2026-07-28,MIDP_SLR_ESR1,QTEN26,50.0,100.0,24.0,1455.0,3112.0,91.5,111.8,-0.2,287.8,56.4,39.0
2026-07-28,MIDWY_ESR1,QPROLO,9.9,10.5,24.0,279.0,348.0,10.0,11.7,-0.2,109.6,56.4,39.0
2026-07-28,MNWLE_ESR1,QBEEP1,9.9,10.7,24.0,284.0,345.0,6.5,2.3,-5.1,131.0,56.4,39.0
2026-07-28,MOORE_FL_ESR1,QTEN30,9.9,11.4,24.0,135.0,353.0,13.9,12.4,-3.0,178.5,56.4,39.0
2026-07-28,MUENSTER_ESR1,QTEN30,9.4,12.6,24.0,421.0,444.0,9.5,1.7,-9.8,93.8,56.4,39.0
2026-07-28,MUSTNGCK_ESR1,QENE10,71.0,112.1,24.0,2215.0,3779.0,113.7,134.4,-5.1,394.5,56.4,39.0
2026-07-28,MU_ESR1,QTEN26,9.9,19.5,24.0,182.0,610.0,7.3,5.4,-3.3,181.8,56.4,39.0
2026-07-28,MYR_ESR1,QTOTL5,75.8,108.4,24.0,3254.0,3752.0,107.5,89.3,-28.5,764.9,56.4,39.0
2026-07-28,MYR_ESR2,QTOTL5,73.3,98.2,24.0,2736.0,3463.0,94.5,110.6,-1.1,613.5,56.4,39.0
2026-07-28,NCO_ESR1,QSHEL2,46.3,53.2,24.0,473.0,1945.0,25.8,23.7,-16.2,288.2,56.4,39.0
2026-07-28,NF_BRP_ESR1,QSUE74,100.5,107.9,24.0,238.0,4020.0,45.0,84.8,2.3,360.1,56.4,39.0
2026-07-28,NOBLESLR_ESR1,QNGREN,60.4,48.3,24.0,1178.0,1869.0,51.7,55.0,0.8,296.0,56.4,39.0
2026-07-28,NOBLESLR_ESR2,QNGREN,62.5,54.4,24.0,1356.0,2099.0,61.4,64.5,-1.1,425.1,56.4,39.0
2026-07-28,N_ALAMO_ESR1,QTEN24,9.9,7.1,24.0,1.0,243.0,0.1,0.1,-0.0,45.8,56.4,39.0
2026-07-28,N_MERCED_ESR1,QTEN24,9.9,10.6,24.0,1.0,334.0,0.2,0.2,-0.0,83.7,56.4,39.0
2026-07-28,ODESW_ESR1,QSUE74,9.9,6.1,24.0,84.0,234.0,9.8,10.4,-0.8,46.7,56.4,39.0
2026-07-28,PAD1_ESS_ESR1,QCPSE,50.0,122.0,24.0,1839.0,3548.0,51.8,37.8,-26.5,49.7,56.4,39.0
2026-07-28,PAD2_ESS_ESR2,QCPSE,150.0,600.0,24.0,10154.0,13946.0,382.9,313.2,-123.2,170.9,56.4,39.0
2026-07-28,PALACIOS_ESR1,QTEN30,9.5,11.4,24.0,207.0,359.0,8.4,9.8,0.1,69.0,56.4,39.0
2026-07-28,PALE_ESS_ESR1,QSUE74,200.0,200.4,22.9,3788.0,7593.0,166.6,214.5,1.6,432.3,56.4,39.0
2026-07-28,PALMVIEW_ESR1,QGRIDB,9.9,24.7,22.0,-22.0,646.0,16.7,28.0,7.5,0.0,56.4,39.0
2026-07-28,PAULN_ESR1,QBEEP1,9.9,10.7,24.0,331.0,345.0,6.9,0.7,-7.0,131.4,56.4,39.0
2026-07-28,PAVLOV_ESR1,QBEEP1,9.9,10.7,24.0,269.0,345.0,6.3,1.8,-5.1,133.9,56.4,39.0
2026-07-28,PAVO_ESS_ESR1,QSUE74,87.5,83.5,24.0,1137.0,3183.0,114.1,128.7,5.4,392.0,56.4,39.0
2026-07-28,PAVO_ESS_ESR2,QSUE74,87.5,83.0,24.0,1198.0,3168.0,111.3,123.2,5.9,380.9,56.4,39.0
2026-07-28,PEARSALL_ESR1,QTEN26,9.9,19.8,24.0,336.0,544.0,15.7,18.1,-0.1,0.6,56.4,39.0
2026-07-28,PHO_ESR1,QENE15,150.0,236.0,24.0,3916.0,7963.0,242.3,259.9,-21.1,635.0,56.4,39.0
2026-07-28,PHO_ESR2,QENE15,150.0,240.8,24.0,4179.0,8070.0,249.0,262.0,-20.5,610.6,56.4,39.0
2026-07-28,PINEFRST_ESR1,QTEN21,200.0,400.0,24.0,7245.0,12448.0,382.6,469.5,11.6,40.9,56.4,39.0
2026-07-28,PIN_BESS_ESR1,QTEN34,175.6,400.0,24.0,3970.0,11901.0,357.1,384.1,-59.1,0.0,56.4,39.0
2026-07-28,PIRATE_ESR1,QTEN30,9.5,12.6,24.0,203.0,414.0,11.5,12.4,-2.3,84.5,56.4,39.0
2026-07-28,PLATINUM_ESR1,QSUE80,148.3,323.4,24.0,5757.0,9768.0,275.7,317.6,-24.3,601.5,56.4,39.0
2026-07-28,PLATINUM_ESR2,QSUE80,151.7,329.3,24.0,3988.0,9961.0,203.9,243.8,-14.0,539.0,56.4,39.0
2026-07-28,POTEETS_ESR1,QBEEP1,9.9,10.7,24.0,228.0,345.0,10.0,6.2,-6.4,110.2,56.4,39.0
2026-07-28,PRCRK_ESR1,QTEN24,9.9,13.1,24.0,-100.0,389.0,4.3,12.2,9.1,53.5,56.4,39.0
2026-07-28,PUEBLO_ESR1,QSUE74,9.9,9.8,24.0,128.0,350.0,7.9,9.2,-1.6,58.0,56.4,39.0
2026-07-28,PUEBLO_ESR2,QSUE74,9.9,9.8,24.0,135.0,350.0,8.1,9.0,-1.3,58.7,56.4,39.0
2026-07-28,PYOTE_ESR1,QJPEM,9.0,16.2,24.0,183.0,527.0,9.5,12.8,1.4,111.4,56.4,39.0
2026-07-28,PYR_ESR1,QECNR,9.9,4.2,24.0,61.0,181.0,1.7,1.2,-1.4,0.0,56.4,39.0
2026-07-28,PYR_ESR2,QECNR,13.7,13.6,24.0,246.0,516.0,10.3,12.2,-0.6,23.6,56.4,39.0
2026-07-28,PYR_ESR3,QECNR,15.1,13.6,24.0,266.0,522.0,10.9,13.0,-0.4,21.2,56.4,39.0
2026-07-28,QTUM_SLR_ESR1,QTEN33,160.0,320.0,24.0,7390.0,9958.0,298.1,354.7,2.9,0.0,56.4,39.0
2026-07-28,QTUM_SLR_ESR2,QTEN33,160.0,320.0,19.7,6972.0,9958.0,297.4,347.6,0.3,0.0,56.4,39.0
2026-07-28,QUEEN_BA_ESR1,QENEL2,46.8,62.7,24.0,1478.0,2165.0,66.1,54.5,-16.1,303.6,56.4,39.0
2026-07-28,RADN_SLR_ESR1,QIPRAD,76.6,134.2,24.0,4015.0,4365.0,115.3,83.5,-43.0,790.7,56.4,39.0
2026-07-28,RADN_SLR_ESR2,QIPRAD,81.9,150.3,24.0,4449.0,4815.0,127.4,92.4,-45.0,809.9,56.4,39.0
2026-07-28,RBN_ESR1,QTEN19,100.0,115.9,24.0,1455.0,4239.0,98.0,141.3,1.7,276.6,56.4,39.0
2026-07-28,RHA_ESR1,QTEN19,200.0,406.2,24.0,8915.0,12572.0,402.5,344.5,-123.8,0.0,56.4,39.0
2026-07-28,RIO_GRAN_ESR1,QTEN24,9.9,9.8,24.0,230.0,317.0,9.7,6.6,-7.5,49.0,56.4,39.0
2026-07-28,ROSELAND_ESR1,QENEL9,50.0,85.8,24.0,1293.0,2811.0,71.0,70.8,-13.3,426.7,56.4,39.0
2026-07-28,RPUBRDS_ESR1,QSHEL2,50.0,59.0,24.0,-754.0,2148.0,55.5,103.1,23.8,231.5,56.4,39.0
2026-07-28,RRANCHES_ESR1,QSUE51,150.0,345.8,24.0,1956.0,10249.0,290.7,370.2,9.2,1932.1,56.4,39.0
2026-07-28,RRANCHES_ESR2,QSUE51,150.0,345.0,24.0,1624.0,10234.0,274.6,369.5,28.1,1737.6,56.4,39.0
2026-07-28,RRC_WIND_ESR1,QFPL35,75.0,225.0,24.0,1673.0,6024.0,245.2,282.5,0.0,0.0,56.4,39.0
2026-07-28,RRC_WIND_ESR2,QFPL35,75.0,225.0,24.0,1584.0,6024.0,226.5,257.7,0.0,0.0,56.4,39.0
2026-07-28,RTLSNAKE_ESR1,QBEEP1,9.9,10.7,24.0,327.0,345.0,7.8,2.8,-6.8,127.8,56.4,39.0
2026-07-28,RUSSEKST_ESR1,QBEEP1,9.9,10.7,24.0,111.0,345.0,9.7,10.1,-0.6,103.5,56.4,39.0
2026-07-28,RVRVLYS_ESR1,QSHEL2,50.0,114.3,24.0,2077.0,3398.0,138.1,162.3,-12.6,799.8,56.4,39.0
2026-07-28,RVRVLYS_ESR2,QSHEL2,50.0,114.3,24.0,1854.0,3398.0,134.0,163.2,-9.3,818.8,56.4,39.0
2026-07-28,SADLBACK_ESR1,QBEEP1,9.9,10.7,24.0,316.0,345.0,7.7,2.9,-6.8,125.5,56.4,39.0
2026-07-28,SAH_ESR1,QGFEN,200.0,500.0,14.6,9122.0,14424.0,386.6,480.8,0.0,0.0,56.4,39.0
2026-07-28,SAH_ESR2,QGFEN,200.0,500.0,14.6,9370.0,14424.0,384.9,467.4,0.0,0.0,56.4,39.0
2026-07-28,SANDLAKE_ESR1,QBEEP1,9.9,10.7,24.0,319.0,345.0,7.9,3.6,-5.4,126.9,56.4,39.0
2026-07-28,SBEAN_ESR1,QBEEP1,9.9,10.7,24.0,313.0,345.0,7.5,2.8,-6.7,126.8,56.4,39.0
2026-07-28,SEVNF_ES_ESR1,QTEN37,100.0,238.2,24.0,880.0,6981.0,193.4,228.0,-12.6,366.2,56.4,39.0
2026-07-28,SE_EDINB_ESR1,QGRIDB,9.9,23.6,22.0,273.0,627.0,20.7,21.1,-2.1,0.0,56.4,39.0
2026-07-28,SGAL_BES_ESR1,QJPEM,100.0,204.8,24.0,-1745.0,6321.0,110.7,236.5,80.9,1571.7,56.4,39.0
2026-07-28,SGAL_BES_ESR2,QJPEM2,99.8,199.0,24.0,-1503.0,6187.0,112.5,226.6,80.8,1583.6,56.4,39.0
2026-07-28,SGSA_ESR1,QAMA1,9.3,23.6,24.0,472.0,680.0,15.3,13.9,-6.3,1.3,56.4,39.0
2026-07-28,SHAMROCK_ESR1,QFPL40,99.3,297.9,24.0,5006.0,7976.0,357.4,345.8,-59.6,0.0,56.4,39.0
2026-07-28,SHEEPCRK_ESR1,QSUE70,135.0,172.9,24.0,660.0,6173.0,150.8,210.5,-1.7,522.7,56.4,39.0
2026-07-28,SLCNHLS_ESR1,QSHEL2,50.0,57.7,24.0,730.0,2112.0,46.7,45.6,-16.0,271.7,56.4,39.0
2026-07-28,SLCNHLS_ESR2,QSHEL2,50.0,58.2,24.0,787.0,2122.0,47.1,45.0,-16.8,273.8,56.4,39.0
2026-07-28,SLK_BESS_ESR1,QTEN34,200.0,400.0,24.0,-1486.0,12448.0,25.1,66.2,-339.7,0.0,56.4,39.0
2026-07-28,SMTH_ESS_ESR1,QSUE77,121.8,245.8,24.0,5303.0,7624.0,282.0,302.2,10.7,2930.3,56.4,39.0
2026-07-28,SOLC_SLR_ESR1,QTEN33,160.0,320.0,24.0,6868.0,9958.0,352.4,398.8,-8.0,0.0,56.4,39.0
2026-07-28,SOLC_SLR_ESR2,QTEN33,160.0,320.0,24.0,6817.0,9958.0,351.8,404.0,-4.5,0.0,56.4,39.0
2026-07-28,SPTX12B_ESR1,QEDIS9,22.3,18.5,24.0,377.0,715.0,18.5,22.8,-0.0,141.3,56.4,39.0
2026-07-28,STADIUM_ESR1,QTEN26,9.9,17.6,24.0,524.0,567.0,17.0,9.2,-11.1,0.0,56.4,39.0
2026-07-28,STAM_SLR_ESR1,QENE12,70.0,129.0,24.0,1735.0,4126.0,90.0,108.0,0.0,548.9,56.4,39.0
2026-07-28,STRG_SLR_ESR1,QECNR,95.0,193.4,24.0,3686.0,6000.0,221.6,247.2,-0.7,0.0,56.4,39.0
2026-07-28,SUNVASLR_ESR1,QSUE38,53.3,53.2,24.0,504.0,2018.0,53.8,61.6,-1.6,259.9,56.4,39.0
2026-07-28,SUNVASLR_ESR2,QSUE38,46.7,46.8,24.0,172.0,1771.0,39.2,52.3,-0.1,207.8,56.4,39.0
2026-07-28,SWEENY_ESR1,QSUE74,9.9,9.2,24.0,162.0,333.0,7.9,8.6,-0.5,49.2,56.4,39.0
2026-07-28,SWOOSEII_ESR1,QMEA5,100.0,197.9,24.0,2535.0,6180.0,127.0,170.0,4.6,1136.6,56.4,39.0
2026-07-28,SWTWR_ESR1,QTEN26,8.5,21.3,24.0,281.0,581.0,11.6,13.5,0.1,43.0,56.4,39.0
2026-07-28,S_SNROSA_ESR1,QTEN24,9.9,10.9,24.0,1.0,341.0,0.1,0.1,-0.0,93.9,56.4,39.0
2026-07-28,TBWF_ESS_ESR1,QTEN29,144.0,343.2,24.0,1258.0,10058.0,236.9,249.1,-56.2,473.0,56.4,39.0
2026-07-28,TDWLPR_1_ESR1,QMEA6,100.0,208.7,24.0,3114.0,6398.0,155.0,191.6,-4.2,1375.4,56.4,39.0
2026-07-28,TDWLPR_1_ESR2,QMEA6,100.0,223.7,24.0,3666.0,6699.0,174.0,202.4,4.0,1437.2,56.4,39.0
2026-07-28,TNFS_ESR1,QSYSO,9.9,18.0,24.0,-115.0,578.0,18.4,17.3,-2.3,73.4,56.4,39.0
2026-07-28,TORT_ESS_ESR1,QSUE74,50.0,40.1,22.0,640.0,1565.0,51.4,61.8,0.4,124.3,56.4,39.0
2026-07-28,TSECA_ES_ESR1,QTEN36,100.0,238.2,24.0,5109.0,6981.0,236.8,177.5,-102.5,395.4,56.4,39.0
2026-07-28,TURQBESS_ESR1,QHEI3,190.0,361.0,24.0,5900.0,11428.0,300.6,349.7,1.5,2749.7,56.4,39.0
2026-07-28,TV_ESR1,QAETE1,10.0,22.4,24.0,275.0,670.0,14.6,17.1,0.8,91.4,56.4,39.0
2026-07-28,TYNAN_ESR1,QBEEP1,9.9,10.7,24.0,127.0,345.0,3.1,0.5,-3.1,139.4,56.4,39.0
2026-07-28,UTOPIA_ESR1,QTEN30,9.5,12.7,24.0,295.0,447.0,11.3,13.1,0.0,0.0,56.4,39.0
2026-07-28,VERT_ESS_ESR1,QNRGTX,30.0,269.7,24.0,-753.0,4882.0,0.0,25.5,9.1,0.0,56.4,39.0
2026-07-28,VORTEX_ESR1,QENEL8,121.8,183.0,24.0,2718.0,6264.0,169.4,201.8,-8.0,385.2,56.4,39.0
2026-07-28,WAL_ESR1,QSUE92,200.0,398.3,21.1,4522.0,12413.0,213.7,312.2,77.8,3687.0,56.4,39.0
2026-07-28,WCOLLOCL_ESR1,QHABIT,8.4,3.1,24.0,-19.0,135.0,0.1,0.9,-0.1,95.1,56.4,39.0
2026-07-28,WFTANK_ESR1,QTEN28,150.0,169.5,24.0,2396.0,6251.0,223.9,231.1,-47.4,2188.9,56.4,39.0
2026-07-28,WIG_ESS_ESR1,QHEI1,120.0,187.0,24.0,2258.0,6331.0,140.1,176.7,-9.2,1441.7,56.4,39.0
2026-07-28,WOVER_ESR1,QTEN26,4.6,12.8,24.0,350.0,354.0,10.2,7.0,-4.9,10.4,56.4,39.0
2026-07-28,WR_ESR1,QAETEL,8.7,20.0,24.0,395.0,593.0,17.9,19.7,0.1,49.8,56.4,39.0
2026-07-28,W_HARLIN_ESR1,QTEN24,9.9,7.1,24.0,-0.0,243.0,0.1,0.1,-0.0,54.9,56.4,39.0
2026-07-28,X4_ESR1,QCPSE,9.0,8.5,24.0,27.0,325.0,6.4,10.7,3.7,15.0,56.4,39.0
2026-07-28,Z0_ESR1,QTEN26,9.9,23.7,24.0,267.0,609.0,23.4,29.0,7.4,0.0,56.4,39.0
2026-07-28,ZAPATA_ESR1,QSUE74,9.6,7.0,24.0,10.0,264.0,7.4,9.3,0.0,78.8,56.4,39.0
2026-07-28,ZAPATA_ESR2,QSUE74,9.9,9.5,24.0,31.0,341.0,9.2,10.7,-0.5,105.4,56.4,39.0
2026-07-28,ZIER_SLR_ESR1,QTEN19,40.0,54.2,24.0,-32.0,1904.0,37.7,68.6,13.0,142.3,56.4,39.0
2026-07-27,ABINDUST_ESR1,QMP2M1,9.9,25.9,24.0,-240.0,547.0,7.3,19.2,10.5,42.6,41.2,27.7
2026-07-27,ADL_ESR1,QTEN26,60.0,56.5,24.0,-1845.0,1718.0,71.8,135.0,42.4,462.9,41.2,27.7
2026-07-27,AE_ESR1,QTEN26,9.9,19.1,24.0,35.0,469.0,5.4,9.8,2.6,203.1,41.2,27.7
2026-07-27,ALAMO_ST_ESR1,QSYSO,9.9,17.6,24.0,92.0,445.0,20.8,20.7,-2.5,39.1,41.2,27.7
2026-07-27,ALP_BESS_ESR1,QHEI1,100.3,164.3,24.0,1521.0,4261.0,97.0,129.1,0.3,1404.8,41.2,27.7
2026-07-27,ALVIN_ESR1,QSUE74,8.3,5.5,24.0,31.0,184.0,5.4,6.3,-0.2,38.3,41.2,27.7
2026-07-27,ANCHOR_ESR1,QENE11,34.7,43.9,24.0,-20.0,1229.0,21.4,29.0,-0.5,267.7,41.2,27.7
2026-07-27,ANCHOR_ESR2,QENE11,33.5,46.2,24.0,60.0,1262.0,31.1,37.4,-2.0,224.6,41.2,27.7
2026-07-27,ANDMDSLR_ESR1,QIPLU2,81.9,144.4,17.3,-2131.0,3659.0,0.3,119.0,-32.0,755.5,41.2,27.7
2026-07-27,ANDMDSLR_ESR2,QIPLU2,78.1,144.4,17.3,-2152.0,3599.0,0.5,119.7,-32.1,706.0,41.2,27.7
2026-07-27,ANEM_ESS_ESR1,QSUE53,200.0,406.6,24.0,2499.0,9811.0,350.6,469.4,49.0,1961.5,41.2,27.7
2026-07-27,ANG_SLR_ESR1,QTEN26,100.0,213.5,24.0,534.0,4736.0,78.5,143.8,21.8,770.9,41.2,27.7
2026-07-27,ANOL_ESS_ESR1,QESVE1,240.0,519.2,24.0,-1815.0,12251.0,317.2,683.3,242.4,1764.7,41.2,27.7
2026-07-27,ANTL_ESS_ESR1,QSU100,70.0,169.7,24.0,1763.0,3818.0,136.4,167.4,6.4,285.7,41.2,27.7
2026-07-27,ARY_BESS_ESR1,QTEN32,180.0,180.0,24.0,-1264.0,5383.0,52.9,143.2,26.4,0.0,41.2,27.7
2026-07-27,AVIL_ESS_ESR1,QSU100,160.0,377.0,24.0,3256.0,8593.0,410.9,467.0,-2.2,1175.5,41.2,27.7
2026-07-27,AZURE_ESR1,QENEL6,77.6,127.9,24.0,999.0,3310.0,120.2,144.9,-6.2,341.1,41.2,27.7
2026-07-27,BATCAVE_ESR1,QSUE74,100.5,107.9,24.0,-2.0,3160.0,53.6,85.1,-2.7,368.4,41.2,27.7
2026-07-27,BAY_CITY_ESR1,QTEN24,9.9,11.2,24.0,-44.0,242.0,0.1,3.2,2.7,70.6,41.2,27.7
2026-07-27,BCK_ESR1,QHEI5,123.5,305.7,24.0,4047.0,6814.0,276.9,332.4,4.7,0.0,41.2,27.7
2026-07-27,BCK_ESR2,QHEI5,126.5,313.5,24.0,4384.0,6983.0,283.6,328.8,-2.6,0.0,41.2,27.7
2026-07-27,BCNV2_ES_ESR1,QSU115,150.0,300.0,24.0,4711.0,7278.0,319.9,374.5,0.0,0.0,41.2,27.7
2026-07-27,BCNV_ESS_ESR1,QSHE11,150.0,300.0,24.0,1696.0,7283.0,109.4,63.1,-67.8,1813.2,41.2,27.7
2026-07-27,BELD_ESR1,QJPEM,6.0,10.3,24.0,157.0,269.0,9.5,10.7,-0.1,57.0,41.2,27.7
2026-07-27,BEXAR_ES_ESR1,QTEN32,80.0,81.9,24.0,968.0,2432.0,74.4,95.1,-0.4,224.3,41.2,27.7
2026-07-27,BIG_STAR_ESR1,QECNR,80.0,108.0,24.0,2109.0,2968.0,112.5,125.3,0.5,0.0,41.2,27.7
2026-07-27,BKSL_ESS_ESR1,QESVE2,100.0,208.8,24.0,-387.0,4990.0,78.8,210.1,105.7,654.3,41.2,27.7
2026-07-27,BLACKSPR_ESR1,QBROO2,120.0,262.1,24.0,2748.0,6163.0,223.1,273.3,6.4,1014.1,41.2,27.7
2026-07-27,BLSUMMIT_ESR1,QFPL12,27.7,9.7,24.0,-9.0,372.0,5.2,11.7,0.1,0.0,41.2,27.7
2026-07-27,BLSUMMIT_ESR2,QFPL48,150.0,450.0,24.0,7561.0,9116.0,477.4,556.7,0.0,0.0,41.2,27.7
2026-07-27,BLUEJAY_ESR1,QENEL7,50.0,86.1,24.0,746.0,2199.0,50.6,71.2,5.0,428.2,41.2,27.7
2026-07-27,BLVN_SLR_ESR1,QSHEL8,180.0,360.0,24.0,3093.0,8739.0,513.1,440.0,-163.5,695.6,41.2,27.7
2026-07-27,BOCO_ESS_ESR1,QTEN28,150.0,365.0,24.0,5025.0,8198.0,318.1,387.6,0.0,1625.5,41.2,27.7
2026-07-27,BRAZORIA_ESR1,QSUE74,9.9,9.7,24.0,66.0,291.0,7.8,8.9,-0.2,44.5,41.2,27.7
2026-07-27,BR_ARROW_ESR1,QECNR,48.3,93.5,24.0,523.0,2295.0,63.6,98.2,24.6,122.3,41.2,27.7
2026-07-27,BR_ARROW_ESR2,QECNR,51.7,100.4,24.0,1461.0,2461.0,88.9,101.0,-0.6,0.0,41.2,27.7
2026-07-27,BUDA_ESR1,QTEN26,9.9,24.7,24.0,501.0,431.0,20.8,12.2,-10.4,0.0,41.2,27.7
2026-07-27,BYP_ESR1,QEXELO,195.5,465.0,24.0,4092.0,10553.0,394.3,466.9,0.0,0.0,41.2,27.7
2026-07-27,BYRDR_ES_ESR1,QHABIT,50.0,56.8,24.0,766.0,1636.0,42.2,49.7,0.0,540.8,41.2,27.7
2026-07-27,CACH_ESS_ESR1,QSU100,200.0,469.3,24.0,4734.0,10717.0,405.0,504.7,23.4,1065.3,41.2,27.7
2026-07-27,CAMWIND_ESR1,QTEN26,16.4,34.9,24.0,142.0,829.0,34.7,39.7,-0.5,70.8,41.2,27.7
2026-07-27,CARA_ESS_ESR1,QHEI8,98.3,196.7,24.0,2268.0,4774.0,155.4,192.2,1.9,1407.1,41.2,27.7
2026-07-27,CARN_ESS_ESR1,QSU100,150.0,351.6,24.0,2587.0,8034.0,283.3,375.1,37.7,1482.1,41.2,27.7
2026-07-27,CARRIZO_ESR1,QTEN30,9.4,12.6,24.0,-20.0,349.0,8.1,13.5,4.7,55.8,41.2,27.7
2026-07-27,CARTWHL_ESR1,QECNR,150.0,283.3,24.0,4182.0,7010.0,265.2,319.5,0.8,0.0,41.2,27.7
2026-07-27,CASL_GAP_ESR1,QLUMN1,3.9,4.3,24.0,56.0,125.0,4.1,5.0,0.0,0.0,41.2,27.7
2026-07-27,CAST_ESS_ESR1,QSUE79,200.0,445.5,24.0,4239.0,10401.0,367.6,455.7,15.7,1054.9,41.2,27.7
2026-07-27,CATARINA_ESR1,QBEEP1,9.9,10.7,24.0,163.0,250.0,7.3,6.3,-2.1,117.5,41.2,27.7
2026-07-27,CEDRVALE_ESR1,QBEEP1,9.9,10.7,24.0,-58.0,250.0,2.7,8.7,5.4,109.3,41.2,27.7
2026-07-27,CFLAT_ES_ESR1,QTEN26,100.0,200.0,24.0,778.0,4836.0,63.5,70.7,-9.5,0.0,41.2,27.7
2026-07-27,CHERRYCR_ESR1,QBEEP1,9.9,10.7,24.0,42.0,250.0,5.1,8.1,2.8,105.9,41.2,27.7
2026-07-27,CHIL_SLR_ESR1,QSUE88,150.0,323.2,24.0,866.0,7637.0,263.9,331.9,12.8,912.4,41.2,27.7
2026-07-27,CISC_ESR1,QBEEP1,9.9,10.7,24.0,98.0,250.0,3.2,0.6,-2.8,141.3,41.2,27.7
2026-07-27,CITRUSCY_ESR1,QPROLO,9.9,21.0,24.0,-66.0,388.0,0.1,4.4,3.5,179.8,41.2,27.7
2026-07-27,CLO_ESR1,QMEA1,100.0,195.1,24.0,1923.0,4776.0,206.4,264.9,14.6,1539.5,41.2,27.7
2026-07-27,CLO_ESR2,QMEA1,100.0,187.0,24.0,1891.0,4643.0,199.4,252.7,7.8,1537.3,41.2,27.7
2026-07-27,CNLY_ESS_ESR1,QSUE76,120.0,229.3,24.0,2193.0,5650.0,299.8,387.7,45.2,2593.7,41.2,27.7
2026-07-27,CNTRY_ESR1,QPROLO,9.8,20.3,24.0,-6.0,383.0,8.7,19.3,1.3,100.9,41.2,27.7
2026-07-27,CNTYRDS_ESR1,QTEN26,9.9,24.7,24.0,454.0,529.0,32.0,23.3,-11.5,0.0,41.2,27.7
2026-07-27,CORALSLR_ESR1,QNGRE1,47.5,58.3,24.0,540.0,1648.0,64.2,72.7,-1.1,85.4,41.2,27.7
2026-07-27,CORALSLR_ESR2,QNGRE1,47.9,58.3,24.0,482.0,1661.0,63.9,74.6,0.6,135.9,41.2,27.7
2026-07-27,CORAZON_ESR1,QHEI4,200.0,254.0,24.0,-942.0,7103.0,128.3,221.2,41.3,1959.6,41.2,27.7
2026-07-27,COTULLA_ESR1,QGRIDB,9.9,24.4,24.0,211.0,452.0,19.0,18.1,-3.1,0.0,41.2,27.7
2026-07-27,COYOTSPR_ESR1,QBEEP1,9.9,10.7,24.0,-66.0,250.0,2.1,8.2,5.7,105.0,41.2,27.7
2026-07-27,CROSSETT_ESR1,QJPEM1,99.9,101.5,24.0,1446.0,3021.0,83.2,104.5,2.0,587.3,41.2,27.7
2026-07-27,CROSSETT_ESR2,QJPEM1,99.9,101.6,24.0,1276.0,3023.0,76.6,101.2,1.1,694.3,41.2,27.7
2026-07-27,CROSSTRL_ESR1,QGRIE4,56.9,113.8,24.0,916.0,2763.0,89.2,108.4,-1.4,48.3,41.2,27.7
2026-07-27,CR_ESR1,QPROLO,9.8,9.9,24.0,25.0,255.0,12.1,20.7,5.8,72.1,41.2,27.7
2026-07-27,CS_ESR1,QTEN26,7.0,14.3,24.0,97.0,330.0,7.8,10.6,1.2,136.7,41.2,27.7
2026-07-27,CTW_ESR1,QTOTL5,150.0,189.5,24.0,2822.0,5305.0,185.3,223.2,-25.0,1670.8,41.2,27.7
2026-07-27,DAN_ESR1,QTOTL4,75.3,98.0,24.0,1684.0,2721.0,93.0,104.7,-3.3,700.1,41.2,27.7
2026-07-27,DAN_ESR2,QTOTL4,71.7,102.4,24.0,1738.0,2770.0,95.1,104.3,-5.3,686.2,41.2,27.7
2026-07-27,DA_ESR1,QSHE16,4.0,9.5,24.0,158.0,215.0,8.1,8.8,-1.2,1.4,41.2,27.7
2026-07-27,DA_ESR3,QSHE16,7.5,15.5,24.0,242.0,372.0,12.9,15.3,0.0,0.0,41.2,27.7
2026-07-27,DCSES_ESR1,QLUMN,66.5,66.4,24.0,104.0,1988.0,16.9,26.6,-5.7,315.6,41.2,27.7
2026-07-27,DCSES_ESR2,QLUMN,66.5,66.4,24.0,113.0,1988.0,16.8,25.9,-6.2,313.2,41.2,27.7
2026-07-27,DCSES_ESR3,QLUMN,63.5,60.4,24.0,96.0,1819.0,15.8,24.3,-9.8,284.5,41.2,27.7
2026-07-27,DCSES_ESR4,QLUMN,63.5,63.4,24.0,87.0,1898.0,16.2,25.9,-5.2,299.7,41.2,27.7
2026-07-27,DESN_ESS_ESR1,QSUE79,200.0,469.8,24.0,4444.0,10724.0,376.8,469.3,18.0,1075.5,41.2,27.7
2026-07-27,DGFS_ESR_ESR1,QTEN26,75.0,64.0,24.0,170.0,2001.0,64.8,80.4,-4.2,0.0,41.2,27.7
2026-07-27,DICKNSON_ESR1,QSUE74,9.9,7.8,24.0,42.0,251.0,5.8,6.9,-0.0,56.3,41.2,27.7
2026-07-27,DKNS_ESS_ESR1,QSUE74,50.0,48.0,24.0,391.0,1452.0,56.0,66.2,1.0,199.8,41.2,27.7
2026-07-27,DKNS_ESS_ESR2,QSUE74,50.0,48.1,24.0,426.0,1454.0,57.1,65.8,0.3,200.7,41.2,27.7
2026-07-27,DKNS_ESS_ESR3,QSUE74,50.0,49.4,24.0,446.0,1481.0,57.4,66.3,-0.1,206.7,41.2,27.7
2026-07-27,DKNS_ESS_ESR4,QSUE74,50.0,47.7,24.0,431.0,1445.0,57.9,66.9,-0.0,206.0,41.2,27.7
2026-07-27,DPCRK_ESR1,QTEN26,6.5,13.1,24.0,222.0,308.0,12.3,14.4,0.0,0.0,41.2,27.7
2026-07-27,DSWL_ESS_ESR1,QPHIL3,150.0,318.0,24.0,3900.0,7559.0,342.1,418.6,-0.0,1490.2,41.2,27.7
2026-07-27,EBNY_ESS_ESR1,QSUE52,200.0,458.5,24.0,5258.0,10578.0,500.1,563.3,-50.5,2166.9,41.2,27.7
2026-07-27,ELMCRK_ESR1,QMP2M1,9.9,25.9,24.0,-318.0,506.0,4.8,20.3,13.5,28.7,41.2,27.7
2026-07-27,ELM_ST_ESR1,QTEN26,9.9,24.7,24.0,445.0,529.0,32.4,23.7,-11.6,0.0,41.2,27.7
2026-07-27,ELM_ST_ESR2,QSYSO,9.9,18.0,24.0,178.0,451.0,16.1,20.4,1.8,22.1,41.2,27.7
2026-07-27,ELSA_ESR1,QTEN24,9.9,10.6,24.0,4.0,234.0,0.2,0.0,-0.0,76.6,41.2,27.7
2026-07-27,ELZA_SLR_ESR1,QENE16,100.0,133.9,24.0,817.0,3688.0,72.5,105.2,5.7,861.8,41.2,27.7
2026-07-27,EMPCT_ESR1,QTEN24,9.9,13.1,24.0,208.0,266.0,12.5,4.6,-12.1,55.2,41.2,27.7
2026-07-27,ENDPARKS_ESR1,QGRIE4,50.0,102.4,24.0,348.0,2464.0,67.5,82.4,-1.0,162.1,41.2,27.7
2026-07-27,ESCONDID_ESR1,QTEN30,9.4,12.7,24.0,-7.0,269.0,0.0,0.3,-0.1,0.0,41.2,27.7
2026-07-27,ESTONIAN_ESR1,QENE14,101.6,159.0,24.0,2027.0,4185.0,132.9,171.6,14.8,592.4,41.2,27.7
2026-07-27,EUNICE_ESR1,QTENSK,22.0,26.0,24.0,-246.0,648.0,0.3,14.7,8.8,484.1,41.2,27.7
2026-07-27,EVLN_ESS_ESR1,QSHE15,199.3,297.0,24.0,-2726.0,7944.0,161.4,396.7,164.3,0.0,41.2,27.7
2026-07-27,E_HARRIS_ESR1,QTEN26,9.9,20.0,24.0,151.0,395.0,18.3,23.1,3.1,86.9,41.2,27.7
2026-07-27,FALFUR_ESR2,QTEN30,9.4,12.6,24.0,-43.0,241.0,1.3,4.2,2.2,106.9,41.2,27.7
2026-07-27,FAULKNER_ESR1,QBEEP1,9.9,10.7,24.0,-80.0,250.0,2.1,8.7,6.1,108.6,41.2,27.7
2026-07-27,FENCESLR_ESR1,QENE13,67.9,111.7,24.0,690.0,2893.0,47.7,66.9,9.3,425.2,41.2,27.7
2026-07-27,FERD_ESS_ESR1,QCPSE,200.0,950.0,24.0,3787.0,14969.0,397.5,534.1,53.4,171.6,41.2,27.7
2026-07-27,FIVEWSLR_ESR1,QSUE61,220.0,250.0,24.0,1146.0,7204.0,219.9,274.7,-0.9,1078.8,41.2,27.7
2026-07-27,FLAT_TOP_ESR1,QSHEL2,9.3,14.6,24.0,171.0,384.0,12.1,10.7,-3.5,63.7,41.2,27.7
2026-07-27,FLAT_TOP_ESR2,QJPEM,9.9,14.9,24.0,232.0,397.0,12.5,15.1,0.3,83.5,41.2,27.7
2026-07-27,FLOWERII_ESR1,QJPEM,99.5,195.7,24.0,2603.0,4780.0,145.3,175.3,9.3,898.8,41.2,27.7
2026-07-27,FORTMA_ESR1,QTEN30,10.0,12.6,24.0,47.0,353.0,4.0,3.7,-0.6,93.5,41.2,27.7
2026-07-27,FRMRSVLW_ESR1,QBEEP1,9.9,10.7,24.0,0.0,250.0,0.5,0.7,-0.3,144.4,41.2,27.7
2026-07-27,FRMRSVLW_ESR2,QTEN26,6.0,14.7,24.0,-5.0,329.0,4.4,8.4,3.2,107.8,41.2,27.7
2026-07-27,FTDUNCAN_ESR1,QTEN26,100.0,213.0,24.0,1987.0,5055.0,138.3,193.2,5.9,1523.7,41.2,27.7
2026-07-27,GAIA_SLR_ESR1,QTEN26,75.0,150.0,24.0,1648.0,3641.0,130.9,156.1,0.3,268.7,41.2,27.7
2026-07-27,GAMBIT_ESR1,QSUE23,100.0,145.1,24.0,15.0,3891.0,112.6,193.2,32.4,819.7,41.2,27.7
2026-07-27,GARCENO_ESR1,QTEN24,9.9,10.7,24.0,-49.0,236.0,0.1,3.2,1.2,74.5,41.2,27.7
2026-07-27,GEORSO_ESR1,QEDIS9,9.8,8.1,24.0,50.0,252.0,9.6,12.0,0.0,86.8,41.2,27.7
2026-07-27,GIGA_ESS_ESR1,QSUE55,115.7,210.1,24.0,2649.0,5266.0,193.4,238.5,20.0,1967.7,41.2,27.7
2026-07-27,GKS_BESS_ESR1,QTEN26,73.7,139.0,24.0,-713.0,3425.0,40.5,123.3,42.5,419.1,41.2,27.7
2026-07-27,GODY_SLR_ESR1,QTEN26,42.9,155.8,24.0,1587.0,2867.0,105.8,137.2,-2.6,0.0,41.2,27.7
2026-07-27,GOMZ_ESR1,QBEEP1,9.9,10.7,24.0,-62.0,250.0,2.7,8.9,5.1,102.1,41.2,27.7
2026-07-27,GOODWIN_ESR1,QTEN30,9.0,12.7,24.0,-37.0,269.0,0.6,3.0,2.0,83.0,41.2,27.7
2026-07-27,GRDNE_ESR1,QBEEP1,9.9,10.7,24.0,-198.0,250.0,0.0,10.0,8.6,107.8,41.2,27.7
2026-07-27,GREGORY_ESR1,QTEN30,9.9,11.4,24.0,-101.0,328.0,7.9,13.6,4.6,67.5,41.2,27.7
2026-07-27,GRIZZLY_ESR1,QPRIO1,9.9,10.0,0.0,0.0,298.0,0.0,-0.0,0.0,0.0,41.2,27.7
2026-07-27,GZ_ESR1,QTEN30,9.5,12.7,24.0,70.0,349.0,5.7,4.1,-1.4,98.3,41.2,27.7
2026-07-27,GZ_ESR2,QPROLO,7.0,19.9,24.0,18.0,345.0,6.4,13.0,5.3,60.8,41.2,27.7
2026-07-27,HAMILTON_ESR1,QBEEP1,9.9,10.7,24.0,169.0,250.0,7.8,7.3,-2.3,111.7,41.2,27.7
2026-07-27,HEADCAMP_ESR1,QTEN34,150.0,300.0,24.0,551.0,7283.0,194.9,288.8,40.0,0.0,41.2,27.7
2026-07-27,HEARN_RD_ESR1,QTEN30,9.6,12.7,24.0,233.0,337.0,12.5,13.8,0.1,0.0,41.2,27.7
2026-07-27,HEIGHTTN_ESR1,QSUE74,9.9,8.3,24.0,66.0,261.0,7.0,7.8,-0.4,49.1,41.2,27.7
2026-07-27,HEN_ESR1,QECNR,150.0,293.6,24.0,3701.0,7179.0,253.6,308.8,-0.2,0.0,41.2,27.7
2026-07-27,HEN_ESR2,QECNR,141.8,284.1,23.6,-5261.0,3708.0,1.9,184.9,241.2,0.0,41.2,27.7
2026-07-27,HI_LONEB_ESR1,QENEL1,50.0,76.8,24.0,-119.0,2034.0,90.3,86.2,-11.3,453.2,41.2,27.7
2026-07-27,HLY_ESR1,QHEI1,102.2,172.9,24.0,1544.0,4438.0,106.9,143.8,-7.1,1498.7,41.2,27.7
2026-07-27,HLY_ESR2,QHEI1,101.8,167.9,24.0,1586.0,4346.0,113.0,148.8,-6.6,1504.0,41.2,27.7
2026-07-27,HMNG_ESS_ESR1,QMEA8,99.9,233.0,24.0,2701.0,5335.0,192.8,232.0,-5.1,1665.1,41.2,27.7
2026-07-27,HOLCOMB_ESR1,QBEEP1,9.9,10.7,24.0,203.0,250.0,6.0,0.7,-6.4,138.9,41.2,27.7
2026-07-27,HOUSEMTN_ESR1,QJPEM,60.0,127.4,24.0,1195.0,3027.0,90.5,129.1,11.8,642.1,41.2,27.7
2026-07-27,HRMS_SLR_ESR1,QTOT16,100.0,215.3,24.0,-447.0,5089.0,1.9,24.0,4.7,0.0,41.2,27.7
2026-07-27,HWY6_ESR1,QTEN26,9.9,24.7,24.0,484.0,549.0,21.8,13.5,-10.2,0.0,41.2,27.7
2026-07-27,HYDR_ESS_ESR1,QSUE74,200.0,189.7,24.0,2889.0,5754.0,261.1,271.2,-43.3,1042.3,41.2,27.7
2026-07-27,INDL_ESR1,QECNR,9.9,4.2,24.0,-65.0,158.0,0.0,4.2,3.4,0.0,41.2,27.7
2026-07-27,INRT_W_ESR1,QFPL32,11.8,45.0,24.0,435.0,804.0,29.2,38.1,0.0,0.0,41.2,27.7
2026-07-27,JADE_SLR_ESR1,QIPLUM,78.1,139.9,19.2,934.0,3525.0,110.4,151.2,11.7,203.4,41.2,27.7
2026-07-27,JADE_SLR_ESR2,QIPLUM,81.9,147.4,20.3,509.0,3708.0,116.4,175.9,11.2,225.2,41.2,27.7
2026-07-27,JAG_SLR_ESR1,QLCRA,150.0,300.0,24.0,928.0,7283.0,285.9,341.4,0.0,627.1,41.2,27.7
2026-07-27,JAG_SLR_ESR2,QMITS2,150.0,312.5,24.0,4786.0,7475.0,299.2,358.3,3.8,0.0,41.2,27.7
2026-07-27,JAR_ESR1,QHEI1,147.0,264.0,24.0,2665.0,6646.0,158.3,195.0,-7.7,2042.6,41.2,27.7
2026-07-27,JAR_ESR2,QHEI1,157.0,291.0,24.0,3389.0,7247.0,183.4,200.2,-17.4,2296.7,41.2,27.7
2026-07-27,JDKNS_ESR1,QBEEP1,9.9,10.7,24.0,-124.0,250.0,0.8,8.6,7.5,110.3,41.2,27.7
2026-07-27,JUNORTH_ESR1,QTEN26,9.9,22.0,24.0,-15.0,515.0,7.4,13.3,4.1,0.0,41.2,27.7
2026-07-27,K0_ESR1,QSUE74,9.9,9.7,24.0,64.0,273.0,7.9,9.2,-0.3,69.2,41.2,27.7
2026-07-27,KEG_ESR1,QEDF27,110.0,311.2,24.0,2507.0,6507.0,71.4,2.0,-100.2,0.0,41.2,27.7
2026-07-27,LANTANA_ESR1,QTEN26,9.9,20.1,24.0,127.0,452.0,15.1,20.8,3.6,81.3,41.2,27.7
2026-07-27,LAURELES_ESR1,QTEN30,1.7,11.4,24.0,-120.0,186.0,1.7,7.4,10.8,17.6,41.2,27.7
2026-07-27,LBRA_ESS_ESR1,QSUE48,200.0,200.0,24.0,846.0,5981.0,121.0,153.2,-22.2,1159.5,41.2,27.7
2026-07-27,LIGSW_ESR1,QPROLO,9.8,6.8,24.0,80.0,198.0,6.0,8.1,0.2,80.2,41.2,27.7
2026-07-27,LILY_ESR1,QENEL5,50.0,71.8,24.0,1273.0,1939.0,43.1,21.5,-31.5,539.8,41.2,27.7
2026-07-27,LMO_ESR1,QSHEL2,99.8,243.5,24.0,1960.0,5463.0,163.0,200.4,-3.9,1514.6,41.2,27.7
2026-07-27,LONESTAR_ESR1,QBEEP1,9.9,10.7,24.0,-79.0,250.0,2.1,8.7,6.1,109.3,41.2,27.7
2026-07-27,LON_ESR1,QTEN26,174.0,348.0,24.0,4119.0,8482.0,264.5,265.0,-80.8,1632.2,41.2,27.7
2026-07-27,LOWR_ESS_ESR1,QEDI10,60.0,115.4,24.0,-28.0,2839.0,36.5,71.6,31.9,1237.0,41.2,27.7
2026-07-27,LUCKYBLU_ESR1,QBROO1,76.7,140.5,24.0,1079.0,3511.0,95.8,97.6,-21.5,462.9,41.2,27.7
2026-07-27,LYNX_ESS_ESR1,QSU101,75.0,184.4,24.0,-153.0,3914.0,0.0,6.3,-6.6,0.0,41.2,27.7
2026-07-27,L_463S_ESR1,QSUE74,9.9,7.4,24.0,39.0,225.0,7.5,9.1,0.2,67.4,41.2,27.7
2026-07-27,L_FRESNO_ESR1,QTEN24,9.9,11.3,24.0,0.0,243.0,0.1,0.1,-0.0,105.6,41.2,27.7
2026-07-27,MADERO_ESR1,QTEN25,100.0,248.8,24.0,-3683.0,5532.0,30.3,269.5,208.8,401.6,41.2,27.7
2026-07-27,MADERO_ESR2,QTEN25,100.0,252.4,24.0,-3484.0,5576.0,42.9,279.1,198.1,380.6,41.2,27.7
2026-07-27,MAGNO_TN_ESR1,QSUE74,8.3,6.5,24.0,54.0,209.0,5.5,6.2,-0.3,44.1,41.2,27.7
2026-07-27,MAYBERRY_ESR1,QTEN24,9.9,10.9,24.0,-1.0,238.0,0.1,0.2,0.0,70.8,41.2,27.7
2026-07-27,MAYBERRY_ESR2,QTEN24,9.9,11.9,24.0,5.0,251.0,0.3,0.1,-0.0,123.3,41.2,27.7
2026-07-27,MESQUITE_ESR1,QTEN26,9.9,19.8,24.0,95.0,453.0,9.5,12.3,1.0,0.0,41.2,27.7
2026-07-27,MESQUITE_ESR2,QSYSO,9.9,19.5,24.0,148.0,399.0,9.9,12.5,0.7,0.0,41.2,27.7
2026-07-27,MIDP_SLR_ESR1,QTEN26,50.0,100.0,24.0,994.0,2428.0,87.5,106.5,-0.4,323.8,41.2,27.7
2026-07-27,MIDWY_ESR1,QPROLO,9.9,10.5,24.0,184.0,260.0,10.1,11.1,-0.2,114.5,41.2,27.7
2026-07-27,MNWLE_ESR1,QBEEP1,9.9,10.7,24.0,47.0,250.0,2.0,0.8,-1.6,141.7,41.2,27.7
2026-07-27,MOORE_FL_ESR1,QTEN30,9.6,11.4,24.0,-170.0,244.0,1.2,10.8,8.0,137.9,41.2,27.7
2026-07-27,MUENSTER_ESR1,QTEN30,9.4,12.6,24.0,-10.0,344.0,0.8,1.7,3.3,70.3,41.2,27.7
2026-07-27,MUSTNGCK_ESR1,QENE10,71.0,112.1,24.0,1532.0,2943.0,100.0,129.8,6.4,368.8,41.2,27.7
2026-07-27,MU_ESR1,QTEN26,9.9,19.5,24.0,54.0,476.0,4.3,4.8,-0.5,142.8,41.2,27.7
2026-07-27,MYR_ESR1,QTOTL5,74.3,102.2,24.0,390.0,2794.0,66.1,102.6,16.0,820.5,41.2,27.7
2026-07-27,MYR_ESR2,QTOTL5,73.2,94.1,24.0,1786.0,2621.0,92.9,95.1,-0.2,669.2,41.2,27.7
2026-07-27,NCO_ESR1,QSHEL2,50.0,60.5,24.0,-51.0,1703.0,14.2,25.1,-1.0,366.9,41.2,27.7
2026-07-27,NF_BRP_ESR1,QSUE74,100.5,107.9,24.0,54.0,3160.0,45.9,75.5,-4.5,407.4,41.2,27.7
2026-07-27,NOBLESLR_ESR1,QNGREN,57.7,48.1,24.0,1139.0,1513.0,61.8,61.5,-1.1,329.5,41.2,27.7
2026-07-27,NOBLESLR_ESR2,QNGREN,62.5,54.4,24.0,1112.0,1690.0,60.2,63.9,0.0,384.5,41.2,27.7
2026-07-27,N_ALAMO_ESR1,QTEN24,7.0,7.1,24.0,-1.0,177.0,0.1,0.1,0.0,45.8,41.2,27.7
2026-07-27,N_MERCED_ESR1,QTEN24,9.9,10.6,24.0,-1.0,234.0,0.2,0.2,0.0,80.6,41.2,27.7
2026-07-27,ODESW_ESR1,QSUE74,9.9,6.1,24.0,30.0,194.0,8.2,10.4,0.7,49.2,41.2,27.7
2026-07-27,PAD1_ESS_ESR1,QCPSE,50.0,122.0,24.0,-11.0,2737.0,20.2,48.4,12.6,56.6,41.2,27.7
2026-07-27,PAD2_ESS_ESR2,QCPSE,150.0,600.0,24.0,2844.0,10453.0,204.2,270.7,7.4,139.8,41.2,27.7
2026-07-27,PALACIOS_ESR1,QTEN30,9.4,11.4,24.0,102.0,257.0,7.6,10.6,0.4,66.2,41.2,27.7
2026-07-27,PALE_ESS_ESR1,QSUE74,200.0,196.2,24.0,2583.0,5897.0,189.0,231.5,-1.7,602.1,41.2,27.7
2026-07-27,PALMVIEW_ESR1,QGRIDB,9.9,24.7,24.0,-52.0,452.0,11.5,15.2,1.3,0.0,41.2,27.7
2026-07-27,PAVLOV_ESR1,QBEEP1,9.9,10.7,24.0,19.0,212.0,1.5,1.9,0.0,142.4,41.2,27.7
2026-07-27,PAVO_ESS_ESR1,QSUE74,87.5,82.6,24.0,1236.0,2509.0,149.2,152.4,-14.1,428.0,41.2,27.7
2026-07-27,PAVO_ESS_ESR2,QSUE74,87.5,80.5,24.0,1271.0,2462.0,145.8,147.2,-15.3,432.2,41.2,27.7
2026-07-27,PEARSALL_ESR1,QTEN26,9.9,19.8,24.0,100.0,376.0,15.3,18.0,0.1,1.0,41.2,27.7
2026-07-27,PHO_ESR1,QENE15,150.0,220.3,24.0,898.0,5916.0,200.2,267.7,25.4,544.5,41.2,27.7
2026-07-27,PHO_ESR2,QENE15,150.0,218.6,24.0,1485.0,5883.0,199.6,259.7,19.9,556.7,41.2,27.7
2026-07-27,PINEFRST_ESR1,QTEN21,200.0,396.4,24.0,6932.0,9652.0,381.5,444.0,-14.2,44.7,41.2,27.7
2026-07-27,PIN_BESS_ESR1,QTEN34,175.0,400.0,24.0,-2255.0,9240.0,137.5,440.1,191.1,0.0,41.2,27.7
2026-07-27,PIRATE_ESR1,QTEN30,9.5,12.6,24.0,51.0,319.0,8.7,14.9,5.4,61.4,41.2,27.7
2026-07-27,PLATINUM_ESR1,QSUE80,148.3,323.4,24.0,3270.0,7608.0,252.0,322.8,10.3,595.4,41.2,27.7
2026-07-27,PLATINUM_ESR2,QSUE80,151.7,329.3,24.0,2579.0,7760.0,191.9,244.6,1.8,524.5,41.2,27.7
2026-07-27,POTEETS_ESR1,QBEEP1,9.9,10.7,24.0,-7.0,250.0,2.7,6.7,3.5,123.1,41.2,27.7
2026-07-27,PRCRK_ESR1,QTEN24,9.9,13.1,24.0,232.0,266.0,12.4,4.1,-12.0,54.6,41.2,27.7
2026-07-27,PUEBLO_ESR1,QSUE74,9.9,9.8,24.0,31.0,275.0,6.4,9.0,0.1,75.9,41.2,27.7
2026-07-27,PUEBLO_ESR2,QSUE74,9.9,9.8,24.0,36.0,274.0,6.2,8.4,0.2,76.1,41.2,27.7
2026-07-27,PYOTE_ESR1,QJPEM,9.0,13.8,18.0,29.0,369.0,10.1,11.7,1.4,56.4,41.2,27.7
2026-07-27,PYR_ESR1,QECNR,9.9,4.2,24.0,-58.0,158.0,0.0,3.9,2.7,0.0,41.2,27.7
2026-07-27,PYR_ESR2,QECNR,13.7,13.6,24.0,127.0,407.0,9.8,12.7,0.4,11.7,41.2,27.7
2026-07-27,PYR_ESR3,QECNR,15.1,13.6,24.0,143.0,418.0,10.4,13.4,0.2,10.6,41.2,27.7
2026-07-27,QTUM_SLR_ESR1,QTEN33,160.0,320.0,24.0,6337.0,7768.0,304.2,331.7,-31.8,0.0,41.2,27.7
2026-07-27,QTUM_SLR_ESR2,QTEN33,160.0,320.0,24.0,6319.0,7768.0,303.7,331.2,-30.4,0.0,41.2,27.7
2026-07-27,QUEEN_BA_ESR1,QENEL2,48.1,62.7,24.0,23.0,1707.0,76.4,79.1,-18.5,408.4,41.2,27.7
2026-07-27,RADN_SLR_ESR1,QIPRAD,75.7,134.3,24.0,190.0,3395.0,72.2,129.5,45.7,817.7,41.2,27.7
2026-07-27,RADN_SLR_ESR2,QIPRAD,81.9,150.2,24.0,248.0,3754.0,86.5,148.3,48.5,906.9,41.2,27.7
2026-07-27,RBN_ESR1,QTEN19,100.0,118.1,24.0,885.0,3367.0,99.1,134.3,-8.7,327.9,41.2,27.7
2026-07-27,RHA_ESR1,QTEN19,200.0,379.1,24.0,3397.0,9370.0,274.8,421.4,90.8,0.0,41.2,27.7
2026-07-27,RIO_GRAN_ESR1,QTEN24,9.9,9.8,24.0,1.0,223.0,0.2,0.1,0.0,67.5,41.2,27.7
2026-07-27,ROSELAND_ESR1,QENEL9,50.0,81.0,24.0,15.0,2108.0,47.1,83.1,17.1,350.8,41.2,27.7
2026-07-27,RPUBRDS_ESR1,QSHEL2,50.0,58.7,24.0,991.0,1673.0,50.7,30.8,-27.7,185.8,41.2,27.7
2026-07-27,RRANCHES_ESR1,QSUE51,150.0,345.8,24.0,2944.0,7958.0,281.8,344.0,-5.6,1905.8,41.2,27.7
2026-07-27,RRANCHES_ESR2,QSUE51,150.0,345.0,24.0,2834.0,7948.0,275.6,344.4,-5.9,1686.2,41.2,27.7
2026-07-27,RRC_WIND_ESR1,QFPL35,75.0,225.0,24.0,847.0,4558.0,236.2,285.8,1.9,0.0,41.2,27.7
2026-07-27,RRC_WIND_ESR2,QFPL35,75.0,224.8,24.0,336.0,4556.0,226.0,282.4,-2.9,0.0,41.2,27.7
2026-07-27,RTLSNAKE_ESR1,QBEEP1,9.9,10.7,24.0,-80.0,250.0,2.1,8.7,6.1,109.1,41.2,27.7
2026-07-27,RUSSEKST_ESR1,QBEEP1,9.9,10.7,24.0,152.0,250.0,9.3,5.1,-5.1,112.1,41.2,27.7
2026-07-27,RVRVLYS_ESR1,QSHEL2,50.0,114.3,24.0,1137.0,2641.0,119.0,135.6,-10.4,1029.9,41.2,27.7
2026-07-27,RVRVLYS_ESR2,QSHEL2,50.0,114.3,24.0,1114.0,2641.0,117.0,133.6,-10.5,1035.1,41.2,27.7
2026-07-27,SADLBACK_ESR1,QBEEP1,9.9,10.7,24.0,-76.0,250.0,2.0,8.5,5.7,111.1,41.2,27.7
2026-07-27,SAH_ESR1,QGFEN,200.0,10.0,9.0,7016.0,414.0,483.5,559.3,-0.9,0.0,41.2,27.7
2026-07-27,SANDLAKE_ESR1,QBEEP1,9.9,10.7,24.0,-48.0,250.0,2.7,8.3,5.3,108.9,41.2,27.7
2026-07-27,SBEAN_ESR1,QBEEP1,9.9,10.7,24.0,-68.0,250.0,2.1,8.1,6.0,110.5,41.2,27.7
2026-07-27,SEVNF_ES_ESR1,QTEN37,100.0,238.2,24.0,279.0,5402.0,64.7,68.0,-24.7,254.7,41.2,27.7
2026-07-27,SE_EDINB_ESR1,QGRIDB,9.9,23.6,14.7,123.0,442.0,4.8,0.1,-5.7,0.0,41.2,27.7
2026-07-27,SGAL_BES_ESR1,QJPEM,100.0,204.9,24.0,992.0,4930.0,178.3,231.8,9.4,1382.5,41.2,27.7
2026-07-27,SGAL_BES_ESR2,QJPEM2,99.8,195.5,24.0,1493.0,4768.0,179.8,213.0,16.8,1372.3,41.2,27.7
2026-07-27,SGSA_ESR1,QAMA1,8.8,15.7,24.0,202.0,387.0,10.6,12.3,6.6,5.0,41.2,27.7
2026-07-27,SHAMROCK_ESR1,QFPL40,99.3,297.9,24.0,3343.0,6035.0,311.8,349.7,-10.1,0.0,41.2,27.7
2026-07-27,SHEEPCRK_ESR1,QSUE70,135.0,172.9,24.0,35.0,4823.0,138.5,193.0,0.3,642.0,41.2,27.7
2026-07-27,SLCNHLS_ESR1,QSHEL2,50.0,57.7,24.0,-72.0,1656.0,24.1,38.7,-2.0,314.8,41.2,27.7
2026-07-27,SLCNHLS_ESR2,QSHEL2,50.0,57.9,24.0,-68.0,1657.0,24.6,39.4,-1.3,318.7,41.2,27.7
2026-07-27,SLK_BESS_ESR1,QTEN34,200.0,400.0,8.2,-1213.0,9711.0,34.8,87.8,339.0,0.0,41.2,27.7
2026-07-27,SMTH_ESS_ESR1,QSUE77,122.0,245.8,24.0,3627.0,5960.0,226.9,258.9,8.3,2131.1,41.2,27.7
2026-07-27,SOLC_SLR_ESR1,QTEN33,160.0,320.0,19.0,5326.0,7768.0,277.9,334.9,-7.9,0.0,41.2,27.7
2026-07-27,SOLC_SLR_ESR2,QTEN33,160.0,320.0,19.0,5474.0,7768.0,275.2,326.1,-12.0,0.0,41.2,27.7
2026-07-27,SPTX12B_ESR1,QEDIS9,22.3,18.5,24.0,148.0,579.0,18.1,23.6,0.1,205.9,41.2,27.7
2026-07-27,STADIUM_ESR1,QTEN26,9.9,12.5,23.2,-26.0,350.0,5.7,12.7,9.1,0.0,41.2,27.7
2026-07-27,STAM_SLR_ESR1,QENE12,70.0,128.4,24.0,1524.0,3209.0,89.1,98.4,0.3,567.3,41.2,27.7
2026-07-27,STRG_SLR_ESR1,QECNR,99.8,193.0,24.0,2542.0,4740.0,349.7,386.1,-2.6,0.0,41.2,27.7
2026-07-27,SUNVASLR_ESR1,QSUE38,53.3,53.2,24.0,-49.0,1593.0,43.6,56.6,8.1,299.1,41.2,27.7
2026-07-27,SUNVASLR_ESR2,QSUE38,46.7,46.8,24.0,-6.0,1398.0,40.9,55.0,5.0,238.7,41.2,27.7
2026-07-27,SWEENY_ESR1,QSUE74,9.9,9.3,24.0,59.0,265.0,7.6,9.0,0.0,60.1,41.2,27.7
2026-07-27,SWOOSEII_ESR1,QMEA5,100.0,191.7,24.0,1474.0,4720.0,124.2,173.1,4.7,1160.4,41.2,27.7
2026-07-27,SWTWR_ESR1,QTEN26,8.5,21.3,24.0,196.0,425.0,11.5,13.4,0.2,40.7,41.2,27.7
2026-07-27,S_SNROSA_ESR1,QTEN24,9.9,10.9,23.7,-5.0,238.0,0.1,0.4,0.2,86.2,41.2,27.7
2026-07-27,TBWF_ESS_ESR1,QTEN29,150.0,342.8,24.0,-2808.0,7919.0,230.4,403.5,102.1,564.8,41.2,27.7
2026-07-27,TDWLPR_1_ESR1,QMEA6,100.0,216.2,24.0,2291.0,5102.0,167.1,206.2,18.4,1686.1,41.2,27.7
2026-07-27,TDWLPR_1_ESR2,QMEA6,100.0,226.7,24.0,2117.0,5256.0,169.6,223.7,13.7,1672.3,41.2,27.7
2026-07-27,TNFS_ESR1,QSYSO,9.9,18.0,24.0,46.0,451.0,18.5,20.1,-0.6,34.1,41.2,27.7
2026-07-27,TORT_ESS_ESR1,QSUE74,50.0,40.0,24.0,433.0,1276.0,40.0,46.7,-1.8,157.6,41.2,27.7
2026-07-27,TSECA_ES_ESR1,QTEN36,100.0,238.2,24.0,-46.0,5402.0,173.5,238.5,0.5,230.3,41.2,27.7
2026-07-27,TURQBESS_ESR1,QHEI3,190.0,361.0,24.0,4298.0,8915.0,254.4,321.4,23.6,2637.6,41.2,27.7
2026-07-27,TV_ESR1,QAETE1,10.0,22.4,24.0,232.0,522.0,16.4,15.4,-8.8,101.5,41.2,27.7
2026-07-27,TYNAN_ESR1,QBEEP1,9.9,10.7,24.0,-15.0,250.0,0.2,0.8,0.2,144.9,41.2,27.7
2026-07-27,UTOPIA_ESR1,QTEN30,9.5,12.7,24.0,190.0,349.0,11.2,13.1,0.0,0.0,41.2,27.7
2026-07-27,VERT_ESS_ESR1,QNRGTX,30.0,237.5,24.0,-532.0,3542.0,0.0,21.9,49.5,0.0,41.2,27.7
2026-07-27,VORTEX_ESR1,QENEL8,121.8,185.0,24.0,1889.0,4919.0,160.0,201.9,4.0,482.4,41.2,27.7
2026-07-27,WAL_ESR1,QSUE92,200.0,396.0,24.0,5274.0,9645.0,349.3,397.4,17.2,3502.0,41.2,27.7
2026-07-27,WCOLLOCL_ESR1,QHABIT,8.4,3.1,24.0,-14.0,118.0,0.1,0.9,-0.1,91.7,41.2,27.7
2026-07-27,WFTANK_ESR1,QTEN28,150.0,169.5,24.0,173.0,4905.0,186.9,252.1,12.3,2273.9,41.2,27.7
2026-07-27,WIG_ESS_ESR1,QHEI1,120.0,187.0,24.0,1625.0,4930.0,125.1,181.8,8.6,1576.9,41.2,27.7
2026-07-27,WOVER_ESR1,QTEN26,4.6,12.8,24.0,128.0,271.0,6.8,5.8,-2.5,12.4,41.2,27.7
2026-07-27,WR_ESR1,QAETEL,8.7,20.0,24.0,279.0,460.0,17.6,18.1,-2.1,98.5,41.2,27.7
2026-07-27,W_HARLIN_ESR1,QTEN24,9.9,10.6,24.0,-4.0,234.0,0.2,0.3,-3.5,78.2,41.2,27.7
2026-07-27,X4_ESR1,QCPSE,9.0,8.5,24.0,54.0,258.0,6.2,8.6,0.6,5.2,41.2,27.7
2026-07-27,Z0_ESR1,QTEN26,9.9,21.3,24.0,463.0,391.0,24.8,14.2,-3.2,0.0,41.2,27.7
2026-07-27,ZAPATA_ESR1,QSUE74,9.6,9.4,24.0,-9.0,266.0,6.9,10.4,1.9,77.5,41.2,27.7
2026-07-27,ZAPATA_ESR2,QSUE74,9.9,7.3,24.0,-55.0,224.0,6.6,11.2,3.1,81.4,41.2,27.7
2026-07-27,ZIER_SLR_ESR1,QTEN19,40.0,48.1,24.0,316.0,1364.0,46.3,62.1,-0.1,111.3,41.2,27.7
2026-07-26,ABINDUST_ESR1,QMP2M1,9.9,25.9,24.0,520.0,604.0,22.9,13.5,-11.0,18.9,43.0,34.7
2026-07-26,ADL_ESR1,QTEN26,60.0,56.4,24.0,802.0,1709.0,44.6,78.3,15.5,599.4,43.0,34.7
2026-07-26,AE_ESR1,QTEN26,9.9,19.1,24.0,44.0,504.0,7.3,17.1,7.5,156.1,43.0,34.7
2026-07-26,ALAMO_ST_ESR1,QSYSO,9.9,17.6,24.0,-160.0,474.0,13.3,20.1,4.5,41.9,43.0,34.7
2026-07-26,ALP_BESS_ESR1,QHEI1,100.3,162.5,24.0,1396.0,4472.0,108.6,169.4,12.1,1503.0,43.0,34.7
2026-07-26,ALVIN_ESR1,QSUE74,8.3,5.5,24.0,46.0,176.0,3.8,5.0,0.3,29.4,43.0,34.7
2026-07-26,ANCHOR_ESR1,QENE11,33.5,44.0,24.0,-42.0,1266.0,19.1,29.6,1.6,194.3,43.0,34.7
2026-07-26,ANCHOR_ESR2,QENE11,32.3,46.3,24.0,-2.0,1315.0,25.9,36.7,1.2,190.4,43.0,34.7
2026-07-26,ANDMDSLR_ESR1,QIPLU2,81.5,144.4,24.0,2336.0,3897.0,124.9,155.1,16.7,655.2,43.0,34.7
2026-07-26,ANDMDSLR_ESR2,QIPLU2,78.1,144.4,24.0,2231.0,3854.0,124.6,158.3,20.7,624.0,43.0,34.7
2026-07-26,ANEM_ESS_ESR1,QSUE53,200.0,406.6,24.0,5356.0,10576.0,394.5,496.2,-48.5,1729.7,43.0,34.7
2026-07-26,ANGLETON_ESR1,QSUE74,9.9,8.3,24.0,91.0,257.0,5.7,7.5,0.5,48.7,43.0,34.7
2026-07-26,ANG_SLR_ESR1,QTEN26,100.0,213.8,24.0,1327.0,5474.0,102.3,198.2,43.2,466.8,43.0,34.7
2026-07-26,ANOL_ESS_ESR1,QESVE1,240.0,519.6,24.0,10696.0,13248.0,477.9,603.8,5.6,1544.8,43.0,34.7
2026-07-26,ANTL_ESS_ESR1,QSU100,70.0,167.5,24.0,2626.0,4131.0,141.9,160.2,-3.8,296.3,43.0,34.7
2026-07-26,ARY_BESS_ESR1,QTEN32,70.0,180.0,24.0,-41.0,4327.0,44.0,90.5,1.4,0.0,43.0,34.7
2026-07-26,AVIL_ESS_ESR1,QSU100,160.0,376.9,24.0,4318.0,9344.0,368.0,431.9,9.6,955.1,43.0,34.7
2026-07-26,AZURE_ESR1,QENEL6,76.2,122.5,24.0,1246.0,3383.0,107.5,150.0,6.1,299.6,43.0,34.7
2026-07-26,BATCAVE_ESR1,QSUE74,100.5,107.9,24.0,-223.0,3207.0,61.0,89.4,-1.8,384.9,43.0,34.7
2026-07-26,BAY_CITY_ESR1,QTEN24,9.9,11.2,24.0,97.0,255.0,2.6,0.9,-1.9,71.5,43.0,34.7
2026-07-26,BCK_ESR1,QHEI5,123.5,305.7,24.0,5191.0,7452.0,277.2,323.7,3.1,0.0,43.0,34.7
2026-07-26,BCK_ESR2,QHEI5,126.5,313.5,24.0,5366.0,7639.0,283.9,329.1,1.8,0.0,43.0,34.7
2026-07-26,BCNV2_ES_ESR1,QSU115,150.0,300.0,24.0,6325.0,7841.0,292.4,349.2,0.0,0.0,43.0,34.7
2026-07-26,BCNV_ESS_ESR1,QSHE11,150.0,300.0,24.0,-2091.0,7845.0,85.3,237.6,116.8,1502.5,43.0,34.7
2026-07-26,BELD_ESR1,QJPEM,7.0,10.7,24.0,150.0,300.0,12.8,11.1,-3.3,63.1,43.0,34.7
2026-07-26,BEXAR_ES_ESR1,QTEN32,80.0,81.9,24.0,797.0,2451.0,64.5,86.5,0.0,232.9,43.0,34.7
2026-07-26,BIG_STAR_ESR1,QECNR,80.0,108.0,24.0,2650.0,3089.0,107.7,128.0,-0.0,0.0,43.0,34.7
2026-07-26,BKSL_ESS_ESR1,QESVE2,99.9,208.8,24.0,4167.0,5385.0,191.6,225.2,-3.3,521.1,43.0,34.7
2026-07-26,BLACKSPR_ESR1,QBROO2,120.0,262.2,24.0,4556.0,6666.0,226.8,298.8,26.4,621.0,43.0,34.7
2026-07-26,BLSUMMIT_ESR1,QFPL12,27.7,9.7,24.0,85.0,334.0,5.2,8.9,-0.1,0.0,43.0,34.7
2026-07-26,BLSUMMIT_ESR2,QFPL48,150.0,450.0,24.0,9498.0,10170.0,481.3,558.7,0.0,0.0,43.0,34.7
2026-07-26,BLUEJAY_ESR1,QENEL7,50.0,86.1,24.0,1031.0,2339.0,54.4,90.0,22.8,289.2,43.0,34.7
2026-07-26,BLVN_SLR_ESR1,QSHEL8,180.0,360.0,24.0,1589.0,9414.0,263.3,363.8,30.8,1101.4,43.0,34.7
2026-07-26,BOCO_ESS_ESR1,QTEN28,150.0,365.0,24.0,6924.0,8949.0,306.3,371.0,-24.1,2061.2,43.0,34.7
2026-07-26,BRAZORIA_ESR1,QSUE74,9.9,9.6,24.0,111.0,291.0,6.3,8.0,0.5,27.7,43.0,34.7
2026-07-26,BR_ARROW_ESR1,QECNR,48.3,94.2,24.0,1988.0,2480.0,88.0,102.7,1.6,97.6,43.0,34.7
2026-07-26,BR_ARROW_ESR2,QECNR,51.7,100.4,24.0,2137.0,2646.0,86.2,99.7,0.1,0.0,43.0,34.7
2026-07-26,BUDA_ESR1,QTEN26,9.9,24.7,24.0,76.0,462.0,10.4,19.7,6.9,0.0,43.0,34.7
2026-07-26,BYP_ESR1,QEXELO,200.0,465.0,24.0,8412.0,11581.0,459.3,557.7,0.0,0.0,43.0,34.7
2026-07-26,BYRDR_ES_ESR1,QHABIT,50.0,56.8,24.0,815.0,1673.0,38.5,47.4,-1.9,630.6,43.0,34.7
2026-07-26,CACH_ESS_ESR1,QSU100,200.0,469.6,24.0,7963.0,11655.0,419.1,475.2,-5.6,823.0,43.0,34.7
2026-07-26,CAMWIND_ESR1,QTEN26,16.4,34.9,24.0,640.0,895.0,35.9,34.2,-5.2,92.9,43.0,34.7
2026-07-26,CARA_ESS_ESR1,QHEI8,98.3,196.7,24.0,3157.0,5143.0,157.1,194.7,-5.1,1531.7,43.0,34.7
2026-07-26,CARN_ESS_ESR1,QSU100,150.0,351.7,24.0,4156.0,8733.0,335.8,385.6,-2.8,1306.6,43.0,34.7
2026-07-26,CARRIZO_ESR1,QTEN30,9.8,12.6,24.0,218.0,364.0,10.4,13.2,1.0,53.4,43.0,34.7
2026-07-26,CARTWHL_ESR1,QECNR,150.0,283.3,24.0,6322.0,7523.0,261.8,308.5,0.5,0.0,43.0,34.7
2026-07-26,CASL_GAP_ESR1,QLUMN1,3.9,4.5,24.0,62.0,132.0,4.7,6.0,0.0,0.0,43.0,34.7
2026-07-26,CAST_ESS_ESR1,QSUE79,200.0,445.6,24.0,7025.0,11260.0,378.3,459.5,4.0,864.3,43.0,34.7
2026-07-26,CATARINA_ESR1,QBEEP1,9.9,10.7,24.0,152.0,264.0,8.6,6.1,-3.7,154.0,43.0,34.7
2026-07-26,CEDRVALE_ESR1,QBEEP1,9.9,10.7,24.0,135.0,264.0,7.5,9.1,0.3,111.4,43.0,34.7
2026-07-26,CFLAT_ES_ESR1,QTEN26,100.0,200.0,24.0,-177.0,5200.0,0.0,7.6,-6.2,0.0,43.0,34.7
2026-07-26,CHERRYCR_ESR1,QBEEP1,9.9,10.7,24.0,158.0,264.0,7.7,8.2,0.1,112.9,43.0,34.7
2026-07-26,CHIL_SLR_ESR1,QSUE88,150.0,323.2,24.0,1477.0,8254.0,320.1,397.7,9.5,746.8,43.0,34.7
2026-07-26,CISC_ESR1,QBEEP1,9.9,10.7,24.0,-113.0,264.0,0.1,8.1,7.5,141.7,43.0,34.7
2026-07-26,CITRUSCY_ESR1,QPROLO,9.9,21.0,24.0,-173.0,416.0,3.8,20.0,16.6,131.4,43.0,34.7
2026-07-26,CLO_ESR1,QMEA1,100.0,195.1,24.0,3835.0,5137.0,173.3,199.8,-9.5,1282.6,43.0,34.7
2026-07-26,CLO_ESR2,QMEA1,100.0,187.1,24.0,3323.0,4980.0,156.2,195.9,2.6,1162.8,43.0,34.7
2026-07-26,CNLY_ESS_ESR1,QSUE76,119.4,228.9,24.0,4163.0,6058.0,325.0,399.3,23.3,2180.9,43.0,34.7
2026-07-26,CNTRY_ESR1,QPROLO,9.8,20.3,24.0,282.0,415.0,15.9,21.0,2.1,110.4,43.0,34.7
2026-07-26,CNTYRDS_ESR1,QTEN26,9.9,24.7,24.0,20.0,582.0,17.7,24.2,3.2,0.0,43.0,34.7
2026-07-26,CORALSLR_ESR1,QNGRE1,47.5,58.3,24.0,1377.0,1702.0,54.9,60.0,2.3,496.5,43.0,34.7
2026-07-26,CORALSLR_ESR2,QNGRE1,51.3,58.3,24.0,1478.0,1721.0,58.9,63.0,-0.0,548.4,43.0,34.7
2026-07-26,CORAZON_ESR1,QHEI4,200.0,254.0,24.0,3023.0,7359.0,195.6,245.8,-8.2,2693.6,43.0,34.7
2026-07-26,COTULLA_ESR1,QGRIDB,9.9,24.4,24.0,271.0,485.0,24.2,28.1,-0.3,0.0,43.0,34.7
2026-07-26,COYOTSPR_ESR1,QBEEP1,9.9,10.7,24.0,138.0,264.0,7.3,8.6,0.2,111.5,43.0,34.7
2026-07-26,CROSSETT_ESR1,QJPEM1,99.9,103.0,24.0,1152.0,3079.0,89.8,102.4,0.0,520.3,43.0,34.7
2026-07-26,CROSSETT_ESR2,QJPEM1,99.8,103.0,24.0,1160.0,3080.0,87.1,98.2,-0.1,586.6,43.0,34.7
2026-07-26,CROSSTRL_ESR1,QGRIE4,56.8,113.8,24.0,995.0,2976.0,84.2,111.2,-0.7,76.6,43.0,34.7
2026-07-26,CR_ESR1,QPROLO,9.8,9.4,24.0,181.0,250.0,8.9,11.4,-0.2,96.5,43.0,34.7
2026-07-26,CS_ESR1,QTEN26,7.0,14.3,24.0,157.0,355.0,8.6,13.6,3.1,99.7,43.0,34.7
2026-07-26,CTW_ESR1,QTOTL5,150.0,193.6,24.0,797.0,5589.0,319.3,432.5,19.9,2078.2,43.0,34.7
2026-07-26,DAN_ESR1,QTOTL4,75.3,98.0,24.0,1031.0,2825.0,130.6,160.2,2.6,795.9,43.0,34.7
2026-07-26,DAN_ESR2,QTOTL4,71.7,102.4,24.0,920.0,2896.0,129.4,160.4,5.3,859.0,43.0,34.7
2026-07-26,DA_ESR1,QSHE16,4.0,9.7,24.0,169.0,238.0,7.8,9.4,1.2,0.9,43.0,34.7
2026-07-26,DA_ESR3,QSHE16,7.5,15.5,24.0,278.0,401.0,12.9,16.8,0.0,0.0,43.0,34.7
2026-07-26,DCSES_ESR1,QLUMN,66.5,66.4,24.0,-396.0,1995.0,11.8,42.3,10.6,285.7,43.0,34.7
2026-07-26,DCSES_ESR2,QLUMN,66.5,66.4,24.0,-416.0,1995.0,11.5,43.3,12.2,285.1,43.0,34.7
2026-07-26,DCSES_ESR3,QLUMN,63.5,63.4,24.0,-399.0,1902.0,10.0,41.7,11.9,268.6,43.0,34.7
2026-07-26,DCSES_ESR4,QLUMN,63.5,63.4,24.0,-405.0,1905.0,11.6,45.9,14.4,262.5,43.0,34.7
2026-07-26,DESN_ESS_ESR1,QSUE79,200.0,469.8,24.0,6037.0,11659.0,388.2,519.5,50.8,785.4,43.0,34.7
2026-07-26,DGFS_ESR_ESR1,QTEN26,75.0,64.0,24.0,-346.0,1324.0,0.1,15.1,0.3,0.0,43.0,34.7
2026-07-26,DIBOL_ESR1,QBEEP1,9.9,10.7,24.0,-114.0,264.0,0.1,8.2,7.4,142.1,43.0,34.7
2026-07-26,DICKNSON_ESR1,QSUE74,9.9,7.9,24.0,69.0,245.0,5.1,6.3,0.1,46.2,43.0,34.7
2026-07-26,DKNS_ESS_ESR1,QSUE74,50.0,48.6,24.0,569.0,1464.0,70.0,78.8,0.0,136.4,43.0,34.7
2026-07-26,DKNS_ESS_ESR2,QSUE74,50.0,48.0,24.0,528.0,1449.0,72.3,81.5,-0.2,136.8,43.0,34.7
2026-07-26,DKNS_ESS_ESR3,QSUE74,50.0,49.0,24.0,562.0,1477.0,72.7,81.6,0.0,132.5,43.0,34.7
2026-07-26,DKNS_ESS_ESR4,QSUE74,50.0,47.9,24.0,563.0,1446.0,71.8,80.5,0.0,132.2,43.0,34.7
2026-07-26,DPCRK_ESR1,QTEN26,6.5,13.1,24.0,284.0,330.0,12.3,14.3,0.0,0.0,43.0,34.7
2026-07-26,DSWL_ESS_ESR1,QPHIL3,150.0,318.0,24.0,6153.0,8163.0,320.9,384.8,-5.8,1522.9,43.0,34.7
2026-07-26,EBNY_ESS_ESR1,QSUE52,200.0,458.5,24.0,5806.0,11475.0,384.8,497.0,-4.8,1921.6,43.0,34.7
2026-07-26,ELMCRK_ESR1,QMP2M1,9.9,25.9,24.0,615.0,557.0,20.3,6.0,-15.8,9.9,43.0,34.7
2026-07-26,ELM_ST_ESR1,QTEN26,9.9,24.7,24.0,-22.0,582.0,15.7,24.0,5.2,0.0,43.0,34.7
2026-07-26,ELM_ST_ESR2,QSYSO,9.9,18.0,24.0,163.0,482.0,17.2,19.8,-0.0,37.2,43.0,34.7
2026-07-26,ELSA_ESR1,QTEN24,9.9,10.6,24.0,3.0,246.0,0.2,0.0,0.0,81.9,43.0,34.7
2026-07-26,ELZA_SLR_ESR1,QENE16,100.0,126.1,24.0,1156.0,3659.0,68.1,98.6,3.4,689.4,43.0,34.7
2026-07-26,EMPCT_ESR1,QTEN24,9.9,13.1,24.0,-88.0,282.0,0.1,6.9,7.0,62.1,43.0,34.7
2026-07-26,ENDPARKS_ESR1,QGRIE4,50.0,102.4,24.0,234.0,2641.0,83.3,98.2,-2.5,372.5,43.0,34.7
2026-07-26,ESCONDID_ESR1,QTEN30,9.4,12.7,24.0,-7.0,286.0,0.0,0.3,-0.0,0.0,43.0,34.7
2026-07-26,ESTONIAN_ESR1,QENE14,101.6,154.3,24.0,2874.0,4308.0,141.4,188.3,21.2,440.5,43.0,34.7
2026-07-26,EUNICE_ESR1,QTENSK,22.0,26.0,24.0,104.0,675.0,9.1,17.7,2.8,431.7,43.0,34.7
2026-07-26,EVLN_ESS_ESR1,QSHE15,199.3,297.1,24.0,3278.0,8332.0,308.9,373.2,-9.1,0.0,43.0,34.7
2026-07-26,E_HARRIS_ESR1,QTEN26,9.9,20.0,24.0,306.0,423.0,20.7,22.7,-0.8,79.9,43.0,34.7
2026-07-26,FALFUR_ESR2,QTEN30,9.4,12.6,24.0,21.0,255.0,3.2,5.4,1.4,89.3,43.0,34.7
2026-07-26,FAULKNER_ESR1,QBEEP1,9.9,10.7,24.0,130.0,264.0,7.4,9.1,0.2,110.7,43.0,34.7
2026-07-26,FENCESLR_ESR1,QENE13,65.3,107.4,24.0,1196.0,2946.0,55.4,69.2,1.1,486.4,43.0,34.7
2026-07-26,FERD_ESS_ESR1,QCPSE,200.0,950.0,24.0,9088.0,15815.0,446.6,518.7,-0.4,454.7,43.0,34.7
2026-07-26,FIVEWSLR_ESR1,QSUE61,220.0,250.0,24.0,1447.0,7367.0,264.4,322.0,6.5,966.8,43.0,34.7
2026-07-26,FLAT_TOP_ESR1,QSHEL2,9.2,14.6,24.0,-70.0,403.0,4.8,13.4,5.9,55.6,43.0,34.7
2026-07-26,FLAT_TOP_ESR2,QJPEM,9.9,15.6,24.0,221.0,432.0,13.3,15.3,-0.1,76.4,43.0,34.7
2026-07-26,FLOWERII_ESR1,QJPEM,100.0,195.7,24.0,2326.0,5148.0,146.6,166.3,0.0,720.0,43.0,34.7
2026-07-26,FORTMA_ESR1,QTEN30,10.0,12.6,24.0,-10.0,365.0,6.9,12.4,3.5,73.4,43.0,34.7
2026-07-26,FRMRSVLW_ESR1,QBEEP1,9.9,10.7,24.0,-116.0,264.0,0.1,8.2,7.6,140.7,43.0,34.7
2026-07-26,FRMRSVLW_ESR2,QTEN26,6.0,14.7,24.0,81.0,359.0,9.0,15.2,4.1,62.9,43.0,34.7
2026-07-26,FTDUNCAN_ESR1,QTEN26,100.0,220.4,24.0,3478.0,5588.0,146.1,176.5,-9.1,1722.7,43.0,34.7
2026-07-26,GAIA_SLR_ESR1,QTEN26,75.0,150.0,24.0,2225.0,3923.0,145.6,178.9,9.4,255.5,43.0,34.7
2026-07-26,GAMBIT_ESR1,QSUE23,100.0,145.1,24.0,2650.0,4071.0,160.0,142.4,-58.5,547.8,43.0,34.7
2026-07-26,GARCENO_ESR1,QTEN24,9.9,10.0,24.0,0.0,237.0,0.1,0.1,-0.0,66.9,43.0,34.7
2026-07-26,GEORSO_ESR1,QEDIS9,9.8,8.1,24.0,146.0,248.0,8.5,10.6,0.0,106.8,43.0,34.7
2026-07-26,GIGA_ESS_ESR1,QSUE55,115.5,211.2,24.0,3817.0,5647.0,177.3,209.0,2.8,1951.8,43.0,34.7
2026-07-26,GKS_BESS_ESR1,QTEN26,71.3,142.9,24.0,1428.0,3726.0,90.4,131.1,-1.6,357.7,43.0,34.7
2026-07-26,GODY_SLR_ESR1,QTEN26,42.9,160.8,24.0,2361.0,3248.0,119.5,150.5,8.9,0.0,43.0,34.7
2026-07-26,GOMZ_ESR1,QBEEP1,9.9,10.7,24.0,136.0,264.0,7.1,8.2,-0.1,118.8,43.0,34.7
2026-07-26,GOODWIN_ESR1,QTEN30,8.9,12.7,24.0,-41.0,286.0,3.1,7.7,3.5,64.1,43.0,34.7
2026-07-26,GRDNE_ESR1,QBEEP1,9.9,10.7,24.0,145.0,264.0,7.9,9.1,-0.0,112.2,43.0,34.7
2026-07-26,GRIZZLY_ESR1,QPRIO1,9.9,10.0,0.0,0.0,300.0,0.0,-0.0,0.0,0.0,43.0,34.7
2026-07-26,GZ_ESR1,QTEN30,9.5,12.7,24.0,-46.0,363.0,3.8,7.9,3.2,90.2,43.0,34.7
2026-07-26,GZ_ESR2,QPROLO,7.0,19.9,24.0,242.0,367.0,11.2,13.0,-0.4,53.3,43.0,34.7
2026-07-26,HAMILTON_ESR1,QBEEP1,9.9,10.7,22.8,199.0,264.0,6.5,4.3,-3.0,144.5,43.0,34.7
2026-07-26,HEADCAMP_ESR1,QTEN34,150.0,300.0,24.0,1698.0,7845.0,213.9,279.9,17.5,0.0,43.0,34.7
2026-07-26,HEARN_RD_ESR1,QTEN30,9.6,12.7,24.0,267.0,350.0,12.1,13.9,0.0,0.0,43.0,34.7
2026-07-26,HEIGHTTN_ESR1,QSUE74,9.9,8.3,24.0,93.0,257.0,5.9,7.3,0.5,36.9,43.0,34.7
2026-07-26,HEN_ESR1,QECNR,150.0,293.8,24.0,5888.0,7727.0,254.9,327.7,-0.1,0.0,43.0,34.7
2026-07-26,HI_LONEB_ESR1,QENEL1,49.1,65.7,24.0,-890.0,1883.0,9.5,61.1,52.0,495.5,43.0,34.7
2026-07-26,HLY_ESR1,QHEI1,102.2,172.9,24.0,2046.0,4712.0,113.1,166.1,0.3,1565.2,43.0,34.7
2026-07-26,HLY_ESR2,QHEI1,101.8,167.9,24.0,2076.0,4603.0,112.9,163.2,-6.1,1553.6,43.0,34.7
2026-07-26,HMNG_ESS_ESR1,QMEA8,99.9,233.0,24.0,3563.0,5796.0,188.1,239.4,6.2,1287.9,43.0,34.7
2026-07-26,HOUSEMTN_ESR1,QJPEM,60.0,127.4,24.0,1189.0,3269.0,102.2,131.9,0.9,532.5,43.0,34.7
2026-07-26,HRMS_SLR_ESR1,QTOT16,100.0,213.6,24.0,-116.0,5470.0,0.0,5.0,-7.5,0.0,43.0,34.7
2026-07-26,HWY6_ESR1,QTEN26,8.3,21.3,24.0,226.0,525.0,12.6,10.9,-3.2,0.0,43.0,34.7
2026-07-26,HYDR_ESS_ESR1,QSUE74,200.0,186.5,24.0,1019.0,5657.0,145.4,212.2,28.5,628.2,43.0,34.7
2026-07-26,INDL_ESR1,QECNR,9.9,4.2,24.0,90.0,143.0,3.5,4.8,0.0,0.0,43.0,34.7
2026-07-26,INRT_W_ESR1,QFPL32,11.8,45.0,24.0,572.0,905.0,28.4,38.5,-0.5,0.0,43.0,34.7
2026-07-26,JADE_SLR_ESR1,QIPLUM,78.1,139.9,24.0,1974.0,3762.0,127.6,172.1,10.2,194.4,43.0,34.7
2026-07-26,JADE_SLR_ESR2,QIPLUM,81.9,147.4,24.0,2294.0,3958.0,135.6,171.4,2.4,238.8,43.0,34.7
2026-07-26,JAG_SLR_ESR1,QLCRA,150.0,300.0,24.0,1994.0,7845.0,277.6,326.1,0.0,425.3,43.0,34.7
2026-07-26,JAG_SLR_ESR2,QMITS2,150.0,301.5,24.0,5977.0,7872.0,284.9,340.7,-0.3,0.0,43.0,34.7
2026-07-26,JAR_ESR1,QHEI1,147.0,264.0,24.0,3102.0,7097.0,154.9,214.1,-0.7,2042.0,43.0,34.7
2026-07-26,JAR_ESR2,QHEI1,157.0,291.0,24.0,3007.0,7763.0,172.9,249.1,11.5,2112.1,43.0,34.7
2026-07-26,JDKNS_ESR1,QBEEP1,9.9,10.7,24.0,152.0,264.0,7.7,8.5,0.0,113.1,43.0,34.7
2026-07-26,JUNORTH_ESR1,QTEN26,9.9,22.0,24.0,197.0,557.0,9.1,8.2,-2.8,0.0,43.0,34.7
2026-07-26,K0_ESR1,QSUE74,9.9,9.7,24.0,106.0,275.0,8.0,8.5,-0.5,61.4,43.0,34.7
2026-07-26,KEG_ESR1,QEDF27,110.0,311.2,24.0,2375.0,7203.0,63.4,0.2,-76.3,0.0,43.0,34.7
2026-07-26,LANTANA_ESR1,QTEN26,9.9,20.1,24.0,330.0,484.0,18.3,20.4,-0.4,80.2,43.0,34.7
2026-07-26,LBRA_ESS_ESR1,QSUE48,200.0,200.0,24.0,487.0,6005.0,103.0,170.6,11.2,1079.0,43.0,34.7
2026-07-26,LFSTH_ESR1,QBEEP1,9.9,10.7,24.0,-121.0,264.0,0.1,8.6,7.8,138.9,43.0,34.7
2026-07-26,LIGSW_ESR1,QPROLO,6.0,6.8,24.0,135.0,187.0,6.0,7.6,-0.2,80.1,43.0,34.7
2026-07-26,LILY_ESR1,QENEL5,50.0,71.8,24.0,267.0,2028.0,14.0,23.8,4.0,490.9,43.0,34.7
2026-07-26,LMO_ESR1,QSHEL2,99.9,243.5,24.0,2202.0,5968.0,160.5,245.7,50.0,1016.6,43.0,34.7
2026-07-26,LONESTAR_ESR1,QBEEP1,9.9,10.7,24.0,132.0,264.0,7.4,9.0,0.2,111.0,43.0,34.7
2026-07-26,LON_ESR1,QTEN26,174.0,348.0,24.0,3169.0,9152.0,223.8,290.8,-26.2,1498.5,43.0,34.7
2026-07-26,LOWR_ESS_ESR1,QEDI10,60.0,112.4,24.0,767.0,2990.0,60.5,83.2,10.4,1272.4,43.0,34.7
2026-07-26,LUCKYBLU_ESR1,QBROO1,69.2,140.5,24.0,-115.0,3657.0,56.5,132.3,55.3,349.3,43.0,34.7
2026-07-26,LYNX_ESS_ESR1,QSU101,75.0,183.7,24.0,-146.0,4294.0,0.0,6.1,-10.4,0.0,43.0,34.7
2026-07-26,L_463S_ESR1,QSUE74,9.9,7.3,24.0,79.0,218.0,9.7,10.4,-0.5,55.7,43.0,34.7
2026-07-26,L_FRESNO_ESR1,QTEN24,9.9,11.3,24.0,-1.0,257.0,0.1,0.1,-0.0,106.4,43.0,34.7
2026-07-26,MADERO_ESR1,QTEN25,100.0,257.2,24.0,2924.0,6180.0,224.7,259.0,-17.7,227.5,43.0,34.7
2026-07-26,MADERO_ESR2,QTEN25,100.0,252.5,24.0,3028.0,6111.0,220.9,250.0,-16.8,192.6,43.0,34.7
2026-07-26,MAGNO_TN_ESR1,QSUE74,8.3,6.5,24.0,61.0,201.0,5.9,7.4,0.6,30.3,43.0,34.7
2026-07-26,MAINLAND_ESR1,QBEEP1,9.9,10.7,24.0,-128.0,264.0,0.1,8.4,7.7,142.7,43.0,34.7
2026-07-26,MAYBERRY_ESR1,QTEN24,9.9,10.9,24.0,-2.0,251.0,0.1,0.1,0.0,70.6,43.0,34.7
2026-07-26,MAYBERRY_ESR2,QTEN24,9.9,11.9,24.0,3.0,266.0,0.3,0.1,-0.0,124.0,43.0,34.7
2026-07-26,MESQUITE_ESR1,QTEN26,9.9,19.8,24.0,-14.0,488.0,9.5,24.4,14.3,0.0,43.0,34.7
2026-07-26,MESQUITE_ESR2,QSYSO,9.9,19.5,24.0,106.0,431.0,11.5,20.6,7.0,0.0,43.0,34.7
2026-07-26,MIDP_SLR_ESR1,QTEN26,50.0,100.0,24.0,1104.0,2615.0,84.0,106.7,0.4,298.4,43.0,34.7
2026-07-26,MIDWY_ESR1,QPROLO,9.9,10.5,24.0,244.0,271.0,10.5,12.2,0.2,108.4,43.0,34.7
2026-07-26,MNWLE_ESR1,QBEEP1,9.9,10.7,24.0,-110.0,264.0,0.1,7.8,7.2,143.3,43.0,34.7
2026-07-26,MOORE_FL_ESR1,QTEN30,9.6,11.4,24.0,136.0,258.0,9.5,11.7,0.0,119.3,43.0,34.7
2026-07-26,MUENSTER_ESR1,QTEN30,9.5,12.6,24.0,-107.0,361.0,1.2,11.1,5.8,42.3,43.0,34.7
2026-07-26,MUSTNGCK_ESR1,QENE10,71.0,112.1,24.0,2191.0,3103.0,107.5,134.7,2.5,339.4,43.0,34.7
2026-07-26,MU_ESR1,QTEN26,9.9,19.5,24.0,-16.0,512.0,3.3,9.7,4.9,188.8,43.0,34.7
2026-07-26,MYR_ESR1,QTOTL5,74.3,102.2,24.0,1599.0,2913.0,82.9,114.6,14.3,492.5,43.0,34.7
2026-07-26,MYR_ESR2,QTOTL5,71.7,81.6,24.0,1083.0,2406.0,138.4,164.6,-2.3,763.5,43.0,34.7
2026-07-26,NCO_ESR1,QSHEL2,50.0,60.5,24.0,-255.0,1762.0,11.6,56.8,26.6,284.5,43.0,34.7
2026-07-26,NF_BRP_ESR1,QSUE74,100.5,105.5,24.0,21.0,3145.0,41.9,93.4,12.2,322.4,43.0,34.7
2026-07-26,NOBLESLR_ESR1,QNGREN,57.8,48.1,24.0,1270.0,1484.0,49.6,51.7,0.0,303.4,43.0,34.7
2026-07-26,NOBLESLR_ESR2,QNGREN,62.5,54.4,24.0,1418.0,1667.0,56.7,58.5,-0.7,360.1,43.0,34.7
2026-07-26,N_ALAMO_ESR1,QTEN24,7.0,7.1,24.0,-2.0,183.0,0.0,0.1,0.0,52.0,43.0,34.7
2026-07-26,N_MERCED_ESR1,QTEN24,9.9,10.6,24.0,-5.0,246.0,0.1,0.3,0.2,82.9,43.0,34.7
2026-07-26,ODESW_ESR1,QSUE74,9.9,6.1,24.0,64.0,185.0,7.6,9.1,0.3,33.8,43.0,34.7
2026-07-26,PAD1_ESS_ESR1,QCPSE,50.0,122.0,24.0,657.0,2989.0,31.9,46.8,3.0,0.0,43.0,34.7
2026-07-26,PAD2_ESS_ESR2,QCPSE,150.0,600.0,24.0,2945.0,11530.0,197.4,344.3,82.5,126.6,43.0,34.7
2026-07-26,PALACIOS_ESR1,QTEN30,9.5,11.4,24.0,194.0,275.0,8.1,9.2,-0.1,69.7,43.0,34.7
2026-07-26,PALE_ESS_ESR1,QSUE74,200.0,192.3,24.0,2123.0,5805.0,282.8,343.5,0.3,403.9,43.0,34.7
2026-07-26,PALMVIEW_ESR1,QGRIDB,9.9,24.7,24.0,240.0,484.0,13.6,16.3,0.0,0.0,43.0,34.7
2026-07-26,PAULN_ESR1,QBEEP1,9.9,10.7,24.0,-115.0,264.0,0.1,8.2,7.8,139.3,43.0,34.7
2026-07-26,PAVLOV_ESR1,QBEEP1,9.9,10.7,24.0,34.0,223.0,1.5,1.2,-0.6,162.9,43.0,34.7
2026-07-26,PAVO_ESS_ESR1,QSUE74,87.5,84.1,24.0,473.0,2539.0,100.7,128.8,5.9,352.4,43.0,34.7
2026-07-26,PAVO_ESS_ESR2,QSUE74,87.5,80.8,24.0,396.0,2454.0,98.7,127.5,7.5,360.8,43.0,34.7
2026-07-26,PEARSALL_ESR1,QTEN26,9.9,19.8,24.0,324.0,400.0,15.7,18.3,-0.0,0.0,43.0,34.7
2026-07-26,PHO_ESR1,QENE15,127.1,186.0,24.0,2247.0,5235.0,173.0,215.0,5.1,356.0,43.0,34.7
2026-07-26,PHO_ESR2,QENE15,149.3,216.2,24.0,2467.0,6099.0,197.3,247.2,3.0,415.8,43.0,34.7
2026-07-26,PINEFRST_ESR1,QTEN21,200.0,396.3,24.0,8249.0,10389.0,348.3,432.5,14.3,14.0,43.0,34.7
2026-07-26,PIN_BESS_ESR1,QTEN34,176.6,400.0,24.0,5110.0,10040.0,345.8,413.5,4.7,0.0,43.0,34.7
2026-07-26,PIRATE_ESR1,QTEN30,9.4,12.6,24.0,249.0,331.0,12.2,9.4,-5.8,61.9,43.0,34.7
2026-07-26,PLATINUM_ESR1,QSUE80,148.3,323.4,24.0,4784.0,8227.0,271.9,339.9,2.0,415.9,43.0,34.7
2026-07-26,PLATINUM_ESR2,QSUE80,151.7,329.3,24.0,4754.0,8390.0,267.7,329.4,-1.6,395.1,43.0,34.7
2026-07-26,POTEETS_ESR1,QBEEP1,9.9,10.7,24.0,198.0,264.0,5.8,1.9,-4.9,155.3,43.0,34.7
2026-07-26,PRCRK_ESR1,QTEN24,9.9,13.1,24.0,-95.0,282.0,0.1,7.4,7.2,61.2,43.0,34.7
2026-07-26,PUEBLO_ESR1,QSUE74,9.9,9.8,24.0,75.0,277.0,4.6,6.2,0.0,60.0,43.0,34.7
2026-07-26,PUEBLO_ESR2,QSUE74,9.9,9.8,24.0,-20.0,276.0,6.2,10.5,2.9,37.4,43.0,34.7
2026-07-26,PYOTE_ESR1,QJPEM,9.0,14.0,24.0,139.0,392.0,9.7,11.1,0.0,89.9,43.0,34.7
2026-07-26,PYR_ESR1,QECNR,9.9,4.2,24.0,113.0,143.0,4.2,5.3,-0.1,0.0,43.0,34.7
2026-07-26,PYR_ESR2,QECNR,13.7,13.6,24.0,210.0,409.0,10.1,13.3,0.1,9.2,43.0,34.7
2026-07-26,PYR_ESR3,QECNR,15.1,13.6,24.0,237.0,414.0,10.8,13.7,0.2,8.3,43.0,34.7
2026-07-26,QTUM_SLR_ESR1,QTEN33,160.0,320.0,24.0,4011.0,8368.0,270.3,358.8,34.2,0.0,43.0,34.7
2026-07-26,QTUM_SLR_ESR2,QTEN33,160.0,320.0,24.0,3931.0,8368.0,269.9,359.2,34.7,0.0,43.0,34.7
2026-07-26,QUEEN_BA_ESR1,QENEL2,49.5,66.4,24.0,-313.0,1862.0,22.8,61.2,33.9,471.8,43.0,34.7
2026-07-26,RADN_SLR_ESR1,QIPRAD,75.7,134.3,24.0,1900.0,3622.0,106.6,146.6,25.0,823.9,43.0,34.7
2026-07-26,RADN_SLR_ESR2,QIPRAD,81.9,150.2,24.0,2139.0,4016.0,118.7,162.2,26.3,848.4,43.0,34.7
2026-07-26,RBN_ESR1,QTEN19,100.0,113.8,24.0,1104.0,3353.0,90.4,148.3,13.6,244.3,43.0,34.7
2026-07-26,RHA_ESR1,QTEN19,200.0,379.1,24.0,6667.0,10059.0,308.8,432.3,34.5,0.0,43.0,34.7
2026-07-26,RIO_GRAN_ESR1,QTEN24,9.9,9.8,24.0,0.0,234.0,0.2,0.2,0.0,72.9,43.0,34.7
2026-07-26,ROSELAND_ESR1,QENEL9,50.0,85.8,24.0,843.0,2330.0,70.2,91.0,-0.5,323.1,43.0,34.7
2026-07-26,RPUBRDS_ESR1,QSHEL2,50.0,56.9,24.0,-490.0,1673.0,11.8,65.2,31.9,129.2,43.0,34.7
2026-07-26,RRANCHES_ESR1,QSUE51,150.0,345.8,24.0,4504.0,8638.0,277.2,327.2,-19.2,1282.3,43.0,34.7
2026-07-26,RRANCHES_ESR2,QSUE51,150.0,345.0,24.0,4307.0,8625.0,255.9,310.0,-16.6,1166.3,43.0,34.7
2026-07-26,RRC_WIND_ESR1,QFPL35,75.0,225.0,24.0,3285.0,5085.0,259.8,279.1,-14.2,0.0,43.0,34.7
2026-07-26,RRC_WIND_ESR2,QFPL35,75.0,225.0,24.0,3091.0,5085.0,252.5,272.3,-14.8,0.0,43.0,34.7
2026-07-26,RTLSNAKE_ESR1,QBEEP1,9.9,10.7,24.0,128.0,264.0,7.6,9.5,1.1,98.7,43.0,34.7
2026-07-26,RUSSEKST_ESR1,QBEEP1,9.9,10.7,24.0,-108.0,264.0,8.5,13.3,2.8,132.2,43.0,34.7
2026-07-26,RVRVLYS_ESR1,QSHEL2,50.0,114.3,24.0,1139.0,2864.0,117.6,166.1,22.7,903.8,43.0,34.7
2026-07-26,RVRVLYS_ESR2,QSHEL2,50.0,114.3,24.0,1200.0,2864.0,120.2,164.3,21.7,911.6,43.0,34.7
2026-07-26,SADLBACK_ESR1,QBEEP1,9.9,10.7,24.0,122.0,264.0,7.2,8.9,0.6,113.1,43.0,34.7
2026-07-26,SAH_ESR1,QGFEN,200.0,500.0,15.0,11490.0,12149.0,511.8,598.4,-48.6,0.0,43.0,34.7
2026-07-26,SAH_ESR2,QGFEN,200.0,500.0,14.7,12002.0,12149.0,498.0,567.1,-60.8,0.0,43.0,34.7
2026-07-26,SANDLAKE_ESR1,QBEEP1,9.9,10.7,24.0,146.0,264.0,7.6,8.6,0.1,113.5,43.0,34.7
2026-07-26,SBEAN_ESR1,QBEEP1,9.9,10.7,24.0,129.0,264.0,7.2,8.8,0.6,108.7,43.0,34.7
2026-07-26,SEVNF_ES_ESR1,QTEN37,100.0,238.2,24.0,-2383.0,5882.0,95.2,285.1,118.8,598.4,43.0,34.7
2026-07-26,SE_EDINB_ESR1,QGRIDB,9.9,23.6,24.0,163.0,473.0,7.4,0.0,-6.1,0.0,43.0,34.7
2026-07-26,SGAL_BES_ESR1,QJPEM,100.0,204.9,24.0,721.0,5317.0,196.8,229.2,-9.2,1154.5,43.0,34.7
2026-07-26,SGAL_BES_ESR2,QJPEM2,99.8,195.6,24.0,902.0,5125.0,205.0,227.9,-17.1,1090.9,43.0,34.7
2026-07-26,SGSA_ESR1,QAMA1,6.9,15.6,24.0,264.0,392.0,10.5,9.3,-3.9,1.3,43.0,34.7
2026-07-26,SHAMROCK_ESR1,QFPL40,99.3,297.9,24.0,980.0,6732.0,221.9,349.3,72.2,0.0,43.0,34.7
2026-07-26,SHEEPCRK_ESR1,QSUE70,135.0,172.9,24.0,1018.0,5000.0,185.2,245.0,0.5,494.5,43.0,34.7
2026-07-26,SLCNHLS_ESR1,QSHEL2,50.0,57.5,24.0,-267.0,1692.0,21.8,69.4,25.6,237.3,43.0,34.7
2026-07-26,SLCNHLS_ESR2,QSHEL2,50.0,59.9,24.0,-239.0,1751.0,23.4,72.2,25.0,257.2,43.0,34.7
2026-07-26,SMTH_ESS_ESR1,QSUE77,122.2,249.9,24.0,4485.0,6498.0,212.6,266.6,24.9,2017.4,43.0,34.7
2026-07-26,SOLC_SLR_ESR1,QTEN33,160.0,320.0,24.0,5633.0,8368.0,277.6,354.2,22.7,0.0,43.0,34.7
2026-07-26,SOLC_SLR_ESR2,QTEN33,160.0,320.0,24.0,5677.0,8368.0,274.4,346.8,21.7,0.0,43.0,34.7
2026-07-26,SPTX12B_ESR1,QEDIS9,22.3,18.5,24.0,314.0,568.0,18.9,23.4,-0.0,227.3,43.0,34.7
2026-07-26,STADIUM_ESR1,QTEN26,9.9,12.5,24.0,188.0,362.0,10.4,14.0,1.9,0.0,43.0,34.7
2026-07-26,STAM_SLR_ESR1,QENE12,70.0,120.1,24.0,1491.0,3264.0,66.0,83.2,1.9,516.5,43.0,34.7
2026-07-26,STRG_SLR_ESR1,QECNR,98.4,193.0,24.0,4037.0,5080.0,167.6,192.9,0.2,0.0,43.0,34.7
2026-07-26,SUNVASLR_ESR1,QSUE38,48.4,53.2,24.0,221.0,1576.0,52.0,64.1,-6.0,193.2,43.0,34.7
2026-07-26,SUNVASLR_ESR2,QSUE38,46.7,46.8,24.0,120.0,1403.0,44.0,56.8,-5.2,172.7,43.0,34.7
2026-07-26,SWEENY_ESR1,QSUE74,9.9,9.3,24.0,103.0,266.0,6.4,8.5,0.8,37.4,43.0,34.7
2026-07-26,SWOOSEII_ESR1,QMEA5,100.0,191.7,24.0,2584.0,5072.0,137.0,182.4,-0.4,943.0,43.0,34.7
2026-07-26,SWTWR_ESR1,QTEN26,8.5,21.3,24.0,257.0,468.0,11.6,13.4,-0.2,39.8,43.0,34.7
2026-07-26,S_SNROSA_ESR1,QTEN24,9.9,10.9,24.0,-1.0,251.0,0.1,0.1,0.0,90.0,43.0,34.7
2026-07-26,TBWF_ESS_ESR1,QTEN29,150.0,342.6,24.0,-770.0,8585.0,195.4,309.0,42.9,636.5,43.0,34.7
2026-07-26,TDWLPR_1_ESR1,QMEA6,100.0,216.2,24.0,3450.0,5515.0,173.4,212.3,3.5,1153.0,43.0,34.7
2026-07-26,TDWLPR_1_ESR2,QMEA6,100.0,226.7,24.0,3708.0,5696.0,179.8,212.4,-7.5,1356.7,43.0,34.7
2026-07-26,TNFS_ESR1,QSYSO,9.9,18.0,24.0,-123.0,482.0,14.1,19.6,3.9,45.3,43.0,34.7
2026-07-26,TORT_ESS_ESR1,QSUE74,50.0,40.5,24.0,618.0,1255.0,34.9,44.9,0.6,114.6,43.0,34.7
2026-07-26,TSECA_ES_ESR1,QTEN36,100.0,238.2,24.0,482.0,5882.0,147.9,214.2,19.4,709.3,43.0,34.7
2026-07-26,TURQBESS_ESR1,QHEI3,190.0,361.0,24.0,5926.0,9573.0,286.8,349.3,15.7,2729.2,43.0,34.7
2026-07-26,TV_ESR1,QAETE1,10.0,22.4,24.0,170.0,565.0,13.6,18.7,8.6,65.8,43.0,34.7
2026-07-26,UTOPIA_ESR1,QTEN30,9.5,12.7,24.0,255.0,363.0,10.9,12.6,-0.0,0.0,43.0,34.7
2026-07-26,VERT_ESS_ESR1,QNRGTX,30.0,99.8,24.0,-434.0,2379.0,0.0,19.0,-5.8,0.0,43.0,34.7
2026-07-26,VORTEX_ESR1,QENEL8,120.7,187.0,24.0,2835.0,5203.0,153.3,191.8,3.0,416.6,43.0,34.7
2026-07-26,WAL_ESR1,QSUE92,200.0,395.8,24.0,7091.0,10380.0,332.0,409.7,41.4,3400.9,43.0,34.7
2026-07-26,WCOLLOCL_ESR1,QHABIT,8.4,3.1,24.0,-13.0,106.0,0.0,0.6,-0.1,104.8,43.0,34.7
2026-07-26,WFTANK_ESR1,QTEN28,150.0,165.7,24.0,-1804.0,4917.0,43.0,218.7,125.0,1990.8,43.0,34.7
2026-07-26,WIG_ESS_ESR1,QHEI1,120.0,187.0,24.0,2555.0,5191.0,131.4,186.2,-10.0,1782.0,43.0,34.7
2026-07-26,WOVER_ESR1,QTEN26,4.6,12.8,24.0,41.0,299.0,3.4,6.9,2.5,14.9,43.0,34.7
2026-07-26,WR_ESR1,QAETEL,8.7,20.0,24.0,320.0,499.0,17.5,21.1,1.6,53.9,43.0,34.7
2026-07-26,W_HARLIN_ESR1,QTEN24,9.9,10.6,24.0,4.0,246.0,0.2,0.0,-0.0,90.5,43.0,34.7
2026-07-26,X4_ESR1,QCPSE,9.0,8.5,24.0,99.0,257.0,6.2,7.9,0.0,5.4,43.0,34.7
2026-07-26,Z0_ESR1,QTEN26,9.9,22.7,24.0,-142.0,429.0,10.4,23.5,-0.8,0.0,43.0,34.7
2026-07-26,ZAPATA_ESR1,QSUE74,8.3,7.0,24.0,-18.0,207.0,7.5,10.9,2.2,46.2,43.0,34.7
2026-07-26,ZAPATA_ESR2,QSUE74,8.3,7.3,24.0,-24.0,216.0,7.3,11.0,2.6,46.3,43.0,34.7
2026-07-26,ZIER_SLR_ESR1,QTEN19,28.0,54.2,24.0,1088.0,1433.0,50.9,63.8,-3.7,167.3,43.0,34.7
2026-07-25,ABINDUST_ESR1,QMP2M1,9.9,25.9,24.0,-20.0,725.0,1.4,2.5,0.1,5.3,46.1,39.8
2026-07-25,ADL_ESR1,QTEN26,60.0,56.8,24.0,2176.0,1996.0,60.1,11.9,-57.1,727.6,46.1,39.8
2026-07-25,AE_ESR1,QTEN26,9.9,19.1,24.0,550.0,610.0,15.7,4.1,-13.3,189.5,46.1,39.8
2026-07-25,ALAMO_ST_ESR1,QSYSO,9.9,17.6,24.0,375.0,570.0,21.4,20.8,-2.3,41.5,46.1,39.8
2026-07-25,ALP_BESS_ESR1,QHEI1,100.3,162.7,24.0,2884.0,5335.0,112.3,143.1,-13.6,1510.9,46.1,39.8
2026-07-25,ALVIN_ESR1,QSUE74,8.3,5.5,24.0,67.0,199.0,4.3,5.4,-0.0,33.4,46.1,39.8
2026-07-25,ANCHOR_ESR1,QENE11,33.5,43.9,24.0,554.0,1483.0,20.5,26.9,-1.3,226.4,46.1,39.8
2026-07-25,ANCHOR_ESR2,QENE11,34.8,49.2,24.0,860.0,1646.0,30.6,37.3,-1.2,219.3,46.1,39.8
2026-07-25,ANDMDSLR_ESR1,QIPLU2,81.5,144.4,24.0,4033.0,4676.0,149.9,141.4,-24.0,665.5,46.1,39.8
2026-07-25,ANDMDSLR_ESR2,QIPLU2,78.1,144.4,24.0,4112.0,4644.0,148.1,139.8,-23.3,572.7,46.1,39.8
2026-07-25,ANEM_ESS_ESR1,QSUE53,200.0,406.6,24.0,6364.0,12853.0,358.7,441.2,-22.1,2059.1,46.1,39.8
2026-07-25,ANGLETON_ESR1,QSUE74,9.9,8.2,24.0,128.0,293.0,6.1,7.1,-0.1,46.5,46.1,39.8
2026-07-25,ANG_SLR_ESR1,QTEN26,100.0,214.5,24.0,5279.0,6708.0,156.5,81.0,-123.4,832.6,46.1,39.8
2026-07-25,ANOL_ESS_ESR1,QESVE1,240.0,519.6,24.0,10840.0,16214.0,502.5,619.2,-11.6,1549.8,46.1,39.8
2026-07-25,ANTL_ESS_ESR1,QSU100,70.0,167.5,24.0,3127.0,5112.0,144.2,171.9,4.5,267.5,46.1,39.8
2026-07-25,ARY_BESS_ESR1,QTEN32,70.0,180.0,24.0,787.0,5409.0,61.7,91.0,-15.6,0.0,46.1,39.8
2026-07-25,AVIL_ESS_ESR1,QSU100,160.0,376.9,24.0,6708.0,11545.0,318.0,401.9,29.0,885.7,46.1,39.8
2026-07-25,AZURE_ESR1,QENEL6,77.6,127.9,24.0,2849.0,4184.0,111.9,151.3,-5.1,398.0,46.1,39.8
2026-07-25,BATCAVE_ESR1,QSUE74,100.5,107.7,24.0,560.0,3733.0,46.5,60.8,-18.2,440.7,46.1,39.8
2026-07-25,BAY_CITY_ESR1,QTEN24,9.9,11.2,24.0,27.0,318.0,0.7,0.2,-0.6,78.3,46.1,39.8
2026-07-25,BCK_ESR1,QHEI5,123.5,305.0,24.0,6615.0,9245.0,298.0,350.1,3.3,0.0,46.1,39.8
2026-07-25,BCK_ESR2,QHEI5,126.5,312.8,24.0,6770.0,9479.0,305.1,358.7,4.0,0.0,46.1,39.8
2026-07-25,BCNV2_ES_ESR1,QSU115,150.0,300.0,24.0,8367.0,9509.0,294.5,347.4,0.0,0.0,46.1,39.8
2026-07-25,BCNV_ESS_ESR1,QSHE11,150.0,300.0,24.0,2105.0,9516.0,153.2,244.9,52.0,1328.0,46.1,39.8
2026-07-25,BELD_ESR1,QJPEM,7.0,10.7,24.0,180.0,356.0,8.3,8.1,-1.1,106.4,46.1,39.8
2026-07-25,BEXAR_ES_ESR1,QTEN32,80.0,81.9,24.0,2059.0,2854.0,66.4,40.0,-32.1,416.9,46.1,39.8
2026-07-25,BIG_STAR_ESR1,QECNR,80.0,108.0,24.0,2643.0,3633.0,108.5,127.6,0.2,0.0,46.1,39.8
2026-07-25,BKSL_ESS_ESR1,QESVE2,100.0,208.8,24.0,5020.0,6566.0,205.0,247.5,6.2,574.1,46.1,39.8
2026-07-25,BLACKSPR_ESR1,QBROO2,120.0,262.2,24.0,6274.0,8165.0,259.9,300.4,-5.1,659.8,46.1,39.8
2026-07-25,BLSUMMIT_ESR1,QFPL12,27.7,9.7,24.0,59.0,369.0,5.4,9.2,-0.3,0.0,46.1,39.8
2026-07-25,BLSUMMIT_ESR2,QFPL48,150.0,450.0,24.0,13569.0,13091.0,489.0,566.2,0.0,0.0,46.1,39.8
2026-07-25,BLUEJAY_ESR1,QENEL7,50.0,86.1,24.0,2165.0,2801.0,73.4,67.0,-22.8,336.4,46.1,39.8
2026-07-25,BLVN_SLR_ESR1,QSHEL8,180.0,360.0,24.0,1437.0,11419.0,264.2,406.7,83.8,801.5,46.1,39.8
2026-07-25,BOCO_ESS_ESR1,QTEN28,150.0,365.0,24.0,4228.0,11100.0,320.9,407.0,20.0,2490.4,46.1,39.8
2026-07-25,BRAZORIA_ESR1,QSUE74,9.9,9.6,24.0,138.0,336.0,6.8,7.9,-0.1,34.2,46.1,39.8
2026-07-25,BR_ARROW_ESR1,QECNR,48.3,94.1,24.0,2478.0,3001.0,89.4,102.1,1.0,98.6,46.1,39.8
2026-07-25,BR_ARROW_ESR2,QECNR,51.7,100.4,24.0,2425.0,3201.0,88.0,97.9,-1.5,0.0,46.1,39.8
2026-07-25,BUDA_ESR1,QTEN26,9.9,24.7,24.0,383.0,601.0,17.5,20.6,0.6,0.0,46.1,39.8
2026-07-25,BYP_ESR1,QEXELO,194.7,465.0,24.0,3910.0,14250.0,467.9,556.3,0.0,0.0,46.1,39.8
2026-07-25,BYRDR_ES_ESR1,QHABIT,50.0,56.8,24.0,1022.0,1953.0,39.2,46.3,-0.2,626.0,46.1,39.8
2026-07-25,CACH_ESS_ESR1,QSU100,200.0,469.8,24.0,9712.0,14400.0,468.2,493.8,-39.5,988.8,46.1,39.8
2026-07-25,CAMWIND_ESR1,QTEN26,16.4,35.6,24.0,941.0,1111.0,43.8,36.9,-11.7,115.3,46.1,39.8
2026-07-25,CARA_ESS_ESR1,QHEI8,98.3,196.7,24.0,3382.0,6239.0,154.6,202.7,1.9,1424.8,46.1,39.8
2026-07-25,CARN_ESS_ESR1,QSU100,150.0,351.4,24.0,6162.0,10779.0,406.9,454.4,-10.7,1333.4,46.1,39.8
2026-07-25,CARRIZO_ESR1,QTEN30,9.7,12.6,24.0,403.0,426.0,16.6,7.0,-10.7,80.4,46.1,39.8
2026-07-25,CARTWHL_ESR1,QECNR,150.0,283.3,24.0,6864.0,9079.0,258.6,304.5,1.6,0.0,46.1,39.8
2026-07-25,CASL_GAP_ESR1,QLUMN1,3.9,4.3,24.0,190.0,150.0,4.7,0.3,-4.5,0.0,46.1,39.8
2026-07-25,CAST_ESS_ESR1,QSUE79,200.0,442.2,24.0,8101.0,13738.0,402.7,459.9,-6.8,972.7,46.1,39.8
2026-07-25,CATARINA_ESR1,QBEEP1,9.9,10.7,24.0,78.0,323.0,2.2,0.6,-2.2,160.9,46.1,39.8
2026-07-25,CEDRVALE_ESR1,QBEEP1,9.9,10.7,24.0,298.0,323.0,7.7,0.8,-8.4,143.9,46.1,39.8
2026-07-25,CFLAT_ES_ESR1,QTEN26,100.0,200.0,24.0,-179.0,6314.0,0.0,7.7,-6.5,0.0,46.1,39.8
2026-07-25,CHERRYCR_ESR1,QBEEP1,9.9,10.7,24.0,291.0,323.0,8.1,2.3,-6.2,139.7,46.1,39.8
2026-07-25,CHIL_SLR_ESR1,QSUE88,150.0,323.2,24.0,5925.0,10096.0,379.2,406.0,-37.0,950.5,46.1,39.8
2026-07-25,CISC_ESR1,QBEEP1,9.9,10.7,24.0,298.0,323.0,7.4,0.4,-7.5,147.3,46.1,39.8
2026-07-25,CITRUSCY_ESR1,QPROLO,9.9,21.0,24.0,586.0,540.0,18.0,11.3,-10.4,132.2,46.1,39.8
2026-07-25,CLO_ESR1,QMEA1,100.0,195.1,24.0,4711.0,6218.0,166.0,174.5,-26.9,1512.4,46.1,39.8
2026-07-25,CLO_ESR2,QMEA1,100.0,184.8,24.0,4447.0,5944.0,160.5,176.9,-26.1,1408.1,46.1,39.8
2026-07-25,CNLY_ESS_ESR1,QSUE76,119.5,229.0,24.0,4306.0,7325.0,299.4,346.7,-0.0,2045.7,46.1,39.8
2026-07-25,CNTRY_ESR1,QPROLO,9.8,20.3,21.5,569.0,529.0,19.3,17.4,1.2,100.2,46.1,39.8
2026-07-25,CNTYRDS_ESR1,QTEN26,9.9,24.7,24.0,316.0,727.0,20.8,24.3,1.0,0.0,46.1,39.8
2026-07-25,CORALSLR_ESR1,QNGRE1,47.5,58.3,24.0,1505.0,1991.0,62.0,67.3,-3.4,532.9,46.1,39.8
2026-07-25,CORALSLR_ESR2,QNGRE1,51.4,58.3,24.0,1498.0,2009.0,63.1,69.6,-3.8,584.8,46.1,39.8
2026-07-25,CORAZON_ESR1,QHEI4,200.0,254.0,24.0,4103.0,8622.0,202.5,274.6,11.8,2479.3,46.1,39.8
2026-07-25,COTULLA_ESR1,QGRIDB,9.9,24.4,23.8,363.0,638.0,21.2,24.6,-0.2,0.0,46.1,39.8
2026-07-25,COYOTSPR_ESR1,QBEEP1,9.9,10.7,24.0,296.0,323.0,7.7,0.8,-8.1,143.5,46.1,39.8
2026-07-25,CROSSETT_ESR1,QJPEM1,99.9,101.5,24.0,2154.0,3540.0,85.7,107.1,-1.0,691.4,46.1,39.8
2026-07-25,CROSSETT_ESR2,QJPEM1,100.0,101.6,24.0,2081.0,3543.0,83.0,105.2,-0.7,791.8,46.1,39.8
2026-07-25,CROSSTRL_ESR1,QGRIE4,56.8,113.8,24.0,1838.0,3610.0,83.3,107.3,2.7,106.7,46.1,39.8
2026-07-25,CR_ESR1,QPROLO,9.8,15.1,24.0,479.0,433.0,13.3,2.2,-14.4,133.8,46.1,39.8
2026-07-25,CS_ESR1,QTEN26,7.0,14.3,24.0,328.0,434.0,11.9,9.8,-3.8,121.9,46.1,39.8
2026-07-25,CTW_ESR1,QTOTL5,150.0,189.5,24.0,2021.0,6435.0,339.4,429.4,-2.2,1416.2,46.1,39.8
2026-07-25,DAN_ESR1,QTOTL4,75.3,98.0,24.0,1968.0,3315.0,106.6,129.2,1.9,809.0,46.1,39.8
2026-07-25,DAN_ESR2,QTOTL4,71.7,102.4,24.0,2055.0,3417.0,104.9,121.9,-2.4,811.4,46.1,39.8
2026-07-25,DA_ESR1,QSHE16,4.0,9.7,24.0,238.0,295.0,8.4,9.4,-0.2,0.1,46.1,39.8
2026-07-25,DA_ESR3,QSHE16,7.5,12.9,24.0,330.0,420.0,12.6,13.3,0.0,0.0,46.1,39.8
2026-07-25,DCSES_ESR1,QLUMN,66.5,66.4,24.0,751.0,2322.0,35.6,30.3,-22.5,263.7,46.1,39.8
2026-07-25,DCSES_ESR2,QLUMN,66.5,66.4,24.0,785.0,2322.0,36.4,30.2,-23.8,261.4,46.1,39.8
2026-07-25,DCSES_ESR3,QLUMN,63.5,63.4,24.0,744.0,2215.0,34.9,29.8,-24.2,254.6,46.1,39.8
2026-07-25,DCSES_ESR4,QLUMN,63.5,63.4,24.0,848.0,2217.0,38.4,29.6,-26.1,250.5,46.1,39.8
2026-07-25,DESN_ESS_ESR1,QSUE79,200.0,469.6,24.0,9003.0,14396.0,439.4,500.9,-16.0,818.2,46.1,39.8
2026-07-25,DGFS_ESR_ESR1,QTEN26,75.0,65.0,24.0,-370.0,2309.0,43.3,96.8,35.1,0.0,46.1,39.8
2026-07-25,DIBOL_ESR1,QBEEP1,9.9,10.7,24.0,317.0,323.0,7.9,0.5,-8.0,151.3,46.1,39.8
2026-07-25,DICKNSON_ESR1,QSUE74,9.9,7.8,24.0,61.0,279.0,7.9,9.2,-0.1,48.6,46.1,39.8
2026-07-25,DKNS_ESS_ESR1,QSUE74,50.0,48.2,24.0,1119.0,1692.0,44.9,53.0,-0.3,161.3,46.1,39.8
2026-07-25,DKNS_ESS_ESR2,QSUE74,50.0,47.1,24.0,1137.0,1658.0,44.7,53.7,-0.2,159.0,46.1,39.8
2026-07-25,DKNS_ESS_ESR3,QSUE74,50.0,48.6,24.0,1131.0,1704.0,44.9,53.7,-0.2,158.9,46.1,39.8
2026-07-25,DKNS_ESS_ESR4,QSUE74,50.0,47.9,24.0,1131.0,1682.0,43.9,52.2,-0.2,157.6,46.1,39.8
2026-07-25,DPCRK_ESR1,QTEN26,6.5,13.1,24.0,330.0,402.0,12.2,13.5,-1.0,0.0,46.1,39.8
2026-07-25,DSWL_ESS_ESR1,QPHIL3,150.0,320.6,24.0,6950.0,10034.0,340.0,422.6,4.2,1441.6,46.1,39.8
2026-07-25,EBNY_ESS_ESR1,QSUE52,200.0,458.5,24.0,5196.0,14131.0,334.8,438.9,8.6,2143.1,46.1,39.8
2026-07-25,ELMCRK_ESR1,QMP2M1,9.9,25.9,24.0,-16.0,709.0,2.1,4.0,0.7,7.5,46.1,39.8
2026-07-25,ELM_ST_ESR1,QTEN26,9.9,24.7,24.0,353.0,727.0,21.3,24.8,1.0,0.0,46.1,39.8
2026-07-25,ELM_ST_ESR2,QSYSO,9.9,18.0,24.0,523.0,580.0,17.6,20.4,-0.0,7.7,46.1,39.8
2026-07-25,ELSA_ESR1,QTEN24,9.9,10.6,24.0,-128.0,307.0,0.1,10.3,9.5,50.9,46.1,39.8
2026-07-25,ELZA_SLR_ESR1,QENE16,99.6,131.0,24.0,1056.0,4425.0,64.0,104.5,-21.5,655.8,46.1,39.8
2026-07-25,EMPCT_ESR1,QTEN24,9.9,13.1,24.0,261.0,351.0,6.1,0.1,-6.9,68.9,46.1,39.8
2026-07-25,ENDPARKS_ESR1,QGRIE4,49.6,102.4,24.0,1205.0,3227.0,83.4,84.7,-4.1,527.9,46.1,39.8
2026-07-25,ESCONDID_ESR1,QTEN30,9.9,12.7,24.0,-7.0,360.0,0.0,0.3,-0.0,0.0,46.1,39.8
2026-07-25,ESTONIAN_ESR1,QENE14,101.6,154.3,24.0,4737.0,5107.0,160.6,151.9,-20.0,471.7,46.1,39.8
2026-07-25,EUNICE_ESR1,QTENSK,22.0,26.0,24.0,401.0,807.0,11.9,4.9,-11.6,498.2,46.1,39.8
2026-07-25,EVLN_ESS_ESR1,QSHE15,199.1,296.8,24.0,8013.0,9844.0,308.0,354.7,12.1,0.0,46.1,39.8
2026-07-25,E_HARRIS_ESR1,QTEN26,9.9,20.0,24.0,349.0,544.0,19.9,21.6,0.5,101.0,46.1,39.8
2026-07-25,FALFUR_ESR2,QTEN30,9.4,12.6,24.0,116.0,310.0,4.0,2.2,-2.2,99.1,46.1,39.8
2026-07-25,FAULKNER_ESR1,QBEEP1,9.9,10.7,24.0,293.0,323.0,7.6,0.8,-8.3,144.0,46.1,39.8
2026-07-25,FENCESLR_ESR1,QENE13,65.3,107.4,24.0,1337.0,3515.0,57.4,73.8,-2.4,294.8,46.1,39.8
2026-07-25,FERD_ESS_ESR1,QCPSE,200.0,950.0,24.0,10974.0,22958.0,462.4,504.6,-25.4,619.8,46.1,39.8
2026-07-25,FIVEWSLR_ESR1,QSUE61,220.0,250.0,24.0,5392.0,8601.0,244.2,264.3,-35.8,875.5,46.1,39.8
2026-07-25,FLAT_TOP_ESR1,QSHEL2,9.3,14.6,24.0,366.0,481.0,13.3,15.1,-0.6,43.2,46.1,39.8
2026-07-25,FLAT_TOP_ESR2,QJPEM,9.9,15.1,24.0,331.0,499.0,12.8,15.2,0.1,84.6,46.1,39.8
2026-07-25,FLOWERII_ESR1,QJPEM,99.8,195.7,24.0,4072.0,6231.0,148.7,175.1,-0.7,936.3,46.1,39.8
2026-07-25,FORTMA_ESR1,QTEN30,10.0,12.6,24.0,150.0,428.0,6.8,5.2,-2.2,96.2,46.1,39.8
2026-07-25,FRMRSVLW_ESR1,QBEEP1,9.9,10.7,24.0,293.0,323.0,7.4,0.6,-7.7,147.2,46.1,39.8
2026-07-25,FRMRSVLW_ESR2,QTEN26,6.0,14.7,24.0,288.0,446.0,13.2,13.1,-2.1,63.8,46.1,39.8
2026-07-25,FTDUNCAN_ESR1,QTEN26,100.0,218.3,24.0,3999.0,6801.0,109.0,28.2,-134.4,2041.1,46.1,39.8
2026-07-25,GAIA_SLR_ESR1,QTEN26,75.0,150.0,24.0,2944.0,4758.0,147.6,159.5,-8.0,270.3,46.1,39.8
2026-07-25,GAMBIT_ESR1,QSUE23,100.0,146.7,24.0,733.0,4862.0,69.2,162.1,53.9,369.6,46.1,39.8
2026-07-25,GARCENO_ESR1,QTEN24,9.9,10.0,24.0,1.0,294.0,0.1,0.1,-0.0,64.3,46.1,39.8
2026-07-25,GEORSO_ESR1,QEDIS9,9.8,8.1,24.0,181.0,286.0,8.3,10.4,-0.1,102.5,46.1,39.8
2026-07-25,GIGA_ESS_ESR1,QSUE55,115.6,212.3,24.0,4760.0,6829.0,195.2,202.5,-12.2,1898.2,46.1,39.8
2026-07-25,GKS_BESS_ESR1,QTEN26,79.6,146.8,24.0,1910.0,4696.0,97.3,141.4,-3.0,462.0,46.1,39.8
2026-07-25,GODY_SLR_ESR1,QTEN26,46.9,176.0,24.0,3411.0,4795.0,133.0,163.9,-2.6,0.0,46.1,39.8
2026-07-25,GOMZ_ESR1,QBEEP1,9.9,10.7,24.0,295.0,323.0,7.5,0.6,-7.9,146.4,46.1,39.8
2026-07-25,GOODWIN_ESR1,QTEN30,8.9,12.7,24.0,242.0,359.0,7.4,2.0,-5.7,71.8,46.1,39.8
2026-07-25,GRDNE_ESR1,QBEEP1,9.9,10.7,24.0,314.0,323.0,8.1,0.6,-8.1,145.0,46.1,39.8
2026-07-25,GREGORY_ESR1,QTEN30,9.4,11.4,24.0,89.0,391.0,4.3,8.6,3.1,75.3,46.1,39.8
2026-07-25,GRIZZLY_ESR1,QPRIO1,9.9,10.0,0.0,0.0,349.0,0.0,-0.0,0.0,0.0,46.1,39.8
2026-07-25,GZ_ESR1,QTEN30,9.5,12.7,24.0,122.0,427.0,6.0,3.2,-4.3,95.0,46.1,39.8
2026-07-25,GZ_ESR2,QPROLO,7.0,19.9,15.3,311.0,495.0,10.3,3.9,1.7,32.2,46.1,39.8
2026-07-25,HAMILTON_ESR1,QBEEP1,9.9,10.7,23.2,141.0,323.0,3.8,0.6,-3.6,154.5,46.1,39.8
2026-07-25,HEADCAMP_ESR1,QTEN34,150.0,300.0,24.0,4882.0,9516.0,254.6,336.1,23.7,0.0,46.1,39.8
2026-07-25,HEARN_RD_ESR1,QTEN30,9.4,12.7,24.0,322.0,414.0,12.3,14.3,0.0,0.0,46.1,39.8
2026-07-25,HEIGHTTN_ESR1,QSUE74,9.9,8.2,24.0,97.0,292.0,10.1,11.8,-0.0,46.8,46.1,39.8
2026-07-25,HEN_ESR1,QECNR,150.0,293.6,24.0,5860.0,9351.0,254.4,322.9,4.5,0.0,46.1,39.8
2026-07-25,HI_LONEB_ESR1,QENEL1,50.0,69.4,24.0,1567.0,2326.0,54.4,69.0,-1.1,453.4,46.1,39.8
2026-07-25,HLY_ESR1,QHEI1,102.2,172.9,24.0,2421.0,5637.0,110.0,160.3,-2.0,1537.6,46.1,39.8
2026-07-25,HLY_ESR2,QHEI1,101.8,167.9,24.0,2843.0,5494.0,119.6,159.7,0.7,1529.2,46.1,39.8
2026-07-25,HMNG_ESS_ESR1,QMEA8,99.8,233.0,24.0,5590.0,7152.0,191.0,168.9,-73.6,1767.7,46.1,39.8
2026-07-25,HOUSEMTN_ESR1,QJPEM,60.0,127.4,24.0,2846.0,3994.0,111.2,132.3,-11.4,698.5,46.1,39.8
2026-07-25,HRMS_SLR_ESR1,QTOT16,100.0,225.2,24.0,-118.0,6967.0,0.0,4.9,-12.0,0.0,46.1,39.8
2026-07-25,HWY6_ESR1,QTEN26,3.9,24.7,24.0,185.0,600.0,9.4,8.7,-1.9,0.0,46.1,39.8
2026-07-25,HYDR_ESS_ESR1,QSUE74,200.0,193.0,24.0,4942.0,6772.0,178.1,200.9,-11.6,707.6,46.1,39.8
2026-07-25,INDL_ESR1,QECNR,9.9,4.2,24.0,133.0,160.0,3.5,0.8,-4.1,0.0,46.1,39.8
2026-07-25,INRT_W_ESR1,QFPL32,12.8,45.2,24.0,770.0,1253.0,30.7,39.6,-0.2,0.0,46.1,39.8
2026-07-25,JADE_SLR_ESR1,QIPLUM,78.1,139.9,24.0,3671.0,4521.0,143.1,166.0,-4.2,192.9,46.1,39.8
2026-07-25,JADE_SLR_ESR2,QIPLUM,81.9,147.5,24.0,3406.0,4761.0,138.3,171.7,3.7,253.0,46.1,39.8
2026-07-25,JAG_SLR_ESR1,QLCRA,150.0,300.0,24.0,7974.0,9516.0,353.8,401.9,0.0,727.3,46.1,39.8
2026-07-25,JAG_SLR_ESR2,QMITS2,150.0,308.3,24.0,8148.0,9725.0,285.3,340.3,1.9,0.0,46.1,39.8
2026-07-25,JAR_ESR1,QHEI1,147.0,264.0,24.0,3500.0,8528.0,157.9,230.4,3.3,2002.0,46.1,39.8
2026-07-25,JAR_ESR2,QHEI1,157.0,291.0,24.0,3722.0,9353.0,177.5,255.0,4.2,2085.9,46.1,39.8
2026-07-25,JDKNS_ESR1,QBEEP1,9.9,10.7,24.0,315.0,323.0,8.2,0.7,-8.2,144.6,46.1,39.8
2026-07-25,JUNCTION_ESR1,QBEEP1,9.9,10.7,24.0,-107.0,323.0,0.2,8.5,9.3,114.6,46.1,39.8
2026-07-25,JUNORTH_ESR1,QTEN26,9.9,22.0,24.0,-263.0,684.0,11.1,25.0,11.6,0.0,46.1,39.8
2026-07-25,K0_ESR1,QSUE74,9.9,9.7,24.0,104.0,324.0,7.1,8.5,0.4,51.0,46.1,39.8
2026-07-25,KEG_ESR1,QEDF27,115.0,311.2,24.0,-2014.0,9248.0,4.2,88.7,49.7,0.0,46.1,39.8
2026-07-25,LANTANA_ESR1,QTEN26,9.9,20.1,24.0,438.0,571.0,19.7,18.6,-3.0,125.7,46.1,39.8
2026-07-25,LBRA_ESS_ESR1,QSUE48,200.0,200.0,24.0,1769.0,6988.0,129.8,142.6,-43.4,1230.3,46.1,39.8
2026-07-25,LFSTH_ESR1,QBEEP1,9.9,10.7,24.0,318.0,323.0,7.9,0.4,-8.0,154.7,46.1,39.8
2026-07-25,LIGSW_ESR1,QPROLO,6.0,6.8,24.0,123.0,221.0,6.1,7.9,0.0,75.5,46.1,39.8
2026-07-25,LILY_ESR1,QENEL5,50.0,71.8,24.0,659.0,2394.0,19.0,8.0,-14.7,355.8,46.1,39.8
2026-07-25,LMO_ESR1,QSHEL2,99.9,243.5,24.0,4385.0,7403.0,202.0,251.5,0.7,870.0,46.1,39.8
2026-07-25,LONESTAR_ESR1,QBEEP1,9.9,10.7,24.0,295.0,323.0,7.6,0.7,-8.4,143.9,46.1,39.8
2026-07-25,LON_ESR1,QTEN26,174.0,348.0,24.0,4987.0,11090.0,275.0,300.1,-28.9,1473.7,46.1,39.8
2026-07-25,LOWR_ESS_ESR1,QEDI10,60.0,117.5,24.0,1591.0,3742.0,70.0,63.4,-24.3,1282.5,46.1,39.8
2026-07-25,LUCKYBLU_ESR1,QBROO1,69.2,140.5,24.0,2716.0,4444.0,110.7,97.6,-31.4,395.3,46.1,39.8
2026-07-25,LYNX_ESS_ESR1,QSU101,75.0,184.1,24.0,-163.0,5387.0,0.0,6.9,-11.4,0.0,46.1,39.8
2026-07-25,L_463S_ESR1,QSUE74,9.9,7.3,24.0,86.0,252.0,8.6,10.6,0.8,56.0,46.1,39.8
2026-07-25,L_FRESNO_ESR1,QTEN24,9.9,11.3,24.0,-0.0,321.0,0.1,0.1,0.0,103.4,46.1,39.8
2026-07-25,MADERO_ESR1,QTEN25,100.0,257.2,24.0,4466.0,7727.0,215.0,247.1,-14.2,196.7,46.1,39.8
2026-07-25,MADERO_ESR2,QTEN25,100.0,260.9,24.0,4476.0,7814.0,216.4,257.1,-9.4,199.8,46.1,39.8
2026-07-25,MAGNO_TN_ESR1,QSUE74,8.3,6.4,24.0,83.0,231.0,7.6,8.6,-0.1,31.1,46.1,39.8
2026-07-25,MAINLAND_ESR1,QBEEP1,9.9,10.7,24.0,303.0,323.0,7.7,0.6,-7.8,146.6,46.1,39.8
2026-07-25,MAYBERRY_ESR1,QTEN24,9.9,10.9,24.0,-1.0,313.0,0.1,0.1,0.0,70.8,46.1,39.8
2026-07-25,MAYBERRY_ESR2,QTEN24,9.9,11.9,24.0,-10.0,331.0,0.3,1.3,0.9,109.6,46.1,39.8
2026-07-25,MESQUITE_ESR1,QTEN26,9.9,19.8,24.0,500.0,596.0,18.5,18.0,-3.8,46.9,46.1,39.8
2026-07-25,MESQUITE_ESR2,QSYSO,9.9,19.5,24.0,718.0,549.0,17.2,0.1,-18.0,0.0,46.1,39.8
2026-07-25,MIDP_SLR_ESR1,QTEN26,50.0,100.0,24.0,1782.0,3172.0,92.4,109.7,-1.3,278.6,46.1,39.8
2026-07-25,MIDWY_ESR1,QPROLO,9.9,10.5,24.0,265.0,327.0,10.1,11.6,0.0,104.4,46.1,39.8
2026-07-25,MNWLE_ESR1,QBEEP1,9.9,10.7,24.0,298.0,323.0,7.5,0.5,-7.6,150.1,46.1,39.8
2026-07-25,MOORE_FL_ESR1,QTEN30,5.4,11.4,24.0,285.0,307.0,9.5,6.9,-3.4,98.8,46.1,39.8
2026-07-25,MUENSTER_ESR1,QTEN30,9.4,12.6,24.0,322.0,424.0,9.1,2.8,-5.6,56.7,46.1,39.8
2026-07-25,MUSTNGCK_ESR1,QENE10,71.0,112.1,24.0,2913.0,3691.0,107.1,123.3,-1.0,347.0,46.1,39.8
2026-07-25,MU_ESR1,QTEN26,9.9,19.5,24.0,230.0,620.0,8.0,4.4,-5.6,196.7,46.1,39.8
2026-07-25,MYR_ESR1,QTOTL5,74.3,102.2,24.0,2681.0,3430.0,96.0,111.1,-2.7,549.9,46.1,39.8
2026-07-25,MYR_ESR2,QTOTL5,71.7,81.6,24.0,882.0,2810.0,141.5,174.6,3.5,657.8,46.1,39.8
2026-07-25,NCO_ESR1,QSHEL2,46.2,60.5,24.0,1352.0,2043.0,40.1,18.4,-27.2,316.2,46.1,39.8
2026-07-25,NF_BRP_ESR1,QSUE74,100.5,105.5,24.0,297.0,3664.0,55.9,66.4,-28.8,475.4,46.1,39.8
2026-07-25,NOBLESLR_ESR1,QNGREN,58.0,48.1,24.0,1263.0,1716.0,50.2,51.2,-3.0,327.0,46.1,39.8
2026-07-25,NOBLESLR_ESR2,QNGREN,62.5,54.4,24.0,1340.0,1930.0,53.3,60.7,1.2,354.1,46.1,39.8
2026-07-25,N_ALAMO_ESR1,QTEN24,7.0,7.1,24.0,-66.0,220.0,0.1,5.7,5.3,35.8,46.1,39.8
2026-07-25,N_MERCED_ESR1,QTEN24,9.9,10.6,24.0,-82.0,307.0,0.1,7.0,6.8,57.1,46.1,39.8
2026-07-25,ODESW_ESR1,QSUE74,9.9,6.1,24.0,120.0,216.0,8.7,10.4,0.2,44.6,46.1,39.8
2026-07-25,PAD1_ESS_ESR1,QCPSE,50.0,122.0,24.0,859.0,3708.0,35.7,57.2,8.4,0.0,46.1,39.8
2026-07-25,PAD2_ESS_ESR2,QCPSE,150.0,600.0,24.0,11311.0,15891.0,303.3,66.4,-272.6,201.1,46.1,39.8
2026-07-25,PALACIOS_ESR1,QTEN30,9.5,11.4,24.0,220.0,339.0,8.0,8.1,-1.4,80.1,46.1,39.8
2026-07-25,PALE_ESS_ESR1,QSUE74,200.0,196.2,24.0,2995.0,6870.0,261.9,311.5,-0.5,504.9,46.1,39.8
2026-07-25,PALMVIEW_ESR1,QGRIDB,9.9,24.7,23.8,356.0,637.0,33.5,28.1,-8.2,0.0,46.1,39.8
2026-07-25,PAULN_ESR1,QBEEP1,9.9,10.7,24.0,316.0,323.0,7.9,0.5,-8.2,148.0,46.1,39.8
2026-07-25,PAVLOV_ESR1,QBEEP1,9.9,10.7,24.0,21.0,269.0,0.8,0.5,-0.6,162.0,46.1,39.8
2026-07-25,PAVO_ESS_ESR1,QSUE74,87.5,85.8,24.0,2092.0,3005.0,118.6,129.8,-2.6,499.0,46.1,39.8
2026-07-25,PAVO_ESS_ESR2,QSUE74,87.5,82.6,24.0,2066.0,2906.0,122.7,135.8,-2.1,492.4,46.1,39.8
2026-07-25,PEARSALL_ESR1,QTEN26,9.9,19.8,24.0,372.0,511.0,15.6,18.2,0.0,0.0,46.1,39.8
2026-07-25,PHO_ESR1,QENE15,129.0,188.6,24.0,3730.0,6314.0,174.3,210.8,-5.5,340.3,46.1,39.8
2026-07-25,PHO_ESR2,QENE15,150.0,220.7,24.0,4592.0,7336.0,206.3,240.6,-2.4,409.1,46.1,39.8
2026-07-25,PINEFRST_ESR1,QTEN21,200.0,396.0,24.0,9952.0,12585.0,363.2,435.5,-2.1,26.6,46.1,39.8
2026-07-25,PIN_BESS_ESR1,QTEN34,177.9,400.0,24.0,8143.0,12355.0,339.0,326.4,-66.3,0.0,46.1,39.8
2026-07-25,PIRATE_ESR1,QTEN30,9.4,12.6,24.0,196.0,395.0,8.9,7.3,-2.2,92.6,46.1,39.8
2026-07-25,PLATINUM_ESR1,QSUE80,148.3,323.4,24.0,5952.0,10076.0,285.0,353.1,4.6,491.2,46.1,39.8
2026-07-25,PLATINUM_ESR2,QSUE80,151.7,329.3,24.0,5975.0,10270.0,275.2,341.7,3.9,479.5,46.1,39.8
2026-07-25,POTEETS_ESR1,QBEEP1,9.9,10.7,24.0,48.0,269.0,1.5,0.6,-1.4,161.4,46.1,39.8
2026-07-25,PRCRK_ESR1,QTEN24,9.9,13.1,24.0,294.0,351.0,6.9,0.1,-7.3,69.4,46.1,39.8
2026-07-25,PUEBLO_ESR1,QSUE74,9.9,9.8,24.0,-43.0,326.0,6.5,11.1,3.2,37.4,46.1,39.8
2026-07-25,PUEBLO_ESR2,QSUE74,9.9,9.8,24.0,182.0,325.0,7.5,7.8,-2.0,36.7,46.1,39.8
2026-07-25,PYOTE_ESR1,QJPEM,9.0,13.8,24.0,275.0,459.0,10.6,12.2,-0.1,100.5,46.1,39.8
2026-07-25,PYR_ESR1,QECNR,9.9,4.2,24.0,142.0,160.0,3.6,0.5,-4.0,0.0,46.1,39.8
2026-07-25,PYR_ESR2,QECNR,13.7,13.6,24.0,250.0,475.0,10.2,12.8,-0.3,9.2,46.1,39.8
2026-07-25,PYR_ESR3,QECNR,15.1,13.6,24.0,275.0,481.0,10.9,13.4,-0.3,8.2,46.1,39.8
2026-07-25,QTUM_SLR_ESR1,QTEN33,160.0,320.0,24.0,8192.0,10150.0,304.5,358.3,0.4,0.0,46.1,39.8
2026-07-25,QTUM_SLR_ESR2,QTEN33,160.0,320.0,24.0,8208.0,10150.0,303.8,357.2,0.8,0.0,46.1,39.8
2026-07-25,QUEEN_BA_ESR1,QENEL2,49.5,66.4,24.0,1685.0,2201.0,54.6,64.3,-1.8,461.9,46.1,39.8
2026-07-25,RADN_SLR_ESR1,QIPRAD,75.7,134.3,24.0,3678.0,4347.0,137.4,127.7,-22.2,646.7,46.1,39.8
2026-07-25,RADN_SLR_ESR2,QIPRAD,81.9,150.2,24.0,4164.0,4836.0,151.7,142.8,-24.9,653.6,46.1,39.8
2026-07-25,RBN_ESR1,QTEN19,100.0,118.1,24.0,-608.0,4043.0,7.8,37.6,-6.4,106.1,46.1,39.8
2026-07-25,RHA_ESR1,QTEN19,200.0,379.1,24.0,8885.0,12144.0,332.0,314.3,-91.3,0.0,46.1,39.8
2026-07-25,RIO_GRAN_ESR1,QTEN24,9.9,7.1,24.0,-0.0,225.0,0.1,0.1,2.7,61.7,46.1,39.8
2026-07-25,ROSELAND_ESR1,QENEL9,50.0,85.8,24.0,1983.0,2790.0,75.1,93.0,1.0,374.2,46.1,39.8
2026-07-25,RPUBRDS_ESR1,QSHEL2,50.0,56.9,24.0,444.0,1954.0,56.7,61.4,-10.9,151.9,46.1,39.8
2026-07-25,RRANCHES_ESR1,QSUE51,150.0,345.8,24.0,4123.0,10644.0,221.9,279.4,-0.5,1436.1,46.1,39.8
2026-07-25,RRANCHES_ESR2,QSUE51,150.0,345.0,24.0,4264.0,10625.0,222.9,272.1,-13.3,1338.6,46.1,39.8
2026-07-25,RRC_WIND_ESR1,QFPL35,75.0,225.0,24.0,5546.0,6545.0,220.1,279.2,15.6,0.0,46.1,39.8
2026-07-25,RRC_WIND_ESR2,QFPL35,75.0,225.0,24.0,5282.0,6545.0,218.2,279.3,18.1,0.0,46.1,39.8
2026-07-25,RTLSNAKE_ESR1,QBEEP1,9.9,10.7,24.0,298.0,323.0,7.6,0.6,-9.3,140.1,46.1,39.8
2026-07-25,RUSSEKST_ESR1,QBEEP1,9.9,10.7,24.0,77.0,323.0,7.7,10.3,1.5,103.1,46.1,39.8
2026-07-25,RVRVLYS_ESR1,QSHEL2,50.0,114.3,24.0,1793.0,3526.0,123.2,152.4,0.2,812.0,46.1,39.8
2026-07-25,RVRVLYS_ESR2,QSHEL2,50.0,114.3,24.0,1657.0,3526.0,123.6,154.5,-0.9,830.4,46.1,39.8
2026-07-25,SADLBACK_ESR1,QBEEP1,9.9,10.7,24.0,299.0,323.0,7.7,0.8,-8.4,143.9,46.1,39.8
2026-07-25,SAH_ESR1,QGFEN,200.0,500.0,24.0,12924.0,15115.0,439.2,272.3,-229.0,0.0,46.1,39.8
2026-07-25,SAH_ESR2,QGFEN,200.0,500.0,24.0,12754.0,15115.0,429.0,255.0,-232.3,0.0,46.1,39.8
2026-07-25,SANDLAKE_ESR1,QBEEP1,9.9,10.7,24.0,311.0,323.0,7.9,0.5,-8.1,145.0,46.1,39.8
2026-07-25,SBEAN_ESR1,QBEEP1,9.9,10.7,24.0,292.0,323.0,7.4,0.5,-8.8,142.3,46.1,39.8
2026-07-25,SEVNF_ES_ESR1,QTEN37,100.0,238.2,24.0,3207.0,7277.0,156.9,157.6,-41.6,649.4,46.1,39.8
2026-07-25,SE_EDINB_ESR1,QGRIDB,9.9,23.6,23.8,-1527.0,619.0,4.0,68.5,21.8,0.0,46.1,39.8
2026-07-25,SGAL_BES_ESR1,QJPEM,100.0,205.3,24.0,3424.0,6476.0,215.9,190.5,-60.5,1816.2,46.1,39.8
2026-07-25,SGAL_BES_ESR2,QJPEM2,88.2,195.7,24.0,3615.0,6150.0,225.4,186.4,-66.4,1687.9,46.1,39.8
2026-07-25,SGSA_ESR1,QAMA1,6.9,15.6,24.0,293.0,475.0,7.6,0.6,-10.2,1.0,46.1,39.8
2026-07-25,SHAMROCK_ESR1,QFPL40,99.3,297.9,24.0,12116.0,8666.0,473.1,338.7,-177.2,0.0,46.1,39.8
2026-07-25,SHEEPCRK_ESR1,QSUE70,135.0,172.9,24.0,2397.0,5862.0,163.6,222.4,1.5,610.4,46.1,39.8
2026-07-25,SLCNHLS_ESR1,QSHEL2,50.0,57.5,24.0,918.0,1976.0,53.2,43.2,-24.4,221.0,46.1,39.8
2026-07-25,SLCNHLS_ESR2,QSHEL2,50.0,59.7,24.0,968.0,2041.0,58.5,48.1,-24.7,229.0,46.1,39.8
2026-07-25,SMTH_ESS_ESR1,QSUE77,122.5,249.7,24.0,6209.0,7898.0,250.3,271.7,-2.6,1952.2,46.1,39.8
2026-07-25,SOLC_SLR_ESR1,QTEN33,160.0,320.0,24.0,7512.0,10150.0,288.8,356.4,16.7,0.0,46.1,39.8
2026-07-25,SOLC_SLR_ESR2,QTEN33,160.0,320.0,24.0,7494.0,10150.0,288.5,359.5,16.8,0.0,46.1,39.8
2026-07-25,SPTX12B_ESR1,QEDIS9,22.3,18.5,24.0,406.0,657.0,18.7,23.6,-0.0,217.4,46.1,39.8
2026-07-25,STADIUM_ESR1,QTEN26,9.9,12.5,24.0,269.0,424.0,11.8,13.4,-0.6,26.5,46.1,39.8
2026-07-25,STAM_SLR_ESR1,QENE12,70.0,120.1,24.0,1629.0,3908.0,71.3,92.4,-2.9,450.6,46.1,39.8
2026-07-25,STRG_SLR_ESR1,QECNR,98.4,193.0,24.0,4490.0,6151.0,168.1,191.8,0.7,0.0,46.1,39.8
2026-07-25,SUNVASLR_ESR1,QSUE38,53.3,53.2,24.0,289.0,1861.0,44.9,61.5,-0.2,275.1,46.1,39.8
2026-07-25,SUNVASLR_ESR2,QSUE38,46.7,46.8,24.0,309.0,1633.0,40.0,52.4,0.5,238.9,46.1,39.8
2026-07-25,SWEENY_ESR1,QSUE74,9.9,9.2,24.0,144.0,309.0,7.7,8.9,-0.1,38.0,46.1,39.8
2026-07-25,SWOOSEII_ESR1,QMEA5,100.0,191.7,24.0,3157.0,6129.0,136.3,186.3,-1.3,1024.8,46.1,39.8
2026-07-25,SWTWR_ESR1,QTEN26,8.4,21.3,24.0,299.0,602.0,11.3,14.1,1.6,24.7,46.1,39.8
2026-07-25,S_SNROSA_ESR1,QTEN24,9.9,10.9,24.0,-2.0,313.0,0.1,0.1,-0.0,88.4,46.1,39.8
2026-07-25,TBWF_ESS_ESR1,QTEN29,150.0,342.6,24.0,7002.0,10567.0,303.5,233.4,-146.7,1262.6,46.1,39.8
2026-07-25,TDWLPR_1_ESR1,QMEA6,100.0,226.7,24.0,5345.0,7004.0,175.9,163.2,-63.1,1693.7,46.1,39.8
2026-07-25,TDWLPR_1_ESR2,QMEA6,100.0,226.7,24.0,5777.0,7004.0,186.9,155.4,-64.1,1804.8,46.1,39.8
2026-07-25,TNFS_ESR1,QSYSO,9.9,18.0,24.0,372.0,580.0,19.0,22.3,1.2,35.8,46.1,39.8
2026-07-25,TORT_ESS_ESR1,QSUE74,50.0,40.5,24.0,703.0,1447.0,36.5,44.8,-0.4,127.7,46.1,39.8
2026-07-25,TSECA_ES_ESR1,QTEN36,100.0,238.2,24.0,2280.0,7277.0,94.7,60.3,-60.1,617.7,46.1,39.8
2026-07-25,TURQBESS_ESR1,QHEI3,190.0,361.0,24.0,7664.0,11559.0,302.4,343.3,-2.1,2595.0,46.1,39.8
2026-07-25,TV_ESR1,QAETE1,10.0,22.4,24.0,264.0,694.0,12.6,14.6,1.6,76.6,46.1,39.8
2026-07-25,UTOPIA_ESR1,QTEN30,9.5,12.7,24.0,246.0,427.0,10.8,12.8,0.0,0.0,46.1,39.8
2026-07-25,VERT_ESS_ESR1,QNRGTX,30.0,159.4,24.0,-487.0,4283.0,0.0,20.9,-24.0,0.0,46.1,39.8
2026-07-25,VORTEX_ESR1,QENEL8,121.8,188.0,24.0,4203.0,6204.0,155.2,177.8,-19.0,577.8,46.1,39.8
2026-07-25,WAL_ESR1,QSUE92,200.0,395.9,24.0,8990.0,12582.0,401.7,448.0,4.0,3054.2,46.1,39.8
2026-07-25,WCOLLOCL_ESR1,QHABIT,8.4,3.1,24.0,-18.0,118.0,0.0,1.2,0.2,94.5,46.1,39.8
2026-07-25,WFTANK_ESR1,QTEN28,150.0,169.5,24.0,2414.0,5849.0,150.0,224.6,23.5,1846.8,46.1,39.8
2026-07-25,WIG_ESS_ESR1,QHEI1,120.0,187.0,24.0,2593.0,6167.0,120.5,171.8,4.6,1716.0,46.1,39.8
2026-07-25,WOVER_ESR1,QTEN26,4.4,12.8,24.0,193.0,377.0,5.5,1.6,-5.4,12.6,46.1,39.8
2026-07-25,WR_ESR1,QAETEL,8.7,20.0,24.0,532.0,615.0,17.8,13.7,-6.3,79.2,46.1,39.8
2026-07-25,W_HARLIN_ESR1,QTEN24,9.9,10.6,24.0,-0.0,307.0,0.2,0.3,0.2,86.4,46.1,39.8
2026-07-25,X4_ESR1,QCPSE,9.0,8.5,24.0,125.0,299.0,6.3,8.0,0.0,5.2,46.1,39.8
2026-07-25,Z0_ESR1,QTEN26,9.9,22.9,24.0,350.0,551.0,21.7,26.2,3.1,0.0,46.1,39.8
2026-07-25,ZAPATA_ESR1,QSUE74,9.9,9.4,24.0,-31.0,315.0,12.3,13.7,0.1,40.7,46.1,39.8
2026-07-25,ZAPATA_ESR2,QSUE74,9.9,9.5,24.0,81.0,317.0,7.9,9.6,-0.0,35.3,46.1,39.8
2026-07-25,ZIER_SLR_ESR1,QTEN19,28.1,54.2,24.0,1300.0,1731.0,48.2,53.8,-7.9,191.9,46.1,39.8
2026-07-24,ABINDUST_ESR1,QMP2M1,9.9,25.9,15.3,3.0,393.0,5.5,6.9,25.9,0.7,36.4,18.1
2026-07-24,ADL_ESR1,QTEN26,60.0,57.8,24.0,-219.0,1362.0,16.8,27.4,-1.1,762.0,36.4,18.1
2026-07-24,AE_ESR1,QTEN26,9.9,19.1,24.0,25.0,348.0,2.4,1.9,-1.8,130.6,36.4,18.1
2026-07-24,ALAMO_ST_ESR1,QSYSO,9.9,18.0,24.0,81.0,338.0,16.1,18.5,0.2,82.8,36.4,18.1
2026-07-24,ALP_BESS_ESR1,QHEI1,100.3,168.6,24.0,-221.0,3279.0,113.4,161.6,1.5,1629.3,36.4,18.1
2026-07-24,ALVIN_ESR1,QSUE74,8.3,5.5,24.0,5.0,144.0,5.5,6.7,0.0,37.5,36.4,18.1
2026-07-24,ANCHOR_ESR1,QENE11,32.7,42.8,24.0,359.0,914.0,25.1,17.9,-9.2,234.8,36.4,18.1
2026-07-24,ANCHOR_ESR2,QENE11,34.8,46.9,24.0,563.0,991.0,37.8,26.7,-14.2,237.2,36.4,18.1
2026-07-24,ANDMDSLR_ESR1,QIPLU2,81.5,144.6,24.0,2198.0,2746.0,143.1,99.5,-49.3,980.2,36.4,18.1
2026-07-24,ANDMDSLR_ESR2,QIPLU2,78.1,144.6,24.0,2186.0,2689.0,137.0,91.3,-52.7,936.8,36.4,18.1
2026-07-24,ANEM_ESS_ESR1,QSUE53,200.0,406.6,24.0,2465.0,7223.0,450.1,528.7,-24.6,2054.3,36.4,18.1
2026-07-24,ANGLETON_ESR1,QSUE74,9.9,8.2,24.0,47.0,202.0,6.4,7.5,-0.0,44.9,36.4,18.1
2026-07-24,ANG_SLR_ESR1,QTEN26,100.0,190.6,24.0,858.0,2152.0,52.3,30.8,-28.1,771.6,36.4,18.1
2026-07-24,ANOL_ESS_ESR1,QESVE1,240.0,515.3,24.0,9980.0,8905.0,509.8,307.5,-299.0,2285.4,36.4,18.1
2026-07-24,ANTL_ESS_ESR1,QSU100,70.0,164.8,24.0,950.0,2716.0,149.3,171.0,1.0,253.5,36.4,18.1
2026-07-24,ARY_BESS_ESR1,QTEN32,180.0,180.0,24.0,-1251.0,4197.0,130.1,179.4,-17.8,0.0,36.4,18.1
2026-07-24,AVIL_ESS_ESR1,QSU100,160.0,376.8,24.0,3134.0,6208.0,449.9,442.6,-62.8,1306.7,36.4,18.1
2026-07-24,AZURE_ESR1,QENEL6,77.6,127.9,24.0,2198.0,2507.0,112.5,66.9,-78.3,858.2,36.4,18.1
2026-07-24,BATCAVE_ESR1,QSUE74,100.5,107.9,24.0,-1123.0,2457.0,33.2,91.8,30.4,292.8,36.4,18.1
2026-07-24,BAY_CITY_ESR1,QTEN24,9.9,11.2,24.0,-35.0,159.0,0.2,2.0,1.6,66.1,36.4,18.1
2026-07-24,BCK_ESR1,QHEI5,123.5,305.8,24.0,2894.0,4905.0,298.8,346.2,1.8,0.0,36.4,18.1
2026-07-24,BCK_ESR2,QHEI5,126.5,313.5,24.0,2972.0,5027.0,306.0,354.3,2.5,0.0,36.4,18.1
2026-07-24,BCNV2_ES_ESR1,QSU115,150.0,300.0,24.0,1390.0,5367.0,318.1,375.0,-1.4,0.0,36.4,18.1
2026-07-24,BCNV_ESS_ESR1,QSHE11,150.0,300.0,24.0,-3184.0,5372.0,175.3,347.9,129.8,572.2,36.4,18.1
2026-07-24,BELD_ESR1,QJPEM,7.0,10.5,24.0,-51.0,216.0,5.6,10.8,4.8,94.9,36.4,18.1
2026-07-24,BEXAR_ES_ESR1,QTEN32,80.0,81.9,24.0,1347.0,1895.0,113.0,95.8,-31.7,755.7,36.4,18.1
2026-07-24,BIG_STAR_ESR1,QECNR,80.0,108.0,24.0,920.0,2281.0,108.0,127.1,0.1,0.0,36.4,18.1
2026-07-24,BKSL_ESS_ESR1,QESVE2,100.0,203.9,24.0,3949.0,3617.0,166.1,58.3,-128.3,718.5,36.4,18.1
2026-07-24,BLACKSPR_ESR1,QBROO2,120.0,262.4,24.0,5875.0,4491.0,261.1,108.1,-185.3,1838.6,36.4,18.1
2026-07-24,BLSUMMIT_ESR1,QFPL12,27.7,9.7,24.0,-41.0,297.0,5.3,9.6,0.1,0.0,36.4,18.1
2026-07-24,BLSUMMIT_ESR2,QFPL48,150.0,450.0,24.0,3250.0,6521.0,479.3,552.9,0.0,0.0,36.4,18.1
2026-07-24,BLUEJAY_ESR1,QENEL7,50.0,86.1,24.0,231.0,1658.0,54.3,72.8,1.0,426.0,36.4,18.1
2026-07-24,BLVN_SLR_ESR1,QSHEL8,180.0,360.0,24.0,-1713.0,6446.0,286.5,438.2,47.6,440.1,36.4,18.1
2026-07-24,BOCO_ESS_ESR1,QTEN28,150.0,365.0,24.0,2636.0,5909.0,497.8,593.1,0.0,2036.3,36.4,18.1
2026-07-24,BRAZORIA_ESR1,QSUE74,9.9,9.5,24.0,48.0,224.0,10.2,11.9,0.1,33.9,36.4,18.1
2026-07-24,BR_ARROW_ESR1,QECNR,48.3,93.5,24.0,498.0,1701.0,62.2,73.0,0.0,222.0,36.4,18.1
2026-07-24,BR_ARROW_ESR2,QECNR,51.7,100.4,24.0,481.0,1824.0,62.1,73.9,0.3,0.0,36.4,18.1
2026-07-24,BUDA_ESR1,QTEN26,9.9,24.7,24.0,19.0,261.0,18.5,24.7,3.6,0.0,36.4,18.1
2026-07-24,BYP_ESR1,QEXELO,199.6,465.0,24.0,1004.0,7707.0,480.8,580.6,-3.9,0.0,36.4,18.1
2026-07-24,BYRDR_ES_ESR1,QHABIT,50.0,56.8,24.0,276.0,1269.0,39.9,50.3,1.1,656.2,36.4,18.1
2026-07-24,CACH_ESS_ESR1,QSU100,200.0,470.1,24.0,98.0,7753.0,380.0,538.7,82.9,906.5,36.4,18.1
2026-07-24,CAMWIND_ESR1,QTEN26,16.4,29.6,24.0,30.0,558.0,35.0,41.2,4.8,70.9,36.4,18.1
2026-07-24,CARA_ESS_ESR1,QHEI8,98.3,196.7,24.0,-421.0,3521.0,130.8,175.7,4.5,1451.4,36.4,18.1
2026-07-24,CARN_ESS_ESR1,QSU100,150.0,350.7,24.0,560.0,5801.0,297.5,403.0,48.3,880.0,36.4,18.1
2026-07-24,CARRIZO_ESR1,QTEN30,9.7,12.6,24.0,1.0,269.0,8.2,9.5,0.8,98.8,36.4,18.1
2026-07-24,CARTWHL_ESR1,QECNR,150.0,283.3,24.0,1014.0,5217.0,128.9,155.4,-1.8,0.0,36.4,18.1
2026-07-24,CASL_GAP_ESR1,QLUMN1,3.9,4.3,24.0,-120.0,98.0,0.0,6.0,4.5,0.0,36.4,18.1
2026-07-24,CAST_ESS_ESR1,QSUE79,200.0,442.6,24.0,1984.0,7529.0,383.4,461.3,5.4,917.0,36.4,18.1
2026-07-24,CATARINA_ESR1,QBEEP1,9.9,10.7,24.0,-104.0,173.0,0.1,4.7,4.2,130.6,36.4,18.1
2026-07-24,CEDRVALE_ESR1,QBEEP1,9.9,10.7,24.0,-156.0,173.0,0.1,7.3,6.7,123.0,36.4,18.1
2026-07-24,CFLAT_ES_ESR1,QTEN26,100.0,200.0,24.0,-1045.0,3559.0,57.7,104.6,164.3,0.0,36.4,18.1
2026-07-24,CHERRYCR_ESR1,QBEEP1,9.9,10.7,24.0,-61.0,173.0,2.3,6.2,4.1,122.6,36.4,18.1
2026-07-24,CHIL_SLR_ESR1,QSUE88,150.0,323.2,24.0,-802.0,5575.0,221.1,350.0,67.4,727.4,36.4,18.1
2026-07-24,CITRUSCY_ESR1,QPROLO,9.9,21.0,24.0,-243.0,249.0,0.4,11.5,10.5,54.2,36.4,18.1
2026-07-24,CLO_ESR1,QMEA1,100.0,195.1,24.0,812.0,3536.0,140.7,169.2,-13.8,1699.7,36.4,18.1
2026-07-24,CLO_ESR2,QMEA1,100.0,187.1,24.0,847.0,3462.0,138.8,165.3,-9.5,1639.0,36.4,18.1
2026-07-24,CNLY_ESS_ESR1,QSUE76,120.1,229.5,24.0,3365.0,4200.0,461.6,446.5,-78.6,3079.1,36.4,18.1
2026-07-24,CNTRY_ESR1,QPROLO,9.8,13.2,17.4,218.0,202.0,9.9,3.9,-14.9,68.1,36.4,18.1
2026-07-24,CNTYRDS_ESR1,QTEN26,9.6,24.7,24.0,282.0,376.0,17.9,10.6,-8.8,0.0,36.4,18.1
2026-07-24,CORALSLR_ESR1,QNGRE1,47.5,58.3,24.0,292.0,1274.0,58.4,55.8,0.5,271.3,36.4,18.1
2026-07-24,CORALSLR_ESR2,QNGRE1,51.4,58.3,24.0,159.0,1306.0,57.8,59.6,1.6,270.9,36.4,18.1
2026-07-24,CORAZON_ESR1,QHEI4,200.0,254.0,24.0,-279.0,5478.0,140.2,193.7,5.9,2146.0,36.4,18.1
2026-07-24,COTULLA_ESR1,QGRIDB,9.9,24.4,23.9,-49.0,295.0,19.3,27.6,3.0,0.0,36.4,18.1
2026-07-24,COYOTSPR_ESR1,QBEEP1,9.9,10.7,24.0,-150.0,173.0,0.1,7.0,6.5,119.5,36.4,18.1
2026-07-24,CROSSETT_ESR1,QJPEM1,97.1,101.5,24.0,1202.0,2340.0,105.4,102.6,-22.0,1152.0,36.4,18.1
2026-07-24,CROSSETT_ESR2,QJPEM1,99.8,101.6,24.0,1244.0,2356.0,102.6,97.7,-24.5,1160.7,36.4,18.1
2026-07-24,CROSSTRL_ESR1,QGRIE4,55.8,113.8,24.0,479.0,2025.0,88.2,98.1,-9.5,50.2,36.4,18.1
2026-07-24,CR_ESR1,QPROLO,9.8,20.6,24.0,-96.0,238.0,5.9,11.4,3.0,135.9,36.4,18.1
2026-07-24,CS_ESR1,QTEN26,7.4,14.3,24.0,169.0,241.0,8.3,1.7,-7.6,76.6,36.4,18.1
2026-07-24,CTW_ESR1,QTOTL5,150.0,193.6,23.5,843.0,4152.0,255.8,314.4,3.3,906.8,36.4,18.1
2026-07-24,DAN_ESR1,QTOTL4,75.3,102.2,24.0,780.0,2154.0,103.6,120.0,-3.2,405.6,36.4,18.1
2026-07-24,DAN_ESR2,QTOTL4,71.7,102.4,24.0,830.0,2122.0,100.4,120.3,1.9,374.2,36.4,18.1
2026-07-24,DA_ESR1,QSHE16,4.0,9.5,24.0,187.0,156.0,8.3,4.3,-0.3,0.4,36.4,18.1
2026-07-24,DA_ESR3,QSHE16,6.2,12.9,24.0,101.0,227.0,10.6,12.2,0.0,0.0,36.4,18.1
2026-07-24,DCSES_ESR1,QLUMN,66.5,66.4,24.0,-821.0,1542.0,0.0,34.4,13.1,327.9,36.4,18.1
2026-07-24,DCSES_ESR2,QLUMN,66.5,66.4,24.0,-837.0,1534.0,0.0,34.8,13.5,328.8,36.4,18.1
2026-07-24,DCSES_ESR3,QLUMN,63.5,63.4,24.0,-822.0,1470.0,0.0,34.4,15.0,310.3,36.4,18.1
2026-07-24,DCSES_ESR4,QLUMN,63.5,63.4,24.0,-813.0,1476.0,0.0,33.8,12.9,313.8,36.4,18.1
2026-07-24,DESN_ESS_ESR1,QSUE79,200.0,469.8,24.0,3755.0,7751.0,438.0,459.1,-49.7,1041.1,36.4,18.1
2026-07-24,DGFS_ESR_ESR1,QTEN26,75.0,64.0,24.0,-1254.0,1564.0,46.5,95.7,42.0,80.0,36.4,18.1
2026-07-24,DICKNSON_ESR1,QSUE74,9.9,7.8,24.0,11.0,196.0,5.3,6.4,0.1,47.2,36.4,18.1
2026-07-24,DKNS_ESS_ESR1,QSUE74,50.0,48.1,24.0,468.0,1134.0,79.6,87.5,-3.6,263.0,36.4,18.1
2026-07-24,DKNS_ESS_ESR2,QSUE74,50.0,47.5,24.0,477.0,1123.0,79.0,86.4,-7.2,262.6,36.4,18.1
2026-07-24,DKNS_ESS_ESR3,QSUE74,50.0,49.5,24.0,465.0,1157.0,81.2,88.7,-4.0,270.9,36.4,18.1
2026-07-24,DKNS_ESS_ESR4,QSUE74,50.0,46.0,24.0,349.0,1098.0,76.6,88.9,-1.7,242.1,36.4,18.1
2026-07-24,DPCRK_ESR1,QTEN26,6.5,13.1,24.0,190.0,223.0,11.5,8.4,1.1,0.0,36.4,18.1
2026-07-24,DSWL_ESS_ESR1,QPHIL3,150.0,331.0,24.0,2446.0,5639.0,350.9,411.2,-2.7,1098.8,36.4,18.1
2026-07-24,EBNY_ESS_ESR1,QSUE52,200.0,458.5,24.0,2095.0,7660.0,452.0,540.8,-29.0,2353.6,36.4,18.1
2026-07-24,ELMCRK_ESR1,QMP2M1,9.9,25.9,24.0,13.0,351.0,6.5,7.4,-0.6,5.3,36.4,18.1
2026-07-24,ELM_ST_ESR1,QTEN26,9.9,24.7,24.0,342.0,380.0,20.2,11.4,-10.2,0.0,36.4,18.1
2026-07-24,ELM_ST_ESR2,QSYSO,9.9,18.0,24.0,454.0,338.0,29.7,21.4,-11.5,73.8,36.4,18.1
2026-07-24,ELSA_ESR1,QTEN24,9.9,10.6,24.0,-14.0,156.0,1.1,2.1,0.9,6.3,36.4,18.1
2026-07-24,ELZA_SLR_ESR1,QENE16,100.0,156.1,24.0,1260.0,3130.0,78.9,59.8,-44.5,1239.2,36.4,18.1
2026-07-24,EMPCT_ESR1,QTEN24,9.9,13.1,24.0,-3.0,167.0,0.1,0.2,-0.1,72.8,36.4,18.1
2026-07-24,ENDPARKS_ESR1,QGRIE4,49.9,102.4,24.0,-182.0,1809.0,41.4,58.4,3.3,365.7,36.4,18.1
2026-07-24,ESCONDID_ESR1,QTEN30,9.9,12.7,24.0,-169.0,178.0,6.6,13.6,5.3,0.0,36.4,18.1
2026-07-24,ESTONIAN_ESR1,QENE14,101.6,168.3,24.0,2440.0,3293.0,131.3,86.5,-84.6,1024.2,36.4,18.1
2026-07-24,EUNICE_ESR1,QTENSK,22.0,26.0,24.0,-395.0,463.0,0.3,18.7,12.2,445.2,36.4,18.1
2026-07-24,EVLN_ESS_ESR1,QSHE15,196.0,281.0,24.0,5465.0,5796.0,543.6,451.7,-168.4,0.0,36.4,18.1
2026-07-24,E_HARRIS_ESR1,QTEN26,9.9,20.0,24.0,169.0,259.0,25.0,25.4,-3.5,79.9,36.4,18.1
2026-07-24,FALFUR_ESR1,QBEEP1,9.9,10.7,24.0,-135.0,173.0,0.1,6.3,5.7,126.1,36.4,18.1
2026-07-24,FALFUR_ESR2,QTEN30,9.4,12.6,24.0,37.0,142.0,2.4,1.5,-1.3,117.0,36.4,18.1
2026-07-24,FAULKNER_ESR1,QBEEP1,9.9,10.7,24.0,-150.0,173.0,0.1,7.0,6.5,123.4,36.4,18.1
2026-07-24,FENCESLR_ESR1,QENE13,67.7,111.4,24.0,1023.0,2185.0,60.1,44.7,-34.0,608.3,36.4,18.1
2026-07-24,FERD_ESS_ESR1,QCPSE,200.0,950.0,24.0,-1462.0,10351.0,446.3,699.4,169.7,170.1,36.4,18.1
2026-07-24,FIVEWSLR_ESR1,QSUE61,220.0,250.0,24.0,-723.0,5586.0,149.2,253.6,60.2,659.4,36.4,18.1
2026-07-24,FLAT_TOP_ESR1,QSHEL2,9.5,14.8,24.0,271.0,297.0,10.3,2.0,-8.8,74.4,36.4,18.1
2026-07-24,FLAT_TOP_ESR2,QJPEM,9.9,14.9,24.0,128.0,303.0,12.9,14.5,-0.5,101.8,36.4,18.1
2026-07-24,FLOWERII_ESR1,QJPEM,100.0,195.7,24.0,1731.0,3541.0,155.4,167.0,-22.4,1115.2,36.4,18.1
2026-07-24,FORTMA_ESR1,QTEN30,10.0,12.6,24.0,67.0,272.0,4.4,2.0,-2.7,111.0,36.4,18.1
2026-07-24,FRMRSVLW_ESR2,QTEN26,6.0,14.7,24.0,178.0,237.0,10.2,6.2,-5.5,108.0,36.4,18.1
2026-07-24,FTDUNCAN_ESR1,QTEN26,100.0,221.5,24.0,-1741.0,3766.0,13.1,108.5,71.6,1893.2,36.4,18.1
2026-07-24,GAIA_SLR_ESR1,QTEN26,75.0,150.0,24.0,573.0,2686.0,143.8,176.2,1.8,323.8,36.4,18.1
2026-07-24,GAMBIT_ESR1,QSUE23,100.0,146.3,24.0,272.0,2991.0,131.0,154.1,-14.4,710.7,36.4,18.1
2026-07-24,GARCENO_ESR1,QTEN24,9.9,9.8,24.0,-207.0,151.0,0.1,9.9,9.7,32.6,36.4,18.1
2026-07-24,GEORSO_ESR1,QEDIS9,9.8,8.1,24.0,30.0,197.0,8.3,10.8,0.1,100.1,36.4,18.1
2026-07-24,GIGA_ESS_ESR1,QSUE55,117.2,212.3,24.0,2663.0,3991.0,310.6,318.7,-28.9,1927.5,36.4,18.1
2026-07-24,GKS_BESS_ESR1,QTEN26,81.8,152.8,24.0,295.0,2795.0,98.4,140.6,2.9,224.1,36.4,18.1
2026-07-24,GODY_SLR_ESR1,QTEN26,46.9,175.9,24.0,2020.0,2275.0,145.0,127.2,-44.5,0.0,36.4,18.1
2026-07-24,GOMZ_ESR1,QBEEP1,9.9,10.7,24.0,-134.0,173.0,0.1,6.3,6.1,124.9,36.4,18.1
2026-07-24,GOODWIN_ESR1,QTEN30,9.0,12.7,24.0,41.0,177.0,5.1,5.7,-0.0,107.5,36.4,18.1
2026-07-24,GRDNE_ESR1,QBEEP1,9.9,10.7,24.0,-149.0,173.0,0.1,7.0,6.3,124.0,36.4,18.1
2026-07-24,GREGORY_ESR1,QTEN30,9.4,11.6,24.0,2.0,254.0,7.1,8.6,0.2,44.7,36.4,18.1
2026-07-24,GRIZZLY_ESR1,QPRIO1,9.9,10.0,0.0,0.0,232.0,0.0,-0.0,0.0,0.0,36.4,18.1
2026-07-24,GZ_ESR1,QTEN30,9.5,12.7,24.0,-56.0,269.0,7.9,10.5,2.0,114.1,36.4,18.1
2026-07-24,HAMILTON_ESR1,QBEEP1,9.9,10.7,24.0,-34.0,127.0,0.2,1.5,0.8,139.1,36.4,18.1
2026-07-24,HEADCAMP_ESR1,QTEN34,150.0,300.0,24.0,7815.0,5372.0,430.3,238.2,-246.2,0.0,36.4,18.1
2026-07-24,HEARN_RD_ESR1,QTEN30,9.8,12.7,24.0,302.0,256.0,18.3,13.6,-6.2,0.0,36.4,18.1
2026-07-24,HEIGHTTN_ESR1,QSUE74,9.9,8.2,24.0,33.0,202.0,6.6,7.6,-0.1,32.7,36.4,18.1
2026-07-24,HEN_ESR1,QECNR,150.0,293.6,24.0,3857.0,5313.0,187.8,35.8,-180.7,0.0,36.4,18.1
2026-07-24,HI_LONEB_ESR1,QENEL1,50.0,76.8,24.0,948.0,1550.0,66.2,50.9,-30.2,869.1,36.4,18.1
2026-07-24,HLY_ESR1,QHEI1,102.2,172.9,24.0,75.0,3353.0,111.6,161.1,8.4,1524.5,36.4,18.1
2026-07-24,HLY_ESR2,QHEI1,101.8,167.9,24.0,-40.0,3291.0,126.4,183.9,6.5,1483.3,36.4,18.1
2026-07-24,HMNG_ESS_ESR1,QMEA8,99.8,233.0,24.0,2967.0,3857.0,139.7,67.3,-101.6,2053.8,36.4,18.1
2026-07-24,HOLCOMB_ESR1,QBEEP1,9.9,10.7,24.0,-133.0,173.0,0.2,6.2,5.5,126.7,36.4,18.1
2026-07-24,HOUSEMTN_ESR1,QJPEM,60.0,127.4,24.0,395.0,2215.0,96.1,127.5,2.7,866.8,36.4,18.1
2026-07-24,HRMS_SLR_ESR1,QTOT16,100.0,190.7,24.0,-4152.0,3496.0,177.0,329.1,236.4,0.0,36.4,18.1
2026-07-24,HWY6_ESR1,QTEN26,1.9,24.7,24.0,-106.0,175.0,4.3,10.3,4.5,0.0,36.4,18.1
2026-07-24,HYDR_ESS_ESR1,QSUE74,200.0,200.6,24.0,929.0,4674.0,309.5,354.8,-1.2,1033.1,36.4,18.1
2026-07-24,INDL_ESR1,QECNR,9.9,4.2,24.0,-104.0,126.0,0.0,5.0,4.1,0.0,36.4,18.1
2026-07-24,INRT_W_ESR1,QFPL32,12.7,45.4,24.0,126.0,594.0,30.8,39.9,0.1,0.0,36.4,18.1
2026-07-24,JADE_SLR_ESR1,QIPLUM,78.1,139.8,24.0,787.0,2643.0,117.6,146.0,2.5,145.9,36.4,18.1
2026-07-24,JADE_SLR_ESR2,QIPLUM,81.9,140.4,24.0,1074.0,2708.0,130.4,152.9,-2.5,151.9,36.4,18.1
2026-07-24,JAG_SLR_ESR1,QLCRA,150.0,300.0,24.0,8056.0,5372.0,421.6,231.0,-246.1,1000.5,36.4,18.1
2026-07-24,JAG_SLR_ESR2,QMITS2,150.0,314.5,24.0,2558.0,5503.0,293.4,345.3,-1.7,0.0,36.4,18.1
2026-07-24,JAR_ESR1,QHEI1,147.0,264.0,24.0,1141.0,4983.0,179.1,225.7,4.0,2191.1,36.4,18.1
2026-07-24,JAR_ESR2,QHEI1,157.0,267.1,24.0,1824.0,5169.0,174.9,197.2,-6.9,2029.8,36.4,18.1
2026-07-24,JDKNS_ESR1,QBEEP1,9.9,10.7,24.0,-146.0,173.0,0.2,6.9,6.3,124.0,36.4,18.1
2026-07-24,JUNCTION_ESR1,QBEEP1,9.9,10.7,24.0,136.0,173.0,8.3,2.8,-7.1,108.3,36.4,18.1
2026-07-24,JUNORTH_ESR1,QTEN26,9.9,22.0,24.0,206.0,374.0,21.5,12.6,-12.4,0.0,36.4,18.1
2026-07-24,K0_ESR1,QSUE74,9.9,9.7,24.0,-6.0,209.0,6.9,10.3,2.0,51.4,36.4,18.1
2026-07-24,KEG_ESR1,QEDF27,135.0,311.2,24.0,1131.0,5185.0,118.8,94.1,-91.7,0.0,36.4,18.1
2026-07-24,LANTANA_ESR1,QTEN26,9.9,20.1,24.0,132.0,298.0,22.0,23.7,-1.6,85.6,36.4,18.1
2026-07-24,LBRA_ESS_ESR1,QSUE48,200.0,200.0,24.0,-2316.0,4664.0,58.9,193.8,84.6,660.4,36.4,18.1
2026-07-24,LIGSW_ESR1,QPROLO,9.8,6.8,24.0,134.0,150.0,5.5,1.7,-5.7,124.7,36.4,18.1
2026-07-24,LILY_ESR1,QENEL5,50.0,71.8,24.0,-141.0,1485.0,3.3,11.8,3.2,477.8,36.4,18.1
2026-07-24,LMO_ESR1,QSHEL2,99.8,243.5,24.0,2008.0,3938.0,208.3,202.8,-65.5,1088.4,36.4,18.1
2026-07-24,LONESTAR_ESR1,QBEEP1,9.9,10.7,24.0,-152.0,173.0,0.1,7.2,6.8,122.8,36.4,18.1
2026-07-24,LON_ESR1,QTEN26,174.0,343.8,24.0,3843.0,6193.0,254.3,160.7,-125.1,1076.0,36.4,18.1
2026-07-24,LOWR_ESS_ESR1,QEDI10,60.0,117.5,24.0,-1404.0,2126.0,52.7,136.9,72.1,775.5,36.4,18.1
2026-07-24,LUCKYBLU_ESR1,QBROO1,69.2,140.5,24.0,1021.0,2498.0,84.8,54.6,-45.0,460.0,36.4,18.1
2026-07-24,LYNX_ESS_ESR1,QSU101,75.0,184.1,24.0,-179.0,2801.0,0.0,6.9,-11.4,0.0,36.4,18.1
2026-07-24,L_463S_ESR1,QSUE74,9.9,7.2,24.0,26.0,171.0,10.2,11.8,0.1,52.6,36.4,18.1
2026-07-24,L_FRESNO_ESR1,QTEN24,9.9,11.1,24.0,-222.0,159.0,0.1,10.5,10.8,48.8,36.4,18.1
2026-07-24,MADERO_ESR1,QTEN25,100.0,250.3,24.0,490.0,3992.0,173.1,245.0,41.7,215.1,36.4,18.1
2026-07-24,MADERO_ESR2,QTEN25,100.0,244.6,24.0,426.0,3949.0,176.0,250.6,37.4,175.4,36.4,18.1
2026-07-24,MAGNO_TN_ESR1,QSUE74,8.3,6.5,24.0,22.0,163.0,5.8,6.7,-0.1,35.7,36.4,18.1
2026-07-24,MAINLAND_ESR1,QBEEP1,9.9,10.7,24.0,-11.0,173.0,0.2,0.6,0.0,140.9,36.4,18.1
2026-07-24,MAYBERRY_ESR1,QTEN24,9.9,10.6,24.0,-225.0,159.0,0.1,10.8,10.9,32.0,36.4,18.1
2026-07-24,MAYBERRY_ESR2,QTEN24,9.9,11.9,24.0,-246.0,166.0,0.1,11.7,10.9,39.1,36.4,18.1
2026-07-24,MESQUITE_ESR1,QTEN26,9.9,19.8,24.0,60.0,325.0,15.7,21.7,4.3,0.0,36.4,18.1
2026-07-24,MESQUITE_ESR2,QSYSO,9.9,19.5,24.0,-433.0,268.0,0.0,20.5,17.9,0.0,36.4,18.1
2026-07-24,MIDP_SLR_ESR1,QTEN26,50.0,100.0,24.0,206.0,1791.0,85.9,106.3,0.2,206.3,36.4,18.1
2026-07-24,MIDWY_ESR1,QPROLO,9.9,10.5,24.0,67.0,188.0,9.8,12.4,0.5,100.3,36.4,18.1
2026-07-24,MOORE_FL_ESR1,QTEN30,4.4,11.4,24.0,164.0,139.0,8.4,3.9,-5.1,67.2,36.4,18.1
2026-07-24,MUENSTER_ESR1,QTEN30,9.4,12.6,24.0,50.0,266.0,3.1,1.7,-5.0,97.0,36.4,18.1
2026-07-24,MUSTNGCK_ESR1,QENE10,71.0,112.1,24.0,2573.0,2238.0,138.6,90.7,-68.6,705.2,36.4,18.1
2026-07-24,MU_ESR1,QTEN26,9.9,19.5,24.0,32.0,352.0,2.5,1.6,-2.1,99.8,36.4,18.1
2026-07-24,MV_VALV4_ESR1,QBEEP1,9.9,10.7,24.0,-145.0,173.0,0.1,6.8,5.9,125.1,36.4,18.1
2026-07-24,MYR_ESR1,QTOTL5,74.3,102.2,23.3,2884.0,2144.0,179.2,125.2,-78.6,595.0,36.4,18.1
2026-07-24,MYR_ESR2,QTOTL5,72.2,94.1,23.2,681.0,2014.0,97.7,113.9,-13.4,282.2,36.4,18.1
2026-07-24,NCO_ESR1,QSHEL2,50.0,60.5,24.0,121.0,1208.0,11.4,10.0,-7.9,350.0,36.4,18.1
2026-07-24,NF_BRP_ESR1,QSUE74,100.5,107.9,24.0,-37.0,2457.0,43.8,69.6,-10.3,398.5,36.4,18.1
2026-07-24,NOBLESLR_ESR1,QNGREN,58.0,23.5,24.0,79.0,651.0,24.4,26.0,3.4,72.8,36.4,18.1
2026-07-24,NOBLESLR_ESR2,QNGREN,62.5,54.4,24.0,188.0,1321.0,48.9,51.0,-0.7,131.8,36.4,18.1
2026-07-24,N_ALAMO_ESR1,QTEN24,9.9,7.1,24.0,-45.0,133.0,0.3,2.5,1.8,9.7,36.4,18.1
2026-07-24,N_MERCED_ESR1,QTEN24,9.9,10.6,24.0,-75.0,159.0,0.9,4.8,3.5,16.3,36.4,18.1
2026-07-24,ODESW_ESR1,QSUE74,9.9,6.1,24.0,49.0,150.0,10.6,11.4,-0.8,42.2,36.4,18.1
2026-07-24,PAD1_ESS_ESR1,QCPSE,50.0,122.0,24.0,-360.0,1972.0,42.8,84.8,25.8,28.3,36.4,18.1
2026-07-24,PAD2_ESS_ESR2,QCPSE,150.0,600.0,16.3,-7174.0,7337.0,18.5,384.5,311.1,21.2,36.4,18.1
2026-07-24,PALACIOS_ESR1,QTEN30,9.5,11.4,24.0,114.0,175.0,11.1,10.9,-2.1,86.2,36.4,18.1
2026-07-24,PALE_ESS_ESR1,QSUE74,200.0,202.6,24.0,5324.0,4704.0,330.3,226.9,-145.0,973.2,36.4,18.1
2026-07-24,PALMVIEW_ESR1,QGRIDB,9.9,24.7,23.9,478.0,293.0,35.1,24.5,-13.6,0.0,36.4,18.1
2026-07-24,PAVLOV_ESR1,QBEEP1,9.9,10.7,24.0,-57.0,173.0,0.2,2.5,1.9,136.3,36.4,18.1
2026-07-24,PAVO_ESS_ESR1,QSUE74,87.5,86.7,24.0,546.0,2027.0,148.2,165.7,-1.1,582.8,36.4,18.1
2026-07-24,PAVO_ESS_ESR2,QSUE74,87.5,82.5,24.0,493.0,1956.0,146.5,165.8,-0.2,574.3,36.4,18.1
2026-07-24,PEARSALL_ESR1,QTEN26,9.9,19.8,24.0,551.0,236.0,24.0,10.1,-18.8,0.0,36.4,18.1
2026-07-24,PHO_ESR1,QENE15,150.0,221.5,24.0,5000.0,4540.0,318.9,252.7,-107.3,878.6,36.4,18.1
2026-07-24,PHO_ESR2,QENE15,150.0,220.7,24.0,3970.0,4529.0,285.3,249.4,-92.4,951.3,36.4,18.1
2026-07-24,PINEFRST_ESR1,QTEN21,200.0,396.2,24.0,10360.0,7128.0,360.0,66.1,-325.8,32.8,36.4,18.1
2026-07-24,PIN_BESS_ESR1,QTEN34,176.6,400.0,24.0,2867.0,6715.0,373.5,445.4,-2.9,0.0,36.4,18.1
2026-07-24,PIRATE_ESR1,QTEN30,9.4,12.6,24.0,145.0,230.0,8.2,4.9,-3.7,80.5,36.4,18.1
2026-07-24,PLATINUM_ESR1,QSUE80,148.3,323.4,24.0,1917.0,5544.0,269.5,316.6,-9.4,623.6,36.4,18.1
2026-07-24,PLATINUM_ESR2,QSUE80,151.7,329.3,24.0,1179.0,5658.0,200.6,239.4,-7.5,633.6,36.4,18.1
2026-07-24,POTEETS_ESR1,QBEEP1,9.9,10.7,24.0,-153.0,173.0,0.1,7.2,7.0,122.2,36.4,18.1
2026-07-24,PRCRK_ESR1,QTEN24,9.9,13.1,24.0,-155.0,167.0,0.1,7.7,7.4,55.2,36.4,18.1
2026-07-24,PUEBLO_ESR1,QSUE74,9.9,9.8,24.0,74.0,210.0,8.2,8.6,-2.3,44.5,36.4,18.1
2026-07-24,PUEBLO_ESR2,QSUE74,9.9,9.8,24.0,14.0,210.0,6.9,9.1,0.2,54.4,36.4,18.1
2026-07-24,PYOTE_ESR1,QJPEM,9.0,13.1,24.0,94.0,273.0,10.3,11.5,-0.3,117.7,36.4,18.1
2026-07-24,PYR_ESR1,QECNR,9.9,4.2,24.0,-109.0,126.0,0.0,5.3,4.0,0.0,36.4,18.1
2026-07-24,PYR_ESR2,QECNR,13.7,13.6,24.0,-145.0,318.0,9.9,15.6,2.8,10.0,36.4,18.1
2026-07-24,PYR_ESR3,QECNR,15.1,13.6,24.0,-50.0,327.0,10.4,13.4,0.2,9.0,36.4,18.1
2026-07-24,QTUM_SLR_ESR1,QTEN33,160.0,320.0,24.0,-823.0,5730.0,0.7,34.4,9.8,0.0,36.4,18.1
2026-07-24,QTUM_SLR_ESR2,QTEN33,160.0,320.0,24.0,-642.0,5730.0,1.1,25.9,-0.5,0.0,36.4,18.1
2026-07-24,QUEEN_BA_ESR1,QENEL2,50.0,66.4,24.0,1201.0,1376.0,56.8,24.8,-37.7,788.3,36.4,18.1
2026-07-24,RADN_SLR_ESR1,QIPRAD,75.7,134.4,24.0,1159.0,2551.0,130.3,125.6,-20.3,1243.8,36.4,18.1
2026-07-24,RADN_SLR_ESR2,QIPRAD,81.9,150.2,24.0,1329.0,2807.0,144.5,137.3,-23.1,1371.1,36.4,18.1
2026-07-24,RBN_ESR1,QTEN19,100.0,109.6,24.0,153.0,2478.0,95.7,129.5,-3.4,277.6,36.4,18.1
2026-07-24,RHA_ESR1,QTEN19,200.0,379.1,24.0,8458.0,6969.0,448.8,261.9,-240.6,0.0,36.4,18.1
2026-07-24,RIO_GRAN_ESR1,QTEN24,9.9,9.8,24.0,-183.0,151.0,0.1,9.0,6.6,37.6,36.4,18.1
2026-07-24,ROSELAND_ESR1,QENEL9,50.0,85.8,24.0,506.0,1653.0,72.8,90.7,-3.4,437.2,36.4,18.1
2026-07-24,RPUBRDS_ESR1,QSHEL2,50.0,46.9,24.0,645.0,1108.0,41.0,26.7,-23.2,252.4,36.4,18.1
2026-07-24,RRANCHES_ESR1,QSUE51,150.0,345.8,24.0,1319.0,5761.0,301.7,356.7,-8.7,876.6,36.4,18.1
2026-07-24,RRANCHES_ESR2,QSUE51,150.0,345.0,24.0,551.0,5754.0,236.2,283.2,-9.8,1344.4,36.4,18.1
2026-07-24,RRC_WIND_ESR1,QFPL35,75.0,225.0,24.0,1478.0,3260.0,240.4,294.9,0.0,0.0,36.4,18.1
2026-07-24,RRC_WIND_ESR2,QFPL35,75.0,209.8,24.0,1191.0,3155.0,228.2,288.5,-1.2,0.0,36.4,18.1
2026-07-24,RTLSNAKE_ESR1,QBEEP1,9.9,10.7,24.0,-150.0,173.0,0.1,7.1,6.9,122.3,36.4,18.1
2026-07-24,RUSSEKST_ESR1,QBEEP1,9.9,10.7,24.0,100.0,173.0,8.6,5.3,-3.8,112.3,36.4,18.1
2026-07-24,RVRVLYS_ESR1,QSHEL2,50.0,114.3,24.0,118.0,1913.0,196.4,240.5,-2.2,1039.5,36.4,18.1
2026-07-24,RVRVLYS_ESR2,QSHEL2,50.0,114.3,24.0,118.0,1913.0,191.8,235.9,-0.5,1042.2,36.4,18.1
2026-07-24,SADLBACK_ESR1,QBEEP1,9.9,10.7,24.0,-148.0,173.0,0.1,6.9,6.4,124.1,36.4,18.1
2026-07-24,SAH_ESR1,QGFEN,200.0,500.0,24.0,-4324.0,7980.0,206.5,549.9,235.4,0.0,36.4,18.1
2026-07-24,SAH_ESR2,QGFEN,200.0,500.0,24.0,-5068.0,7980.0,206.2,584.2,272.0,0.0,36.4,18.1
2026-07-24,SANDLAKE_ESR1,QBEEP1,9.9,10.7,24.0,-148.0,173.0,0.1,7.1,6.6,123.0,36.4,18.1
2026-07-24,SBEAN_ESR1,QBEEP1,9.9,10.7,24.0,-149.0,173.0,0.1,7.0,7.1,122.1,36.4,18.1
2026-07-24,SEVNF_ES_ESR1,QTEN37,100.0,238.2,24.0,158.0,3900.0,175.4,223.2,3.8,884.8,36.4,18.1
2026-07-24,SE_EDINB_ESR1,QGRIDB,9.9,23.6,23.9,49.0,289.0,29.1,30.5,-2.1,0.0,36.4,18.1
2026-07-24,SGAL_BES_ESR1,QJPEM,100.0,204.6,24.0,-2094.0,3624.0,57.0,186.3,90.3,1777.3,36.4,18.1
2026-07-24,SGAL_BES_ESR2,QJPEM2,88.2,195.7,24.0,-1836.0,3370.0,51.0,164.1,98.8,1629.0,36.4,18.1
2026-07-24,SGSA_ESR1,QAMA1,6.9,15.6,24.0,-173.0,250.0,0.6,9.4,10.3,11.1,36.4,18.1
2026-07-24,SHAMROCK_ESR1,QFPL40,99.3,297.9,24.0,-4052.0,4317.0,110.2,360.1,188.6,0.0,36.4,18.1
2026-07-24,SHEEPCRK_ESR1,QSUE70,135.0,172.9,24.0,-214.0,3718.0,126.1,180.3,0.0,445.6,36.4,18.1
2026-07-24,SLCNHLS_ESR1,QSHEL2,50.0,57.5,24.0,315.0,1279.0,21.7,15.2,-17.9,320.0,36.4,18.1
2026-07-24,SLCNHLS_ESR2,QSHEL2,50.0,59.7,24.0,-775.0,1313.0,26.1,72.6,24.7,227.1,36.4,18.1
2026-07-24,SMTH_ESS_ESR1,QSUE77,122.3,249.7,24.0,2835.0,4434.0,298.8,277.1,-44.5,2318.1,36.4,18.1
2026-07-24,SOLC_SLR_ESR1,QTEN33,160.0,320.0,24.0,781.0,5730.0,131.3,168.4,-2.9,0.0,36.4,18.1
2026-07-24,SOLC_SLR_ESR2,QTEN33,160.0,320.0,24.0,1086.0,5730.0,133.4,157.1,-3.2,0.0,36.4,18.1
2026-07-24,SPTX12B_ESR1,QEDIS9,22.3,18.5,24.0,84.0,451.0,18.6,23.7,0.1,233.3,36.4,18.1
2026-07-24,SP_ESR1,QTEN26,9.9,19.5,16.7,-24.0,295.0,0.3,1.2,-19.6,53.2,36.4,18.1
2026-07-24,STADIUM_ESR1,QTEN26,9.9,17.6,24.0,133.0,331.0,15.5,18.4,1.1,0.0,36.4,18.1
2026-07-24,STAM_SLR_ESR1,QENE12,70.0,128.4,24.0,1610.0,2399.0,73.8,37.1,-55.8,789.4,36.4,18.1
2026-07-24,STRG_SLR_ESR1,QECNR,99.6,193.0,24.0,1118.0,3508.0,216.2,248.8,-1.6,0.0,36.4,18.1
2026-07-24,SUNVASLR_ESR1,QSUE38,53.3,53.2,24.0,76.0,1242.0,32.3,43.9,0.1,85.2,36.4,18.1
2026-07-24,SUNVASLR_ESR2,QSUE38,46.7,46.8,24.0,112.0,1090.0,29.0,37.4,-0.8,76.3,36.4,18.1
2026-07-24,SWEENY_ESR1,QSUE74,9.9,9.0,24.0,42.0,199.0,9.9,11.6,0.0,44.5,36.4,18.1
2026-07-24,SWOOSEII_ESR1,QMEA5,100.0,191.7,24.0,715.0,3505.0,140.7,167.6,-23.0,1555.3,36.4,18.1
2026-07-24,SWTWR_ESR1,QTEN26,8.5,21.4,24.0,94.0,296.0,12.1,13.9,-0.2,36.2,36.4,18.1
2026-07-24,S_SNROSA_ESR1,QTEN24,9.9,10.9,24.0,-207.0,158.0,0.9,10.8,10.5,41.3,36.4,18.1
2026-07-24,TBWF_ESS_ESR1,QTEN29,150.0,342.6,24.0,-1023.0,5734.0,44.0,95.0,6.2,636.8,36.4,18.1
2026-07-24,TDWLPR_1_ESR1,QMEA6,100.0,226.7,24.0,2018.0,3809.0,139.0,111.9,-48.9,1931.0,36.4,18.1
2026-07-24,TDWLPR_1_ESR2,QMEA6,100.0,226.7,24.0,2014.0,3809.0,138.5,111.3,-54.1,1982.2,36.4,18.1
2026-07-24,TNFS_ESR1,QSYSO,9.9,18.0,24.0,128.0,338.0,20.3,20.6,-2.0,93.3,36.4,18.1
2026-07-24,TORT_ESS_ESR1,QSUE74,50.0,40.2,24.0,32.0,999.0,37.9,47.6,1.0,136.3,36.4,18.1
2026-07-24,TSECA_ES_ESR1,QTEN36,100.0,238.2,24.0,-2516.0,3900.0,25.5,134.8,80.5,311.0,36.4,18.1
2026-07-24,TURQBESS_ESR1,QHEI3,190.0,361.0,24.0,1359.0,6629.0,278.0,320.3,-31.9,2855.7,36.4,18.1
2026-07-24,TV_ESR1,QAETE1,10.0,22.4,24.0,180.0,379.0,15.7,12.8,-12.1,128.6,36.4,18.1
2026-07-24,TYNAN_ESR1,QBEEP1,9.9,10.7,24.0,-156.0,173.0,0.1,7.4,6.5,122.9,36.4,18.1
2026-07-24,UTOPIA_ESR1,QTEN30,9.5,12.7,7.2,6.0,269.0,6.8,8.4,0.4,0.0,36.4,18.1
2026-07-24,VERT_ESS_ESR1,QNRGTX,30.0,182.7,24.0,-571.0,2234.0,0.0,21.7,-12.8,0.0,36.4,18.1
2026-07-24,VORTEX_ESR1,QENEL8,121.8,188.0,24.0,3358.0,3778.0,143.0,59.8,-111.0,1204.0,36.4,18.1
2026-07-24,WAL_ESR1,QSUE92,200.0,399.0,24.0,7642.0,7153.0,544.8,389.0,-194.3,3981.2,36.4,18.1
2026-07-24,WCOLLOCL_ESR1,QHABIT,8.4,3.1,24.0,-11.0,94.0,0.1,0.6,-0.4,100.4,36.4,18.1
2026-07-24,WEIL_TRC_ESR1,QBEEP1,9.9,10.7,24.0,-134.0,173.0,0.1,6.2,5.6,126.4,36.4,18.1
2026-07-24,WFTANK_ESR1,QTEN28,150.0,169.5,24.0,79.0,3810.0,95.7,130.9,-7.2,1080.3,36.4,18.1
2026-07-24,WIG_ESS_ESR1,QHEI1,120.0,187.0,24.0,280.0,3753.0,138.3,193.1,7.2,1742.9,36.4,18.1
2026-07-24,WOVER_ESR1,QTEN26,4.9,12.8,24.0,-245.0,200.0,0.4,12.5,11.1,19.7,36.4,18.1
2026-07-24,WR_ESR1,QAETEL,8.7,20.0,24.0,57.0,333.0,15.8,18.0,1.0,90.8,36.4,18.1
2026-07-24,W_HARLIN_ESR1,QTEN24,9.9,10.6,24.0,-217.0,159.0,0.9,11.1,10.4,40.7,36.4,18.1
2026-07-24,X4_ESR1,QCPSE,9.0,8.5,24.0,15.0,201.0,6.5,7.5,-0.3,13.6,36.4,18.1
2026-07-24,Z0_ESR1,QTEN26,9.9,23.7,24.0,113.0,249.0,21.0,23.6,0.7,0.0,36.4,18.1
2026-07-24,ZAPATA_ESR1,QSUE74,9.9,9.4,24.0,78.0,205.0,10.0,10.3,-1.7,53.9,36.4,18.1
2026-07-24,ZAPATA_ESR2,QSUE74,9.9,9.5,24.0,51.0,206.0,9.6,10.1,-1.6,57.8,36.4,18.1
2026-07-24,ZIER_SLR_ESR1,QTEN19,28.0,54.2,24.0,598.0,987.0,40.4,29.9,-24.2,259.2,36.4,18.1
2026-07-23,ADL_ESR1,QTEN26,60.0,57.8,24.0,-2203.0,2941.0,0.0,77.5,58.2,627.0,74.5,50.3
2026-07-23,AE_ESR1,QTEN26,9.9,19.1,24.0,-518.0,722.0,0.3,19.2,17.8,105.0,74.5,50.3
2026-07-23,ALAMO_ST_ESR1,QSYSO,9.9,17.6,24.0,-382.0,696.0,4.1,17.6,11.8,56.0,74.5,50.3
2026-07-23,ALP_BESS_ESR1,QHEI1,100.3,170.7,24.0,92.0,6896.0,119.5,175.7,21.6,1487.9,74.5,50.3
2026-07-23,ALVIN_ESR1,QSUE74,8.3,5.5,24.0,7.0,314.0,6.5,8.0,0.3,58.1,74.5,50.3
2026-07-23,ANCHOR_ESR1,QENE11,34.7,45.3,24.0,-841.0,2061.0,27.1,58.4,21.3,144.3,74.5,50.3
2026-07-23,ANCHOR_ESR2,QENE11,32.3,43.9,24.0,-982.0,1964.0,30.5,60.4,17.6,400.6,74.5,50.3
2026-07-23,ANDMDSLR_ESR1,QIPLU2,81.5,144.6,24.0,-2571.0,5719.0,82.1,172.0,76.6,1308.8,74.5,50.3
2026-07-23,ANDMDSLR_ESR2,QIPLU2,78.1,144.6,24.0,-2587.0,5591.0,81.0,173.5,77.5,1279.1,74.5,50.3
2026-07-23,ANEM_ESS_ESR1,QSUE53,200.0,406.6,24.0,-3030.0,14954.0,330.9,529.9,132.4,1566.9,74.5,50.3
2026-07-23,ANGLETON_ESR1,QSUE74,9.9,8.3,24.0,27.0,444.0,8.9,11.0,0.4,76.3,74.5,50.3
2026-07-23,ANG_SLR_ESR1,QTEN26,100.0,190.9,24.0,-5870.0,7264.0,11.6,226.1,168.7,823.2,74.5,50.3
2026-07-23,ANOL_ESS_ESR1,QESVE1,240.0,519.2,24.0,-10297.0,18439.0,160.0,579.5,303.5,2038.0,74.5,50.3
2026-07-23,ANTL_ESS_ESR1,QSU100,70.0,164.5,24.0,1864.0,5577.0,157.6,176.0,-10.3,449.8,74.5,50.3
2026-07-23,ARY_BESS_ESR1,QTEN32,180.0,180.0,24.0,-2131.0,9046.0,3.0,59.1,19.9,0.0,74.5,50.3
2026-07-23,AVIL_ESS_ESR1,QSU100,160.0,376.5,24.0,4806.0,12757.0,358.5,398.2,-21.1,1502.8,74.5,50.3
2026-07-23,AZURE_ESR1,QENEL6,77.6,127.9,24.0,-2958.0,5247.0,37.0,158.3,83.9,593.7,74.5,50.3
2026-07-23,BATCAVE_ESR1,QSUE74,100.5,107.9,24.0,-488.0,5280.0,52.0,90.0,2.3,314.9,74.5,50.3
2026-07-23,BAY_CITY_ESR1,QTEN24,9.9,11.1,24.0,-249.0,394.0,2.0,11.7,9.1,33.9,74.5,50.3
2026-07-23,BCK_ESR1,QHEI5,123.5,305.8,24.0,402.0,10058.0,144.8,187.3,0.0,0.0,74.5,50.3
2026-07-23,BCK_ESR2,QHEI5,126.5,313.5,24.0,924.0,10307.0,157.4,188.8,0.5,0.0,74.5,50.3
2026-07-23,BCNV2_ES_ESR1,QSU115,150.0,300.0,24.0,3921.0,11129.0,319.2,372.2,1.5,0.0,74.5,50.3
2026-07-23,BCNV_ESS_ESR1,QSHE11,150.0,300.0,24.0,-108.0,11138.0,228.4,270.6,0.2,327.1,74.5,50.3
2026-07-23,BELD_ESR1,QJPEM,7.0,8.7,24.0,121.0,407.0,8.8,9.6,-0.6,53.7,74.5,50.3
2026-07-23,BEXAR_ES_ESR1,QTEN32,100.0,100.0,24.0,-5093.0,5026.0,124.1,248.9,64.0,695.0,74.5,50.3
2026-07-23,BIG_STAR_ESR1,QECNR,80.0,108.0,24.0,1929.0,4846.0,113.1,113.5,-0.0,0.0,74.5,50.3
2026-07-23,BKSL_ESS_ESR1,QESVE2,100.0,211.7,24.0,-4943.0,7611.0,120.8,244.5,79.9,656.7,74.5,50.3
2026-07-23,BLACKSPR_ESR1,QBROO2,120.0,262.7,24.0,-8111.0,9268.0,167.5,411.2,192.4,1868.2,74.5,50.3
2026-07-23,BLSUMMIT_ESR1,QFPL12,27.7,9.7,24.0,-58.0,646.0,10.7,15.1,0.4,0.0,74.5,50.3
2026-07-23,BLSUMMIT_ESR2,QFPL48,150.0,450.0,24.0,4968.0,13205.0,477.2,555.9,0.0,0.0,74.5,50.3
2026-07-23,BLUEJAY_ESR1,QENEL7,50.0,86.1,24.0,-152.0,3459.0,64.8,102.1,23.4,335.8,74.5,50.3
2026-07-23,BLVN_SLR_ESR1,QSHEL8,180.0,360.0,24.0,-4268.0,13365.0,355.4,449.4,0.0,434.0,74.5,50.3
2026-07-23,BOCO_ESS_ESR1,QTEN28,150.0,365.0,24.0,3536.0,12131.0,327.7,400.5,0.0,1673.3,74.5,50.3
2026-07-23,BRAZORIA_ESR1,QSUE74,9.9,9.5,24.0,86.0,484.0,10.1,10.3,0.2,61.8,74.5,50.3
2026-07-23,BR_ARROW_ESR1,QECNR,48.3,94.0,24.0,1245.0,3540.0,89.4,101.3,-1.2,0.0,74.5,50.3
2026-07-23,BR_ARROW_ESR2,QECNR,51.7,100.4,24.0,1177.0,3785.0,85.2,99.0,0.6,0.0,74.5,50.3
2026-07-23,BUDA_ESR1,QTEN26,9.9,24.7,24.0,-72.0,809.0,4.5,7.3,0.9,0.0,74.5,50.3
2026-07-23,BYP_ESR1,QEXELO,194.9,465.0,24.0,-1407.0,15683.0,0.7,38.8,3.9,0.0,74.5,50.3
2026-07-23,BYRDR_ES_ESR1,QHABIT,50.0,56.7,24.0,158.0,2721.0,35.9,48.8,6.1,571.0,74.5,50.3
2026-07-23,CACH_ESS_ESR1,QSU100,200.0,469.9,24.0,14212.0,15936.0,590.5,494.3,-159.4,1116.0,74.5,50.3
2026-07-23,CAMWIND_ESR1,QTEN26,16.4,29.6,24.0,314.0,1161.0,76.6,85.1,-0.6,112.0,74.5,50.3
2026-07-23,CARA_ESS_ESR1,QHEI8,98.3,196.7,24.0,1385.0,7301.0,158.0,195.1,7.7,1154.8,74.5,50.3
2026-07-23,CARN_ESS_ESR1,QSU100,150.0,350.6,24.0,3580.0,11926.0,306.0,337.8,-16.7,1163.3,74.5,50.3
2026-07-23,CARRIZO_ESR1,QTEN30,9.5,12.6,24.0,-149.0,570.0,9.5,14.6,2.7,70.0,74.5,50.3
2026-07-23,CARTWHL_ESR1,QECNR,150.0,283.3,24.0,3171.0,10840.0,264.0,318.4,0.9,0.0,74.5,50.3
2026-07-23,CASL_GAP_ESR1,QLUMN1,3.9,4.5,24.0,16.0,217.0,3.0,4.0,0.1,0.0,74.5,50.3
2026-07-23,CAST_ESS_ESR1,QSUE79,200.0,450.0,24.0,1517.0,15637.0,372.0,498.6,46.6,1030.2,74.5,50.3
2026-07-23,CATARINA_ESR1,QBEEP1,9.9,10.7,24.0,-114.0,412.0,3.2,8.5,4.8,90.9,74.5,50.3
2026-07-23,CEDRVALE_ESR1,QBEEP1,9.9,10.7,24.0,6.0,412.0,8.9,12.4,2.2,112.7,74.5,50.3
2026-07-23,CHERRYCR_ESR1,QBEEP1,9.9,10.7,24.0,2.0,412.0,9.1,12.4,2.7,118.2,74.5,50.3
2026-07-23,CHIL_SLR_ESR1,QSUE88,150.0,323.2,19.0,-953.0,11504.0,253.2,330.8,11.6,878.4,74.5,50.3
2026-07-23,CISC_ESR1,QBEEP1,9.9,10.7,24.0,-404.0,412.0,0.0,9.4,8.9,151.7,74.5,50.3
2026-07-23,CITRUSCY_ESR1,QPROLO,9.9,21.0,24.0,7.0,546.0,7.1,10.3,1.7,30.1,74.5,50.3
2026-07-23,CLO_ESR1,QMEA1,100.0,199.3,24.0,-299.0,7413.0,130.8,208.7,45.9,1312.3,74.5,50.3
2026-07-23,CLO_ESR2,QMEA1,100.0,187.1,24.0,-211.0,7195.0,133.3,208.3,36.3,1222.4,74.5,50.3
2026-07-23,CNLY_ESS_ESR1,QSUE76,119.3,229.5,24.0,-2412.0,8698.0,251.6,382.3,77.5,2773.2,74.5,50.3
2026-07-23,CNTRY_ESR1,QPROLO,9.8,20.0,24.0,-157.0,540.0,10.3,21.2,7.2,125.2,74.5,50.3
2026-07-23,CNTYRDS_ESR1,QTEN26,8.7,24.7,24.0,-590.0,741.0,6.2,26.8,17.5,0.0,74.5,50.3
2026-07-23,CORALSLR_ESR1,QNGRE1,47.5,58.3,24.0,784.0,2725.0,63.7,71.5,-3.9,532.8,74.5,50.3
2026-07-23,CORALSLR_ESR2,QNGRE1,51.4,58.3,24.0,986.0,2801.0,62.1,64.5,-4.4,607.1,74.5,50.3
2026-07-23,CORAZON_ESR1,QHEI4,200.0,254.0,23.9,-188.0,11695.0,104.7,151.8,1.8,1022.0,74.5,50.3
2026-07-23,COTULLA_ESR1,QGRIDB,9.9,24.4,24.0,74.0,628.0,12.5,14.7,0.0,0.0,74.5,50.3
2026-07-23,COYOTSPR_ESR1,QBEEP1,9.9,10.7,23.6,4.0,412.0,8.7,12.2,2.5,100.4,74.5,50.3
2026-07-23,CROSSETT_ESR1,QJPEM1,97.1,101.5,24.0,192.0,5032.0,74.8,110.2,24.0,762.2,74.5,50.3
2026-07-23,CROSSETT_ESR2,QJPEM1,99.8,101.6,24.0,140.0,5073.0,72.8,109.1,25.9,770.1,74.5,50.3
2026-07-23,CROSSTRL_ESR1,QGRIE4,55.8,113.8,24.0,-246.0,4190.0,114.1,142.7,5.2,153.1,74.5,50.3
2026-07-23,CR_ESR1,QPROLO,9.8,9.9,24.0,-348.0,414.0,5.1,19.0,12.2,83.1,74.5,50.3
2026-07-23,CS_ESR1,QTEN26,9.9,14.3,20.2,-516.0,625.0,1.2,15.4,12.7,34.4,74.5,50.3
2026-07-23,CTW_ESR1,QTOTL5,150.0,193.6,22.3,1304.0,8847.0,246.1,308.2,-2.4,1308.3,74.5,50.3
2026-07-23,DAN_ESR1,QTOTL4,75.3,102.2,24.0,796.0,4575.0,92.7,112.0,1.2,427.2,74.5,50.3
2026-07-23,DAN_ESR2,QTOTL4,71.7,102.4,24.0,939.0,4490.0,92.6,108.0,-2.7,397.6,74.5,50.3
2026-07-23,DA_ESR1,QSHE16,4.0,5.1,24.0,-82.0,235.0,4.7,10.5,0.2,0.0,74.5,50.3
2026-07-23,DA_ESR3,QSHE16,6.2,12.9,23.9,135.0,469.0,10.7,12.6,-0.3,0.0,74.5,50.3
2026-07-23,DCSES_ESR1,QLUMN,66.5,66.4,24.0,-2306.0,3341.0,13.3,85.3,41.6,369.5,74.5,50.3
2026-07-23,DCSES_ESR2,QLUMN,66.5,66.4,24.0,-2188.0,3341.0,13.3,81.0,40.5,373.5,74.5,50.3
2026-07-23,DCSES_ESR3,QLUMN,63.5,63.4,24.0,-2122.0,3191.0,12.7,78.7,36.9,331.0,74.5,50.3
2026-07-23,DCSES_ESR4,QLUMN,63.5,63.4,24.0,-2060.0,3191.0,12.7,76.9,37.8,340.8,74.5,50.3
2026-07-23,DESN_ESS_ESR1,QSUE79,200.0,466.0,24.0,396.0,15878.0,362.9,527.6,80.0,1221.1,74.5,50.3
2026-07-23,DGFS_ESR_ESR1,QTEN26,75.0,62.5,24.0,104.0,3346.0,81.1,101.8,2.8,34.4,74.5,50.3
2026-07-23,DIBOL_ESR1,QBEEP1,9.9,10.7,24.0,-438.0,412.0,0.1,10.3,9.5,156.5,74.5,50.3
2026-07-23,DICKNSON_ESR1,QSUE74,9.9,7.8,20.3,-13.0,424.0,5.7,6.9,0.2,55.9,74.5,50.3
2026-07-23,DKNS_ESS_ESR1,QSUE74,50.0,47.8,24.0,237.0,2438.0,77.2,92.0,2.6,379.2,74.5,50.3
2026-07-23,DKNS_ESS_ESR2,QSUE74,50.0,49.2,24.0,51.0,2486.0,74.4,93.8,7.1,375.7,74.5,50.3
2026-07-23,DKNS_ESS_ESR3,QSUE74,50.0,48.7,24.0,197.0,2470.0,76.6,92.5,3.8,381.0,74.5,50.3
2026-07-23,DKNS_ESS_ESR4,QSUE74,50.0,46.1,24.0,373.0,2382.0,76.9,87.0,2.1,378.6,74.5,50.3
2026-07-23,DPCRK_ESR1,QTEN26,6.5,13.1,24.0,-124.0,466.0,7.0,14.7,0.0,0.0,74.5,50.3
2026-07-23,DSWL_ESS_ESR1,QPHIL3,150.0,317.0,24.0,1687.0,11405.0,341.7,432.0,-1.3,1097.5,74.5,50.3
2026-07-23,EBNY_ESS_ESR1,QSUE52,200.0,458.5,24.0,-2886.0,15765.0,279.5,490.4,142.5,1590.1,74.5,50.3
2026-07-23,ELMCRK_ESR1,QMP2M1,9.9,25.9,24.0,-720.0,753.0,3.0,26.9,22.3,40.6,74.5,50.3
2026-07-23,ELM_ST_ESR1,QTEN26,9.1,24.7,24.0,-580.0,757.0,6.7,27.2,17.1,0.0,74.5,50.3
2026-07-23,ELM_ST_ESR2,QSYSO,9.9,18.0,24.0,-359.0,703.0,6.6,19.7,11.5,35.5,74.5,50.3
2026-07-23,ELSA_ESR1,QTEN24,9.9,10.6,24.0,28.0,379.0,5.4,7.0,0.5,7.2,74.5,50.3
2026-07-23,ELZA_SLR_ESR1,QENE16,100.0,148.0,24.0,-2152.0,6397.0,56.8,152.7,66.0,756.8,74.5,50.3
2026-07-23,EMPCT_ESR1,QTEN24,9.9,13.1,24.0,-277.0,406.0,0.0,10.0,12.0,40.7,74.5,50.3
2026-07-23,ENDPARKS_ESR1,QGRIE4,49.7,102.4,24.0,16.0,3740.0,64.0,88.0,4.7,686.2,74.5,50.3
2026-07-23,ESCONDID_ESR1,QTEN30,9.9,12.7,24.0,28.0,429.0,7.9,9.1,1.5,0.0,74.5,50.3
2026-07-23,ESTONIAN_ESR1,QENE14,101.6,168.3,24.0,-2682.0,6888.0,111.5,256.8,104.6,568.5,74.5,50.3
2026-07-23,EUNICE_ESR1,QTENSK,22.0,26.0,24.0,-425.0,1041.0,12.8,32.9,13.1,256.8,74.5,50.3
2026-07-23,EVLN_ESS_ESR1,QSHE15,193.2,272.7,24.0,-3083.0,12014.0,148.0,348.7,164.6,0.0,74.5,50.3
2026-07-23,E_HARRIS_ESR1,QTEN26,9.9,20.0,24.0,-42.0,582.0,23.1,29.3,2.5,117.6,74.5,50.3
2026-07-23,FALFUR_ESR1,QBEEP1,9.9,10.7,24.0,-45.0,412.0,4.9,8.7,3.1,92.5,74.5,50.3
2026-07-23,FALFUR_ESR2,QTEN30,9.5,12.6,24.0,-382.0,350.0,5.3,15.9,8.6,107.9,74.5,50.3
2026-07-23,FAULKNER_ESR1,QBEEP1,9.9,10.7,24.0,-17.0,412.0,8.4,12.4,2.5,109.8,74.5,50.3
2026-07-23,FENCESLR_ESR1,QENE13,67.2,107.1,24.0,-681.0,4467.0,56.3,102.7,46.4,326.7,74.5,50.3
2026-07-23,FERD_ESS_ESR1,QCPSE,200.0,950.0,24.0,553.0,20662.0,481.6,689.4,109.2,1418.6,74.5,50.3
2026-07-23,FIVEWSLR_ESR1,QSUE61,220.0,250.0,19.0,-953.0,11981.0,205.7,271.8,6.3,902.7,74.5,50.3
2026-07-23,FLAT_TOP_ESR1,QSHEL2,9.4,15.4,24.0,-395.0,636.0,1.1,16.4,11.7,46.0,74.5,50.3
2026-07-23,FLAT_TOP_ESR2,QJPEM,9.9,14.9,24.0,150.0,639.0,12.2,14.6,0.2,64.3,74.5,50.3
2026-07-23,FLOWERII_ESR1,QJPEM,99.9,195.7,24.0,1357.0,7346.0,136.2,171.7,23.3,888.0,74.5,50.3
2026-07-23,FORTMA_ESR1,QTEN30,10.0,12.6,24.0,-129.0,578.0,9.0,17.0,5.0,109.2,74.5,50.3
2026-07-23,FRMRSVLW_ESR1,QBEEP1,9.9,10.7,24.0,-433.0,412.0,0.1,10.0,9.3,153.7,74.5,50.3
2026-07-23,FRMRSVLW_ESR2,QTEN26,6.0,14.7,24.0,-264.0,486.0,6.9,15.7,8.0,100.1,74.5,50.3
2026-07-23,FTDUNCAN_ESR1,QTEN26,100.0,219.8,24.0,-1313.0,7738.0,66.8,158.2,54.5,1660.7,74.5,50.3
2026-07-23,GAIA_SLR_ESR1,QTEN26,75.0,150.0,24.0,1056.0,5569.0,135.3,165.9,4.1,374.8,74.5,50.3
2026-07-23,GAMBIT_ESR1,QSUE23,100.0,145.2,24.0,-981.0,6293.0,118.8,172.9,18.6,438.4,74.5,50.3
2026-07-23,GARCENO_ESR1,QTEN24,9.9,9.8,24.0,59.0,369.0,5.8,6.8,0.1,8.5,74.5,50.3
2026-07-23,GEORSO_ESR1,QEDIS9,9.8,8.1,24.0,28.0,429.0,8.2,10.5,-0.1,94.3,74.5,50.3
2026-07-23,GIGA_ESS_ESR1,QSUE55,117.9,214.1,24.0,1479.0,8360.0,278.3,335.9,29.5,1758.0,74.5,50.3
2026-07-23,GKS_BESS_ESR1,QTEN26,70.7,153.9,24.0,-360.0,5473.0,49.8,83.1,3.2,116.6,74.5,50.3
2026-07-23,GODY_SLR_ESR1,QTEN26,46.9,175.9,24.0,-21.0,4519.0,133.3,191.8,45.3,0.0,74.5,50.3
2026-07-23,GOMZ_ESR1,QBEEP1,9.9,10.7,24.0,-15.0,412.0,8.2,12.0,2.9,116.2,74.5,50.3
2026-07-23,GOODWIN_ESR1,QTEN30,9.0,12.7,24.0,-246.0,426.0,5.5,14.9,7.5,78.5,74.5,50.3
2026-07-23,GRDNE_ESR1,QBEEP1,9.9,10.7,24.0,-1.0,412.0,8.9,12.7,2.8,105.7,74.5,50.3
2026-07-23,GRIZZLY_ESR1,QPRIO1,9.9,10.0,0.0,0.0,501.0,0.0,-0.0,0.0,0.0,74.5,50.3
2026-07-23,GZ_ESR1,QTEN30,9.5,12.7,15.5,-163.0,571.0,2.6,9.2,6.6,26.6,74.5,50.3
2026-07-23,HAMILTON_ESR1,QBEEP1,9.9,10.7,24.0,-242.0,412.0,2.6,11.4,7.8,122.1,74.5,50.3
2026-07-23,HEADCAMP_ESR1,QTEN34,150.0,300.0,24.0,-11438.0,11138.0,169.1,487.7,239.8,0.0,74.5,50.3
2026-07-23,HEARN_RD_ESR1,QTEN30,9.8,12.7,24.0,-89.0,545.0,12.9,21.0,6.2,0.0,74.5,50.3
2026-07-23,HEIGHTTN_ESR1,QSUE74,9.9,8.3,24.0,89.0,443.0,9.6,10.6,-0.6,73.2,74.5,50.3
2026-07-23,HEN_ESR1,QECNR,150.0,293.6,24.0,-6553.0,11025.0,210.0,474.5,178.1,0.0,74.5,50.3
2026-07-23,HI_LONEB_ESR1,QENEL1,50.0,76.5,24.0,-362.0,3256.0,60.9,85.6,30.9,250.8,74.5,50.3
2026-07-23,HLY_ESR1,QHEI1,102.2,172.9,24.0,-589.0,7003.0,106.5,172.3,10.1,1629.4,74.5,50.3
2026-07-23,HLY_ESR2,QHEI1,101.8,167.9,24.0,-417.0,6887.0,118.2,179.2,7.9,1632.8,74.5,50.3
2026-07-23,HMNG_ESS_ESR1,QMEA8,99.8,222.0,24.0,-4783.0,7763.0,43.2,233.2,173.6,1779.8,74.5,50.3
2026-07-23,HOLCOMB_ESR1,QBEEP1,9.9,10.7,24.0,-83.0,412.0,3.9,8.6,3.8,84.2,74.5,50.3
2026-07-23,HOUSEMTN_ESR1,QJPEM,60.0,127.5,24.0,734.0,4573.0,99.5,129.4,2.8,706.0,74.5,50.3
2026-07-23,HWY6_ESR1,QTEN26,9.9,24.7,23.9,-547.0,809.0,0.7,15.6,12.8,0.0,74.5,50.3
2026-07-23,HYDR_ESS_ESR1,QSUE74,200.0,197.9,22.0,455.0,9983.0,156.1,219.4,11.7,814.1,74.5,50.3
2026-07-23,INDL_ESR1,QECNR,9.9,4.2,24.0,-41.0,270.0,3.8,5.0,0.1,0.0,74.5,50.3
2026-07-23,INRT_W_ESR1,QFPL32,12.7,45.4,24.0,317.0,1198.0,39.3,46.9,-0.3,0.0,74.5,50.3
2026-07-23,JADE_SLR_ESR1,QIPLUM,78.1,139.9,24.0,-421.0,5503.0,126.3,151.4,-2.1,294.4,74.5,50.3
2026-07-23,JADE_SLR_ESR2,QIPLUM,79.6,140.4,24.0,-720.0,5575.0,121.9,151.9,3.4,303.4,74.5,50.3
2026-07-23,JAG_SLR_ESR1,QLCRA,150.0,300.0,24.0,-9703.0,11138.0,111.6,354.9,205.1,299.9,74.5,50.3
2026-07-23,JAG_SLR_ESR2,QMITS2,150.0,306.6,24.0,2503.0,11242.0,278.3,337.2,-13.9,0.0,74.5,50.3
2026-07-23,JAR_ESR1,QHEI1,147.0,264.0,24.0,846.0,10373.0,157.5,216.7,0.7,2269.1,74.5,50.3
2026-07-23,JAR_ESR2,QHEI1,157.0,220.5,24.0,-840.0,9733.0,117.3,194.0,22.8,1745.4,74.5,50.3
2026-07-23,JDKNS_ESR1,QBEEP1,9.9,10.7,24.0,5.0,412.0,8.8,12.4,2.7,110.2,74.5,50.3
2026-07-23,JOHNCI_ESR1,QLCRA,1.3,2.7,24.0,-102.0,99.0,1.6,3.6,1.8,0.0,74.5,50.3
2026-07-23,JUNCTION_ESR1,QBEEP1,9.9,10.7,24.0,-261.0,412.0,2.5,10.4,7.4,130.9,74.5,50.3
2026-07-23,JUNORTH_ESR1,QTEN26,9.9,22.0,24.0,-313.0,770.0,15.1,31.1,12.6,0.0,74.5,50.3
2026-07-23,K0_ESR1,QSUE74,9.9,9.7,24.0,45.0,448.0,8.4,10.4,0.6,64.0,74.5,50.3
2026-07-23,KEG_ESR1,QEDF27,135.0,311.2,24.0,-10664.0,10667.0,14.4,236.5,202.0,0.0,74.5,50.3
2026-07-23,LANTANA_ESR1,QTEN26,9.9,20.1,24.0,1.0,656.0,22.7,30.4,4.5,95.6,74.5,50.3
2026-07-23,LBRA_ESS_ESR1,QSUE48,200.0,200.0,19.0,-368.0,10051.0,112.3,171.0,4.7,490.6,74.5,50.3
2026-07-23,LFSTH_ESR1,QBEEP1,9.9,10.7,24.0,-427.0,412.0,0.1,10.0,9.0,159.3,74.5,50.3
2026-07-23,LIGSW_ESR1,QPROLO,6.0,6.8,24.0,-218.0,294.0,0.2,8.1,6.8,95.5,74.5,50.3
2026-07-23,LILY_ESR1,QENEL5,50.0,71.8,24.0,-1561.0,3141.0,9.7,73.1,56.2,400.6,74.5,50.3
2026-07-23,LK_ESR1,QPROLO,9.9,27.5,24.0,-828.0,845.0,0.1,20.8,-5.8,0.0,74.5,50.3
2026-07-23,LMO_ESR1,QSHEL2,99.8,243.5,24.0,-1297.0,8081.0,149.5,252.7,66.6,1004.7,74.5,50.3
2026-07-23,LONESTAR_ESR1,QBEEP1,9.9,10.7,24.0,13.0,412.0,9.1,12.5,2.3,109.7,74.5,50.3
2026-07-23,LON_ESR1,QTEN26,174.0,336.9,24.0,-12757.0,12779.0,260.7,671.2,307.2,1688.4,74.5,50.3
2026-07-23,LOWR_ESS_ESR1,QEDI10,60.0,117.5,24.0,242.0,4411.0,66.8,77.5,0.5,663.5,74.5,50.3
2026-07-23,LUCKYBLU_ESR1,QBROO1,69.2,140.6,24.0,-3721.0,5172.0,50.9,153.9,81.7,577.4,74.5,50.3
2026-07-23,LYNX_ESS_ESR1,QSU101,75.0,184.4,24.0,-525.0,5840.0,21.6,37.1,11.4,0.0,74.5,50.3
2026-07-23,L_463S_ESR1,QSUE74,9.9,7.4,24.0,22.0,381.0,7.9,9.8,0.3,73.2,74.5,50.3
2026-07-23,L_FRESNO_ESR1,QTEN24,9.9,11.1,24.0,49.0,385.0,6.4,7.9,0.5,14.1,74.5,50.3
2026-07-23,MADERO_ESR1,QTEN25,100.0,243.4,24.0,-661.0,8088.0,18.6,45.0,4.3,240.9,74.5,50.3
2026-07-23,MADERO_ESR2,QTEN25,100.0,244.3,24.0,-499.0,8100.0,31.1,54.7,-0.5,179.8,74.5,50.3
2026-07-23,MAGNO_TN_ESR1,QSUE74,8.3,6.5,24.0,13.0,356.0,8.0,9.9,0.5,54.1,74.5,50.3
2026-07-23,MAINLAND_ESR1,QBEEP1,9.9,10.7,24.0,-273.0,412.0,0.0,9.8,9.0,111.3,74.5,50.3
2026-07-23,MAYBERRY_ESR1,QTEN24,9.9,10.6,24.0,29.0,379.0,5.5,7.0,0.5,7.6,74.5,50.3
2026-07-23,MAYBERRY_ESR2,QTEN24,9.9,11.9,24.0,77.0,394.0,7.0,8.0,0.5,12.9,74.5,50.3
2026-07-23,MESQUITE_ESR1,QTEN26,9.9,19.8,24.0,258.0,686.0,21.4,24.2,0.0,0.0,74.5,50.3
2026-07-23,MESQUITE_ESR2,QSYSO,9.9,19.5,24.0,-37.0,610.0,0.0,0.9,0.0,0.0,74.5,50.3
2026-07-23,MIDP_SLR_ESR1,QTEN26,50.0,100.0,24.0,248.0,3713.0,96.7,120.3,1.1,366.6,74.5,50.3
2026-07-23,MIDWY_ESR1,QPROLO,9.9,10.5,24.0,121.0,425.0,9.8,11.5,-0.0,99.9,74.5,50.3
2026-07-23,MNWLE_ESR1,QBEEP1,9.9,10.7,24.0,-435.0,412.0,0.1,10.1,9.4,153.9,74.5,50.3
2026-07-23,MOORE_FL_ESR1,QTEN30,7.6,11.4,24.0,28.0,365.0,5.6,6.5,-0.2,109.6,74.5,50.3
2026-07-23,MUENSTER_ESR1,QTEN30,9.5,12.6,24.0,-194.0,569.0,3.1,11.5,10.4,83.3,74.5,50.3
2026-07-23,MUSTNGCK_ESR1,QENE10,71.0,112.1,24.0,-2697.0,4698.0,85.4,187.0,71.5,364.3,74.5,50.3
2026-07-23,MU_ESR1,QTEN26,9.9,19.5,24.0,-490.0,730.0,0.6,18.2,16.8,126.3,74.5,50.3
2026-07-23,MV_VALV4_ESR1,QBEEP1,9.9,10.7,24.0,-64.0,412.0,4.6,8.9,3.1,86.7,74.5,50.3
2026-07-23,MYR_ESR1,QTOTL5,74.3,102.2,22.8,-2244.0,4554.0,37.7,133.1,77.9,795.3,74.5,50.3
2026-07-23,MYR_ESR2,QTOTL5,71.7,94.1,22.7,545.0,4274.0,102.2,128.0,8.1,659.5,74.5,50.3
2026-07-23,NCO_ESR1,QSHEL2,50.0,60.5,24.0,-1710.0,2837.0,52.3,117.8,41.9,190.2,74.5,50.3
2026-07-23,NF_BRP_ESR1,QSUE74,100.5,106.6,24.0,-2307.0,5240.0,32.1,110.8,47.8,522.1,74.5,50.3
2026-07-23,NOBLESLR_ESR1,QNGREN,57.0,48.1,24.0,574.0,2564.0,51.7,58.5,0.4,298.0,74.5,50.3
2026-07-23,NOBLESLR_ESR2,QNGREN,62.5,54.4,24.0,633.0,2869.0,57.6,65.5,0.0,330.4,74.5,50.3
2026-07-23,NWF_ESR1,QDUKER,3.0,0.6,24.0,-269.0,45.0,0.6,7.6,-0.6,0.0,74.5,50.3
2026-07-23,N_ALAMO_ESR1,QTEN24,9.9,10.6,24.0,46.0,379.0,6.2,7.8,0.6,9.1,74.5,50.3
2026-07-23,N_MERCED_ESR1,QTEN24,9.9,10.6,24.0,27.0,379.0,5.6,7.3,0.6,7.8,74.5,50.3
2026-07-23,ODESW_ESR1,QSUE74,9.9,6.0,24.0,21.0,329.0,5.8,7.6,0.6,45.8,74.5,50.3
2026-07-23,PAD1_ESS_ESR1,QCPSE,50.0,122.0,24.0,-823.0,4048.0,36.4,75.3,24.3,63.4,74.5,50.3
2026-07-23,PALACIOS_ESR1,QTEN30,9.5,11.4,24.0,-67.0,423.0,9.9,14.7,3.6,74.8,74.5,50.3
2026-07-23,PALE_ESS_ESR1,QSUE74,200.0,204.5,24.0,1316.0,10191.0,244.1,281.1,-13.0,2112.7,74.5,50.3
2026-07-23,PALMVIEW_ESR1,QGRIDB,9.9,24.7,24.0,-836.0,629.0,7.8,33.2,21.7,0.0,74.5,50.3
2026-07-23,PAULN_ESR1,QBEEP1,9.9,10.7,24.0,-428.0,412.0,0.1,10.0,9.4,153.4,74.5,50.3
2026-07-23,PAVLOV_ESR1,QBEEP1,9.9,10.7,24.0,-193.0,412.0,2.3,10.2,7.0,104.7,74.5,50.3
2026-07-23,PAVO_ESS_ESR1,QSUE74,87.5,86.1,24.0,783.0,4352.0,98.7,111.8,1.8,507.0,74.5,50.3
2026-07-23,PAVO_ESS_ESR2,QSUE74,87.5,80.8,24.0,991.0,4175.0,99.6,106.8,2.7,480.0,74.5,50.3
2026-07-23,PEARSALL_ESR1,QTEN26,9.9,19.8,24.0,-594.0,533.0,1.8,20.4,18.8,17.3,74.5,50.3
2026-07-23,PHO_ESR1,QENE15,150.0,221.3,24.0,-3941.0,9578.0,181.2,328.4,92.8,781.0,74.5,50.3
2026-07-23,PHO_ESR2,QENE15,150.0,226.6,24.0,-3900.0,9707.0,203.1,357.2,84.5,645.2,74.5,50.3
2026-07-23,PINEFRST_ESR1,QTEN21,200.0,396.5,24.0,-10324.0,14788.0,32.1,436.4,327.9,143.0,74.5,50.3
2026-07-23,PIN_BESS_ESR1,QTEN34,175.0,400.0,24.0,-2893.0,13777.0,342.9,507.3,95.5,0.0,74.5,50.3
2026-07-23,PIRATE_ESR1,QTEN30,9.7,12.6,24.0,-320.0,507.0,8.7,21.9,11.5,82.6,74.5,50.3
2026-07-23,PLATINUM_ESR1,QSUE80,148.3,323.4,24.0,243.0,11434.0,258.2,360.0,52.2,769.8,74.5,50.3
2026-07-23,PLATINUM_ESR2,QSUE80,151.7,290.3,24.0,672.0,11032.0,253.7,338.1,51.9,778.0,74.5,50.3
2026-07-23,POTEETS_ESR1,QBEEP1,9.9,10.7,24.0,-10.0,412.0,6.5,9.4,2.0,79.0,74.5,50.3
2026-07-23,PRCRK_ESR1,QTEN24,9.9,4.0,24.0,-143.0,223.0,0.0,5.0,4.4,16.2,74.5,50.3
2026-07-23,PUEBLO_ESR1,QSUE74,9.9,9.8,24.0,-4.0,450.0,8.2,11.1,0.8,72.2,74.5,50.3
2026-07-23,PUEBLO_ESR2,QSUE74,9.9,9.8,24.0,99.0,449.0,8.9,9.5,0.5,69.7,74.5,50.3
2026-07-23,PYOTE_ESR1,QJPEM,8.0,13.1,24.0,88.0,552.0,8.3,10.2,0.4,80.0,74.5,50.3
2026-07-23,PYR_ESR1,QECNR,9.9,4.2,24.0,-44.0,270.0,3.8,5.2,0.0,0.0,74.5,50.3
2026-07-23,PYR_ESR2,QECNR,13.7,13.6,24.0,-65.0,685.0,13.0,15.5,-0.2,0.0,74.5,50.3
2026-07-23,PYR_ESR3,QECNR,15.1,13.6,24.0,-133.0,708.0,11.5,15.0,0.5,8.9,74.5,50.3
2026-07-23,QTUM_SLR_ESR1,QTEN33,160.0,320.0,24.0,396.0,11880.0,203.8,237.7,-0.0,0.0,74.5,50.3
2026-07-23,QTUM_SLR_ESR2,QTEN33,160.0,320.0,24.0,1253.0,11880.0,420.6,478.2,1.1,0.0,74.5,50.3
2026-07-23,QUEEN_BA_ESR1,QENEL2,45.4,60.9,24.0,-1277.0,2664.0,33.5,67.7,40.9,231.9,74.5,50.3
2026-07-23,RADN_SLR_ESR1,QIPRAD,75.7,134.4,24.0,-855.0,5313.0,95.4,167.8,48.2,824.7,74.5,50.3
2026-07-23,RADN_SLR_ESR2,QIPRAD,81.9,150.2,24.0,-926.0,5837.0,105.7,185.1,54.5,886.1,74.5,50.3
2026-07-23,RBN_ESR1,QTEN19,100.0,109.6,24.0,-306.0,5322.0,89.1,141.1,9.9,300.3,74.5,50.3
2026-07-23,RHA_ESR1,QTEN19,200.0,379.1,24.0,-11225.0,14479.0,21.5,416.8,333.9,0.0,74.5,50.3
2026-07-23,RIO_GRAN_ESR1,QTEN24,9.9,7.1,24.0,25.0,313.0,4.6,6.5,1.0,6.6,74.5,50.3
2026-07-23,ROSELAND_ESR1,QENEL9,50.0,85.8,24.0,-348.0,3450.0,70.3,96.7,12.9,337.3,74.5,50.3
2026-07-23,RPUBRDS_ESR1,QSHEL2,41.7,47.1,24.0,-1376.0,2234.0,49.8,109.9,31.8,159.9,74.5,50.3
2026-07-23,RRANCHES_ESR1,QSUE51,150.0,345.8,24.0,-2395.0,11853.0,180.4,339.1,123.4,1123.4,74.5,50.3
2026-07-23,RRANCHES_ESR2,QSUE51,150.0,345.0,24.0,-1156.0,11841.0,195.9,318.5,107.5,1078.7,74.5,50.3
2026-07-23,RRC_WIND_ESR1,QFPL35,75.0,225.0,24.0,-1206.0,6602.0,244.7,279.5,0.0,0.0,74.5,50.3
2026-07-23,RRC_WIND_ESR2,QFPL35,75.0,216.3,24.0,-385.0,6497.0,210.2,239.8,2.8,0.0,74.5,50.3
2026-07-23,RTLSNAKE_ESR1,QBEEP1,9.9,10.7,24.0,20.0,412.0,9.2,12.3,2.1,111.1,74.5,50.3
2026-07-23,RUSSEKST_ESR1,QBEEP1,9.9,10.7,24.0,-87.0,412.0,7.7,13.6,4.9,121.3,74.5,50.3
2026-07-23,RVRVLYS_ESR1,QSHEL2,50.0,114.3,24.0,-1130.0,3937.0,122.3,150.9,5.2,472.8,74.5,50.3
2026-07-23,RVRVLYS_ESR2,QSHEL2,50.0,114.3,24.0,-1195.0,3937.0,119.7,150.1,4.8,477.9,74.5,50.3
2026-07-23,SADLBACK_ESR1,QBEEP1,9.9,10.7,24.0,-11.0,412.0,8.3,12.3,2.9,106.4,74.5,50.3
2026-07-23,SANDLAKE_ESR1,QBEEP1,9.9,10.7,24.0,19.0,412.0,8.9,12.3,2.5,107.6,74.5,50.3
2026-07-23,SBEAN_ESR1,QBEEP1,9.9,10.7,24.0,32.0,412.0,9.1,11.9,1.9,109.7,74.5,50.3
2026-07-23,SEVNF_ES_ESR1,QTEN37,100.0,238.2,24.0,-4302.0,8015.0,93.7,218.3,87.4,744.4,74.5,50.3
2026-07-23,SE_EDINB_ESR1,QGRIDB,9.9,23.6,24.0,51.0,625.0,15.3,19.1,2.2,0.0,74.5,50.3
2026-07-23,SGAL_BES_ESR1,QJPEM,100.0,201.8,24.0,-692.0,7454.0,128.6,231.4,54.4,1024.5,74.5,50.3
2026-07-23,SGAL_BES_ESR2,QJPEM2,97.6,202.8,24.0,-89.0,7365.0,146.7,238.2,40.9,1027.6,74.5,50.3
2026-07-23,SGSA_ESR1,QAMA1,5.3,15.6,24.0,84.0,471.0,7.9,9.1,-0.1,3.2,74.5,50.3
2026-07-23,SHAMROCK_ESR1,QFPL40,99.3,297.9,24.0,2282.0,8744.0,296.2,374.4,0.0,0.0,74.5,50.3
2026-07-23,SHEEPCRK_ESR1,QSUE70,135.0,172.9,19.0,-1589.0,7932.0,134.4,193.1,-1.3,632.7,74.5,50.3
2026-07-23,SLCNHLS_ESR1,QSHEL2,50.0,58.4,24.0,-2465.0,2771.0,44.8,117.2,42.4,151.8,74.5,50.3
2026-07-23,SLCNHLS_ESR2,QSHEL2,50.0,59.7,24.0,-252.0,2810.0,43.5,60.8,-0.1,85.2,74.5,50.3
2026-07-23,SLK_BESS_ESR1,QTEN34,200.0,400.0,23.8,-9946.0,14850.0,207.6,536.4,221.8,0.0,74.5,50.3
2026-07-23,SMTH_ESS_ESR1,QSUE77,122.3,245.9,24.0,587.0,9115.0,273.3,339.9,39.5,2517.0,74.5,50.3
2026-07-23,SOLC_SLR_ESR1,QTEN33,160.0,320.0,24.0,-142.0,11880.0,424.6,451.1,2.4,0.0,74.5,50.3
2026-07-23,SOLC_SLR_ESR2,QTEN33,160.0,320.0,24.0,-1245.0,11880.0,426.4,484.0,2.2,0.0,74.5,50.3
2026-07-23,SPTX12B_ESR1,QEDIS9,22.3,18.5,24.0,159.0,984.0,18.3,24.0,-0.0,184.5,74.5,50.3
2026-07-23,SP_ESR1,QTEN26,9.9,19.5,18.9,-51.0,648.0,0.0,1.5,0.3,54.0,74.5,50.3
2026-07-23,STADIUM_ESR1,QTEN26,9.9,17.6,24.0,201.0,691.0,15.7,18.6,0.1,0.0,74.5,50.3
2026-07-23,STAM_SLR_ESR1,QENE12,70.0,123.8,24.0,-1582.0,4904.0,24.5,95.0,68.2,722.0,74.5,50.3
2026-07-23,STRG_SLR_ESR1,QECNR,98.4,193.4,24.0,2209.0,7253.0,165.2,190.2,1.5,0.0,74.5,50.3
2026-07-23,SUNVASLR_ESR1,QSUE38,53.3,53.2,19.0,-563.0,2677.0,34.0,49.5,0.8,185.9,74.5,50.3
2026-07-23,SUNVASLR_ESR2,QSUE38,45.9,46.8,19.0,-398.0,2330.0,32.9,43.8,0.9,165.1,74.5,50.3
2026-07-23,SWEENY_ESR1,QSUE74,9.9,9.3,24.0,41.0,436.0,10.5,12.6,0.4,65.6,74.5,50.3
2026-07-23,SWOOSEII_ESR1,QMEA5,100.0,195.7,24.0,-22.0,7350.0,121.6,180.7,25.5,1060.9,74.5,50.3
2026-07-23,SWTWR_ESR1,QTEN26,8.5,21.5,24.0,108.0,637.0,12.4,13.9,-0.8,17.4,74.5,50.3
2026-07-23,S_SNROSA_ESR1,QTEN24,9.9,10.9,24.0,33.0,383.0,5.8,7.5,0.6,9.3,74.5,50.3
2026-07-23,TBWF_ESS_ESR1,QTEN29,150.0,342.6,24.0,-9147.0,11805.0,84.8,379.9,230.1,585.0,74.5,50.3
2026-07-23,TDWLPR_1_ESR1,QMEA6,100.0,226.7,24.0,-2488.0,7844.0,87.5,230.5,113.5,1418.1,74.5,50.3
2026-07-23,TDWLPR_1_ESR2,QMEA6,100.0,226.7,24.0,-2898.0,7844.0,84.6,241.4,128.2,1475.8,74.5,50.3
2026-07-23,TNFS_ESR1,QSYSO,9.9,18.0,24.0,-233.0,703.0,7.5,18.3,9.1,39.6,74.5,50.3
2026-07-23,TORT_ESS_ESR1,QSUE74,50.0,40.1,24.0,74.0,2176.0,51.3,65.2,1.3,237.8,74.5,50.3
2026-07-23,TSECA_ES_ESR1,QTEN36,100.0,238.2,24.0,-2243.0,8015.0,78.1,177.4,49.6,474.6,74.5,50.3
2026-07-23,TURQBESS_ESR1,QHEI3,190.0,361.0,24.0,2305.0,13770.0,263.1,333.9,19.1,2995.0,74.5,50.3
2026-07-23,TV_ESR1,QAETE1,10.0,22.4,24.0,-33.0,780.0,14.0,21.3,11.3,115.4,74.5,50.3
2026-07-23,TYNAN_ESR1,QBEEP1,9.9,10.7,24.0,-48.0,412.0,4.9,8.9,2.8,76.9,74.5,50.3
2026-07-23,VERT_ESS_ESR1,QNRGTX,30.0,206.9,24.0,-484.0,4395.0,1.1,14.7,43.2,0.0,74.5,50.3
2026-07-23,VORTEX_ESR1,QENEL8,121.8,189.0,24.0,-4048.0,7988.0,98.0,276.6,134.0,755.7,74.5,50.3
2026-07-23,WAL_ESR1,QSUE92,200.0,395.9,24.0,-2752.0,14778.0,397.5,664.9,183.5,3942.8,74.5,50.3
2026-07-23,WCOLLOCL_ESR1,QHABIT,8.4,3.1,24.0,-49.0,204.0,0.0,1.4,0.4,98.2,74.5,50.3
2026-07-23,WEIL_TRC_ESR1,QBEEP1,9.9,10.7,24.0,27.0,412.0,5.7,7.5,1.0,126.3,74.5,50.3
2026-07-23,WFTANK_ESR1,QTEN28,150.0,169.5,24.0,743.0,8168.0,208.7,272.4,5.1,1066.6,74.5,50.3
2026-07-23,WIG_ESS_ESR1,QHEI1,120.0,187.0,24.0,261.0,7887.0,141.6,203.9,4.8,1745.5,74.5,50.3
2026-07-23,WOVER_ESR1,QTEN26,4.8,12.8,24.0,1.0,405.0,10.9,12.5,-0.3,3.2,74.5,50.3
2026-07-23,WR_ESR1,QAETEL,9.9,20.0,24.0,14.0,736.0,13.6,17.3,2.1,80.3,74.5,50.3
2026-07-23,W_HARLIN_ESR1,QTEN24,9.9,10.6,24.0,44.0,379.0,5.3,6.7,0.5,7.5,74.5,50.3
2026-07-23,X4_ESR1,QCPSE,9.0,8.5,24.0,-33.0,436.0,6.3,8.6,0.6,13.4,74.5,50.3
2026-07-23,ZAPATA_ESR1,QSUE74,9.9,9.4,24.0,33.0,440.0,7.7,9.6,0.2,70.0,74.5,50.3
2026-07-23,ZAPATA_ESR2,QSUE74,9.9,9.5,24.0,31.0,441.0,8.2,10.2,0.1,71.5,74.5,50.3
2026-07-23,ZIER_SLR_ESR1,QTEN19,28.0,54.2,24.0,-1751.0,2049.0,26.1,79.3,35.7,147.0,74.5,50.3
2026-07-22,ADL_ESR1,QTEN26,60.0,56.7,24.0,6451.0,14472.0,60.1,78.5,0.0,548.9,349.0,326.2
2026-07-22,AE_ESR1,QTEN26,9.9,19.1,24.0,2715.0,3786.0,17.7,16.1,-4.0,146.3,349.0,326.2
2026-07-22,ALAMO_ST_ESR1,QSYSO,9.9,17.6,24.0,2239.0,3600.0,19.4,23.3,1.2,62.8,349.0,326.2
2026-07-22,ALP_BESS_ESR1,QHEI1,100.3,165.6,24.0,13529.0,34776.0,112.2,150.5,-9.2,1150.0,349.0,326.2
2026-07-22,ALVIN_ESR1,QSUE74,8.3,5.5,24.0,473.0,1562.0,7.4,8.6,-0.1,72.1,349.0,326.2
2026-07-22,ANCHOR_ESR1,QENE11,34.7,45.6,24.0,3366.0,10471.0,27.9,25.6,-10.6,279.4,349.0,326.2
2026-07-22,ANCHOR_ESR2,QENE11,32.3,44.5,24.0,2858.0,10027.0,32.2,42.4,0.7,271.4,349.0,326.2
2026-07-22,ANDMDSLR_ESR1,QIPLU2,81.5,144.6,24.0,19188.0,29579.0,157.2,178.2,2.8,855.5,349.0,326.2
2026-07-22,ANDMDSLR_ESR2,QIPLU2,78.1,144.5,24.0,19732.0,29105.0,159.2,180.5,2.1,841.5,349.0,326.2
2026-07-22,ANEM_ESS_ESR1,QSUE53,200.0,406.6,24.0,53719.0,79114.0,401.4,527.6,-18.4,1552.5,349.0,326.2
2026-07-22,ANGLETON_ESR1,QSUE74,9.9,8.3,24.0,853.0,2197.0,11.1,12.5,-0.1,90.0,349.0,326.2
2026-07-22,ANG_SLR_ESR1,QTEN26,100.0,184.7,24.0,21393.0,37224.0,246.7,243.8,-69.6,711.7,349.0,326.2
2026-07-22,ANOL_ESS_ESR1,QESVE1,240.0,526.6,24.0,72277.0,99649.0,510.0,661.3,17.8,2619.7,349.0,326.2
2026-07-22,ANTL_ESS_ESR1,QSU100,70.0,164.3,24.0,18889.0,30334.0,175.5,159.6,-37.9,636.4,349.0,326.2
2026-07-22,ARY_BESS_ESR1,QTEN32,180.0,180.0,24.0,10653.0,45187.0,85.8,106.6,-0.9,0.0,349.0,326.2
2026-07-22,AVIL_ESS_ESR1,QSU100,160.0,376.3,24.0,30472.0,69423.0,330.4,401.9,14.4,1807.7,349.0,326.2
2026-07-22,AZURE_ESR1,QENEL6,77.6,106.6,24.0,13996.0,24049.0,121.5,148.0,0.2,283.6,349.0,326.2
2026-07-22,BATCAVE_ESR1,QSUE74,100.5,107.3,24.0,6987.0,26386.0,51.9,81.9,-7.0,509.1,349.0,326.2
2026-07-22,BAY_CITY_ESR1,QTEN24,9.9,11.2,24.0,1140.0,2539.0,10.1,11.7,0.1,38.8,349.0,326.2
2026-07-22,BCK_ESR1,QHEI5,123.5,305.7,24.0,32146.0,55361.0,288.3,339.4,0.0,0.0,349.0,326.2
2026-07-22,BCK_ESR2,QHEI5,126.5,313.5,24.0,31656.0,56758.0,285.0,342.5,0.1,0.0,349.0,326.2
2026-07-22,BCNV2_ES_ESR1,QSU115,150.0,300.0,22.0,41523.0,58725.0,312.9,364.1,0.0,0.0,349.0,326.2
2026-07-22,BCNV_ESS_ESR1,QSHE11,150.0,300.0,24.0,36290.0,58737.0,323.4,376.1,-0.1,882.0,349.0,326.2
2026-07-22,BELD_ESR1,QJPEM,5.0,7.9,24.0,1107.0,1710.0,6.3,7.6,0.2,40.3,349.0,326.2
2026-07-22,BEXAR_ES_ESR1,QTEN32,80.0,100.0,24.0,13541.0,23458.0,101.5,90.0,-26.2,306.0,349.0,326.2
2026-07-22,BIG_STAR_ESR1,QECNR,80.0,108.0,24.0,11250.0,24539.0,101.7,130.6,-4.4,0.0,349.0,326.2
2026-07-22,BKSL_ESS_ESR1,QESVE2,100.0,216.6,24.0,25936.0,41183.0,199.5,278.4,44.8,1185.0,349.0,326.2
2026-07-22,BLACKSPR_ESR1,QBROO2,120.0,277.7,24.0,29785.0,51545.0,281.7,348.9,-1.0,1300.5,349.0,326.2
2026-07-22,BLSUMMIT_ESR1,QFPL12,27.7,8.9,24.0,521.0,3121.0,4.9,8.5,-0.0,0.0,349.0,326.2
2026-07-22,BLSUMMIT_ESR2,QFPL48,150.0,450.0,24.0,73240.0,75825.0,486.6,554.3,0.0,0.0,349.0,326.2
2026-07-22,BLUEJAY_ESR1,QENEL7,50.0,86.1,24.0,8807.0,17809.0,78.5,98.1,-0.3,228.5,349.0,326.2
2026-07-22,BLVN_SLR_ESR1,QSHEL8,180.0,360.0,24.0,46487.0,70484.0,360.6,436.3,-3.0,865.0,349.0,326.2
2026-07-22,BOCO_ESS_ESR1,QTEN28,150.0,365.0,24.0,49052.0,66512.0,327.5,399.6,0.0,1729.8,349.0,326.2
2026-07-22,BRAZORIA_ESR1,QSUE74,9.9,9.6,24.0,623.0,2436.0,10.3,13.5,-0.0,79.8,349.0,326.2
2026-07-22,BR_ARROW_ESR1,QECNR,48.3,93.5,24.0,14352.0,18522.0,88.9,99.5,-1.0,145.8,349.0,326.2
2026-07-22,BR_ARROW_ESR2,QECNR,51.7,100.4,24.0,12466.0,19860.0,88.0,96.0,-1.8,0.0,349.0,326.2
2026-07-22,BUDA_ESR1,QTEN26,9.9,24.7,24.0,951.0,4461.0,13.0,14.8,-0.4,0.0,349.0,326.2
2026-07-22,BYP_ESR1,QEXELO,200.0,465.0,24.0,68005.0,86153.0,602.5,578.3,-115.9,53.3,349.0,326.2
2026-07-22,BYRDR_ES_ESR1,QHABIT,50.0,56.0,24.0,5498.0,13566.0,43.8,48.7,-4.7,484.2,349.0,326.2
2026-07-22,CACH_ESS_ESR1,QSU100,200.0,467.5,24.0,27217.0,86443.0,357.6,571.6,134.7,1975.1,349.0,326.2
2026-07-22,CAMWIND_ESR1,QTEN26,16.4,31.4,24.0,2113.0,6246.0,63.0,76.2,4.2,186.7,349.0,326.2
2026-07-22,CARA_ESS_ESR1,QHEI8,98.3,196.7,24.0,23523.0,38505.0,168.7,194.8,-14.5,1445.1,349.0,326.2
2026-07-22,CARN_ESS_ESR1,QSU100,150.0,350.6,24.0,39276.0,64833.0,395.6,467.2,12.0,1675.9,349.0,326.2
2026-07-22,CARRIZO_ESR1,QTEN30,9.5,12.6,24.0,655.0,2888.0,15.8,13.4,-3.9,97.8,349.0,326.2
2026-07-22,CARTWHL_ESR1,QECNR,150.0,283.3,24.0,39294.0,56622.0,271.0,321.6,-3.1,0.0,349.0,326.2
2026-07-22,CASL_GAP_ESR1,QLUMN1,3.9,4.6,24.0,-21.0,1095.0,0.0,0.3,-0.0,0.0,349.0,326.2
2026-07-22,CAST_ESS_ESR1,QSUE79,200.0,446.3,24.0,58468.0,83953.0,583.4,545.7,-114.0,1905.3,349.0,326.2
2026-07-22,CATARINA_ESR1,QBEEP1,9.9,10.7,24.0,1124.0,2491.0,10.9,11.7,-0.9,104.3,349.0,326.2
2026-07-22,CEDRVALE_ESR1,QBEEP1,9.9,10.7,24.0,1331.0,2491.0,10.0,11.3,-0.6,95.2,349.0,326.2
2026-07-22,CHERRYCR_ESR1,QBEEP1,9.9,10.7,24.0,1344.0,2491.0,9.9,10.4,-0.5,94.0,349.0,326.2
2026-07-22,CHIL_SLR_ESR1,QSUE88,150.0,318.7,24.0,31546.0,61017.0,315.9,365.0,-6.7,1343.8,349.0,326.2
2026-07-22,CISC_ESR1,QBEEP1,9.9,10.7,24.0,1442.0,2491.0,9.6,8.8,-1.9,118.0,349.0,326.2
2026-07-22,CITRUSCY_ESR1,QPROLO,9.9,21.0,24.0,2421.0,3843.0,23.5,25.3,-1.5,115.6,349.0,326.2
2026-07-22,CLO_ESR1,QMEA1,100.0,201.9,24.0,23305.0,39393.0,162.7,212.5,-0.3,1287.0,349.0,326.2
2026-07-22,CLO_ESR2,QMEA1,100.0,187.1,24.0,22370.0,37529.0,157.7,198.7,-0.8,1230.6,349.0,326.2
2026-07-22,CNLY_ESS_ESR1,QSUE76,121.3,232.4,24.0,25655.0,46211.0,342.0,405.1,6.4,2232.2,349.0,326.2
2026-07-22,CNTRY_ESR1,QPROLO,9.8,6.8,24.0,747.0,1803.0,11.1,15.9,8.0,46.9,349.0,326.2
2026-07-22,CNTYRDS_ESR1,QTEN26,9.9,24.7,24.0,2850.0,4435.0,21.9,24.6,-0.5,0.0,349.0,326.2
2026-07-22,CORALSLR_ESR1,QNGRE1,47.5,58.3,24.0,7233.0,13764.0,55.8,60.3,0.9,572.1,349.0,326.2
2026-07-22,CORALSLR_ESR2,QNGRE1,51.4,58.3,24.0,7076.0,14085.0,56.7,67.0,0.7,609.5,349.0,326.2
2026-07-22,CORAZON_ESR1,QHEI4,200.0,250.4,24.0,26218.0,58705.0,206.2,250.5,-5.3,2028.5,349.0,326.2
2026-07-22,COTULLA_ESR1,QGRIDB,9.9,24.7,24.0,2047.0,4298.0,23.4,26.2,-0.2,0.0,349.0,326.2
2026-07-22,COYOTSPR_ESR1,QBEEP1,9.9,10.7,24.0,1284.0,2491.0,9.6,10.9,-0.5,92.5,349.0,326.2
2026-07-22,CROSSETT_ESR1,QJPEM1,99.1,101.5,24.0,13581.0,25296.0,94.2,109.8,-2.0,766.0,349.0,326.2
2026-07-22,CROSSETT_ESR2,QJPEM1,99.8,101.6,24.0,13382.0,25362.0,93.1,105.3,-3.8,781.4,349.0,326.2
2026-07-22,CROSSTRL_ESR1,QGRIE4,57.0,113.8,24.0,8777.0,22294.0,137.4,167.5,-1.7,133.7,349.0,326.2
2026-07-22,CR_ESR1,QPROLO,9.8,9.5,24.0,2235.0,2308.0,19.2,23.1,-0.0,27.8,349.0,326.2
2026-07-22,CS_ESR1,QTEN26,7.0,14.3,24.0,1801.0,2755.0,13.3,14.3,-0.7,87.6,349.0,326.2
2026-07-22,CTW_ESR1,QTOTL5,150.0,193.6,21.9,24390.0,44818.0,197.1,253.9,0.7,745.1,349.0,326.2
2026-07-22,DAN_ESR1,QTOTL4,75.3,98.0,24.0,10425.0,22612.0,90.3,108.4,-2.5,486.3,349.0,326.2
2026-07-22,DAN_ESR2,QTOTL4,71.7,102.4,24.0,11879.0,22742.0,91.1,105.6,-1.7,492.5,349.0,326.2
2026-07-22,DA_ESR1,QSHE16,4.0,9.8,24.0,1289.0,1783.0,8.4,9.6,0.3,4.8,349.0,326.2
2026-07-22,DA_ESR3,QSHE16,7.5,15.5,13.1,1100.0,2998.0,9.7,11.4,-1.1,0.0,349.0,326.2
2026-07-22,DCSES_ESR1,QLUMN,66.5,66.4,23.8,8793.0,16682.0,47.9,38.6,-28.4,477.7,349.0,326.2
2026-07-22,DCSES_ESR2,QLUMN,66.5,66.4,24.0,8653.0,16682.0,47.5,40.4,-27.4,471.7,349.0,326.2
2026-07-22,DCSES_ESR3,QLUMN,63.5,63.4,24.0,8857.0,15929.0,48.2,32.8,-34.7,460.9,349.0,326.2
2026-07-22,DCSES_ESR4,QLUMN,63.5,63.4,24.0,8811.0,15929.0,48.1,33.8,-32.9,464.8,349.0,326.2
2026-07-22,DESN_ESS_ESR1,QSUE79,200.0,465.9,24.0,58761.0,86258.0,541.5,532.1,-85.9,1892.3,349.0,326.2
2026-07-22,DGFS_ESR_ESR1,QTEN26,75.0,64.0,24.0,5326.0,16852.0,67.7,95.3,33.3,101.0,349.0,326.2
2026-07-22,DIBOL_ESR1,QBEEP1,9.9,10.7,24.0,1431.0,2491.0,9.5,9.6,-1.2,114.5,349.0,326.2
2026-07-22,DICKNSON_ESR1,QSUE74,9.9,7.8,24.0,573.0,2113.0,8.0,9.4,-0.1,80.7,349.0,326.2
2026-07-22,DKNS_ESS_ESR1,QSUE74,50.0,48.6,24.0,5316.0,12309.0,69.2,81.5,0.8,381.0,349.0,326.2
2026-07-22,DKNS_ESS_ESR2,QSUE74,50.0,48.4,24.0,5599.0,12257.0,66.7,78.0,1.5,373.8,349.0,326.2
2026-07-22,DKNS_ESS_ESR3,QSUE74,50.0,49.4,24.0,5342.0,12436.0,66.0,79.9,1.9,370.8,349.0,326.2
2026-07-22,DKNS_ESS_ESR4,QSUE74,50.0,46.6,24.0,4778.0,11949.0,66.3,80.8,1.1,378.8,349.0,326.2
2026-07-22,DPCRK_ESR1,QTEN26,6.5,13.1,24.0,1716.0,2541.0,12.7,5.9,0.0,0.0,349.0,326.2
2026-07-22,DSWL_ESS_ESR1,QPHIL3,150.0,319.3,24.0,47164.0,61086.0,314.4,396.4,-3.5,1112.1,349.0,326.2
2026-07-22,EBNY_ESS_ESR1,QSUE52,200.0,458.5,24.0,55795.0,85394.0,434.1,521.2,-8.1,1798.0,349.0,326.2
2026-07-22,ELMCRK_ESR1,QMP2M1,9.9,25.9,24.0,2820.0,4517.0,26.4,33.4,4.1,57.0,349.0,326.2
2026-07-22,ELM_ST_ESR1,QTEN26,9.9,24.7,24.0,2709.0,4435.0,21.4,24.8,-0.6,0.0,349.0,326.2
2026-07-22,ELM_ST_ESR2,QSYSO,9.9,18.0,24.0,2092.0,3649.0,21.1,24.1,-0.0,34.6,349.0,326.2
2026-07-22,ELSA_ESR1,QTEN24,9.9,10.9,24.0,1229.0,2492.0,10.9,12.3,0.0,35.2,349.0,326.2
2026-07-22,ELZA_SLR_ESR1,QENE16,100.0,133.8,24.0,9485.0,30507.0,86.9,130.3,-4.1,964.0,349.0,326.2
2026-07-22,EMPCT_ESR1,QTEN24,6.0,8.6,24.0,956.0,1837.0,7.8,9.3,0.1,24.3,349.0,326.2
2026-07-22,ENDPARKS_ESR1,QGRIE4,50.0,102.4,24.0,5087.0,19868.0,108.0,131.2,-6.6,287.5,349.0,326.2
2026-07-22,ESCONDID_ESR1,QTEN30,9.4,12.7,24.0,888.0,2734.0,7.6,8.8,0.0,0.0,349.0,326.2
2026-07-22,ESTONIAN_ESR1,QENE14,101.6,163.6,24.0,20485.0,34687.0,172.9,199.8,0.0,368.3,349.0,326.2
2026-07-22,EUNICE_ESR1,QTENSK,22.0,26.0,24.0,3003.0,5977.0,29.2,36.2,0.1,233.1,349.0,326.2
2026-07-22,EVLN_ESS_ESR1,QSHE15,193.2,288.4,24.0,32880.0,62992.0,288.1,373.0,-4.2,0.0,349.0,326.2
2026-07-22,E_HARRIS_ESR1,QTEN26,9.9,20.0,24.0,2084.0,3758.0,19.6,19.0,-1.8,106.7,349.0,326.2
2026-07-22,FALFUR_ESR1,QBEEP1,9.9,10.7,24.0,1327.0,2491.0,9.2,10.5,-0.2,102.4,349.0,326.2
2026-07-22,FALFUR_ESR2,QTEN30,9.5,12.6,24.0,1401.0,2672.0,12.2,15.2,0.9,101.1,349.0,326.2
2026-07-22,FAULKNER_ESR1,QBEEP1,9.9,10.7,24.0,1291.0,2491.0,9.6,10.9,-0.6,93.0,349.0,326.2
2026-07-22,FENCESLR_ESR1,QENE13,67.2,103.1,24.0,7138.0,22267.0,63.3,73.1,-10.2,591.7,349.0,326.2
2026-07-22,FERD_ESS_ESR1,QCPSE,200.0,950.0,24.0,67955.0,128246.0,559.2,727.7,80.5,1283.0,349.0,326.2
2026-07-22,FIVEWSLR_ESR1,QSUE61,220.0,250.0,24.0,27413.0,60298.0,270.1,326.4,-7.6,1413.2,349.0,326.2
2026-07-22,FLAT_TOP_ESR1,QSHEL2,9.5,15.4,24.0,1801.0,3260.0,16.6,16.8,0.0,39.2,349.0,326.2
2026-07-22,FLAT_TOP_ESR2,QJPEM,9.9,15.8,24.0,1525.0,3361.0,12.7,15.1,0.2,69.8,349.0,326.2
2026-07-22,FLOWERII_ESR1,QJPEM,98.0,195.7,24.0,17099.0,38365.0,140.3,164.4,-5.9,814.8,349.0,326.2
2026-07-22,FORTMA_ESR1,QTEN30,10.0,12.6,24.0,690.0,2937.0,18.0,21.7,0.8,121.2,349.0,326.2
2026-07-22,FRMRSVLW_ESR1,QBEEP1,9.9,10.7,24.0,1429.0,2491.0,9.5,9.8,-1.0,110.2,349.0,326.2
2026-07-22,FRMRSVLW_ESR2,QTEN26,6.0,14.7,24.0,1149.0,2671.0,16.8,18.8,-1.2,109.2,349.0,326.2
2026-07-22,FTDUNCAN_ESR1,QTEN26,100.0,220.0,24.0,19091.0,41588.0,158.5,229.7,22.9,1623.4,349.0,326.2
2026-07-22,GAIA_SLR_ESR1,QTEN26,75.0,150.0,24.0,18102.0,29369.0,150.4,132.9,-41.2,619.9,349.0,326.2
2026-07-22,GAMBIT_ESR1,QSUE23,100.0,144.5,24.0,16949.0,31889.0,133.0,173.5,-0.8,545.1,349.0,326.2
2026-07-22,GARCENO_ESR1,QTEN24,9.9,9.8,22.6,1093.0,2320.0,9.7,11.2,-0.3,31.2,349.0,326.2
2026-07-22,GEORSO_ESR1,QEDIS9,9.8,8.1,24.0,520.0,2140.0,14.7,18.5,-0.3,77.2,349.0,326.2
2026-07-22,GIGA_ESS_ESR1,QSUE55,117.6,212.4,24.0,19249.0,43167.0,251.2,320.5,34.3,1834.0,349.0,326.2
2026-07-22,GKS_BESS_ESR1,QTEN26,81.5,158.1,24.0,9631.0,31219.0,89.9,128.3,1.7,191.0,349.0,326.2
2026-07-22,GOMZ_ESR1,QBEEP1,9.9,10.7,24.0,1379.0,2491.0,10.5,10.8,-1.0,98.4,349.0,326.2
2026-07-22,GOODWIN_ESR1,QTEN30,9.4,12.7,24.0,830.0,2733.0,8.1,4.9,-6.0,100.9,349.0,326.2
2026-07-22,GRDNE_ESR1,QBEEP1,9.9,10.7,24.0,1485.0,2491.0,11.4,10.8,-1.9,104.6,349.0,326.2
2026-07-22,GRIZZLY_ESR1,QPRIO1,9.9,10.0,0.0,0.0,2502.0,0.0,-0.0,0.0,0.0,349.0,326.2
2026-07-22,GZ_ESR1,QTEN30,7.5,12.7,24.0,1214.0,2637.0,9.9,6.3,-4.8,69.9,349.0,326.2
2026-07-22,HAMILTON_ESR1,QBEEP1,9.9,10.7,24.0,1387.0,2491.0,9.9,11.1,0.1,96.7,349.0,326.2
2026-07-22,HEADCAMP_ESR1,QTEN34,150.0,300.0,24.0,31409.0,58737.0,253.1,313.5,0.3,0.0,349.0,326.2
2026-07-22,HEARN_RD_ESR1,QTEN30,9.4,12.7,24.0,1393.0,2838.0,12.1,14.3,-0.0,0.0,349.0,326.2
2026-07-22,HEIGHTTN_ESR1,QSUE74,9.9,8.3,24.0,554.0,2201.0,9.9,12.4,2.6,92.3,349.0,326.2
2026-07-22,HEN_ESR1,QECNR,150.0,293.6,24.0,25791.0,57932.0,243.7,308.6,-0.3,0.0,349.0,326.2
2026-07-22,HI_LONEB_ESR1,QENEL1,50.0,69.9,24.0,4479.0,15657.0,65.7,74.0,0.0,134.8,349.0,326.2
2026-07-22,HLY_ESR1,QHEI1,102.2,172.9,24.0,18673.0,35981.0,132.7,167.8,-10.0,1179.5,349.0,326.2
2026-07-22,HLY_ESR2,QHEI1,101.8,167.9,24.0,18856.0,35278.0,134.2,168.6,-9.3,1244.3,349.0,326.2
2026-07-22,HMNG_ESS_ESR1,QMEA8,99.8,222.0,24.0,26697.0,41808.0,213.4,260.8,6.8,1373.8,349.0,326.2
2026-07-22,HOLCOMB_ESR1,QBEEP1,9.9,10.7,24.0,1285.0,2491.0,8.8,10.1,-0.5,98.6,349.0,326.2
2026-07-22,HOUSEMTN_ESR1,QJPEM,60.0,127.5,24.0,12615.0,24403.0,106.2,133.3,-3.6,640.3,349.0,326.2
2026-07-22,HWY6_ESR1,QTEN26,9.9,24.7,24.0,2654.0,4461.0,20.6,23.9,0.6,0.0,349.0,326.2
2026-07-22,HYDR_ESS_ESR1,QSUE74,200.0,192.9,24.0,22671.0,48933.0,254.8,296.9,-3.3,1380.3,349.0,326.2
2026-07-22,INDL_ESR1,QECNR,9.9,4.2,24.0,477.0,1369.0,3.7,4.6,-0.3,0.0,349.0,326.2
2026-07-22,INRT_W_ESR1,QFPL32,12.7,45.9,24.0,3184.0,7191.0,28.7,38.9,0.2,0.0,349.0,326.2
2026-07-22,JADE_SLR_ESR1,QIPLUM,78.1,139.8,24.0,15788.0,28495.0,140.4,173.2,3.8,129.3,349.0,326.2
2026-07-22,JADE_SLR_ESR2,QIPLUM,79.6,140.4,24.0,16628.0,28794.0,143.3,177.5,3.9,144.4,349.0,326.2
2026-07-22,JAG_SLR_ESR1,QLCRA,150.0,300.0,24.0,31280.0,58737.0,318.6,429.5,33.5,1794.1,349.0,326.2
2026-07-22,JAG_SLR_ESR2,QMITS2,150.0,309.8,24.0,42126.0,59935.0,284.7,348.0,14.8,0.0,349.0,326.2
2026-07-22,JAR_ESR1,QHEI1,147.0,264.0,24.0,29922.0,53765.0,203.6,222.2,-13.9,2114.4,349.0,326.2
2026-07-22,JAR_ESR2,QHEI1,157.0,291.0,24.0,31360.0,58567.0,218.1,235.5,-22.4,2215.8,349.0,326.2
2026-07-22,JDKNS_ESR1,QBEEP1,9.9,10.7,24.0,1456.0,2491.0,11.3,10.8,-1.7,104.5,349.0,326.2
2026-07-22,JOHNCI_ESR1,QLCRA,1.3,2.7,24.0,128.0,526.0,2.6,1.5,-1.6,0.0,349.0,326.2
2026-07-22,JUNCTION_ESR1,QBEEP1,9.9,10.7,24.0,1431.0,2491.0,9.4,8.4,-3.1,115.9,349.0,326.2
2026-07-22,JUNORTH_ESR1,QTEN26,9.9,22.0,24.0,2623.0,4149.0,24.7,28.3,-0.0,0.0,349.0,326.2
2026-07-22,K0_ESR1,QSUE74,9.9,9.7,24.0,924.0,2380.0,10.1,11.5,-0.2,74.7,349.0,326.2
2026-07-22,KEG_ESR1,QEDF27,130.0,311.2,24.0,22359.0,57044.0,188.3,261.5,18.2,0.0,349.0,326.2
2026-07-22,LANTANA_ESR1,QTEN26,9.9,20.1,24.0,2287.0,3847.0,21.3,22.0,-1.5,112.5,349.0,326.2
2026-07-22,LBRA_ESS_ESR1,QSUE48,200.0,200.0,24.0,16279.0,50208.0,125.2,179.2,-12.4,854.2,349.0,326.2
2026-07-22,LFSTH_ESR1,QBEEP1,9.9,10.7,24.0,1428.0,2491.0,9.5,9.7,-1.0,121.1,349.0,326.2
2026-07-22,LIGSW_ESR1,QPROLO,6.0,6.8,24.0,690.0,1598.0,6.2,8.2,0.0,71.3,349.0,326.2
2026-07-22,LILY_ESR1,QENEL5,50.0,71.8,24.0,7380.0,15910.0,60.3,71.1,1.4,215.2,349.0,326.2
2026-07-22,LK_ESR1,QPROLO,9.9,27.5,24.0,2803.0,4774.0,20.1,27.7,5.0,0.0,349.0,326.2
2026-07-22,LMO_ESR1,QSHEL2,99.9,243.5,24.0,24984.0,44345.0,208.3,258.5,-0.3,843.4,349.0,326.2
2026-07-22,LONESTAR_ESR1,QBEEP1,9.9,10.7,24.0,1265.0,2491.0,9.3,10.5,-0.7,92.0,349.0,326.2
2026-07-22,LON_ESR1,QTEN26,174.0,348.0,24.0,40508.0,68135.0,390.2,418.1,-48.9,1934.3,349.0,326.2
2026-07-22,LOWR_ESS_ESR1,QEDI10,60.0,117.5,24.0,19381.0,23178.0,136.4,93.9,-55.7,1152.8,349.0,326.2
2026-07-22,LUCKYBLU_ESR1,QBROO1,89.9,159.6,24.0,16291.0,32494.0,180.6,251.9,17.2,811.3,349.0,326.2
2026-07-22,L_463S_ESR1,QSUE74,9.9,7.4,24.0,701.0,1969.0,9.3,10.6,-0.2,92.9,349.0,326.2
2026-07-22,L_FRESNO_ESR1,QTEN24,9.9,11.1,24.0,1143.0,2521.0,10.1,11.6,0.0,46.7,349.0,326.2
2026-07-22,MADERO_ESR1,QTEN25,100.0,260.0,24.0,27835.0,46233.0,230.0,266.1,-17.3,265.7,349.0,326.2
2026-07-22,MADERO_ESR2,QTEN25,100.0,256.9,24.0,26857.0,45890.0,225.1,253.2,-15.5,276.3,349.0,326.2
2026-07-22,MAGNO_TN_ESR1,QSUE74,8.3,6.5,24.0,672.0,1765.0,8.8,10.1,-0.1,63.9,349.0,326.2
2026-07-22,MAINLAND_ESR1,QBEEP1,9.9,10.7,24.0,1420.0,2491.0,9.4,8.1,-2.7,121.5,349.0,326.2
2026-07-22,MAYBERRY_ESR1,QTEN24,9.9,10.9,24.0,1159.0,2505.0,9.8,11.4,0.0,32.9,349.0,326.2
2026-07-22,MAYBERRY_ESR2,QTEN24,9.9,11.9,24.0,1454.0,2646.0,12.8,14.5,0.1,56.0,349.0,326.2
2026-07-22,MESQUITE_ESR1,QTEN26,9.9,19.8,24.0,1157.0,3832.0,22.1,24.5,-0.1,0.0,349.0,326.2
2026-07-22,MESQUITE_ESR2,QSYSO,9.9,19.5,24.0,3562.0,3722.0,18.7,0.7,1.1,0.0,349.0,326.2
2026-07-22,MIDP_SLR_ESR1,QTEN26,50.0,100.0,24.0,10854.0,19579.0,90.9,96.8,-17.2,495.0,349.0,326.2
2026-07-22,MIDWY_ESR1,QPROLO,9.9,10.5,24.0,1218.0,2480.0,10.1,11.5,-0.0,101.7,349.0,326.2
2026-07-22,MNWLE_ESR1,QBEEP1,9.9,10.7,22.7,1365.0,2491.0,10.1,11.0,-0.4,90.5,349.0,326.2
2026-07-22,MOORE_FL_ESR1,QTEN30,9.5,11.4,24.0,-337.0,2547.0,7.7,20.7,10.9,157.1,349.0,326.2
2026-07-22,MUENSTER_ESR1,QTEN30,9.0,12.6,17.1,587.0,2824.0,5.6,7.2,-0.1,23.3,349.0,326.2
2026-07-22,MUSTNGCK_ESR1,QENE10,71.0,112.1,24.0,13018.0,23947.0,111.5,131.1,0.2,340.9,349.0,326.2
2026-07-22,MU_ESR1,QTEN26,9.9,19.5,24.0,2360.0,3838.0,16.6,18.2,-0.1,145.9,349.0,326.2
2026-07-22,MV_VALV4_ESR1,QBEEP1,9.9,10.7,24.0,1376.0,2491.0,9.6,11.0,-0.1,98.6,349.0,326.2
2026-07-22,MYR_ESR1,QTOTL5,74.6,102.2,24.0,11527.0,23088.0,166.6,197.4,2.8,416.1,349.0,326.2
2026-07-22,MYR_ESR2,QTOTL5,71.7,89.5,24.0,10688.0,21015.0,82.5,95.9,3.3,479.6,349.0,326.2
2026-07-22,NCO_ESR1,QSHEL2,50.0,58.8,24.0,5758.0,14018.0,55.4,66.3,-2.9,194.1,349.0,326.2
2026-07-22,NF_BRP_ESR1,QSUE74,100.5,105.5,24.0,4087.0,26070.0,66.5,107.2,-2.5,507.2,349.0,326.2
2026-07-22,NOBLESLR_ESR1,QNGREN,59.6,51.2,24.0,6100.0,13450.0,50.4,56.6,-0.8,348.5,349.0,326.2
2026-07-22,NOBLESLR_ESR2,QNGREN,62.5,54.4,24.0,6921.0,14229.0,57.5,64.3,0.0,371.5,349.0,326.2
2026-07-22,NWF_ESR1,QDUKER,3.0,0.6,24.0,-417.0,247.0,1.1,8.3,0.2,0.0,349.0,326.2
2026-07-22,N_ALAMO_ESR1,QTEN24,9.9,10.9,24.0,1201.0,2491.0,10.6,12.0,0.0,39.3,349.0,326.2
2026-07-22,N_MERCED_ESR1,QTEN24,9.9,10.9,24.0,1174.0,2485.0,10.4,11.8,0.0,37.4,349.0,326.2
2026-07-22,ODESW_ESR1,QSUE74,9.9,6.1,24.0,648.0,1701.0,9.5,11.1,0.2,76.8,349.0,326.2
2026-07-22,PAD1_ESS_ESR1,QCPSE,50.0,122.0,24.0,11406.0,22210.0,86.3,97.6,-6.2,190.7,349.0,326.2
2026-07-22,PAD3_ESS_ESR3,QTEN25,200.0,3.9,24.0,-13336.0,1514.0,201.3,345.2,-3.9,0.0,349.0,326.2
2026-07-22,PALACIOS_ESR1,QTEN30,9.5,11.4,24.0,1031.0,2580.0,8.5,10.0,0.3,84.5,349.0,326.2
2026-07-22,PALE_ESS_ESR1,QSUE74,200.0,204.6,24.0,-12324.0,50995.0,113.1,329.8,163.0,1331.9,349.0,326.2
2026-07-22,PALMVIEW_ESR1,QGRIDB,9.9,24.7,24.0,2301.0,4292.0,25.0,28.4,0.2,0.0,349.0,326.2
2026-07-22,PAULN_ESR1,QBEEP1,9.9,10.7,24.0,1418.0,2491.0,9.4,9.6,-1.1,111.7,349.0,326.2
2026-07-22,PAVLOV_ESR1,QBEEP1,9.9,10.7,24.0,1412.0,2491.0,9.9,11.5,0.5,89.3,349.0,326.2
2026-07-22,PAVO_ESS_ESR1,QSUE74,87.5,86.2,24.0,10193.0,21728.0,134.3,146.2,1.9,720.8,349.0,326.2
2026-07-22,PAVO_ESS_ESR2,QSUE74,87.5,79.6,24.0,9227.0,20547.0,126.0,143.7,-0.1,717.0,349.0,326.2
2026-07-22,PEARSALL_ESR1,QTEN26,9.9,19.8,24.0,1556.0,3697.0,16.1,18.8,-0.1,11.9,349.0,326.2
2026-07-22,PHO_ESR1,QENE15,150.0,206.1,13.9,18912.0,46488.0,201.6,249.1,16.4,506.4,349.0,326.2
2026-07-22,PHO_ESR2,QENE15,150.0,192.1,12.8,24953.0,44622.0,235.5,273.4,8.5,491.5,349.0,326.2
2026-07-22,PINEFRST_ESR1,QTEN21,200.0,400.0,24.0,38278.0,78316.0,498.1,586.4,-0.2,703.3,349.0,326.2
2026-07-22,PIN_BESS_ESR1,QTEN34,176.7,400.0,24.0,39687.0,74856.0,383.4,445.3,-11.0,0.0,349.0,326.2
2026-07-22,PIRATE_ESR1,QTEN30,9.5,12.6,24.0,1427.0,2808.0,17.4,12.5,-7.3,108.5,349.0,326.2
2026-07-22,PLATINUM_ESR1,QSUE80,148.3,323.4,24.0,36586.0,61333.0,366.3,429.0,-39.7,1177.5,349.0,326.2
2026-07-22,PLATINUM_ESR2,QSUE80,144.0,287.4,24.0,28816.0,56312.0,278.6,332.2,-21.2,918.7,349.0,326.2
2026-07-22,POTEETS_ESR1,QBEEP1,9.9,10.7,24.0,900.0,2491.0,9.6,11.1,0.0,94.3,349.0,326.2
2026-07-22,PRCRK_ESR1,QTEN24,9.9,4.0,24.0,391.0,1209.0,3.5,4.5,-0.1,14.2,349.0,326.2
2026-07-22,PUEBLO_ESR1,QSUE74,9.9,9.8,24.0,441.0,2394.0,7.6,9.8,-0.2,67.5,349.0,326.2
2026-07-22,PUEBLO_ESR2,QSUE74,9.9,7.3,24.0,456.0,1958.0,8.9,12.8,-0.3,77.6,349.0,326.2
2026-07-22,PYOTE_ESR1,QJPEM,8.0,13.4,24.0,1138.0,2821.0,9.0,10.8,0.1,66.9,349.0,326.2
2026-07-22,PYR_ESR1,QECNR,9.9,4.2,24.0,551.0,1369.0,4.1,5.1,-0.3,0.0,349.0,326.2
2026-07-22,PYR_ESR2,QECNR,13.7,13.6,24.0,1312.0,3419.0,13.8,14.6,-2.3,13.5,349.0,326.2
2026-07-22,PYR_ESR3,QECNR,15.1,13.6,24.0,1446.0,3520.0,14.4,17.0,-0.6,12.2,349.0,326.2
2026-07-22,QTUM_SLR_ESR1,QTEN33,160.0,320.0,24.0,38178.0,62653.0,324.0,374.6,-1.0,0.0,349.0,326.2
2026-07-22,QTUM_SLR_ESR2,QTEN33,160.0,320.0,24.0,37390.0,62653.0,326.0,382.1,-1.9,0.0,349.0,326.2
2026-07-22,QUEEN_BA_ESR1,QENEL2,45.4,53.5,24.0,4016.0,12647.0,48.9,51.8,0.9,137.9,349.0,326.2
2026-07-22,RADN_SLR_ESR1,QIPRAD,75.7,134.3,24.0,18186.0,27474.0,137.9,154.9,-0.0,602.8,349.0,326.2
2026-07-22,RADN_SLR_ESR2,QIPRAD,81.9,150.2,24.0,20727.0,30350.0,154.0,171.0,-0.0,643.2,349.0,326.2
2026-07-22,RBN_ESR1,QTEN19,100.0,105.3,24.0,11558.0,26007.0,98.4,138.9,-0.9,477.6,349.0,326.2
2026-07-22,RHA_ESR1,QTEN19,200.0,380.5,24.0,38991.0,75849.0,391.6,480.5,-0.8,0.0,349.0,326.2
2026-07-22,RIO_GRAN_ESR1,QTEN24,9.9,9.8,24.0,1018.0,2327.0,9.6,12.1,0.0,32.6,349.0,326.2
2026-07-22,ROSELAND_ESR1,QENEL9,50.0,85.8,24.0,10057.0,17759.0,80.7,96.8,-0.2,325.8,349.0,326.2
2026-07-22,RPUBRDS_ESR1,QSHEL2,44.0,49.1,24.0,4024.0,11891.0,46.4,72.7,5.5,160.3,349.0,326.2
2026-07-22,RRANCHES_ESR1,QSUE51,150.0,345.8,24.0,44022.0,64270.0,314.0,384.1,-5.8,1032.0,349.0,326.2
2026-07-22,RRANCHES_ESR2,QSUE51,150.0,345.0,24.0,35732.0,64177.0,273.3,325.6,-7.0,951.3,349.0,326.2
2026-07-22,RRC_WIND_ESR1,QFPL35,75.0,225.0,24.0,36060.0,37913.0,242.3,287.2,0.0,0.0,349.0,326.2
2026-07-22,RRC_WIND_ESR2,QFPL35,75.0,225.0,24.0,37277.0,37913.0,252.6,293.2,0.0,0.0,349.0,326.2
2026-07-22,RTLSNAKE_ESR1,QBEEP1,9.9,10.7,24.0,1263.0,2491.0,9.1,10.2,-0.3,93.4,349.0,326.2
2026-07-22,RUSSEKST_ESR1,QBEEP1,9.9,10.7,24.0,1554.0,2491.0,12.1,10.4,-2.9,114.4,349.0,326.2
2026-07-22,RVRVLYS_ESR1,QSHEL2,50.0,114.3,24.0,12185.0,21315.0,92.5,120.1,1.2,287.2,349.0,326.2
2026-07-22,RVRVLYS_ESR2,QSHEL2,50.0,114.3,24.0,12306.0,21315.0,96.7,123.6,2.8,288.4,349.0,326.2
2026-07-22,SADLBACK_ESR1,QBEEP1,9.9,10.7,24.0,1276.0,2491.0,9.6,10.6,-1.1,96.7,349.0,326.2
2026-07-22,SANDLAKE_ESR1,QBEEP1,9.9,10.7,24.0,1452.0,2491.0,11.1,11.0,-1.2,98.7,349.0,326.2
2026-07-22,SBEAN_ESR1,QBEEP1,9.9,10.7,24.0,1239.0,2491.0,8.9,10.2,-0.5,88.5,349.0,326.2
2026-07-22,SEVNF_ES_ESR1,QTEN37,100.0,238.2,24.0,25158.0,43737.0,169.7,216.9,-17.8,414.5,349.0,326.2
2026-07-22,SE_EDINB_ESR1,QGRIDB,9.9,23.6,24.0,2185.0,4176.0,30.2,31.1,-2.8,0.0,349.0,326.2
2026-07-22,SGAL_BES_ESR1,QJPEM,100.0,202.7,24.0,25044.0,39489.0,241.4,236.9,-53.4,1420.4,349.0,326.2
2026-07-22,SGAL_BES_ESR2,QJPEM2,97.6,202.8,24.0,25149.0,39140.0,254.0,232.0,-57.1,1473.1,349.0,326.2
2026-07-22,SGSA_ESR1,QAMA1,6.9,15.6,24.0,864.0,2909.0,8.5,9.7,0.1,6.4,349.0,326.2
2026-07-22,SHAMROCK_ESR1,QFPL40,99.3,297.9,24.0,44206.0,50199.0,306.8,381.9,0.0,0.0,349.0,326.2
2026-07-22,SHEEPCRK_ESR1,QSUE70,135.0,172.9,24.0,15072.0,40158.0,174.0,233.5,0.9,981.2,349.0,326.2
2026-07-22,SLCNHLS_ESR1,QSHEL2,50.0,58.6,24.0,5478.0,14003.0,56.3,78.6,-0.9,204.0,349.0,326.2
2026-07-22,SLCNHLS_ESR2,QSHEL2,50.0,59.7,24.0,5605.0,14186.0,61.4,84.7,0.8,206.3,349.0,326.2
2026-07-22,SLK_BESS_ESR1,QTEN34,200.0,400.0,24.0,47511.0,78316.0,368.6,497.4,13.5,0.0,349.0,326.2
2026-07-22,SMTH_ESS_ESR1,QSUE77,123.5,245.9,24.0,25791.0,48238.0,242.0,306.1,22.1,1722.8,349.0,326.2
2026-07-22,SOLC_SLR_ESR1,QTEN33,160.0,320.0,24.0,34327.0,62653.0,331.4,373.2,-10.6,0.0,349.0,326.2
2026-07-22,SOLC_SLR_ESR2,QTEN33,160.0,320.0,24.0,33625.0,62653.0,325.2,368.0,-10.5,0.0,349.0,326.2
2026-07-22,SPTX12B_ESR1,QEDIS9,22.3,18.5,24.0,2818.0,4897.0,18.6,23.8,0.1,192.0,349.0,326.2
2026-07-22,SP_ESR1,QTEN26,9.9,19.5,22.4,-61.0,3764.0,0.2,1.4,-0.1,81.5,349.0,326.2
2026-07-22,STADIUM_ESR1,QTEN26,9.9,17.6,24.0,1425.0,3587.0,18.3,21.2,-0.4,0.0,349.0,326.2
2026-07-22,STAM_SLR_ESR1,QENE12,70.0,124.7,24.0,8921.0,25472.0,80.6,87.7,-10.7,773.2,349.0,326.2
2026-07-22,STRG_SLR_ESR1,QECNR,95.0,193.4,24.0,20943.0,37628.0,162.5,188.4,0.6,0.0,349.0,326.2
2026-07-22,SUNVASLR_ESR1,QSUE38,53.3,53.2,24.0,3033.0,13371.0,39.2,53.2,0.5,259.8,349.0,326.2
2026-07-22,SUNVASLR_ESR2,QSUE38,46.7,46.8,24.0,2519.0,11732.0,31.8,48.6,0.0,223.2,349.0,326.2
2026-07-22,SWEENY_ESR1,QSUE74,9.9,9.3,24.0,941.0,2302.0,11.3,13.1,-0.1,78.9,349.0,326.2
2026-07-22,SWOOSEII_ESR1,QMEA5,100.0,194.8,24.0,17988.0,38503.0,133.5,174.5,-4.8,1122.4,349.0,326.2
2026-07-22,SWTWR_ESR1,QTEN26,8.5,21.5,24.0,1642.0,3804.0,13.3,10.6,-4.4,57.7,349.0,326.2
2026-07-22,S_SNROSA_ESR1,QTEN24,9.9,10.9,24.0,1189.0,2498.0,10.8,12.2,0.0,39.6,349.0,326.2
2026-07-22,TBWF_ESS_ESR1,QTEN29,150.0,342.4,21.5,40064.0,63873.0,333.0,350.0,-49.7,465.8,349.0,326.2
2026-07-22,TDWLPR_1_ESR1,QMEA6,100.0,226.7,24.0,26637.0,42399.0,199.4,236.8,-1.4,1391.2,349.0,326.2
2026-07-22,TDWLPR_1_ESR2,QMEA6,100.0,226.7,24.0,26578.0,42399.0,197.7,237.3,0.7,1378.5,349.0,326.2
2026-07-22,TNFS_ESR1,QSYSO,9.9,18.0,24.0,2197.0,3649.0,22.1,26.9,2.3,74.4,349.0,326.2
2026-07-22,TORT_ESS_ESR1,QSUE74,50.0,40.0,24.0,4802.0,10753.0,61.5,72.8,-0.8,326.7,349.0,326.2
2026-07-22,TSECA_ES_ESR1,QTEN36,100.0,238.2,24.0,21766.0,43737.0,179.4,244.8,20.6,758.5,349.0,326.2
2026-07-22,TURQBESS_ESR1,QHEI3,190.0,361.0,24.0,39500.0,71997.0,283.6,322.4,-11.7,3063.9,349.0,326.2
2026-07-22,TV_ESR1,QAETE1,10.0,22.4,24.0,1475.0,4208.0,18.4,17.0,-7.5,138.8,349.0,326.2
2026-07-22,TYNAN_ESR1,QBEEP1,9.9,10.7,24.0,1410.0,2491.0,9.6,10.1,-1.5,108.1,349.0,326.2
2026-07-22,VERT_ESS_ESR1,QNRGTX,86.9,132.4,24.0,1135.0,28673.0,37.3,91.3,-17.9,0.0,349.0,326.2
2026-07-22,VORTEX_ESR1,QENEL8,121.8,193.0,24.0,20013.0,41166.0,179.7,224.8,3.0,625.9,349.0,326.2
2026-07-22,WAL_ESR1,QSUE92,200.0,397.7,24.0,51878.0,78029.0,478.9,559.7,20.8,3287.3,349.0,326.2
2026-07-22,WCOLLOCL_ESR1,QHABIT,8.4,3.1,24.0,-17.0,1041.0,0.1,0.7,-0.2,101.7,349.0,326.2
2026-07-22,WEIL_TRC_ESR1,QBEEP1,9.9,10.7,24.0,906.0,2491.0,8.2,11.7,2.6,102.9,349.0,326.2
2026-07-22,WFTANK_ESR1,QTEN28,150.0,169.5,24.0,22034.0,41015.0,298.2,277.0,-68.0,2228.2,349.0,326.2
2026-07-22,WIG_ESS_ESR1,QHEI1,120.0,187.0,24.0,21374.0,40145.0,153.2,199.2,-3.8,1399.5,349.0,326.2
2026-07-22,WOVER_ESR1,QTEN26,5.0,12.8,24.0,1428.0,2292.0,11.9,11.8,-1.1,10.7,349.0,326.2
2026-07-22,WR_ESR1,QAETEL,9.9,22.4,24.0,1893.0,4190.0,15.9,19.1,1.3,102.9,349.0,326.2
2026-07-22,W_HARLIN_ESR1,QTEN24,9.9,10.6,24.0,1120.0,2463.0,9.9,11.4,0.0,34.2,349.0,326.2
2026-07-22,X4_ESR1,QCPSE,9.0,8.5,24.0,757.0,2170.0,7.3,8.2,-0.4,16.7,349.0,326.2
2026-07-22,ZAPATA_ESR1,QSUE74,9.9,9.4,24.0,777.0,2328.0,9.2,10.6,-0.4,92.0,349.0,326.2
2026-07-22,ZAPATA_ESR2,QSUE74,9.9,9.5,24.0,730.0,2338.0,9.0,10.7,-0.0,92.6,349.0,326.2
2026-07-22,ZIER_SLR_ESR1,QTEN19,40.0,57.0,24.0,6860.0,12671.0,53.1,69.7,-0.8,295.8,349.0,326.2
2026-07-21,ABINDUST_ESR1,QMP2M1,9.9,25.9,24.0,2181.0,3105.0,20.3,23.2,0.5,42.7,204.5,186.2
2026-07-21,ADL_ESR1,QTEN26,60.0,56.9,24.0,4540.0,10825.0,60.1,78.7,-0.1,593.6,204.5,186.2
2026-07-21,AE_ESR1,QTEN26,9.9,19.1,15.6,1040.0,2675.0,13.6,18.2,2.5,91.8,204.5,186.2
2026-07-21,ALAMO_ST_ESR1,QSYSO,9.9,17.6,24.0,1576.0,2561.0,27.0,20.9,-9.0,45.8,204.5,186.2
2026-07-21,ALP_BESS_ESR1,QHEI1,100.3,164.1,24.0,12348.0,24785.0,103.3,153.8,3.3,1401.4,204.5,186.2
2026-07-21,ALVIN_ESR1,QSUE74,8.3,5.5,24.0,194.0,1195.0,8.0,9.3,-0.1,60.5,204.5,186.2
2026-07-21,ANCHOR_ESR1,QENE11,34.7,45.6,24.0,2317.0,7553.0,28.5,40.4,0.8,180.0,204.5,186.2
2026-07-21,ANCHOR_ESR2,QENE11,31.1,44.5,24.0,3391.0,7169.0,31.9,43.3,-1.4,167.7,204.5,186.2
2026-07-21,ANDMDSLR_ESR1,QIPLU2,81.5,144.6,24.0,15768.0,21054.0,150.0,160.3,-1.6,869.9,204.5,186.2
2026-07-21,ANDMDSLR_ESR2,QIPLU2,78.1,144.5,24.0,15276.0,20644.0,149.8,160.9,-1.6,887.3,204.5,186.2
2026-07-21,ANEM_ESS_ESR1,QSUE53,200.0,406.6,24.0,32451.0,55585.0,438.6,488.0,-49.3,1955.1,204.5,186.2
2026-07-21,ANGLETON_ESR1,QSUE74,9.9,8.3,24.0,364.0,1656.0,11.1,12.3,-0.2,84.8,204.5,186.2
2026-07-21,ANG_SLR_ESR1,QTEN26,100.0,199.0,24.0,14382.0,27480.0,164.7,287.7,48.4,828.3,204.5,186.2
2026-07-21,ANOL_ESS_ESR1,QESVE1,240.0,521.8,24.0,31685.0,69034.0,576.0,699.6,-11.4,2271.2,204.5,186.2
2026-07-21,ANTL_ESS_ESR1,QSU100,70.0,162.7,24.0,6229.0,20794.0,122.6,170.7,27.2,602.9,204.5,186.2
2026-07-21,ARY_BESS_ESR1,QTEN32,180.0,180.0,24.0,5230.0,33578.0,67.4,117.6,15.8,0.0,204.5,186.2
2026-07-21,AVIL_ESS_ESR1,QSU100,160.0,372.5,24.0,14248.0,47565.0,250.5,309.6,11.6,1501.0,204.5,186.2
2026-07-21,AZURE_ESR1,QENEL6,77.6,127.9,24.0,13257.0,19250.0,111.0,116.2,-38.3,460.7,204.5,186.2
2026-07-21,BATCAVE_ESR1,QSUE74,100.5,106.6,24.0,2564.0,19356.0,77.5,114.1,0.8,678.6,204.5,186.2
2026-07-21,BAY_CITY_ESR1,QTEN24,9.9,7.3,24.0,795.0,1276.0,6.0,0.8,-7.2,48.5,204.5,186.2
2026-07-21,BCK_ESR1,QHEI5,123.5,305.6,17.0,37676.0,37815.0,441.3,206.3,-286.7,0.0,204.5,186.2
2026-07-21,BCK_ESR2,QHEI5,126.5,313.6,17.0,37625.0,38765.0,441.9,216.2,-284.8,0.0,204.5,186.2
2026-07-21,BCNV2_ES_ESR1,QSU115,150.0,300.0,14.8,33843.0,41315.0,310.8,100.0,0.0,0.0,204.5,186.2
2026-07-21,BCNV_ESS_ESR1,QSHE11,150.0,300.0,24.0,24281.0,41329.0,303.9,299.2,-55.0,1202.7,204.5,186.2
2026-07-21,BELD_ESR1,QJPEM,5.0,7.6,24.0,428.0,1211.0,8.1,9.5,0.0,53.6,204.5,186.2
2026-07-21,BEXAR_ES_ESR1,QTEN32,100.0,100.0,24.0,7335.0,18655.0,74.0,18.3,-54.5,703.5,204.5,186.2
2026-07-21,BIG_STAR_ESR1,QECNR,80.0,108.0,24.0,11225.0,17691.0,104.3,128.0,4.2,0.0,204.5,186.2
2026-07-21,BKSL_ESS_ESR1,QESVE2,100.0,217.6,24.0,14119.0,28776.0,219.4,257.5,0.1,885.0,204.5,186.2
2026-07-21,BLACKSPR_ESR1,QBROO2,120.0,243.2,24.0,29866.0,33299.0,278.2,221.8,-49.0,985.2,204.5,186.2
2026-07-21,BLSUMMIT_ESR1,QFPL12,27.7,9.7,24.0,226.0,2434.0,4.7,9.9,0.2,0.0,204.5,186.2
2026-07-21,BLSUMMIT_ESR2,QFPL48,150.0,450.0,24.0,44363.0,50519.0,480.1,561.1,0.0,0.0,204.5,186.2
2026-07-21,BLUEJAY_ESR1,QENEL7,50.0,86.1,24.0,9769.0,12708.0,78.4,69.8,-24.6,276.8,204.5,186.2
2026-07-21,BLVN_SLR_ESR1,QSHEL8,180.0,360.0,24.0,37716.0,49595.0,353.6,427.0,-5.2,1185.7,204.5,186.2
2026-07-21,BOCO_ESS_ESR1,QTEN28,150.0,365.0,24.0,23976.0,45556.0,362.0,397.6,-52.1,2278.8,204.5,186.2
2026-07-21,BRAZORIA_ESR1,QSUE74,9.9,9.7,24.0,412.0,1821.0,11.8,13.1,-0.3,69.0,204.5,186.2
2026-07-21,BR_ARROW_ESR1,QECNR,48.3,93.5,24.0,8819.0,13081.0,87.7,101.2,1.8,99.6,204.5,186.2
2026-07-21,BR_ARROW_ESR2,QECNR,51.7,100.4,24.0,10458.0,14022.0,84.9,98.7,1.0,0.0,204.5,186.2
2026-07-21,BUDA_ESR1,QTEN26,9.9,24.7,24.0,2196.0,3044.0,23.8,26.9,0.1,0.0,204.5,186.2
2026-07-21,BYP_ESR1,QEXELO,200.0,465.0,24.0,14242.0,59415.0,340.4,570.1,129.5,127.2,204.5,186.2
2026-07-21,BYRDR_ES_ESR1,QHABIT,50.0,56.4,24.0,5539.0,9964.0,41.1,46.9,-2.9,627.4,204.5,186.2
2026-07-21,CACH_ESS_ESR1,QSU100,200.0,470.1,24.0,25858.0,59737.0,488.8,578.6,7.8,1507.5,204.5,186.2
2026-07-21,CAMWIND_ESR1,QTEN26,16.4,32.8,24.0,3173.0,4520.0,47.2,35.2,-16.7,140.5,204.5,186.2
2026-07-21,CARA_ESS_ESR1,QHEI8,98.3,196.7,24.0,16784.0,27092.0,152.8,199.7,2.1,1337.0,204.5,186.2
2026-07-21,CARN_ESS_ESR1,QSU100,150.0,346.8,24.0,22389.0,44442.0,468.0,474.1,-56.6,1430.6,204.5,186.2
2026-07-21,CARRIZO_ESR1,QTEN30,9.7,12.6,24.0,246.0,2104.0,18.3,28.2,7.3,122.8,204.5,186.2
2026-07-21,CARTWHL_ESR1,QECNR,150.0,283.3,24.0,31619.0,40096.0,268.3,320.5,-0.1,0.0,204.5,186.2
2026-07-21,CASL_GAP_ESR1,QLUMN1,3.9,4.6,24.0,-13.0,795.0,0.0,0.3,-0.0,0.0,204.5,186.2
2026-07-21,CAST_ESS_ESR1,QSUE79,200.0,442.6,24.0,21255.0,58013.0,412.9,485.5,-0.3,1782.7,204.5,186.2
2026-07-21,CATARINA_ESR1,QBEEP1,9.9,10.7,24.0,915.0,1680.0,7.8,3.9,-5.2,138.1,204.5,186.2
2026-07-21,CEDRVALE_ESR1,QBEEP1,9.9,10.7,24.0,671.0,1680.0,8.5,9.5,0.1,136.6,204.5,186.2
2026-07-21,CHERRYCR_ESR1,QBEEP1,9.9,10.7,24.0,693.0,1680.0,8.8,9.1,-0.1,135.3,204.5,186.2
2026-07-21,CHIL_SLR_ESR1,QSUE88,150.0,310.6,24.0,14913.0,42102.0,291.6,389.2,-15.2,1006.8,204.5,186.2
2026-07-21,CISC_ESR1,QBEEP1,9.9,10.7,24.0,597.0,1680.0,7.8,10.6,1.7,140.5,204.5,186.2
2026-07-21,CITRUSCY_ESR1,QPROLO,9.9,21.0,24.0,1768.0,2634.0,17.1,3.5,-20.1,171.2,204.5,186.2
2026-07-21,CLO_ESR1,QMEA1,100.0,201.9,24.0,13101.0,27694.0,176.4,212.2,2.7,1420.3,204.5,186.2
2026-07-21,CLO_ESR2,QMEA1,100.0,187.1,24.0,12320.0,26596.0,158.3,188.4,-1.1,1389.8,204.5,186.2
2026-07-21,CNLY_ESS_ESR1,QSUE76,121.6,233.2,24.0,22682.0,32777.0,278.7,318.3,-16.8,2106.4,204.5,186.2
2026-07-21,CNTRY_ESR1,QPROLO,3.0,6.8,24.0,541.0,878.0,6.0,7.0,-1.0,33.3,204.5,186.2
2026-07-21,CNTYRDS_ESR1,QTEN26,9.9,24.7,24.0,2280.0,3021.0,21.0,23.7,-0.3,0.0,204.5,186.2
2026-07-21,CORALSLR_ESR1,QNGRE1,47.5,58.3,24.0,4595.0,9959.0,53.6,62.0,0.7,534.0,204.5,186.2
2026-07-21,CORALSLR_ESR2,QNGRE1,51.4,58.3,24.0,4644.0,10296.0,54.4,59.2,1.3,588.9,204.5,186.2
2026-07-21,CORAZON_ESR1,QHEI4,200.0,246.0,24.0,23414.0,41892.0,220.4,248.1,-35.6,2376.6,204.5,186.2
2026-07-21,COTULLA_ESR1,QGRIDB,9.9,24.4,22.7,2576.0,2934.0,27.5,16.8,-12.8,0.0,204.5,186.2
2026-07-21,COYOTSPR_ESR1,QBEEP1,9.9,10.7,24.0,681.0,1680.0,8.5,8.9,-0.5,134.9,204.5,186.2
2026-07-21,CROSSETT_ESR1,QJPEM1,98.7,101.5,24.0,8472.0,18718.0,105.5,121.9,1.0,1028.5,204.5,186.2
2026-07-21,CROSSETT_ESR2,QJPEM1,99.8,101.6,24.0,8244.0,18801.0,103.2,121.4,2.8,1036.2,204.5,186.2
2026-07-21,CROSSTRL_ESR1,QGRIE4,57.0,113.6,24.0,9828.0,15675.0,99.3,126.4,-2.1,86.2,204.5,186.2
2026-07-21,CR_ESR1,QPROLO,9.8,13.4,24.0,1709.0,1964.0,19.7,23.9,-0.2,77.9,204.5,186.2
2026-07-21,CS_ESR1,QTEN26,7.4,14.3,24.0,965.0,1958.0,12.9,15.4,0.5,110.5,204.5,186.2
2026-07-21,CTW_ESR1,QTOTL5,150.0,193.6,24.0,15533.0,32308.0,197.5,246.0,-0.9,1351.1,204.5,186.2
2026-07-21,DAN_ESR1,QTOTL4,75.3,98.0,24.0,6839.0,16306.0,87.8,111.1,1.5,699.6,204.5,186.2
2026-07-21,DAN_ESR2,QTOTL4,71.7,102.4,24.0,5908.0,16417.0,85.4,110.2,4.0,713.8,204.5,186.2
2026-07-21,DA_ESR1,QSHE16,4.0,9.8,24.0,947.0,1218.0,9.2,10.2,-0.4,1.1,204.5,186.2
2026-07-21,DA_ESR3,QSHE16,7.5,15.5,0.0,1554.0,2103.0,10.8,0.8,1.4,0.0,204.5,186.2
2026-07-21,DCSES_ESR1,QLUMN,66.5,66.4,24.0,562.0,12403.0,26.0,53.5,7.1,346.3,204.5,186.2
2026-07-21,DCSES_ESR2,QLUMN,66.5,66.4,24.0,561.0,12403.0,25.9,53.1,7.3,344.2,204.5,186.2
2026-07-21,DCSES_ESR3,QLUMN,63.5,63.4,24.0,596.0,11843.0,16.8,52.9,15.2,344.1,204.5,186.2
2026-07-21,DCSES_ESR4,QLUMN,63.5,63.4,24.0,539.0,11843.0,16.8,55.3,15.5,345.8,204.5,186.2
2026-07-21,DESN_ESS_ESR1,QSUE79,200.0,465.8,24.0,21642.0,59469.0,437.6,590.7,74.1,1587.3,204.5,186.2
2026-07-21,DGFS_ESR_ESR1,QTEN26,75.0,64.0,24.0,5380.0,12682.0,59.5,77.8,-32.0,130.6,204.5,186.2
2026-07-21,DIBOL_ESR1,QBEEP1,9.9,10.7,24.0,636.0,1680.0,8.6,11.0,1.5,137.1,204.5,186.2
2026-07-21,DICKNSON_ESR1,QSUE74,9.9,7.9,24.0,317.0,1607.0,11.6,13.8,-0.1,85.5,204.5,186.2
2026-07-21,DKNS_ESS_ESR1,QSUE74,50.0,47.7,24.0,2952.0,9051.0,74.1,80.5,-5.4,331.4,204.5,186.2
2026-07-21,DKNS_ESS_ESR2,QSUE74,50.0,47.8,24.0,3012.0,9068.0,76.4,80.1,-7.7,342.0,204.5,186.2
2026-07-21,DKNS_ESS_ESR3,QSUE74,50.0,49.7,24.0,3074.0,9297.0,77.5,82.0,-7.3,343.9,204.5,186.2
2026-07-21,DKNS_ESS_ESR4,QSUE74,50.0,47.9,24.0,2999.0,9083.0,76.0,81.8,-4.9,331.7,204.5,186.2
2026-07-21,DPCRK_ESR1,QTEN26,3.5,7.0,24.0,-194.0,965.0,0.1,8.3,0.0,0.0,204.5,186.2
2026-07-21,DSWL_ESS_ESR1,QPHIL3,150.0,320.3,24.0,24551.0,42780.0,300.2,386.1,2.0,1152.8,204.5,186.2
2026-07-21,EBNY_ESS_ESR1,QSUE52,200.0,458.5,24.0,28846.0,59009.0,416.5,284.7,-249.3,2175.8,204.5,186.2
2026-07-21,ELMCRK_ESR1,QMP2M1,9.9,25.9,24.0,2683.0,3069.0,25.4,24.3,-3.9,32.1,204.5,186.2
2026-07-21,ELM_ST_ESR1,QTEN26,9.9,24.7,24.0,2313.0,3029.0,21.4,23.6,-0.8,0.0,204.5,186.2
2026-07-21,ELM_ST_ESR2,QSYSO,9.9,18.0,24.0,2135.0,2592.0,27.3,30.8,-0.2,54.2,204.5,186.2
2026-07-21,ELSA_ESR1,QTEN24,9.9,10.6,24.0,965.0,1641.0,6.9,0.1,-10.8,70.9,204.5,186.2
2026-07-21,ELZA_SLR_ESR1,QENE16,100.0,144.8,24.0,10544.0,23061.0,89.8,129.0,0.2,916.5,204.5,186.2
2026-07-21,EMPCT_ESR1,QTEN24,9.9,13.1,24.0,999.0,1875.0,9.1,10.6,-2.1,40.6,204.5,186.2
2026-07-21,ENDPARKS_ESR1,QGRIE4,49.9,102.4,24.0,7774.0,13938.0,115.8,134.5,-3.4,303.6,204.5,186.2
2026-07-21,ESCONDID_ESR1,QTEN30,9.3,12.7,24.0,436.0,1827.0,3.0,0.3,-4.9,0.0,204.5,186.2
2026-07-21,ESTONIAN_ESR1,QENE14,101.6,168.3,24.0,19927.0,25276.0,175.7,198.3,-5.2,440.9,204.5,186.2
2026-07-21,EUNICE_ESR1,QTENSK,22.0,26.0,24.0,2458.0,4070.0,26.0,32.5,0.0,232.2,204.5,186.2
2026-07-21,EVLN_ESS_ESR1,QSHE15,195.6,290.2,24.0,29451.0,45758.0,300.1,290.0,-68.5,0.0,204.5,186.2
2026-07-21,E_HARRIS_ESR1,QTEN26,9.9,20.0,24.0,1603.0,2582.0,23.1,18.2,-7.4,111.2,204.5,186.2
2026-07-21,FALFUR_ESR1,QBEEP1,9.9,10.7,24.0,977.0,1680.0,8.3,1.7,-8.7,140.1,204.5,186.2
2026-07-21,FALFUR_ESR2,QTEN30,9.4,12.6,24.0,790.0,1775.0,9.6,4.3,-9.7,97.9,204.5,186.2
2026-07-21,FAULKNER_ESR1,QBEEP1,9.9,10.7,24.0,669.0,1680.0,8.4,9.0,0.1,136.3,204.5,186.2
2026-07-21,FENCESLR_ESR1,QENE13,67.4,107.1,24.0,7576.0,16354.0,64.1,75.9,-1.3,480.9,204.5,186.2
2026-07-21,FERD_ESS_ESR1,QCPSE,200.0,950.0,24.0,69447.0,82751.0,718.0,668.3,-163.0,505.8,204.5,186.2
2026-07-21,FIVEWSLR_ESR1,QSUE61,220.0,250.0,24.0,12619.0,44035.0,292.3,360.8,-2.7,1397.0,204.5,186.2
2026-07-21,FLAT_TOP_ESR1,QSHEL2,9.3,14.0,24.0,1057.0,2192.0,14.9,15.1,-1.2,51.1,204.5,186.2
2026-07-21,FLAT_TOP_ESR2,QJPEM,9.9,16.0,24.0,1340.0,2430.0,16.4,18.7,0.1,105.8,204.5,186.2
2026-07-21,FLOWERII_ESR1,QJPEM,100.0,195.7,24.0,13550.0,27240.0,143.1,176.1,5.6,1058.4,204.5,186.2
2026-07-21,FORTMA_ESR1,QTEN30,10.0,12.6,24.0,693.0,2111.0,7.2,9.7,0.5,101.8,204.5,186.2
2026-07-21,FRMRSVLW_ESR1,QBEEP1,9.9,10.7,24.0,686.0,1680.0,8.7,9.4,-0.2,137.6,204.5,186.2
2026-07-21,FRMRSVLW_ESR2,QTEN26,6.0,14.7,24.0,1080.0,1828.0,14.4,15.5,-0.9,98.3,204.5,186.2
2026-07-21,FTDUNCAN_ESR1,QTEN26,100.0,217.1,24.0,17234.0,28746.0,173.5,164.8,-57.3,1800.4,204.5,186.2
2026-07-21,GAIA_SLR_ESR1,QTEN26,75.0,150.0,24.0,3517.0,20666.0,83.2,157.9,46.7,444.5,204.5,186.2
2026-07-21,GAMBIT_ESR1,QSUE23,100.0,144.9,24.0,9002.0,22981.0,158.7,171.2,-34.5,702.7,204.5,186.2
2026-07-21,GARCENO_ESR1,QTEN24,9.9,9.9,24.0,908.0,1569.0,6.6,0.1,-9.4,62.6,204.5,186.2
2026-07-21,GEORSO_ESR1,QEDIS9,9.8,8.1,24.0,840.0,1603.0,8.3,11.3,0.4,55.1,204.5,186.2
2026-07-21,GIGA_ESS_ESR1,QSUE55,119.0,215.5,24.0,18228.0,31086.0,294.2,318.4,-26.1,1666.1,204.5,186.2
2026-07-21,GKS_BESS_ESR1,QTEN26,91.3,160.6,24.0,10405.0,23421.0,115.6,150.8,-6.4,364.2,204.5,186.2
2026-07-21,GOMZ_ESR1,QBEEP1,9.9,10.7,24.0,652.0,1680.0,8.4,9.7,0.5,136.9,204.5,186.2
2026-07-21,GOODWIN_ESR1,QTEN30,9.4,12.7,24.0,186.0,1833.0,3.0,1.9,-1.4,98.9,204.5,186.2
2026-07-21,GRDNE_ESR1,QBEEP1,9.9,10.7,24.0,639.0,1680.0,8.0,8.8,-0.2,140.5,204.5,186.2
2026-07-21,GRIZZLY_ESR1,QPRIO1,9.9,10.0,0.0,0.0,1857.0,0.0,-0.0,0.0,0.0,204.5,186.2
2026-07-21,GZ_ESR1,QTEN30,7.5,12.7,24.0,389.0,1885.0,5.0,5.4,-0.8,68.0,204.5,186.2
2026-07-21,HAMILTON_ESR1,QBEEP1,9.9,10.7,24.0,830.0,1680.0,9.5,5.1,-5.2,141.9,204.5,186.2
2026-07-21,HEADCAMP_ESR1,QTEN34,150.0,300.0,24.0,21577.0,41329.0,251.3,317.1,-4.9,0.0,204.5,186.2
2026-07-21,HEARN_RD_ESR1,QTEN30,9.4,12.7,24.0,1528.0,2003.0,12.6,14.2,-0.0,0.0,204.5,186.2
2026-07-21,HEIGHTTN_ESR1,QSUE74,9.9,8.3,24.0,569.0,1657.0,11.6,12.7,-1.8,61.7,204.5,186.2
2026-07-21,HEN_ESR1,QECNR,150.0,293.6,24.0,21090.0,40863.0,255.2,344.3,30.9,0.0,204.5,186.2
2026-07-21,HI_LONEB_ESR1,QENEL1,50.0,67.3,24.0,6344.0,11038.0,61.9,78.4,-1.8,156.4,204.5,186.2
2026-07-21,HLY_ESR1,QHEI1,102.2,172.9,24.0,12942.0,25713.0,110.8,160.9,-0.9,1441.4,204.5,186.2
2026-07-21,HLY_ESR2,QHEI1,101.8,167.9,24.0,12942.0,25267.0,110.7,160.3,0.5,1431.1,204.5,186.2
2026-07-21,HMNG_ESS_ESR1,QMEA8,99.9,222.0,24.0,15192.0,29034.0,184.5,226.1,-11.7,1335.7,204.5,186.2
2026-07-21,HOLCOMB_ESR1,QBEEP1,9.9,10.7,24.0,993.0,1680.0,8.8,3.3,-6.9,134.2,204.5,186.2
2026-07-21,HOUSEMTN_ESR1,QJPEM,60.0,127.5,24.0,7106.0,17071.0,106.0,140.0,4.3,811.0,204.5,186.2
2026-07-21,HRMS_SLR_ESR1,QTOT16,100.0,212.0,24.0,-615.0,28422.0,49.9,67.3,7.2,0.0,204.5,186.2
2026-07-21,HWY6_ESR1,QTEN26,9.9,24.7,24.0,2209.0,3044.0,25.1,28.6,0.1,0.0,204.5,186.2
2026-07-21,HYDR_ESS_ESR1,QSUE74,200.0,193.0,24.0,9897.0,36477.0,209.5,235.6,-11.1,982.1,204.5,186.2
2026-07-21,INDL_ESR1,QECNR,9.9,4.2,24.0,453.0,1027.0,3.3,4.8,0.3,0.0,204.5,186.2
2026-07-21,INRT_W_ESR1,QFPL32,12.8,43.7,24.0,2872.0,4605.0,41.5,53.7,-0.0,0.0,204.5,186.2
2026-07-21,JADE_SLR_ESR1,QIPLUM,78.1,139.9,21.0,14175.0,20287.0,148.3,163.6,7.9,170.6,204.5,186.2
2026-07-21,JADE_SLR_ESR2,QIPLUM,81.5,140.3,21.0,13539.0,20707.0,151.1,173.5,7.9,192.0,204.5,186.2
2026-07-21,JAG_SLR_ESR1,QLCRA,150.0,300.0,24.0,19509.0,41329.0,303.0,367.9,-5.7,1443.6,204.5,186.2
2026-07-21,JAG_SLR_ESR2,QMITS2,150.0,305.7,24.0,22054.0,41746.0,284.6,335.8,-8.5,0.0,204.5,186.2
2026-07-21,JAR_ESR1,QHEI1,147.0,264.0,24.0,16020.0,38231.0,165.0,221.2,11.1,2195.9,204.5,186.2
2026-07-21,JAR_ESR2,QHEI1,157.0,291.0,24.0,18210.0,41538.0,190.6,248.9,11.9,2303.4,204.5,186.2
2026-07-21,JDKNS_ESR1,QBEEP1,9.9,10.7,24.0,629.0,1680.0,8.1,9.7,0.8,139.1,204.5,186.2
2026-07-21,JOHNCI_ESR1,QLCRA,1.3,2.7,24.0,69.0,368.0,1.6,1.7,-0.2,0.0,204.5,186.2
2026-07-21,JUNCTION_ESR1,QBEEP1,9.9,10.7,24.0,615.0,1680.0,7.2,7.3,-0.7,136.3,204.5,186.2
2026-07-21,JUNORTH_ESR1,QTEN26,9.9,22.0,24.0,1839.0,2880.0,18.6,21.2,-1.6,0.0,204.5,186.2
2026-07-21,K0_ESR1,QSUE74,9.9,9.7,24.0,451.0,1691.0,11.4,13.0,-0.3,77.8,204.5,186.2
2026-07-21,KEG_ESR1,QEDF27,130.0,311.2,24.0,17489.0,39172.0,209.2,249.2,-1.3,0.0,204.5,186.2
2026-07-21,LANTANA_ESR1,QTEN26,10.0,20.1,24.0,1344.0,2667.0,25.6,23.0,-6.8,129.0,204.5,186.2
2026-07-21,LBRA_ESS_ESR1,QSUE48,200.0,200.0,24.0,5803.0,37309.0,177.5,255.8,25.4,1130.2,204.5,186.2
2026-07-21,LFSTH_ESR1,QBEEP1,9.9,10.7,24.0,623.0,1680.0,8.6,11.6,1.7,143.8,204.5,186.2
2026-07-21,LIGSW_ESR1,QPROLO,9.8,9.5,24.0,598.0,1585.0,7.3,10.1,-0.7,124.2,204.5,186.2
2026-07-21,LILY_ESR1,QENEL5,50.0,71.8,24.0,8443.0,11471.0,62.6,25.4,-41.3,335.6,204.5,186.2
2026-07-21,LK_ESR1,QPROLO,9.9,27.5,24.0,2133.0,3209.0,33.2,24.7,-9.6,0.0,204.5,186.2
2026-07-21,LMO_ESR1,QSHEL2,99.9,243.5,24.0,18774.0,30365.0,302.6,366.1,-1.4,906.9,204.5,186.2
2026-07-21,LONESTAR_ESR1,QBEEP1,9.9,10.7,24.0,671.0,1680.0,8.3,8.9,-0.5,136.3,204.5,186.2
2026-07-21,LON_ESR1,QTEN26,174.0,348.0,24.0,26337.0,48037.0,299.1,322.2,-45.6,1501.1,204.5,186.2
2026-07-21,LOWR_ESS_ESR1,QEDI10,60.0,117.5,24.0,4665.0,16348.0,68.2,109.0,28.3,632.3,204.5,186.2
2026-07-21,LUCKYBLU_ESR1,QBROO1,97.4,159.9,24.0,14627.0,24110.0,188.3,186.6,-40.1,769.2,204.5,186.2
2026-07-21,L_463S_ESR1,QSUE74,9.9,7.4,24.0,299.0,1417.0,11.7,13.2,-0.1,87.9,204.5,186.2
2026-07-21,L_FRESNO_ESR1,QTEN24,9.9,11.1,24.0,967.0,1691.0,6.5,0.1,-11.1,87.4,204.5,186.2
2026-07-21,MADERO_ESR1,QTEN25,100.0,244.9,24.0,20571.0,30465.0,203.2,137.0,-96.2,445.2,204.5,186.2
2026-07-21,MADERO_ESR2,QTEN25,100.0,258.0,24.0,21338.0,31255.0,214.6,147.7,-108.3,466.2,204.5,186.2
2026-07-21,MAGNO_TN_ESR1,QSUE74,8.3,6.5,24.0,302.0,1338.0,9.2,10.5,-0.3,60.3,204.5,186.2
2026-07-21,MAINLAND_ESR1,QBEEP1,9.9,10.7,24.0,396.0,1680.0,6.9,9.8,2.1,121.1,204.5,186.2
2026-07-21,MAYBERRY_ESR1,QTEN24,9.9,10.6,24.0,492.0,1641.0,3.0,0.2,-10.8,54.5,204.5,186.2
2026-07-21,MAYBERRY_ESR2,QTEN24,9.9,11.9,24.0,726.0,1764.0,4.7,0.2,-12.4,100.5,204.5,186.2
2026-07-21,MESQUITE_ESR1,QTEN26,9.9,21.8,21.3,2668.0,2823.0,21.5,2.5,-21.8,0.0,204.5,186.2
2026-07-21,MESQUITE_ESR2,QSYSO,9.9,19.5,24.0,-461.0,2561.0,0.1,20.6,-1.0,0.0,204.5,186.2
2026-07-21,MIDP_SLR_ESR1,QTEN26,50.0,100.0,24.0,3305.0,13779.0,76.8,110.7,17.7,404.2,204.5,186.2
2026-07-21,MIDWY_ESR1,QPROLO,9.9,10.5,24.0,1038.0,1693.0,10.0,10.9,-0.3,134.6,204.5,186.2
2026-07-21,MNWLE_ESR1,QBEEP1,9.9,10.7,24.0,697.0,1680.0,9.4,11.1,0.6,133.8,204.5,186.2
2026-07-21,MOORE_FL_ESR1,QTEN30,9.4,11.4,24.0,1286.0,1693.0,16.1,7.9,-11.0,152.5,204.5,186.2
2026-07-21,MUENSTER_ESR1,QTEN30,9.5,12.6,24.0,439.0,2077.0,5.7,10.4,0.2,27.0,204.5,186.2
2026-07-21,MUSTNGCK_ESR1,QENE10,71.0,112.1,24.0,13087.0,17216.0,112.2,93.0,-40.1,582.2,204.5,186.2
2026-07-21,MU_ESR1,QTEN26,9.9,19.5,24.0,1695.0,2705.0,15.8,18.4,0.6,128.2,204.5,186.2
2026-07-21,MV_VALV4_ESR1,QBEEP1,9.9,10.7,24.0,1078.0,1680.0,9.6,2.0,-8.9,140.4,204.5,186.2
2026-07-21,MYR_ESR1,QTOTL5,74.3,102.2,24.0,9479.0,16612.0,116.7,101.7,-31.6,741.0,204.5,186.2
2026-07-21,MYR_ESR2,QTOTL5,71.7,85.7,24.0,5909.0,14775.0,69.6,72.2,-0.0,556.9,204.5,186.2
2026-07-21,NCO_ESR1,QSHEL2,50.0,61.0,24.0,2358.0,10378.0,51.3,72.7,2.8,220.2,204.5,186.2
2026-07-21,NF_BRP_ESR1,QSUE74,100.5,107.9,24.0,2399.0,19488.0,54.5,87.2,-6.0,399.1,204.5,186.2
2026-07-21,NOBLESLR_ESR1,QNGREN,60.2,51.2,24.0,4458.0,10093.0,50.3,56.5,-0.5,341.5,204.5,186.2
2026-07-21,NOBLESLR_ESR2,QNGREN,62.5,54.4,24.0,4537.0,10701.0,53.9,61.1,-0.9,90.9,204.5,186.2
2026-07-21,NWF_ESR1,QDUKER,3.0,0.6,24.0,-282.0,178.0,1.3,8.5,-0.0,0.0,204.5,186.2
2026-07-21,N_ALAMO_ESR1,QTEN24,9.9,10.6,24.0,381.0,1641.0,2.3,0.2,-10.8,58.3,204.5,186.2
2026-07-21,N_MERCED_ESR1,QTEN24,9.9,10.7,24.0,750.0,1650.0,4.9,0.1,-11.2,70.5,204.5,186.2
2026-07-21,ODESW_ESR1,QSUE74,9.9,6.1,24.0,286.0,1236.0,9.8,10.8,-0.5,63.9,204.5,186.2
2026-07-21,PAD1_ESS_ESR1,QCPSE,50.0,122.0,24.0,8193.0,15205.0,78.2,73.5,-19.9,190.4,204.5,186.2
2026-07-21,PAD2_ESS_ESR2,QCPSE,150.0,600.0,12.3,-7970.0,57958.0,0.1,390.9,-222.1,89.7,204.5,186.2
2026-07-21,PALACIOS_ESR1,QTEN30,9.5,11.4,24.0,1043.0,1728.0,8.0,5.5,-5.1,131.2,204.5,186.2
2026-07-21,PALE_ESS_ESR1,QSUE74,200.0,202.5,24.0,11747.0,37557.0,235.6,258.1,-28.7,1019.1,204.5,186.2
2026-07-21,PALMVIEW_ESR1,QGRIDB,9.9,24.7,22.7,2766.0,2953.0,27.5,11.5,-17.6,0.0,204.5,186.2
2026-07-21,PAULN_ESR1,QBEEP1,9.9,10.7,24.0,643.0,1680.0,8.6,10.6,1.0,136.9,204.5,186.2
2026-07-21,PAVLOV_ESR1,QBEEP1,9.9,10.7,24.0,1017.0,1680.0,8.8,3.5,-8.1,138.8,204.5,186.2
2026-07-21,PAVO_ESS_ESR1,QSUE74,87.5,86.1,24.0,4010.0,16153.0,99.8,118.6,0.1,493.1,204.5,186.2
2026-07-21,PAVO_ESS_ESR2,QSUE74,87.5,81.9,24.0,4130.0,15659.0,96.1,112.4,-1.2,467.1,204.5,186.2
2026-07-21,PEARSALL_ESR1,QTEN26,9.9,19.8,24.0,1769.0,2537.0,15.1,15.1,-1.6,5.5,204.5,186.2
2026-07-21,PHO_ESR1,QENE15,150.0,219.7,23.1,29132.0,34838.0,215.5,63.8,-178.2,982.3,204.5,186.2
2026-07-21,PHO_ESR2,QENE15,150.0,251.3,23.1,30955.0,37548.0,241.0,52.8,-223.8,1122.6,204.5,186.2
2026-07-21,PINEFRST_ESR1,QTEN21,200.0,400.0,24.0,34305.0,55108.0,461.0,451.3,-78.6,447.2,204.5,186.2
2026-07-21,PIN_BESS_ESR1,QTEN34,177.1,400.0,15.1,39165.0,51860.0,342.8,158.1,-188.3,0.0,204.5,186.2
2026-07-21,PIRATE_ESR1,QTEN30,9.5,12.6,24.0,468.0,1936.0,8.7,8.3,-1.3,107.3,204.5,186.2
2026-07-21,PLATINUM_ESR1,QSUE80,148.3,323.4,24.0,21655.0,42716.0,364.7,351.4,-84.3,1180.9,204.5,186.2
2026-07-21,PLATINUM_ESR2,QSUE80,144.0,282.0,24.0,16259.0,39233.0,295.7,293.1,-71.7,1061.6,204.5,186.2
2026-07-21,POTEETS_ESR1,QBEEP1,9.9,10.7,24.0,863.0,1680.0,8.7,8.3,-2.3,118.8,204.5,186.2
2026-07-21,PRCRK_ESR1,QTEN24,9.9,13.1,24.0,820.0,1875.0,7.5,8.5,-0.1,41.8,204.5,186.2
2026-07-21,PUEBLO_ESR1,QSUE74,9.9,7.3,24.0,437.0,1408.0,9.9,10.4,0.0,74.7,204.5,186.2
2026-07-21,PUEBLO_ESR2,QSUE74,9.9,9.8,24.0,368.0,1697.0,9.1,11.3,-0.0,78.3,204.5,186.2
2026-07-21,PYOTE_ESR1,QJPEM,8.0,13.6,24.0,900.0,2047.0,11.9,13.6,-0.1,96.2,204.5,186.2
2026-07-21,PYR_ESR1,QECNR,9.9,4.2,24.0,453.0,1027.0,3.3,4.8,0.3,0.0,204.5,186.2
2026-07-21,PYR_ESR2,QECNR,13.7,13.6,24.0,1218.0,2543.0,11.0,13.8,0.3,18.3,204.5,186.2
2026-07-21,PYR_ESR3,QECNR,15.1,13.6,24.0,1345.0,2637.0,11.8,14.9,0.4,16.5,204.5,186.2
2026-07-21,QTUM_SLR_ESR1,QTEN33,160.0,320.0,24.0,33325.0,44084.0,327.0,354.7,-22.9,0.0,204.5,186.2
2026-07-21,QTUM_SLR_ESR2,QTEN33,160.0,320.0,24.0,31149.0,44084.0,312.3,346.9,-17.1,0.0,204.5,186.2
2026-07-21,QUEEN_BA_ESR1,QENEL2,48.1,53.5,24.0,3650.0,9313.0,38.8,59.6,0.3,202.1,204.5,186.2
2026-07-21,RADN_SLR_ESR1,QIPRAD,75.7,134.3,24.0,15232.0,19556.0,137.1,161.0,-0.1,631.9,204.5,186.2
2026-07-21,RADN_SLR_ESR2,QIPRAD,81.9,150.2,24.0,16780.0,21544.0,153.7,179.4,-0.1,659.4,204.5,186.2
2026-07-21,RBN_ESR1,QTEN19,100.0,18.2,22.8,5792.0,5020.0,101.2,119.6,0.0,303.2,204.5,186.2
2026-07-21,RHA_ESR1,QTEN19,200.0,406.2,24.0,36103.0,55560.0,379.6,470.6,-19.2,0.0,204.5,186.2
2026-07-21,RIO_GRAN_ESR1,QTEN24,9.9,9.8,24.0,903.0,1564.0,6.5,0.2,-10.3,69.6,204.5,186.2
2026-07-21,ROSELAND_ESR1,QENEL9,50.0,85.8,24.0,9054.0,12675.0,78.3,87.9,-11.7,357.5,204.5,186.2
2026-07-21,RPUBRDS_ESR1,QSHEL2,50.0,59.7,24.0,4400.0,10293.0,74.6,91.9,-3.1,209.4,204.5,186.2
2026-07-21,RRANCHES_ESR1,QSUE51,150.0,345.8,24.0,21233.0,44377.0,304.3,266.2,-117.0,1545.1,204.5,186.2
2026-07-21,RRANCHES_ESR2,QSUE51,150.0,345.0,24.0,18821.0,44327.0,278.6,270.1,-116.3,1357.3,204.5,186.2
2026-07-21,RRC_WIND_ESR1,QFPL35,75.0,225.0,24.0,21887.0,25260.0,241.9,279.6,0.0,0.0,204.5,186.2
2026-07-21,RRC_WIND_ESR2,QFPL35,75.0,225.0,24.0,22723.0,25260.0,252.2,290.9,-0.8,0.0,204.5,186.2
2026-07-21,RTLSNAKE_ESR1,QBEEP1,9.9,10.7,24.0,677.0,1680.0,8.3,8.7,-0.8,136.3,204.5,186.2
2026-07-21,RUSSEKST_ESR1,QBEEP1,9.9,10.7,24.0,589.0,1680.0,7.9,9.1,-0.3,143.8,204.5,186.2
2026-07-21,RVRVLYS_ESR1,QSHEL2,50.0,114.3,24.0,6852.0,14734.0,116.5,132.9,-22.2,667.5,204.5,186.2
2026-07-21,RVRVLYS_ESR2,QSHEL2,50.0,114.3,24.0,7114.0,14734.0,117.2,124.3,-22.5,674.5,204.5,186.2
2026-07-21,SADLBACK_ESR1,QBEEP1,9.9,10.7,24.0,660.0,1680.0,8.2,8.7,-0.4,137.3,204.5,186.2
2026-07-21,SANDLAKE_ESR1,QBEEP1,9.9,10.7,24.0,665.0,1680.0,8.4,9.3,0.1,138.2,204.5,186.2
2026-07-21,SBEAN_ESR1,QBEEP1,9.9,10.7,24.0,655.0,1680.0,8.3,9.4,-0.5,136.9,204.5,186.2
2026-07-21,SEVNF_ES_ESR1,QTEN37,100.0,238.2,24.0,16102.0,30058.0,156.8,85.9,-101.1,210.0,204.5,186.2
2026-07-21,SE_EDINB_ESR1,QGRIDB,9.9,23.6,22.7,2326.0,2873.0,21.6,7.8,-19.5,0.0,204.5,186.2
2026-07-21,SGAL_BES_ESR1,QJPEM,100.0,202.9,24.0,7453.0,27765.0,188.4,187.6,-41.4,1594.3,204.5,186.2
2026-07-21,SGAL_BES_ESR2,QJPEM2,97.6,202.8,24.0,7288.0,27447.0,183.3,170.8,-38.2,1603.5,204.5,186.2
2026-07-21,SGSA_ESR1,QAMA1,6.9,15.6,24.0,917.0,2015.0,8.2,9.4,-0.0,7.4,204.5,186.2
2026-07-21,SHAMROCK_ESR1,QFPL40,99.3,297.9,24.0,28955.0,33444.0,314.7,359.0,0.0,0.0,204.5,186.2
2026-07-21,SHEEPCRK_ESR1,QSUE70,135.0,172.9,24.0,7587.0,28950.0,196.7,262.1,1.3,877.3,204.5,186.2
2026-07-21,SLCNHLS_ESR1,QSHEL2,50.0,58.6,24.0,2483.0,10185.0,51.9,66.2,-4.6,233.5,204.5,186.2
2026-07-21,SLCNHLS_ESR2,QSHEL2,50.0,59.9,24.0,2973.0,10314.0,54.7,73.5,-1.7,244.5,204.5,186.2
2026-07-21,SLK_BESS_ESR1,QTEN34,200.0,400.0,24.0,40758.0,55106.0,351.2,271.4,-119.7,0.0,204.5,186.2
2026-07-21,SMTH_ESS_ESR1,QSUE77,125.0,246.1,24.0,23654.0,34153.0,256.6,295.6,-1.1,1665.5,204.5,186.2
2026-07-21,SOLC_SLR_ESR1,QTEN33,160.0,320.0,24.0,32595.0,44084.0,336.9,382.7,-11.8,0.0,204.5,186.2
2026-07-21,SOLC_SLR_ESR2,QTEN33,160.0,320.0,24.0,32727.0,44084.0,334.2,379.3,-12.0,0.0,204.5,186.2
2026-07-21,SPTX12B_ESR1,QEDIS9,22.3,18.5,24.0,1337.0,3674.0,18.5,23.1,-0.2,149.4,204.5,186.2
2026-07-21,SP_ESR1,QTEN26,9.9,19.5,14.6,-415.0,2597.0,0.1,17.4,18.1,38.8,204.5,186.2
2026-07-21,STADIUM_ESR1,QTEN26,9.9,15.0,21.1,2052.0,2343.0,17.0,10.9,-6.7,0.0,204.5,186.2
2026-07-21,STAM_SLR_ESR1,QENE12,70.0,124.7,24.0,8886.0,18125.0,74.7,87.2,2.9,543.6,204.5,186.2
2026-07-21,STRG_SLR_ESR1,QECNR,95.0,193.4,24.0,19541.0,26436.0,163.7,191.1,-1.1,0.0,204.5,186.2
2026-07-21,SUNVASLR_ESR1,QSUE38,53.3,53.2,24.0,2210.0,9937.0,34.5,46.9,-1.4,258.8,204.5,186.2
2026-07-21,SUNVASLR_ESR2,QSUE38,46.7,46.8,24.0,1986.0,8717.0,33.1,47.2,-1.0,243.0,204.5,186.2
2026-07-21,SWEENY_ESR1,QSUE74,9.9,9.3,24.0,451.0,1644.0,11.9,12.3,-1.3,86.0,204.5,186.2
2026-07-21,SWOOSEII_ESR1,QMEA5,100.0,184.7,24.0,10912.0,26404.0,128.9,172.2,4.1,1259.6,204.5,186.2
2026-07-21,SWTWR_ESR1,QTEN26,8.6,19.4,24.0,627.0,2469.0,8.0,15.0,6.3,61.0,204.5,186.2
2026-07-21,S_SNROSA_ESR1,QTEN24,9.9,10.9,24.0,860.0,1671.0,6.7,4.9,-6.9,60.8,204.5,186.2
2026-07-21,TBWF_ESS_ESR1,QTEN29,150.0,342.6,24.0,17419.0,44177.0,218.1,152.9,-166.0,212.6,204.5,186.2
2026-07-21,TDWLPR_1_ESR1,QMEA6,100.0,226.7,24.0,16702.0,29345.0,194.0,211.1,-19.7,1268.4,204.5,186.2
2026-07-21,TDWLPR_1_ESR2,QMEA6,100.0,223.6,24.0,16329.0,29153.0,189.8,212.0,-17.8,1230.7,204.5,186.2
2026-07-21,TNFS_ESR1,QSYSO,9.9,18.0,24.0,1185.0,2592.0,25.9,28.4,-0.5,65.4,204.5,186.2
2026-07-21,TORT_ESS_ESR1,QSUE74,50.0,40.5,23.7,2210.0,8195.0,52.0,60.8,0.1,204.9,204.5,186.2
2026-07-21,TSECA_ES_ESR1,QTEN36,100.0,238.2,24.0,15015.0,30058.0,177.7,162.7,-50.9,585.5,204.5,186.2
2026-07-21,TURQBESS_ESR1,QHEI3,190.0,361.0,24.0,30912.0,50958.0,274.4,332.0,14.6,2880.8,204.5,186.2
2026-07-21,TV_ESR1,QAETE1,10.0,22.4,24.0,822.0,2918.0,11.0,16.0,4.5,131.7,204.5,186.2
2026-07-21,TYNAN_ESR1,QBEEP1,9.9,10.7,24.0,1001.0,1680.0,9.0,4.0,-5.9,138.3,204.5,186.2
2026-07-21,UTOPIA_ESR1,QTEN30,9.9,12.7,24.0,1102.0,2073.0,12.4,13.9,-0.0,0.0,204.5,186.2
2026-07-21,VERT_ESS_ESR1,QNRGTX,150.2,256.0,23.8,-1800.0,37959.0,139.2,189.5,-22.5,0.0,204.5,186.2
2026-07-21,VORTEX_ESR1,QENEL8,121.8,194.0,24.0,20749.0,29668.0,175.4,213.0,0.0,477.1,204.5,186.2
2026-07-21,WAL_ESR1,QSUE92,200.0,398.4,24.0,42686.0,54988.0,573.2,643.1,-6.9,3537.2,204.5,186.2
2026-07-21,WCOLLOCL_ESR1,QHABIT,8.4,3.1,24.0,-31.0,770.0,0.0,1.3,0.6,102.2,204.5,186.2
2026-07-21,WEIL_TRC_ESR1,QBEEP1,9.9,10.7,24.0,1022.0,1680.0,9.1,2.5,-9.1,140.0,204.5,186.2
2026-07-21,WFTANK_ESR1,QTEN28,150.0,169.5,24.0,13176.0,30031.0,271.7,234.9,-92.9,2169.9,204.5,186.2
2026-07-21,WIG_ESS_ESR1,QHEI1,120.0,187.0,24.0,16305.0,28894.0,141.7,194.9,-4.0,1605.2,204.5,186.2
2026-07-21,WOVER_ESR1,QTEN26,5.2,12.8,24.0,789.0,1589.0,9.0,13.1,2.4,26.1,204.5,186.2
2026-07-21,WR_ESR1,QAETEL,9.9,22.4,24.0,1625.0,2901.0,17.3,19.0,-1.3,117.5,204.5,186.2
2026-07-21,W_HARLIN_ESR1,QTEN24,9.9,10.6,24.0,731.0,1641.0,5.5,3.9,-7.4,55.2,204.5,186.2
2026-07-21,X4_ESR1,QCPSE,9.0,8.5,24.0,506.0,1619.0,6.0,8.2,0.4,2.4,204.5,186.2
2026-07-21,Z0_ESR1,QTEN26,9.9,4.5,24.0,-458.0,924.0,8.0,13.2,-6.6,0.0,204.5,186.2
2026-07-21,ZAPATA_ESR1,QSUE74,9.9,9.4,24.0,487.0,1657.0,12.7,11.8,-2.9,100.2,204.5,186.2
2026-07-21,ZAPATA_ESR2,QSUE74,9.9,9.5,24.0,337.0,1663.0,8.9,8.0,-1.5,77.0,204.5,186.2
2026-07-21,ZIER_SLR_ESR1,QTEN19,30.0,67.8,24.0,5853.0,8790.0,63.8,71.6,-10.0,240.9,204.5,186.2
2026-07-20,ABINDUST_ESR1,QMP2M1,9.9,25.9,24.0,890.0,1250.0,24.0,30.9,4.2,12.0,155.8,137.9
2026-07-20,ADL_ESR1,QTEN26,60.0,56.6,24.0,3767.0,4475.0,59.9,78.5,-0.2,577.9,155.8,137.9
2026-07-20,AE_ESR1,QTEN26,9.9,19.1,24.0,1001.0,1081.0,17.2,13.9,-5.1,135.6,155.8,137.9
2026-07-20,ALAMO_ST_ESR1,QSYSO,9.9,17.6,24.0,62.0,1038.0,12.5,21.2,7.0,51.3,155.8,137.9
2026-07-20,ALP_BESS_ESR1,QHEI1,100.3,165.8,24.0,5680.0,10105.0,120.2,157.8,-2.0,1532.6,155.8,137.9
2026-07-20,ALVIN_ESR1,QSUE74,8.3,5.5,24.0,50.0,497.0,6.5,8.0,0.2,47.5,155.8,137.9
2026-07-20,ANCHOR_ESR1,QENE11,34.7,43.3,24.0,1374.0,3005.0,29.2,38.7,0.4,284.1,155.8,137.9
2026-07-20,ANCHOR_ESR2,QENE11,33.5,48.0,24.0,1595.0,3128.0,31.9,38.7,-2.9,294.4,155.8,137.9
2026-07-20,ANDMDSLR_ESR1,QIPLU2,81.5,144.6,24.0,7075.0,8532.0,147.8,155.2,-3.2,849.6,155.8,137.9
2026-07-20,ANDMDSLR_ESR2,QIPLU2,78.1,144.5,24.0,6789.0,8353.0,147.8,160.8,0.4,848.3,155.8,137.9
2026-07-20,ANEM_ESS_ESR1,QSUE53,200.0,456.5,22.7,6627.0,23815.0,342.5,428.8,5.7,1680.2,155.8,137.9
2026-07-20,ANGLETON_ESR1,QSUE74,9.9,8.3,24.0,145.0,684.0,12.5,14.9,0.4,80.2,155.8,137.9
2026-07-20,ANG_SLR_ESR1,QTEN26,100.0,202.9,24.0,8332.0,11216.0,157.8,199.6,-10.3,618.2,155.8,137.9
2026-07-20,ANOL_ESS_ESR1,QESVE1,240.0,486.2,24.0,22244.0,26897.0,591.4,757.9,32.0,1209.6,155.8,137.9
2026-07-20,ANTL_ESS_ESR1,QSU100,70.0,164.1,24.0,4396.0,8441.0,127.5,178.1,21.3,392.6,155.8,137.9
2026-07-20,ARY_BESS_ESR1,QTEN32,180.0,180.0,24.0,-311.0,13943.0,0.0,10.5,-2.9,0.0,155.8,137.9
2026-07-20,AVIL_ESS_ESR1,QSU100,160.0,372.5,24.0,3972.0,19234.0,334.4,425.1,29.0,1466.1,155.8,137.9
2026-07-20,AZURE_ESR1,QENEL6,77.6,127.9,24.0,2507.0,7807.0,81.2,148.7,33.0,389.4,155.8,137.9
2026-07-20,BATCAVE_ESR1,QSUE74,100.5,106.6,24.0,545.0,8010.0,50.5,87.4,2.9,291.9,155.8,137.9
2026-07-20,BAY_CITY_ESR1,QTEN24,9.9,7.3,24.0,11.0,595.0,0.6,4.2,3.2,41.9,155.8,137.9
2026-07-20,BCK_ESR1,QHEI5,123.5,304.2,24.0,-7069.0,15243.0,1.1,328.2,269.8,0.0,155.8,137.9
2026-07-20,BCK_ESR2,QHEI5,126.5,313.6,24.0,-8205.0,15660.0,1.2,328.0,271.7,0.0,155.8,137.9
2026-07-20,BCNV_ESS_ESR1,QSHE11,150.0,300.0,24.0,13904.0,16697.0,246.4,202.7,-86.2,1216.7,155.8,137.9
2026-07-20,BELD_ESR1,QJPEM,5.0,7.6,24.0,167.0,487.0,6.2,7.5,0.0,35.8,155.8,137.9
2026-07-20,BEXAR_ES_ESR1,QTEN32,100.0,100.0,14.4,-298.0,7746.0,47.4,63.6,-1.6,762.4,155.8,137.9
2026-07-20,BIG_STAR_ESR1,QECNR,80.0,108.0,24.0,5104.0,7224.0,109.9,128.6,-0.3,0.0,155.8,137.9
2026-07-20,BKSL_ESS_ESR1,QESVE2,100.0,212.4,24.0,8431.0,11479.0,193.7,226.6,14.7,435.3,155.8,137.9
2026-07-20,BLACKSPR_ESR1,QBROO2,120.0,251.4,24.0,7735.0,13678.0,197.7,313.7,49.0,805.0,155.8,137.9
2026-07-20,BLSUMMIT_ESR1,QFPL12,27.7,9.7,24.0,26.0,1176.0,5.2,9.7,-0.1,0.0,155.8,137.9
2026-07-20,BLSUMMIT_ESR2,QFPL48,150.0,450.0,24.0,19638.0,20324.0,483.4,558.5,0.0,0.0,155.8,137.9
2026-07-20,BLUEJAY_ESR1,QENEL7,50.0,86.1,24.0,2215.0,5152.0,52.2,98.2,24.6,291.2,155.8,137.9
2026-07-20,BLVN_SLR_ESR1,QSHEL8,180.0,360.0,23.9,15877.0,20037.0,340.1,448.8,8.2,846.7,155.8,137.9
2026-07-20,BOCO_ESS_ESR1,QTEN28,150.0,365.0,24.0,11699.0,18408.0,283.8,393.5,52.1,1974.8,155.8,137.9
2026-07-20,BRAZORIA_ESR1,QSUE74,9.9,9.7,24.0,113.0,755.0,10.2,12.2,0.3,58.8,155.8,137.9
2026-07-20,BR_ARROW_ESR1,QECNR,48.3,93.5,24.0,4328.0,5286.0,88.8,99.8,-1.5,74.2,155.8,137.9
2026-07-20,BR_ARROW_ESR2,QECNR,51.7,100.4,24.0,4814.0,5667.0,86.1,99.9,0.6,0.0,155.8,137.9
2026-07-20,BUDA_ESR1,QTEN26,9.9,24.7,24.0,865.0,1229.0,21.2,24.0,-0.3,0.0,155.8,137.9
2026-07-20,BYP_ESR1,QEXELO,199.6,465.0,24.0,25833.0,24001.0,512.5,152.0,-416.8,0.0,155.8,137.9
2026-07-20,BYRDR_ES_ESR1,QHABIT,50.0,56.4,24.0,2281.0,4109.0,43.4,52.3,0.3,602.5,155.8,137.9
2026-07-20,CACH_ESS_ESR1,QSU100,200.0,470.5,24.0,15531.0,24160.0,423.4,531.7,27.4,979.8,155.8,137.9
2026-07-20,CAMWIND_ESR1,QTEN26,16.4,33.2,17.4,-313.0,1836.0,24.1,28.4,-0.9,108.8,155.8,137.9
2026-07-20,CARA_ESS_ESR1,QHEI8,98.3,196.7,24.0,5762.0,10945.0,144.5,169.1,-8.2,1596.7,155.8,137.9
2026-07-20,CARN_ESS_ESR1,QSU100,150.0,343.8,24.0,2962.0,17898.0,395.6,500.7,46.3,1483.2,155.8,137.9
2026-07-20,CARRIZO_ESR1,QTEN30,9.7,12.6,24.0,254.0,859.0,11.5,13.8,1.3,83.9,155.8,137.9
2026-07-20,CARTWHL_ESR1,QECNR,150.0,283.3,24.0,14685.0,16210.0,274.4,323.5,-0.1,0.0,155.8,137.9
2026-07-20,CASL_GAP_ESR1,QLUMN1,3.9,4.3,24.0,272.0,319.0,4.7,5.7,-0.0,0.0,155.8,137.9
2026-07-20,CAST_ESS_ESR1,QSUE79,200.0,442.6,24.0,13561.0,23440.0,401.1,565.4,74.6,942.0,155.8,137.9
2026-07-20,CATARINA_ESR1,QBEEP1,9.9,10.7,24.0,201.0,751.0,3.3,0.6,-3.4,164.0,155.8,137.9
2026-07-20,CEDRVALE_ESR1,QBEEP1,9.9,10.7,24.0,427.0,751.0,7.6,6.6,-2.5,132.9,155.8,137.9
2026-07-20,CHERRYCR_ESR1,QBEEP1,9.9,10.7,24.0,431.0,765.0,8.1,8.2,-1.9,130.2,155.8,137.9
2026-07-20,CHIL_SLR_ESR1,QSUE88,150.0,310.6,24.0,9044.0,16997.0,289.5,329.6,-31.2,840.4,155.8,137.9
2026-07-20,CISC_ESR1,QBEEP1,9.9,10.7,24.0,392.0,751.0,6.7,5.7,-3.5,137.0,155.8,137.9
2026-07-20,CITRUSCY_ESR1,QPROLO,9.9,21.0,24.0,-219.0,1056.0,0.4,12.0,10.7,150.4,155.8,137.9
2026-07-20,CLO_ESR1,QMEA1,100.0,201.9,24.0,6094.0,11188.0,187.7,211.2,-24.1,1440.8,155.8,137.9
2026-07-20,CLO_ESR2,QMEA1,100.0,187.1,24.0,5720.0,10756.0,175.3,206.2,-14.7,1353.8,155.8,137.9
2026-07-20,CNLY_ESS_ESR1,QSUE76,121.3,225.0,24.0,8431.0,12991.0,299.7,354.0,16.9,1986.7,155.8,137.9
2026-07-20,CNTRY_ESR1,QPROLO,6.0,13.5,24.0,87.0,685.0,6.2,16.9,0.8,56.0,155.8,137.9
2026-07-20,CNTYRDS_ESR1,QTEN26,9.9,24.7,24.0,1121.0,1214.0,28.5,20.5,-10.0,0.0,155.8,137.9
2026-07-20,CORALSLR_ESR1,QNGRE1,47.5,58.3,24.0,2705.0,4082.0,56.8,57.7,1.2,519.4,155.8,137.9
2026-07-20,CORALSLR_ESR2,QNGRE1,51.4,58.3,24.0,2539.0,4240.0,55.0,64.3,3.5,526.2,155.8,137.9
2026-07-20,CORAZON_ESR1,QHEI4,200.0,223.6,24.0,4530.0,16364.0,139.8,194.8,2.9,2646.8,155.8,137.9
2026-07-20,COTULLA_ESR1,QGRIDB,2.5,24.4,19.0,-135.0,421.0,9.9,23.0,14.3,0.0,155.8,137.9
2026-07-20,COYOTSPR_ESR1,QBEEP1,9.9,10.7,24.0,416.0,751.0,7.2,6.2,-2.2,132.6,155.8,137.9
2026-07-20,CROSSETT_ESR1,QJPEM1,99.9,101.5,24.0,5706.0,7798.0,86.9,100.3,-3.0,703.6,155.8,137.9
2026-07-20,CROSSETT_ESR2,QJPEM1,99.8,101.6,24.0,5655.0,7798.0,88.3,100.9,-5.9,748.3,155.8,137.9
2026-07-20,CROSSTRL_ESR1,QGRIE4,57.0,113.8,24.0,4633.0,6339.0,81.7,99.4,-0.8,147.9,155.8,137.9
2026-07-20,CR_ESR1,QPROLO,9.8,9.4,23.9,491.0,707.0,16.2,19.9,0.4,51.1,155.8,137.9
2026-07-20,CS_ESR1,QTEN26,7.0,14.3,24.0,677.0,778.0,13.3,14.9,0.0,81.8,155.8,137.9
2026-07-20,CTW_ESR1,QTOTL5,150.0,193.6,13.7,9902.0,13222.0,186.6,239.8,6.9,504.8,155.8,137.9
2026-07-20,DAN_ESR1,QTOTL4,75.3,102.2,24.0,403.0,6818.0,110.9,129.8,-2.1,344.8,155.8,137.9
2026-07-20,DAN_ESR2,QTOTL4,71.7,102.4,24.0,285.0,6676.0,110.2,130.9,-0.2,324.4,155.8,137.9
2026-07-20,DA_ESR1,QSHE16,4.0,9.7,24.0,364.0,491.0,8.4,9.5,0.4,1.8,155.8,137.9
2026-07-20,DCSES_ESR1,QLUMN,66.5,66.4,24.0,2157.0,5148.0,31.2,48.7,-0.5,261.9,155.8,137.9
2026-07-20,DCSES_ESR2,QLUMN,66.5,66.4,24.0,2132.0,5148.0,31.1,49.2,-0.3,258.8,155.8,137.9
2026-07-20,DCSES_ESR3,QLUMN,63.5,63.4,24.0,2041.0,4915.0,29.7,47.0,-0.7,246.0,155.8,137.9
2026-07-20,DCSES_ESR4,QLUMN,63.5,63.4,24.0,2065.0,4915.0,29.8,45.8,-1.7,244.6,155.8,137.9
2026-07-20,DESN_ESS_ESR1,QSUE79,200.0,465.9,24.0,16832.0,24049.0,433.1,524.2,8.3,789.8,155.8,137.9
2026-07-20,DGFS_ESR_ESR1,QTEN26,75.0,64.0,24.0,4148.0,5242.0,56.3,46.0,-28.8,167.3,155.8,137.9
2026-07-20,DIBOL_ESR1,QBEEP1,9.9,10.7,24.0,399.0,751.0,6.8,5.9,-3.9,134.3,155.8,137.9
2026-07-20,DICKNSON_ESR1,QSUE74,9.9,5.6,24.0,72.0,542.0,7.4,9.1,0.2,62.8,155.8,137.9
2026-07-20,DKNS_ESS_ESR1,QSUE74,50.0,49.9,24.0,522.0,3870.0,79.8,100.4,6.5,313.7,155.8,137.9
2026-07-20,DKNS_ESS_ESR2,QSUE74,50.0,50.0,24.0,539.0,3875.0,80.8,101.8,6.8,316.2,155.8,137.9
2026-07-20,DKNS_ESS_ESR3,QSUE74,50.0,50.1,24.0,548.0,3876.0,80.4,100.5,6.0,317.9,155.8,137.9
2026-07-20,DKNS_ESS_ESR4,QSUE74,50.0,47.3,24.0,559.0,3732.0,78.4,96.0,4.5,312.7,155.8,137.9
2026-07-20,DPCRK_ESR1,QTEN26,4.1,7.0,24.0,271.0,421.0,6.7,8.3,-0.1,0.0,155.8,137.9
2026-07-20,DSWL_ESS_ESR1,QPHIL3,150.0,317.3,24.0,12645.0,17183.0,303.7,386.5,3.1,981.6,155.8,137.9
2026-07-20,EBNY_ESS_ESR1,QSUE52,200.0,458.5,23.0,231.0,23867.0,169.7,381.4,157.2,1844.9,155.8,137.9
2026-07-20,ELMCRK_ESR1,QMP2M1,9.9,25.9,24.0,1090.0,1217.0,24.4,23.8,-2.8,14.4,155.8,137.9
2026-07-20,ELM_ST_ESR1,QTEN26,9.9,24.7,24.0,1081.0,1219.0,27.6,20.2,-9.4,0.0,155.8,137.9
2026-07-20,ELM_ST_ESR2,QSYSO,9.9,18.0,24.0,939.0,1050.0,17.8,19.9,0.2,35.3,155.8,137.9
2026-07-20,ELSA_ESR1,QTEN24,9.9,10.6,24.0,4.0,737.0,0.2,0.1,0.0,75.8,155.8,137.9
2026-07-20,ELZA_SLR_ESR1,QENE16,100.0,133.9,24.0,4001.0,8990.0,84.4,135.4,-0.8,1052.2,155.8,137.9
2026-07-20,EMPCT_ESR1,QTEN24,9.9,8.6,24.0,369.0,653.0,6.1,7.7,1.3,26.0,155.8,137.9
2026-07-20,ENDPARKS_ESR1,QGRIE4,50.0,102.4,24.0,3539.0,5632.0,131.9,150.1,-8.3,554.8,155.8,137.9
2026-07-20,ESCONDID_ESR1,QTEN30,9.4,12.7,24.0,-16.0,791.0,0.0,0.6,1.7,0.0,155.8,137.9
2026-07-20,ESTONIAN_ESR1,QENE14,101.6,157.0,24.0,8617.0,9880.0,158.5,175.1,-0.1,450.5,155.8,137.9
2026-07-20,EUNICE_ESR1,QTENSK,22.0,20.0,24.0,939.0,1544.0,15.7,21.9,-0.1,154.3,155.8,137.9
2026-07-20,EVLN_ESS_ESR1,QSHE15,198.0,281.7,24.0,8076.0,18386.0,229.6,354.5,60.0,0.0,155.8,137.9
2026-07-20,E_HARRIS_ESR1,QTEN26,9.9,20.0,24.0,33.0,1042.0,13.0,19.2,3.7,141.8,155.8,137.9
2026-07-20,FALFUR_ESR2,QTEN30,9.4,12.6,24.0,19.0,767.0,4.7,5.8,0.1,117.6,155.8,137.9
2026-07-20,FAULKNER_ESR1,QBEEP1,9.9,10.7,24.0,404.0,751.0,7.1,6.5,-2.8,133.7,155.8,137.9
2026-07-20,FENCESLR_ESR1,QENE13,65.3,107.4,24.0,3591.0,6562.0,62.1,72.0,1.1,578.4,155.8,137.9
2026-07-20,FERD_ESS_ESR1,QCPSE,200.0,950.0,24.0,21306.0,30777.0,662.0,804.8,54.7,877.5,155.8,137.9
2026-07-20,FIVEWSLR_ESR1,QSUE61,220.0,250.0,24.0,6485.0,18150.0,197.0,257.9,5.9,876.7,155.8,137.9
2026-07-20,FLAT_TOP_ESR1,QSHEL2,9.2,14.2,24.0,687.0,893.0,11.4,14.2,0.6,38.3,155.8,137.9
2026-07-20,FLAT_TOP_ESR2,QJPEM,9.9,15.8,24.0,752.0,979.0,12.6,15.3,0.2,61.4,155.8,137.9
2026-07-20,FLOWERII_ESR1,QJPEM,99.8,195.8,24.0,8373.0,10998.0,146.9,170.4,0.4,754.0,155.8,137.9
2026-07-20,FORTMA_ESR1,QTEN30,10.0,12.6,24.0,396.0,870.0,7.1,11.7,3.4,57.9,155.8,137.9
2026-07-20,FRMRSVLW_ESR1,QBEEP1,9.9,10.7,24.0,430.0,751.0,7.3,5.7,-2.7,138.0,155.8,137.9
2026-07-20,FRMRSVLW_ESR2,QTEN26,6.0,14.7,24.0,462.0,738.0,9.6,13.3,1.9,56.4,155.8,137.9
2026-07-20,FTDUNCAN_ESR1,QTEN26,100.0,206.5,24.0,5826.0,11318.0,132.8,204.2,35.0,1745.2,155.8,137.9
2026-07-20,GAIA_SLR_ESR1,QTEN26,75.0,150.0,24.0,4642.0,8349.0,141.5,169.4,1.8,294.8,155.8,137.9
2026-07-20,GAMBIT_ESR1,QSUE23,100.0,146.7,24.0,3894.0,9437.0,89.4,158.1,34.6,655.5,155.8,137.9
2026-07-20,GARCENO_ESR1,QTEN24,9.9,9.9,24.0,2.0,713.0,0.2,0.1,-0.0,65.2,155.8,137.9
2026-07-20,GEORSO_ESR1,QEDIS9,9.8,8.1,21.4,86.0,666.0,9.4,12.3,-0.1,30.9,155.8,137.9
2026-07-20,GIGA_ESS_ESR1,QSUE55,122.8,216.1,24.0,9116.0,12799.0,196.0,249.2,16.8,1831.5,155.8,137.9
2026-07-20,GKS_BESS_ESR1,QTEN26,87.2,158.8,24.0,1116.0,9240.0,102.2,152.8,6.7,415.7,155.8,137.9
2026-07-20,GOMZ_ESR1,QBEEP1,9.9,10.7,24.0,427.0,751.0,7.4,6.1,-2.6,133.0,155.8,137.9
2026-07-20,GOODWIN_ESR1,QTEN30,9.5,12.7,24.0,-79.0,795.0,1.8,5.8,1.8,85.5,155.8,137.9
2026-07-20,GRDNE_ESR1,QBEEP1,9.9,10.7,24.0,406.0,751.0,7.0,5.7,-2.1,139.7,155.8,137.9
2026-07-20,GRIZZLY_ESR1,QPRIO1,9.9,10.0,0.0,0.0,771.0,0.0,-0.0,0.0,0.0,155.8,137.9
2026-07-20,GZ_ESR1,QTEN30,9.0,12.7,24.0,186.0,831.0,6.9,12.2,1.9,73.9,155.8,137.9
2026-07-20,HAMILTON_ESR1,QBEEP1,9.9,10.7,24.0,180.0,751.0,3.7,6.5,2.2,144.2,155.8,137.9
2026-07-20,HEADCAMP_ESR1,QTEN34,150.0,300.0,24.0,6023.0,16697.0,253.6,290.1,-14.8,0.0,155.8,137.9
2026-07-20,HEARN_RD_ESR1,QTEN30,9.8,12.7,24.0,347.0,852.0,13.5,15.6,0.0,0.0,155.8,137.9
2026-07-20,HEIGHTTN_ESR1,QSUE74,9.9,8.2,24.0,179.0,681.0,7.7,9.3,0.2,45.6,155.8,137.9
2026-07-20,HEN_ESR1,QECNR,150.0,14.9,24.0,-840.0,2211.0,3.0,34.8,-20.5,0.0,155.8,137.9
2026-07-20,HI_LONEB_ESR1,QENEL1,50.0,65.5,24.0,2682.0,4442.0,97.8,106.9,-2.3,329.9,155.8,137.9
2026-07-20,HLY_ESR1,QHEI1,102.2,172.9,24.0,4782.0,10426.0,117.3,152.7,-6.3,1733.4,155.8,137.9
2026-07-20,HLY_ESR2,QHEI1,101.8,167.9,24.0,4945.0,10247.0,117.4,144.6,-9.2,1733.5,155.8,137.9
2026-07-20,HMNG_ESS_ESR1,QMEA8,99.8,222.0,24.0,8341.0,11727.0,184.4,224.2,-0.4,1514.3,155.8,137.9
2026-07-20,HOLCOMB_ESR1,QBEEP1,9.9,10.7,24.0,-56.0,751.0,2.6,9.9,6.5,133.0,155.8,137.9
2026-07-20,HOUSEMTN_ESR1,QJPEM,60.0,127.5,24.0,4357.0,6889.0,103.5,120.8,-8.4,662.9,155.8,137.9
2026-07-20,HRMS_SLR_ESR1,QTOT16,100.0,200.5,24.0,28.0,11146.0,145.9,141.2,25.8,0.0,155.8,137.9
2026-07-20,HV_ESR1,QTEN30,9.0,12.7,0.8,-1.0,836.0,0.0,0.0,0.0,1.1,155.8,137.9
2026-07-20,HWY6_ESR1,QTEN26,8.9,24.7,24.0,887.0,1168.0,21.5,22.9,-1.1,0.0,155.8,137.9
2026-07-20,HYDR_ESS_ESR1,QSUE74,200.0,187.5,24.0,3351.0,14849.0,183.9,231.5,6.6,865.8,155.8,137.9
2026-07-20,INDL_ESR1,QECNR,9.9,4.2,24.0,158.0,466.0,3.6,4.9,0.1,0.0,155.8,137.9
2026-07-20,INRT_W_ESR1,QFPL32,12.9,46.1,24.0,1355.0,1864.0,31.2,40.2,-0.1,0.0,155.8,137.9
2026-07-20,JADE_SLR_ESR1,QIPLUM,78.1,133.1,22.0,6698.0,8000.0,129.3,150.2,-25.5,168.3,155.8,137.9
2026-07-20,JADE_SLR_ESR2,QIPLUM,81.9,147.1,22.0,7282.0,8631.0,137.4,152.5,-30.3,180.9,155.8,137.9
2026-07-20,JAG_SLR_ESR1,QLCRA,150.0,300.0,24.0,11550.0,16697.0,301.8,368.9,8.2,856.1,155.8,137.9
2026-07-20,JAG_SLR_ESR2,QMITS2,150.0,308.7,24.0,13023.0,16947.0,287.0,349.7,11.5,0.0,155.8,137.9
2026-07-20,JAR_ESR1,QHEI1,147.0,264.0,24.0,9515.0,15488.0,189.8,219.3,-7.1,2411.0,155.8,137.9
2026-07-20,JAR_ESR2,QHEI1,157.0,291.0,24.0,10588.0,16806.0,199.6,227.4,-14.7,2554.8,155.8,137.9
2026-07-20,JDKNS_ESR1,QBEEP1,9.9,10.7,24.0,423.0,751.0,7.3,5.7,-3.1,138.7,155.8,137.9
2026-07-20,JUNCTION_ESR1,QBEEP1,9.9,10.7,24.0,372.0,751.0,10.5,10.4,-1.5,119.8,155.8,137.9
2026-07-20,JUNORTH_ESR1,QTEN26,9.9,22.0,24.0,773.0,1164.0,17.8,22.0,0.9,0.0,155.8,137.9
2026-07-20,K0_ESR1,QSUE74,9.9,9.7,24.0,355.0,739.0,7.8,8.6,-0.6,49.3,155.8,137.9
2026-07-20,KEG_ESR1,QEDF27,130.0,311.2,24.0,10668.0,15831.0,198.7,53.0,-192.5,0.0,155.8,137.9
2026-07-20,LANTANA_ESR1,QTEN26,9.9,20.1,24.0,56.0,1089.0,11.4,21.5,8.2,93.3,155.8,137.9
2026-07-20,LBRA_ESS_ESR1,QSUE48,200.0,200.0,24.0,1911.0,15492.0,126.0,177.6,-22.1,664.6,155.8,137.9
2026-07-20,LFSTH_ESR1,QBEEP1,9.9,10.7,24.0,418.0,751.0,7.3,5.7,-4.2,135.0,155.8,137.9
2026-07-20,LIGSW_ESR1,QPROLO,9.8,9.5,24.0,523.0,714.0,8.9,12.2,0.5,116.1,155.8,137.9
2026-07-20,LILY_ESR1,QENEL5,50.0,68.8,24.0,2497.0,4560.0,57.5,64.7,-2.8,462.3,155.8,137.9
2026-07-20,LK_ESR1,QPROLO,9.9,24.8,24.0,416.0,1231.0,21.1,30.2,10.7,0.0,155.8,137.9
2026-07-20,LMO_ESR1,QSHEL2,99.9,243.5,24.0,10945.0,12269.0,212.4,201.8,-59.1,951.5,155.8,137.9
2026-07-20,LONESTAR_ESR1,QBEEP1,9.9,10.7,24.0,423.0,751.0,7.3,6.1,-2.1,134.8,155.8,137.9
2026-07-20,LON_ESR1,QTEN26,174.0,348.0,24.0,14319.0,19390.0,249.4,204.4,-85.6,1917.1,155.8,137.9
2026-07-20,LOWR_ESS_ESR1,QEDI10,60.0,117.5,24.0,607.0,6606.0,100.4,124.4,7.6,423.5,155.8,137.9
2026-07-20,LUCKYBLU_ESR1,QBROO1,97.4,198.5,24.0,7916.0,10951.0,176.7,232.0,18.8,686.8,155.8,137.9
2026-07-20,L_463S_ESR1,QSUE74,9.9,5.0,24.0,182.0,497.0,9.2,10.2,0.3,67.8,155.8,137.9
2026-07-20,L_FRESNO_ESR1,QTEN24,9.9,11.1,24.0,-1.0,753.0,0.1,0.1,0.0,101.9,155.8,137.9
2026-07-20,MADERO_ESR1,QTEN25,100.0,260.8,24.0,-1158.0,12680.0,142.9,251.2,57.6,267.1,155.8,137.9
2026-07-20,MADERO_ESR2,QTEN25,100.0,257.3,24.0,-1058.0,12600.0,140.5,248.2,68.9,257.5,155.8,137.9
2026-07-20,MAGNO_TN_ESR1,QSUE74,8.3,6.5,24.0,109.0,551.0,6.4,7.8,0.2,41.0,155.8,137.9
2026-07-20,MAINLAND_ESR1,QBEEP1,9.9,10.7,24.0,466.0,751.0,7.3,3.7,-5.3,144.6,155.8,137.9
2026-07-20,MAYBERRY_ESR1,QTEN24,9.9,10.6,24.0,-0.0,737.0,0.1,0.1,0.0,69.0,155.8,137.9
2026-07-20,MAYBERRY_ESR2,QTEN24,9.9,11.9,24.0,1.0,777.0,0.2,0.1,-0.0,124.5,155.8,137.9
2026-07-20,MESQUITE_ESR1,QTEN26,9.9,19.8,24.0,-463.0,1084.0,2.9,24.2,18.8,0.0,155.8,137.9
2026-07-20,MESQUITE_ESR2,QSYSO,9.9,19.5,24.0,815.0,1039.0,17.8,13.8,-6.4,0.0,155.8,137.9
2026-07-20,MIDP_SLR_ESR1,QTEN26,50.0,100.0,24.0,3159.0,5566.0,89.7,109.6,-2.1,314.0,155.8,137.9
2026-07-20,MIDWY_ESR1,QPROLO,9.9,10.5,24.0,644.0,756.0,10.0,11.9,0.3,110.3,155.8,137.9
2026-07-20,MNWLE_ESR1,QBEEP1,9.9,10.7,24.0,458.0,751.0,8.0,6.1,-4.2,132.7,155.8,137.9
2026-07-20,MOORE_FL_ESR1,QTEN30,9.4,11.4,24.0,-72.0,744.0,8.1,10.0,0.2,190.9,155.8,137.9
2026-07-20,MUENSTER_ESR1,QTEN30,9.5,12.6,24.0,612.0,849.0,9.4,5.3,1.8,30.0,155.8,137.9
2026-07-20,MUSTNGCK_ESR1,QENE10,71.0,112.1,24.0,1472.0,6984.0,75.5,131.6,30.6,425.7,155.8,137.9
2026-07-20,MU_ESR1,QTEN26,9.9,19.5,24.0,932.0,1093.0,16.5,15.3,-3.5,126.2,155.8,137.9
2026-07-20,MYR_ESR1,QTOTL5,74.3,102.2,17.7,1994.0,6777.0,75.0,121.2,32.1,314.1,155.8,137.9
2026-07-20,MYR_ESR2,QTOTL5,43.9,48.3,17.7,2233.0,3563.0,43.2,51.8,-0.7,55.4,155.8,137.9
2026-07-20,NCO_ESR1,QSHEL2,50.0,59.7,24.0,3289.0,4218.0,49.4,60.8,-2.4,148.8,155.8,137.9
2026-07-20,NF_BRP_ESR1,QSUE74,100.5,107.9,24.0,392.0,8059.0,53.6,93.0,3.2,296.0,155.8,137.9
2026-07-20,NOBLESLR_ESR1,QNGREN,60.5,51.2,24.0,2525.0,4206.0,49.7,52.9,0.1,346.7,155.8,137.9
2026-07-20,NOBLESLR_ESR2,QNGREN,62.5,54.4,24.0,2961.0,4406.0,50.7,31.7,0.9,375.3,155.8,137.9
2026-07-20,NWF_ESR1,QDUKER,4.5,0.8,24.0,-179.0,121.0,0.6,7.7,-0.2,0.0,155.8,137.9
2026-07-20,N_ALAMO_ESR1,QTEN24,9.9,10.6,24.0,3.0,737.0,0.2,0.1,-0.0,74.6,155.8,137.9
2026-07-20,N_MERCED_ESR1,QTEN24,9.9,10.7,24.0,3.0,741.0,0.3,0.3,3.8,77.4,155.8,137.9
2026-07-20,ODESW_ESR1,QSUE74,9.9,6.0,24.0,39.0,550.0,10.1,12.0,0.5,58.9,155.8,137.9
2026-07-20,PAD1_ESS_ESR1,QCPSE,50.0,122.0,24.0,2634.0,6144.0,59.9,37.0,-37.5,0.0,155.8,137.9
2026-07-20,PAD2_ESS_ESR2,QCPSE,150.0,600.0,24.0,12665.0,22380.0,349.0,495.5,68.9,250.8,155.8,137.9
2026-07-20,PALACIOS_ESR1,QTEN30,9.5,11.4,24.0,136.0,760.0,5.2,6.3,0.3,157.8,155.8,137.9
2026-07-20,PALE_ESS_ESR1,QSUE74,200.0,199.2,24.0,4961.0,15452.0,176.9,260.8,34.5,588.9,155.8,137.9
2026-07-20,PALMVIEW_ESR1,QGRIDB,8.0,24.7,18.9,-575.0,1033.0,5.1,21.8,19.0,0.0,155.8,137.9
2026-07-20,PAULN_ESR1,QBEEP1,9.9,10.7,24.0,428.0,751.0,7.2,5.7,-3.6,135.7,155.8,137.9
2026-07-20,PAVLOV_ESR1,QBEEP1,9.9,10.7,24.0,22.0,751.0,2.1,4.3,1.6,157.1,155.8,137.9
2026-07-20,PAVO_ESS_ESR1,QSUE74,87.5,83.5,24.0,1438.0,6572.0,133.0,153.0,3.8,683.1,155.8,137.9
2026-07-20,PAVO_ESS_ESR2,QSUE74,87.5,80.2,24.0,1365.0,6402.0,128.6,150.0,3.6,674.0,155.8,137.9
2026-07-20,PEARSALL_ESR1,QTEN26,9.9,19.8,24.0,667.0,1026.0,14.4,17.7,1.2,4.6,155.8,137.9
2026-07-20,PHO_ESR1,QENE15,150.0,214.1,24.0,-6986.0,13965.0,51.3,290.2,172.8,682.9,155.8,137.9
2026-07-20,PHO_ESR2,QENE15,150.0,249.8,24.0,-7406.0,15174.0,46.9,303.7,214.6,709.9,155.8,137.9
2026-07-20,PINEFRST_ESR1,QTEN21,200.0,400.0,24.0,14528.0,22264.0,347.2,500.8,77.4,117.2,155.8,137.9
2026-07-20,PIN_BESS_ESR1,QTEN34,175.7,400.0,24.0,-218.0,20891.0,167.7,425.2,168.8,0.0,155.8,137.9
2026-07-20,PIRATE_ESR1,QTEN30,9.5,12.6,24.0,-22.0,826.0,4.6,14.3,8.6,73.9,155.8,137.9
2026-07-20,PLATINUM_ESR1,QSUE80,148.3,323.4,24.0,7877.0,17251.0,269.5,445.3,96.7,598.5,155.8,137.9
2026-07-20,PLATINUM_ESR2,QSUE80,151.7,290.1,24.0,5151.0,16500.0,191.6,345.8,75.3,526.1,155.8,137.9
2026-07-20,POTEETS_ESR1,QBEEP1,9.9,10.7,24.0,267.0,751.0,6.2,7.4,0.3,133.1,155.8,137.9
2026-07-20,PRCRK_ESR1,QTEN24,9.9,13.1,24.0,547.0,813.0,7.5,8.9,0.1,36.2,155.8,137.9
2026-07-20,PUEBLO_ESR1,QSUE74,9.9,7.3,24.0,204.0,617.0,9.7,14.2,-0.1,66.9,155.8,137.9
2026-07-20,PUEBLO_ESR2,QSUE74,9.9,9.8,24.0,306.0,742.0,10.8,13.5,0.1,71.0,155.8,137.9
2026-07-20,PYOTE_ESR1,QJPEM,8.0,13.6,24.0,503.0,823.0,9.5,11.1,0.1,74.8,155.8,137.9
2026-07-20,PYR_ESR1,QECNR,9.9,4.2,24.0,212.0,466.0,3.9,5.3,0.1,0.0,155.8,137.9
2026-07-20,PYR_ESR2,QECNR,13.7,13.6,24.0,548.0,1056.0,10.5,12.4,-0.7,12.7,155.8,137.9
2026-07-20,PYR_ESR3,QECNR,13.6,13.6,24.0,626.0,1053.0,12.0,13.5,-0.9,11.4,155.8,137.9
2026-07-20,QTUM_SLR_ESR1,QTEN33,160.0,320.0,24.0,16798.0,17811.0,298.9,284.2,-59.8,0.0,155.8,137.9
2026-07-20,QTUM_SLR_ESR2,QTEN33,160.0,320.0,24.0,14183.0,17811.0,290.1,365.5,23.0,0.0,155.8,137.9
2026-07-20,QUEEN_BA_ESR1,QENEL2,49.5,55.4,24.0,1971.0,4022.0,87.0,92.0,-5.9,293.0,155.8,137.9
2026-07-20,RADN_SLR_ESR1,QIPRAD,78.1,141.3,24.0,6900.0,8258.0,138.0,128.5,-34.4,1168.4,155.8,137.9
2026-07-20,RADN_SLR_ESR2,QIPRAD,81.9,150.2,24.0,7729.0,8721.0,154.6,139.7,-32.4,1146.8,155.8,137.9
2026-07-20,RBN_ESR1,QTEN19,30.0,22.5,24.0,-756.0,1935.0,22.8,62.2,1.2,87.0,155.8,137.9
2026-07-20,RHA_ESR1,QTEN19,200.0,406.2,23.7,22965.0,22444.0,367.8,188.9,-234.2,0.0,155.8,137.9
2026-07-20,RIO_GRAN_ESR1,QTEN24,9.9,9.8,24.0,3.0,711.0,0.2,0.1,0.0,71.1,155.8,137.9
2026-07-20,ROSELAND_ESR1,QENEL9,50.0,85.8,24.0,2880.0,5139.0,68.8,95.1,3.4,372.4,155.8,137.9
2026-07-20,RPUBRDS_ESR1,QSHEL2,50.0,57.7,24.0,907.0,4157.0,78.7,100.0,0.1,130.1,155.8,137.9
2026-07-20,RRANCHES_ESR1,QSUE51,150.0,345.8,24.0,9102.0,17947.0,179.3,192.1,-19.1,1435.3,155.8,137.9
2026-07-20,RRANCHES_ESR2,QSUE51,150.0,345.0,24.0,4895.0,17928.0,221.0,342.6,113.9,391.3,155.8,137.9
2026-07-20,RRC_WIND_ESR1,QFPL35,75.0,225.0,24.0,9295.0,10162.0,239.0,280.1,0.0,0.0,155.8,137.9
2026-07-20,RRC_WIND_ESR2,QFPL35,75.0,225.0,24.0,9435.0,10162.0,245.7,280.4,2.7,0.0,155.8,137.9
2026-07-20,RTLSNAKE_ESR1,QBEEP1,9.9,10.7,24.0,410.0,751.0,7.1,6.2,-2.0,134.1,155.8,137.9
2026-07-20,RUSSEKST_ESR1,QBEEP1,9.9,10.7,24.0,353.0,751.0,6.1,5.9,-0.8,142.1,155.8,137.9
2026-07-20,RVRVLYS_ESR1,QSHEL2,50.0,114.3,24.0,3823.0,5960.0,118.0,159.7,16.2,720.4,155.8,137.9
2026-07-20,RVRVLYS_ESR2,QSHEL2,50.0,114.3,24.0,3409.0,5960.0,110.2,155.9,14.5,725.9,155.8,137.9
2026-07-20,SADLBACK_ESR1,QBEEP1,9.9,10.7,24.0,403.0,751.0,7.0,6.2,-2.2,135.3,155.8,137.9
2026-07-20,SAH_ESR1,QGFEN,200.0,10.0,24.0,18957.0,1485.0,497.1,562.3,-0.5,0.0,155.8,137.9
2026-07-20,SANDLAKE_ESR1,QBEEP1,9.9,10.7,24.0,426.0,751.0,7.4,6.1,-2.2,134.5,155.8,137.9
2026-07-20,SBEAN_ESR1,QBEEP1,9.9,10.7,24.0,417.0,751.0,7.1,6.0,-2.0,133.8,155.8,137.9
2026-07-20,SEVNF_ES_ESR1,QTEN37,100.0,228.2,24.0,-3621.0,11905.0,84.7,249.1,101.2,678.9,155.8,137.9
2026-07-20,SE_EDINB_ESR1,QGRIDB,1.4,23.6,18.9,-185.0,259.0,2.1,7.5,23.3,0.0,155.8,137.9
2026-07-20,SGAL_BES_ESR1,QJPEM,100.0,202.6,24.0,-1263.0,11206.0,79.9,211.7,90.3,1100.2,155.8,137.9
2026-07-20,SGAL_BES_ESR2,QJPEM2,97.6,202.8,24.0,-1098.0,11080.0,78.9,208.6,96.7,1112.7,155.8,137.9
2026-07-20,SGSA_ESR1,QAMA1,6.9,15.6,24.0,153.0,813.0,8.4,9.3,-0.3,8.0,155.8,137.9
2026-07-20,SHAMROCK_ESR1,QFPL40,99.3,297.9,24.0,12456.0,13455.0,297.8,356.2,-1.5,0.0,155.8,137.9
2026-07-20,SHEEPCRK_ESR1,QSUE70,135.0,172.9,24.0,4404.0,11853.0,139.8,186.8,-0.9,540.7,155.8,137.9
2026-07-20,SLCNHLS_ESR1,QSHEL2,50.0,58.4,24.0,2660.0,4183.0,43.4,70.6,4.9,163.3,155.8,137.9
2026-07-20,SLCNHLS_ESR2,QSHEL2,50.0,59.7,24.0,3182.0,4230.0,51.3,73.3,0.9,175.2,155.8,137.9
2026-07-20,SLK_BESS_ESR1,QTEN34,200.0,400.0,24.0,12907.0,22263.0,232.0,227.2,-57.8,0.0,155.8,137.9
2026-07-20,SMTH_ESS_ESR1,QSUE77,125.0,250.0,24.0,10597.0,13915.0,274.1,297.7,-7.0,1715.7,155.8,137.9
2026-07-20,SOLC_SLR_ESR1,QTEN33,160.0,320.0,24.0,14860.0,17811.0,280.6,304.7,-22.3,0.0,155.8,137.9
2026-07-20,SOLC_SLR_ESR2,QTEN33,160.0,320.0,24.0,14988.0,17811.0,284.0,311.4,-20.9,0.0,155.8,137.9
2026-07-20,SPTX12B_ESR1,QEDIS9,22.3,18.6,24.0,241.0,1532.0,17.6,23.6,0.2,69.7,155.8,137.9
2026-07-20,SP_ESR1,QTEN26,9.9,19.5,24.0,770.0,1059.0,15.8,16.8,-2.8,67.3,155.8,137.9
2026-07-20,STADIUM_ESR1,QTEN26,9.9,15.0,24.0,-46.0,953.0,8.6,16.4,7.0,0.0,155.8,137.9
2026-07-20,STAM_SLR_ESR1,QENE12,70.0,127.8,24.0,4061.0,7436.0,78.7,98.7,-5.6,692.5,155.8,137.9
2026-07-20,STRG_SLR_ESR1,QECNR,96.3,193.4,24.0,8023.0,10742.0,309.3,350.3,1.3,0.0,155.8,137.9
2026-07-20,SUNVASLR_ESR1,QSUE38,53.3,53.2,24.0,648.0,4126.0,37.3,50.4,-0.3,260.5,155.8,137.9
2026-07-20,SUNVASLR_ESR2,QSUE38,46.7,46.8,24.0,492.0,3619.0,31.7,43.8,-0.0,219.3,155.8,137.9
2026-07-20,SWEENY_ESR1,QSUE74,9.9,9.3,24.0,120.0,717.0,11.9,14.8,1.1,68.0,155.8,137.9
2026-07-20,SWOOSEII_ESR1,QMEA5,100.0,191.3,24.0,6754.0,10878.0,123.8,166.3,-13.1,1343.5,155.8,137.9
2026-07-20,SWTWR_ESR1,QTEN26,9.3,19.4,24.0,676.0,1027.0,12.2,9.5,0.0,41.2,155.8,137.9
2026-07-20,S_SNROSA_ESR1,QTEN24,9.9,10.9,24.0,-3.0,746.0,0.1,0.2,0.0,49.3,155.8,137.9
2026-07-20,TBWF_ESS_ESR1,QTEN29,150.0,342.6,24.0,2621.0,17868.0,121.4,275.2,102.5,595.7,155.8,137.9
2026-07-20,TDWLPR_1_ESR1,QMEA6,100.0,223.7,24.0,7752.0,11785.0,170.7,214.7,4.7,1593.6,155.8,137.9
2026-07-20,TDWLPR_1_ESR2,QMEA6,100.0,223.6,24.0,7956.0,11783.0,172.9,214.6,4.1,1574.4,155.8,137.9
2026-07-20,TNFS_ESR1,QSYSO,9.9,18.0,24.0,405.0,1050.0,17.9,21.1,1.0,38.4,155.8,137.9
2026-07-20,TORT_ESS_ESR1,QSUE74,50.0,39.5,24.0,790.0,3332.0,39.2,50.3,0.1,172.5,155.8,137.9
2026-07-20,TSECA_ES_ESR1,QTEN36,100.0,238.2,24.0,3452.0,12149.0,137.4,229.2,52.2,595.4,155.8,137.9
2026-07-20,TURQBESS_ESR1,QHEI3,190.0,361.0,24.0,13493.0,20596.0,285.7,329.3,-1.7,2847.1,155.8,137.9
2026-07-20,TV_ESR1,QAETE1,10.0,22.4,24.0,621.0,1179.0,13.0,11.0,-4.6,92.5,155.8,137.9
2026-07-20,TYNAN_ESR1,QBEEP1,9.9,10.7,24.0,43.0,751.0,2.6,4.2,0.8,157.1,155.8,137.9
2026-07-20,UTOPIA_ESR1,QTEN30,9.9,12.7,24.0,766.0,861.0,12.4,12.9,0.0,0.0,155.8,137.9
2026-07-20,VERT_ESS_ESR1,QNRGTX,143.3,269.7,24.0,-2033.0,15452.0,80.4,161.4,60.6,0.0,155.8,137.9
2026-07-20,VORTEX_ESR1,QENEL8,121.8,188.0,24.0,8988.0,11839.0,171.9,200.4,-8.0,505.0,155.8,137.9
2026-07-20,WAL_ESR1,QSUE92,200.0,399.0,24.0,17778.0,22234.0,489.5,552.2,5.5,3330.3,155.8,137.9
2026-07-20,WCOLLOCL_ESR1,QHABIT,8.4,3.1,24.0,-10.0,366.0,0.0,0.5,-0.3,96.4,155.8,137.9
2026-07-20,WFTANK_ESR1,QTEN28,150.0,169.5,24.0,-700.0,12356.0,162.8,231.8,18.2,2383.3,155.8,137.9
2026-07-20,WIG_ESS_ESR1,QHEI1,120.0,187.0,24.0,7344.0,11723.0,146.3,162.6,-10.3,1881.8,155.8,137.9
2026-07-20,WOVER_ESR1,QTEN26,5.8,12.9,24.0,595.0,682.0,11.6,12.8,-0.5,1.9,155.8,137.9
2026-07-20,WR_ESR1,QAETEL,9.9,22.4,24.0,886.0,1173.0,17.0,18.6,-0.3,90.4,155.8,137.9
2026-07-20,W_HARLIN_ESR1,QTEN24,9.9,10.6,24.0,4.0,737.0,0.2,0.1,0.0,53.6,155.8,137.9
2026-07-20,X4_ESR1,QCPSE,9.0,8.5,24.0,226.0,671.0,10.0,11.5,-0.3,19.1,155.8,137.9
2026-07-20,Z0_ESR1,QTEN26,9.9,15.3,24.0,-233.0,899.0,3.3,12.9,8.2,0.0,155.8,137.9
2026-07-20,ZAPATA_ESR1,QSUE74,9.9,9.4,24.0,-26.0,724.0,11.6,16.2,2.1,104.6,155.8,137.9
2026-07-20,ZAPATA_ESR2,QSUE74,8.3,7.3,24.0,-20.0,581.0,8.5,11.2,0.7,82.1,155.8,137.9
2026-07-20,ZIER_SLR_ESR1,QTEN19,40.0,67.9,24.0,2079.0,4089.0,52.6,68.4,-3.2,223.0,155.8,137.9
2026-07-19,ABINDUST_ESR1,QMP2M1,9.9,25.9,24.0,964.0,1151.0,25.9,29.8,1.1,20.3,97.5,80.6
2026-07-19,ADL_ESR1,QTEN26,60.0,56.7,24.0,3232.0,3904.0,61.5,79.3,-0.1,571.1,97.5,80.6
2026-07-19,AE_ESR1,QTEN26,9.9,19.1,24.0,653.0,973.0,13.8,13.0,-2.5,169.6,97.5,80.6
2026-07-19,ALAMO_ST_ESR1,QSYSO,9.9,17.6,24.0,634.0,930.0,20.9,25.5,2.0,41.9,97.5,80.6
2026-07-19,ALP_BESS_ESR1,QHEI1,100.3,166.2,24.0,4869.0,9036.0,120.9,161.1,-2.0,1312.8,97.5,80.6
2026-07-19,ALVIN_ESR1,QSUE74,8.3,5.5,24.0,52.0,417.0,6.4,7.6,-0.1,52.8,97.5,80.6
2026-07-19,ANCHOR_ESR1,QENE11,26.5,38.0,24.0,622.0,2195.0,16.6,23.8,0.2,285.6,97.5,80.6
2026-07-19,ANCHOR_ESR2,QENE11,34.8,49.7,24.0,1172.0,2876.0,30.3,41.0,1.1,324.2,97.5,80.6
2026-07-19,ANDMDSLR_ESR1,QIPLU2,81.5,144.5,24.0,7011.0,7644.0,165.4,179.9,-4.5,748.3,97.5,80.6
2026-07-19,ANDMDSLR_ESR2,QIPLU2,78.1,144.4,24.0,7192.0,7497.0,167.9,175.7,-9.9,702.1,97.5,80.6
2026-07-19,ANEM_ESS_ESR1,QSUE53,200.0,456.5,24.0,18635.0,21676.0,583.1,450.4,-234.7,2303.6,97.5,80.6
2026-07-19,ANGLETON_ESR1,QSUE74,9.9,8.2,24.0,221.0,585.0,7.1,8.3,-0.2,48.6,97.5,80.6
2026-07-19,ANG_SLR_ESR1,QTEN26,100.0,204.3,24.0,7066.0,10165.0,177.5,230.7,-4.4,515.3,97.5,80.6
2026-07-19,ANOL_ESS_ESR1,QESVE1,240.0,493.1,24.0,18248.0,24474.0,461.3,606.5,10.7,1238.4,97.5,80.6
2026-07-19,ANTL_ESS_ESR1,QSU100,70.0,166.8,24.0,5272.0,7769.0,162.0,185.6,-1.8,435.3,97.5,80.6
2026-07-19,ARY_BESS_ESR1,QTEN32,180.0,180.0,24.0,3043.0,12204.0,96.3,108.8,-6.5,0.0,97.5,80.6
2026-07-19,AVIL_ESS_ESR1,QSU100,160.0,372.3,24.0,5705.0,17527.0,325.9,429.0,46.8,1061.2,97.5,80.6
2026-07-19,AZURE_ESR1,QENEL6,77.6,127.9,24.0,4431.0,6968.0,111.0,147.6,3.5,308.7,97.5,80.6
2026-07-19,BATCAVE_ESR1,QSUE74,100.5,106.9,24.0,484.0,7046.0,51.3,84.9,-0.6,338.2,97.5,80.6
2026-07-19,BAY_CITY_ESR1,QTEN24,7.0,7.3,24.0,377.0,448.0,6.9,3.4,-3.7,44.8,97.5,80.6
2026-07-19,BCK_ESR1,QHEI5,123.5,304.2,24.0,8852.0,13966.0,268.6,318.4,1.2,0.0,97.5,80.6
2026-07-19,BCK_ESR2,QHEI5,126.5,313.5,24.0,9023.0,14356.0,274.6,327.9,0.2,0.0,97.5,80.6
2026-07-19,BCNV_ESS_ESR1,QSHE11,150.0,300.0,24.0,6878.0,15065.0,274.1,346.4,22.4,842.1,97.5,80.6
2026-07-19,BELD_ESR1,QJPEM,5.0,7.6,24.0,273.0,438.0,6.5,7.8,0.0,65.7,97.5,80.6
2026-07-19,BEXAR_ES_ESR1,QTEN32,100.0,100.0,24.0,-192.0,6780.0,102.3,128.0,0.2,906.1,97.5,80.6
2026-07-19,BIG_STAR_ESR1,QECNR,80.0,108.0,24.0,2996.0,6401.0,108.1,131.1,6.2,0.0,97.5,80.6
2026-07-19,BKSL_ESS_ESR1,QESVE2,100.0,205.9,24.0,9171.0,10209.0,216.0,241.3,-22.7,590.1,97.5,80.6
2026-07-19,BLACKSPR_ESR1,QBROO2,120.0,281.9,24.0,9418.0,13215.0,257.5,337.3,1.5,691.9,97.5,80.6
2026-07-19,BLSUMMIT_ESR1,QFPL12,27.7,9.7,24.0,270.0,827.0,5.4,9.8,0.0,0.0,97.5,80.6
2026-07-19,BLSUMMIT_ESR2,QFPL48,150.0,450.0,24.0,15838.0,18987.0,471.8,550.2,0.0,0.0,97.5,80.6
2026-07-19,BLUEJAY_ESR1,QENEL7,50.0,86.1,24.0,3569.0,4610.0,80.6,95.2,-1.4,214.7,97.5,80.6
2026-07-19,BLVN_SLR_ESR1,QSHEL8,180.0,360.0,24.0,16012.0,18078.0,382.1,426.3,-34.7,664.3,97.5,80.6
2026-07-19,BOCO_ESS_ESR1,QTEN28,150.0,365.0,24.0,12575.0,16847.0,323.0,393.5,0.0,1466.8,97.5,80.6
2026-07-19,BRAZORIA_ESR1,QSUE74,9.9,9.4,24.0,244.0,647.0,8.8,8.3,0.6,47.9,97.5,80.6
2026-07-19,BR_ARROW_ESR1,QECNR,48.3,94.0,24.0,2778.0,4774.0,88.0,101.8,1.1,154.0,97.5,80.6
2026-07-19,BR_ARROW_ESR2,QECNR,51.7,100.4,24.0,3263.0,5103.0,87.4,105.1,5.0,0.0,97.5,80.6
2026-07-19,BUDA_ESR1,QTEN26,9.9,24.7,24.0,492.0,1128.0,21.0,22.2,-1.0,0.0,97.5,80.6
2026-07-19,BYP_ESR1,QEXELO,200.0,465.0,24.0,-4998.0,21898.0,136.1,563.8,344.3,0.0,97.5,80.6
2026-07-19,BYRDR_ES_ESR1,QHABIT,50.0,56.4,24.0,1479.0,3617.0,37.0,46.2,0.7,621.8,97.5,80.6
2026-07-19,CACH_ESS_ESR1,QSU100,200.0,470.5,24.0,14274.0,22043.0,541.8,620.2,5.5,1130.7,97.5,80.6
2026-07-19,CAMWIND_ESR1,QTEN26,16.4,34.2,24.0,-220.0,1687.0,30.4,30.3,-5.6,146.1,97.5,80.6
2026-07-19,CARA_ESS_ESR1,QHEI8,98.3,196.7,24.0,7464.0,9875.0,202.4,199.3,-50.2,1611.5,97.5,80.6
2026-07-19,CARN_ESS_ESR1,QSU100,150.0,343.8,24.0,3592.0,16295.0,316.9,386.3,17.2,1027.1,97.5,80.6
2026-07-19,CARRIZO_ESR1,QTEN30,9.9,12.6,24.0,201.0,768.0,10.8,15.7,2.9,70.7,97.5,80.6
2026-07-19,CARTWHL_ESR1,QECNR,150.0,283.3,24.0,9139.0,14574.0,265.5,341.3,19.8,0.0,97.5,80.6
2026-07-19,CASL_GAP_ESR1,QLUMN1,3.9,4.5,24.0,217.0,288.0,4.7,5.8,0.0,0.0,97.5,80.6
2026-07-19,CAST_ESS_ESR1,QSUE79,200.0,443.4,24.0,12254.0,21308.0,415.7,512.5,23.3,1241.6,97.5,80.6
2026-07-19,CATARINA_ESR1,QBEEP1,9.9,10.7,24.0,-261.0,642.0,0.9,9.8,8.4,108.7,97.5,80.6
2026-07-19,CEDRVALE_ESR1,QBEEP1,9.9,10.7,24.0,342.0,642.0,9.0,9.1,-1.2,117.0,97.5,80.6
2026-07-19,CHERRYCR_ESR1,QBEEP1,9.9,10.7,24.0,266.0,642.0,7.1,9.6,1.6,94.5,97.5,80.6
2026-07-19,CHIL_SLR_ESR1,QSUE88,150.0,302.4,24.0,5161.0,15132.0,237.4,349.6,48.1,901.1,97.5,80.6
2026-07-19,CISC_ESR1,QBEEP1,9.9,10.7,24.0,426.0,642.0,9.1,5.2,-4.8,160.0,97.5,80.6
2026-07-19,CITRUSCY_ESR1,QPROLO,9.9,21.0,24.0,626.0,922.0,10.5,1.5,-11.1,176.9,97.5,80.6
2026-07-19,CLO_ESR1,QMEA1,100.0,201.9,24.0,3689.0,10098.0,146.1,205.1,20.8,1341.1,97.5,80.6
2026-07-19,CLO_ESR2,QMEA1,100.0,187.1,24.0,3693.0,9665.0,145.3,203.4,15.7,1299.7,97.5,80.6
2026-07-19,CNLY_ESS_ESR1,QSUE76,117.4,225.7,24.0,8071.0,11528.0,244.1,284.5,0.0,1812.7,97.5,80.6
2026-07-19,CNTRY_ESR1,QPROLO,9.8,13.5,23.9,527.0,742.0,12.8,15.7,-0.0,61.7,97.5,80.6
2026-07-19,CNTYRDS_ESR1,QTEN26,9.9,24.7,24.0,-12.0,1113.0,10.9,23.8,10.5,0.0,97.5,80.6
2026-07-19,CORALSLR_ESR1,QNGRE1,47.5,58.3,24.0,2168.0,3608.0,55.9,65.0,2.0,491.9,97.5,80.6
2026-07-19,CORALSLR_ESR2,QNGRE1,51.4,58.3,24.0,2278.0,3735.0,56.1,59.4,-0.1,523.8,97.5,80.6
2026-07-19,CORAZON_ESR1,QHEI4,196.0,223.6,24.0,4395.0,14271.0,312.6,223.9,-146.7,2520.3,97.5,80.6
2026-07-19,COYOTSPR_ESR1,QBEEP1,9.9,10.7,24.0,323.0,642.0,8.7,9.4,-0.9,105.1,97.5,80.6
2026-07-19,CROSSETT_ESR1,QJPEM1,99.9,101.5,24.0,3578.0,6831.0,91.0,104.1,-4.0,992.2,97.5,80.6
2026-07-19,CROSSETT_ESR2,QJPEM1,100.0,101.6,24.0,3373.0,6838.0,86.3,102.8,0.9,1011.5,97.5,80.6
2026-07-19,CROSSTRL_ESR1,QGRIE4,57.0,113.8,24.0,2756.0,5719.0,98.1,126.8,2.8,150.8,97.5,80.6
2026-07-19,CR_ESR1,QPROLO,9.8,9.5,24.0,383.0,602.0,9.0,12.0,0.0,67.0,97.5,80.6
2026-07-19,CS_ESR1,QTEN26,7.4,14.3,24.0,630.0,715.0,13.0,11.6,-4.4,90.0,97.5,80.6
2026-07-19,CTW_ESR1,QTOTL5,150.0,193.6,24.0,6487.0,11702.0,188.9,258.0,2.4,759.8,97.5,80.6
2026-07-19,DAN_ESR1,QTOTL4,75.3,102.2,24.0,3332.0,6042.0,96.5,113.3,-0.4,244.7,97.5,80.6
2026-07-19,DAN_ESR2,QTOTL4,71.7,99.3,24.0,3255.0,5820.0,94.6,111.3,-1.0,233.6,97.5,80.6
2026-07-19,DA_ESR1,QSHE16,4.0,9.7,24.0,354.0,449.0,8.4,9.4,0.0,0.3,97.5,80.6
2026-07-19,DCSES_ESR1,QLUMN,66.5,66.4,24.0,1401.0,4505.0,31.1,37.3,-10.4,325.0,97.5,80.6
2026-07-19,DCSES_ESR2,QLUMN,66.5,66.4,24.0,1323.0,4505.0,29.7,36.2,-10.9,323.3,97.5,80.6
2026-07-19,DCSES_ESR3,QLUMN,63.5,63.4,24.0,1326.0,4302.0,29.9,36.5,-10.1,307.3,97.5,80.6
2026-07-19,DCSES_ESR4,QLUMN,63.5,63.4,24.0,1273.0,4302.0,28.6,35.0,-10.0,308.9,97.5,80.6
2026-07-19,DESN_ESS_ESR1,QSUE79,200.0,466.0,24.0,14225.0,21924.0,459.7,538.6,-2.1,1108.4,97.5,80.6
2026-07-19,DGFS_ESR_ESR1,QTEN26,75.0,46.7,24.0,1145.0,3589.0,87.3,92.9,20.2,152.5,97.5,80.6
2026-07-19,DIBOL_ESR1,QBEEP1,9.9,10.7,24.0,428.0,642.0,8.9,4.6,-5.0,163.3,97.5,80.6
2026-07-19,DICKNSON_ESR1,QSUE74,9.9,7.7,24.0,130.0,562.0,8.6,8.8,0.1,62.5,97.5,80.6
2026-07-19,DKNS_ESS_ESR1,QSUE74,50.0,49.0,24.0,1144.0,3341.0,49.6,57.7,-0.6,208.4,97.5,80.6
2026-07-19,DKNS_ESS_ESR2,QSUE74,50.0,49.1,24.0,1109.0,3344.0,48.9,58.0,-0.6,205.4,97.5,80.6
2026-07-19,DKNS_ESS_ESR3,QSUE74,50.0,48.9,24.0,1091.0,3337.0,48.8,58.3,-0.1,204.6,97.5,80.6
2026-07-19,DKNS_ESS_ESR4,QSUE74,50.0,47.8,24.0,1085.0,3279.0,47.8,56.7,-0.2,203.7,97.5,80.6
2026-07-19,DPCRK_ESR1,QTEN26,3.5,7.0,24.0,118.0,351.0,6.8,8.4,0.1,0.0,97.5,80.6
2026-07-19,DSWL_ESS_ESR1,QPHIL3,150.0,317.3,24.0,8742.0,15553.0,308.3,404.6,1.5,849.9,97.5,80.6
2026-07-19,EBNY_ESS_ESR1,QSUE52,200.0,458.5,24.0,5201.0,21730.0,320.1,465.6,69.6,1934.7,97.5,80.6
2026-07-19,ELMCRK_ESR1,QMP2M1,9.9,25.9,24.0,961.0,1123.0,19.1,12.2,-8.8,37.9,97.5,80.6
2026-07-19,ELM_ST_ESR1,QTEN26,9.9,24.7,24.0,-36.0,1117.0,10.3,23.9,10.6,0.0,97.5,80.6
2026-07-19,ELM_ST_ESR2,QSYSO,9.9,18.0,24.0,759.0,941.0,26.9,29.4,-0.0,70.5,97.5,80.6
2026-07-19,ELSA_ESR1,QTEN24,9.9,10.6,24.0,5.0,627.0,0.2,0.1,0.0,85.1,97.5,80.6
2026-07-19,ELZA_SLR_ESR1,QENE16,92.8,129.0,24.0,2336.0,7550.0,73.2,122.3,3.7,909.5,97.5,80.6
2026-07-19,EMPCT_ESR1,QTEN24,9.9,13.1,24.0,720.0,694.0,11.2,3.8,-11.1,61.0,97.5,80.6
2026-07-19,ENDPARKS_ESR1,QGRIE4,48.9,102.4,24.0,1833.0,5038.0,104.5,134.9,-1.6,326.6,97.5,80.6
2026-07-19,ESCONDID_ESR1,QTEN30,4.4,12.7,24.0,-11.0,517.0,0.0,0.3,-0.0,0.0,97.5,80.6
2026-07-19,ESTONIAN_ESR1,QENE14,101.6,156.0,24.0,6493.0,8754.0,150.3,191.1,5.4,405.1,97.5,80.6
2026-07-19,EUNICE_ESR1,QTENSK,19.0,20.0,24.0,1160.0,1161.0,18.0,8.1,-15.4,286.1,97.5,80.6
2026-07-19,EVLN_ESS_ESR1,QSHE15,189.5,288.5,24.0,8355.0,16250.0,297.2,349.9,-10.6,0.0,97.5,80.6
2026-07-19,E_HARRIS_ESR1,QTEN26,9.9,20.0,24.0,463.0,930.0,21.9,15.8,-9.0,0.0,97.5,80.6
2026-07-19,FALFUR_ESR2,QTEN30,9.4,12.6,24.0,47.0,641.0,2.7,3.3,-0.2,126.3,97.5,80.6
2026-07-19,FAULKNER_ESR1,QBEEP1,9.9,10.7,24.0,322.0,642.0,8.6,9.2,-1.0,111.8,97.5,80.6
2026-07-19,FENCESLR_ESR1,QENE13,62.7,103.1,24.0,2706.0,5623.0,58.1,71.4,0.1,553.6,97.5,80.6
2026-07-19,FERD_ESS_ESR1,QCPSE,200.0,950.0,24.0,3377.0,31973.0,278.2,340.5,-37.5,137.0,97.5,80.6
2026-07-19,FIVEWSLR_ESR1,QSUE61,220.0,250.0,24.0,4448.0,15984.0,199.5,259.6,0.9,819.9,97.5,80.6
2026-07-19,FLAT_TOP_ESR1,QSHEL2,9.2,14.2,24.0,609.0,794.0,13.9,16.1,0.0,38.7,97.5,80.6
2026-07-19,FLAT_TOP_ESR2,QJPEM,9.9,16.2,24.0,627.0,885.0,13.6,15.8,0.0,109.7,97.5,80.6
2026-07-19,FLOWERII_ESR1,QJPEM,99.8,195.8,24.0,6747.0,9911.0,148.4,172.1,-6.0,1108.0,97.5,80.6
2026-07-19,FORTMA_ESR1,QTEN30,10.0,12.6,24.0,250.0,769.0,10.1,13.2,1.0,47.8,97.5,80.6
2026-07-19,FRMRSVLW_ESR1,QBEEP1,9.9,10.7,24.0,434.0,642.0,8.9,4.2,-5.6,166.0,97.5,80.6
2026-07-19,FRMRSVLW_ESR2,QTEN26,6.0,14.7,24.0,479.0,677.0,13.1,14.0,0.1,65.6,97.5,80.6
2026-07-19,FTDUNCAN_ESR1,QTEN26,100.0,210.1,24.0,4403.0,10329.0,132.3,201.8,25.3,1282.8,97.5,80.6
2026-07-19,GAIA_SLR_ESR1,QTEN26,75.0,150.0,24.0,3373.0,7532.0,153.9,185.1,8.3,362.9,97.5,80.6
2026-07-19,GAMBIT_ESR1,QSUE23,100.0,147.2,24.0,2864.0,8392.0,131.5,165.0,-6.3,558.7,97.5,80.6
2026-07-19,GARCENO_ESR1,QTEN24,9.9,9.9,24.0,3.0,604.0,0.2,0.1,-0.0,76.9,97.5,80.6
2026-07-19,GEORSO_ESR1,QEDIS9,9.8,8.1,24.0,265.0,575.0,8.1,10.5,0.1,17.5,97.5,80.6
2026-07-19,GIGA_ESS_ESR1,QSUE55,124.4,216.6,24.0,8738.0,11543.0,240.8,268.6,-1.4,1674.4,97.5,80.6
2026-07-19,GKS_BESS_ESR1,QTEN26,85.6,160.2,24.0,5048.0,8269.0,100.8,19.3,-114.1,801.9,97.5,80.6
2026-07-19,GOMZ_ESR1,QBEEP1,9.9,10.7,24.0,333.0,642.0,8.9,9.3,-0.7,107.5,97.5,80.6
2026-07-19,GOODWIN_ESR1,QTEN30,9.4,12.7,24.0,182.0,687.0,5.1,4.6,-2.0,78.5,97.5,80.6
2026-07-19,GRDNE_ESR1,QBEEP1,9.9,10.7,24.0,380.0,642.0,10.1,9.3,-1.7,121.2,97.5,80.6
2026-07-19,GRIZZLY_ESR1,QPRIO1,9.9,10.0,0.0,0.0,675.0,0.0,-0.0,0.0,0.0,97.5,80.6
2026-07-19,GZ_ESR1,QTEN30,9.4,12.7,24.0,369.0,751.0,13.3,11.5,-3.5,78.3,97.5,80.6
2026-07-19,HAMILTON_ESR1,QBEEP1,9.9,10.7,24.0,170.0,642.0,5.8,9.8,3.0,115.8,97.5,80.6
2026-07-19,HEADCAMP_ESR1,QTEN34,150.0,300.0,24.0,5270.0,15065.0,242.7,284.2,-3.5,0.0,97.5,80.6
2026-07-19,HEARN_RD_ESR1,QTEN30,9.7,12.7,24.0,532.0,744.0,12.7,14.7,-0.0,0.0,97.5,80.6
2026-07-19,HEIGHTTN_ESR1,QSUE74,9.9,8.3,24.0,118.0,590.0,7.6,8.9,-0.0,52.4,97.5,80.6
2026-07-19,HEN_ESR1,QECNR,150.0,11.8,24.0,-1324.0,1083.0,2.2,35.5,1.2,0.0,97.5,80.6
2026-07-19,HI_LONEB_ESR1,QENEL1,50.0,69.2,24.0,2461.0,4056.0,52.1,62.3,3.9,423.2,97.5,80.6
2026-07-19,HLY_ESR1,QHEI1,102.2,172.9,24.0,354.0,9320.0,109.6,168.6,8.3,1618.4,97.5,80.6
2026-07-19,HLY_ESR2,QHEI1,101.8,167.9,24.0,409.0,9146.0,111.9,178.2,16.8,1577.0,97.5,80.6
2026-07-19,HMNG_ESS_ESR1,QMEA8,99.8,222.0,24.0,5612.0,10655.0,181.8,226.0,4.0,1423.3,97.5,80.6
2026-07-19,HOLCOMB_ESR1,QBEEP1,9.9,10.7,24.0,90.0,642.0,8.2,1.7,-8.0,114.9,97.5,80.6
2026-07-19,HOUSEMTN_ESR1,QJPEM,60.0,127.5,24.0,3727.0,6237.0,99.9,132.3,7.8,734.3,97.5,80.6
2026-07-19,HRMS_SLR_ESR1,QTOT16,100.0,198.9,24.0,-160.0,10010.0,0.0,4.9,-29.5,0.0,97.5,80.6
2026-07-19,HWY6_ESR1,QTEN26,9.9,24.7,24.0,382.0,1128.0,20.2,24.1,1.5,0.0,97.5,80.6
2026-07-19,HYDR_ESS_ESR1,QSUE74,200.0,191.7,24.0,3464.0,13147.0,179.4,224.1,9.2,805.7,97.5,80.6
2026-07-19,INDL_ESR1,QECNR,9.9,4.2,24.0,83.0,351.0,3.6,3.9,-1.0,0.0,97.5,80.6
2026-07-19,INRT_W_ESR1,QFPL32,13.0,46.3,24.0,1051.0,1807.0,31.7,40.4,-0.0,0.0,97.5,80.6
2026-07-19,JADE_SLR_ESR1,QIPLUM,78.1,140.2,24.0,2790.0,7372.0,137.1,124.0,-35.5,437.5,97.5,80.6
2026-07-19,JADE_SLR_ESR2,QIPLUM,81.9,150.9,24.0,3474.0,7847.0,153.3,141.4,-36.7,466.1,97.5,80.6
2026-07-19,JAG_SLR_ESR1,QLCRA,150.0,300.0,24.0,11803.0,15065.0,305.6,364.9,1.5,848.0,97.5,80.6
2026-07-19,JAG_SLR_ESR2,QMITS2,150.0,305.9,24.0,10170.0,15233.0,287.7,340.4,-15.3,0.0,97.5,80.6
2026-07-19,JAR_ESR1,QHEI1,147.0,264.0,24.0,5875.0,13881.0,157.5,214.7,-2.8,2333.6,97.5,80.6
2026-07-19,JAR_ESR2,QHEI1,157.0,291.0,24.0,6436.0,15092.0,173.3,227.9,4.9,2521.5,97.5,80.6
2026-07-19,JDKNS_ESR1,QBEEP1,9.9,10.7,24.0,346.0,642.0,9.3,9.2,-1.2,122.9,97.5,80.6
2026-07-19,JOHNCI_ESR1,QLCRA,1.3,2.7,24.0,-8.0,134.0,1.4,1.7,0.0,0.0,97.5,80.6
2026-07-19,JUNCTION_ESR1,QBEEP1,9.9,10.7,24.0,371.0,642.0,9.1,7.2,-2.7,145.7,97.5,80.6
2026-07-19,JUNORTH_ESR1,QTEN26,9.9,22.0,24.0,926.0,1057.0,18.4,10.7,-10.3,0.0,97.5,80.6
2026-07-19,K0_ESR1,QSUE74,9.9,9.7,24.0,120.0,633.0,8.2,10.3,0.6,56.1,97.5,80.6
2026-07-19,KEG_ESR1,QEDF27,125.0,311.2,24.0,-4864.0,14222.0,4.8,197.4,158.2,0.0,97.5,80.6
2026-07-19,LANTANA_ESR1,QTEN26,9.9,20.1,24.0,762.0,978.0,25.8,18.7,-9.5,0.0,97.5,80.6
2026-07-19,LBRA_ESS_ESR1,QSUE48,200.0,200.0,24.0,1724.0,13560.0,121.3,185.8,3.7,652.6,97.5,80.6
2026-07-19,LFSTH_ESR1,QBEEP1,9.9,10.7,24.0,426.0,642.0,8.9,4.7,-5.0,164.2,97.5,80.6
2026-07-19,LIGSW_ESR1,QPROLO,9.8,9.5,24.0,477.0,605.0,9.2,11.2,0.0,102.6,97.5,80.6
2026-07-19,LILY_ESR1,QENEL5,50.0,68.8,24.0,1418.0,4043.0,24.8,17.2,-12.1,602.3,97.5,80.6
2026-07-19,LMO_ESR1,QSHEL2,99.9,243.5,24.0,5849.0,11231.0,200.7,308.5,55.9,732.5,97.5,80.6
2026-07-19,LONESTAR_ESR1,QBEEP1,9.9,10.7,24.0,312.0,642.0,8.6,9.6,-1.0,113.8,97.5,80.6
2026-07-19,LON_ESR1,QTEN26,174.0,348.0,24.0,5728.0,17475.0,160.2,227.4,-4.3,2454.4,97.5,80.6
2026-07-19,LOPENO_ESR1,QSUE74,9.9,9.8,24.0,341.0,636.0,17.1,11.8,-8.0,81.5,97.5,80.6
2026-07-19,LOWR_ESS_ESR1,QEDI10,60.0,117.5,24.0,3863.0,5953.0,98.0,20.8,-78.5,740.5,97.5,80.6
2026-07-19,LUCKYBLU_ESR1,QBROO1,97.4,198.4,24.0,6782.0,9886.0,191.4,237.4,12.5,597.2,97.5,80.6
2026-07-19,L_463S_ESR1,QSUE74,8.3,4.8,24.0,40.0,368.0,5.6,7.0,0.4,50.7,97.5,80.6
2026-07-19,L_FRESNO_ESR1,QTEN24,9.9,11.1,24.0,1.0,643.0,0.2,0.2,-0.0,106.6,97.5,80.6
2026-07-19,MADERO_ESR1,QTEN25,100.0,260.9,24.0,11387.0,11683.0,338.5,247.0,-137.6,265.1,97.5,80.6
2026-07-19,MADERO_ESR2,QTEN25,100.0,256.0,24.0,11010.0,11559.0,327.0,249.1,-120.5,259.7,97.5,80.6
2026-07-19,MAGNO_TN_ESR1,QSUE74,8.3,6.5,24.0,117.0,474.0,6.4,7.6,-0.1,41.5,97.5,80.6
2026-07-19,MAINLAND_ESR1,QBEEP1,9.9,10.7,24.0,224.0,642.0,4.4,1.2,-3.7,173.3,97.5,80.6
2026-07-19,MAYBERRY_ESR1,QTEN24,9.9,10.6,24.0,2.0,627.0,0.2,0.1,-0.0,79.7,97.5,80.6
2026-07-19,MAYBERRY_ESR2,QTEN24,9.9,11.9,24.0,4.0,663.0,0.2,0.1,-0.0,122.9,97.5,80.6
2026-07-19,MESQUITE_ESR1,QTEN26,9.9,19.8,24.0,1008.0,973.0,29.6,20.0,-12.6,0.0,97.5,80.6
2026-07-19,MESQUITE_ESR2,QSYSO,9.9,19.5,24.0,-22.0,929.0,0.0,0.7,0.0,0.0,97.5,80.6
2026-07-19,MIDP_SLR_ESR1,QTEN26,50.0,100.0,24.0,2420.0,5022.0,103.0,125.7,1.4,343.6,97.5,80.6
2026-07-19,MIDWY_ESR1,QPROLO,9.9,10.5,24.0,540.0,645.0,9.8,11.2,0.0,103.1,97.5,80.6
2026-07-19,MNWLE_ESR1,QBEEP1,9.9,10.7,24.0,426.0,642.0,8.9,4.7,-5.0,162.8,97.5,80.6
2026-07-19,MOORE_FL_ESR1,QTEN30,9.5,11.4,24.0,18.0,640.0,8.8,10.1,-0.0,184.5,97.5,80.6
2026-07-19,MUENSTER_ESR1,QTEN30,9.4,12.6,24.0,49.0,748.0,4.2,11.8,-1.2,34.7,97.5,80.6
2026-07-19,MUSTNGCK_ESR1,QENE10,71.0,112.1,24.0,3149.0,6219.0,109.8,128.5,4.5,407.3,97.5,80.6
2026-07-19,MU_ESR1,QTEN26,9.9,19.5,24.0,824.0,985.0,17.3,14.5,-5.3,174.0,97.5,80.6
2026-07-19,MYR_ESR1,QTOTL5,74.3,102.2,23.2,1336.0,6008.0,99.7,117.4,0.0,560.7,97.5,80.6
2026-07-19,MYR_ESR2,QTOTL5,43.9,48.9,23.2,1740.0,3153.0,45.8,60.6,1.4,190.9,97.5,80.6
2026-07-19,NCO_ESR1,QSHEL2,50.0,59.7,24.0,2149.0,3689.0,41.2,55.1,-0.3,112.8,97.5,80.6
2026-07-19,NF_BRP_ESR1,QSUE74,100.5,106.2,24.0,654.0,7019.0,57.7,96.5,2.4,307.4,97.5,80.6
2026-07-19,NOBLESLR_ESR1,QNGREN,60.8,51.2,24.0,2065.0,3647.0,49.9,55.1,0.5,358.0,97.5,80.6
2026-07-19,NOBLESLR_ESR2,QNGREN,62.5,54.4,24.0,1151.0,3835.0,33.8,58.1,-0.5,304.3,97.5,80.6
2026-07-19,NWF_ESR1,QDUKER,4.5,0.9,24.0,-229.0,79.0,0.6,7.6,-0.4,0.0,97.5,80.6
2026-07-19,N_ALAMO_ESR1,QTEN24,9.9,10.6,24.0,2.0,627.0,0.2,0.1,0.0,84.3,97.5,80.6
2026-07-19,N_MERCED_ESR1,QTEN24,9.9,10.6,24.0,-9.0,627.0,0.3,0.8,0.5,85.9,97.5,80.6
2026-07-19,ODESW_ESR1,QSUE74,9.9,6.1,24.0,79.0,450.0,10.7,12.3,0.0,64.8,97.5,80.6
2026-07-19,OLNEYTN_ESR1,QBEEP1,9.9,10.7,17.0,8.0,642.0,4.1,6.6,-7.7,119.2,97.5,80.6
2026-07-19,PAD1_ESS_ESR1,QCPSE,50.0,122.0,24.0,594.0,5624.0,41.3,74.3,17.4,33.3,97.5,80.6
2026-07-19,PAD2_ESS_ESR2,QCPSE,150.0,600.0,24.0,14913.0,22120.0,434.7,442.9,-55.3,179.7,97.5,80.6
2026-07-19,PALACIOS_ESR1,QTEN30,9.5,11.4,24.0,157.0,655.0,6.7,12.9,5.4,58.5,97.5,80.6
2026-07-19,PALE_ESS_ESR1,QSUE74,200.0,199.4,24.0,5231.0,13529.0,173.6,224.5,-3.1,448.4,97.5,80.6
2026-07-19,PAULN_ESR1,QBEEP1,9.9,10.7,24.0,428.0,642.0,8.9,4.6,-5.1,163.0,97.5,80.6
2026-07-19,PAVLOV_ESR1,QBEEP1,9.9,10.7,24.0,251.0,642.0,4.2,1.3,-3.2,173.1,97.5,80.6
2026-07-19,PAVO_ESS_ESR1,QSUE74,87.5,82.6,24.0,1907.0,5688.0,84.0,93.2,-1.7,393.1,97.5,80.6
2026-07-19,PAVO_ESS_ESR2,QSUE74,87.5,80.2,24.0,1803.0,5570.0,81.8,91.1,-0.9,404.3,97.5,80.6
2026-07-19,PEARSALL_ESR1,QTEN26,9.9,19.8,24.0,648.0,898.0,15.3,18.1,0.4,1.1,97.5,80.6
2026-07-19,PHO_ESR1,QENE15,145.9,218.2,24.0,8049.0,12404.0,208.2,248.0,-3.0,378.5,97.5,80.6
2026-07-19,PHO_ESR2,QENE15,150.0,243.7,24.0,7369.0,13358.0,229.9,278.3,-2.9,535.0,97.5,80.6
2026-07-19,PINEFRST_ESR1,QTEN21,200.0,400.0,24.0,16486.0,20086.0,397.9,477.4,2.2,54.4,97.5,80.6
2026-07-19,PIN_BESS_ESR1,QTEN34,176.6,400.0,24.0,10719.0,19045.0,424.5,420.7,-49.4,0.0,97.5,80.6
2026-07-19,PIRATE_ESR1,QTEN30,9.8,12.6,24.0,516.0,728.0,12.0,13.3,0.1,56.6,97.5,80.6
2026-07-19,PLATINUM_ESR1,QSUE80,148.3,323.4,24.0,9834.0,15649.0,285.7,355.1,-2.8,543.9,97.5,80.6
2026-07-19,PLATINUM_ESR2,QSUE80,151.7,329.3,24.0,9046.0,15965.0,271.2,339.0,-1.2,499.9,97.5,80.6
2026-07-19,POTEETS_ESR1,QBEEP1,9.9,10.7,24.0,502.0,642.0,12.1,8.7,-4.9,119.2,97.5,80.6
2026-07-19,PRCRK_ESR1,QTEN24,9.9,13.1,24.0,594.0,694.0,9.4,3.4,-12.1,61.1,97.5,80.6
2026-07-19,PUEBLO_ESR1,QSUE74,9.9,9.8,24.0,-35.0,637.0,7.9,11.4,1.7,44.2,97.5,80.6
2026-07-19,PUEBLO_ESR2,QSUE74,9.9,9.8,24.0,2.0,635.0,7.7,11.1,1.6,40.7,97.5,80.6
2026-07-19,PYOTE_ESR1,QJPEM,8.0,13.6,24.0,447.0,740.0,10.4,12.0,0.0,108.8,97.5,80.6
2026-07-19,PYR_ESR1,QECNR,9.9,4.2,24.0,100.0,351.0,4.0,3.9,-1.3,0.0,97.5,80.6
2026-07-19,PYR_ESR2,QECNR,13.6,13.6,24.0,179.0,922.0,9.3,12.0,0.4,17.3,97.5,80.6
2026-07-19,PYR_ESR3,QECNR,13.6,13.6,24.0,184.0,922.0,10.2,13.2,0.6,15.6,97.5,80.6
2026-07-19,QTUM_SLR_ESR1,QTEN33,160.0,320.0,24.0,44.0,16069.0,1.8,0.7,-38.6,0.0,97.5,80.6
2026-07-19,QTUM_SLR_ESR2,QTEN33,160.0,320.0,24.0,41.0,16069.0,1.7,0.7,-16.2,0.0,97.5,80.6
2026-07-19,QUEEN_BA_ESR1,QENEL2,49.5,66.4,24.0,2271.0,3896.0,53.0,61.4,-15.6,458.0,97.5,80.6
2026-07-19,RADN_SLR_ESR1,QIPRAD,78.1,141.2,24.0,4233.0,7403.0,116.3,165.5,30.8,1157.9,97.5,80.6
2026-07-19,RADN_SLR_ESR2,QIPRAD,81.9,150.3,24.0,4682.0,7829.0,126.2,172.0,27.8,1218.7,97.5,80.6
2026-07-19,RBN_ESR1,QTEN19,30.0,26.4,24.0,-771.0,1855.0,28.3,69.4,-0.2,113.6,97.5,80.6
2026-07-19,RHA_ESR1,QTEN19,200.0,424.2,24.0,10104.0,20770.0,350.7,469.6,23.4,0.0,97.5,80.6
2026-07-19,RIO_GRAN_ESR1,QTEN24,9.9,9.8,24.0,3.0,602.0,0.2,0.1,0.0,75.7,97.5,80.6
2026-07-19,ROSELAND_ESR1,QENEL9,50.0,85.8,24.0,3327.0,4598.0,82.0,95.4,-2.2,347.1,97.5,80.6
2026-07-19,RPUBRDS_ESR1,QSHEL2,50.0,57.5,24.0,1941.0,3654.0,50.3,69.7,0.2,137.1,97.5,80.6
2026-07-19,RRANCHES_ESR1,QSUE51,150.0,345.8,24.0,4011.0,16347.0,181.2,317.9,97.2,1502.7,97.5,80.6
2026-07-19,RRANCHES_ESR2,QSUE51,150.0,345.0,24.0,6438.0,16327.0,246.0,310.7,-16.2,1265.8,97.5,80.6
2026-07-19,RRC_WIND_ESR1,QFPL35,75.0,225.0,24.0,9247.0,9493.0,271.2,270.9,-30.3,0.0,97.5,80.6
2026-07-19,RRC_WIND_ESR2,QFPL35,75.0,225.0,24.0,9245.0,9493.0,265.0,259.6,-32.9,0.0,97.5,80.6
2026-07-19,RTLSNAKE_ESR1,QBEEP1,9.9,10.7,23.8,326.0,642.0,8.8,9.2,-0.9,106.2,97.5,80.6
2026-07-19,RUSSEKST_ESR1,QBEEP1,9.9,10.7,24.0,250.0,642.0,8.1,9.7,0.7,114.1,97.5,80.6
2026-07-19,RVRVLYS_ESR1,QSHEL2,50.0,114.3,24.0,4080.0,5425.0,129.8,151.8,2.5,673.0,97.5,80.6
2026-07-19,RVRVLYS_ESR2,QSHEL2,50.0,114.3,24.0,3920.0,5425.0,124.3,148.3,3.2,666.1,97.5,80.6
2026-07-19,SADLBACK_ESR1,QBEEP1,9.9,10.7,24.0,309.0,642.0,8.6,9.6,-0.6,105.7,97.5,80.6
2026-07-19,SAH_ESR1,QGFEN,200.0,10.0,24.0,16830.0,919.0,485.2,281.3,-4.5,0.0,97.5,80.6
2026-07-19,SANDLAKE_ESR1,QBEEP1,9.9,10.7,24.0,342.0,642.0,8.8,8.7,-1.0,117.9,97.5,80.6
2026-07-19,SBEAN_ESR1,QBEEP1,9.9,10.7,24.0,325.0,642.0,8.5,8.9,-0.8,111.3,97.5,80.6
2026-07-19,SEVNF_ES_ESR1,QTEN37,100.0,238.2,24.0,1713.0,11097.0,301.0,208.5,-151.7,1388.9,97.5,80.6
2026-07-19,SGAL_BES_ESR1,QJPEM,100.0,202.6,24.0,4780.0,10116.0,192.3,224.2,-12.7,1306.1,97.5,80.6
2026-07-19,SGAL_BES_ESR2,QJPEM2,100.0,202.8,24.0,5441.0,10117.0,216.1,235.8,-15.0,1258.2,97.5,80.6
2026-07-19,SGSA_ESR1,QAMA1,6.9,15.6,24.0,294.0,743.0,8.1,12.4,3.8,3.1,97.5,80.6
2026-07-19,SHAMROCK_ESR1,QFPL40,99.3,297.9,24.0,9856.0,12570.0,291.3,343.3,-0.9,0.0,97.5,80.6
2026-07-19,SHEEPCRK_ESR1,QSUE70,135.0,172.9,24.0,3440.0,10488.0,145.5,195.8,-1.1,525.7,97.5,80.6
2026-07-19,SLCNHLS_ESR1,QSHEL2,50.0,58.2,24.0,2212.0,3680.0,51.4,72.1,-0.7,130.3,97.5,80.6
2026-07-19,SLCNHLS_ESR2,QSHEL2,50.0,59.7,24.0,2326.0,3734.0,53.5,74.3,0.3,149.1,97.5,80.6
2026-07-19,SLK_BESS_ESR1,QTEN34,200.0,400.0,24.0,11318.0,20086.0,389.7,418.6,-43.4,0.0,97.5,80.6
2026-07-19,SMTH_ESS_ESR1,QSUE77,125.0,250.0,24.0,8134.0,12554.0,237.7,281.5,11.1,1661.8,97.5,80.6
2026-07-19,SOLC_SLR_ESR1,QTEN33,160.0,320.0,24.0,11.0,16069.0,0.4,0.2,-27.1,0.0,97.5,80.6
2026-07-19,SOLC_SLR_ESR2,QTEN33,160.0,320.0,24.0,11.0,16069.0,0.3,0.2,-24.7,0.0,97.5,80.6
2026-07-19,SPTX12B_ESR1,QEDIS9,22.3,18.6,24.0,602.0,1320.0,18.6,23.7,-0.1,34.8,97.5,80.6
2026-07-19,SP_ESR1,QTEN26,9.9,19.5,24.0,740.0,947.0,16.0,4.3,-15.5,81.0,97.5,80.6
2026-07-19,STADIUM_ESR1,QTEN26,9.9,15.0,24.0,406.0,846.0,15.2,16.0,-2.7,0.0,97.5,80.6
2026-07-19,STAM_SLR_ESR1,QENE12,70.0,127.8,24.0,3488.0,6672.0,77.5,92.3,1.4,663.8,97.5,80.6
2026-07-19,STRG_SLR_ESR1,QECNR,95.1,193.4,24.0,5272.0,9646.0,163.0,207.4,9.0,0.0,97.5,80.6
2026-07-19,SUNVASLR_ESR1,QSUE38,53.3,53.2,24.0,808.0,3611.0,40.3,52.8,-0.1,214.1,97.5,80.6
2026-07-19,SUNVASLR_ESR2,QSUE38,46.7,46.8,24.0,607.0,3168.0,32.7,44.6,-0.3,178.6,97.5,80.6
2026-07-19,SWEENY_ESR1,QSUE74,9.9,9.0,24.0,245.0,599.0,8.4,9.7,-0.1,40.2,97.5,80.6
2026-07-19,SWOOSEII_ESR1,QMEA5,100.0,191.3,24.0,3746.0,9789.0,122.4,173.1,5.8,1149.3,97.5,80.6
2026-07-19,SWTWR_ESR1,QTEN26,5.4,12.0,24.0,126.0,574.0,7.4,8.9,0.0,17.7,97.5,80.6
2026-07-19,S_SNROSA_ESR1,QTEN24,9.9,10.9,24.0,-1.0,636.0,0.1,0.1,-0.0,56.0,97.5,80.6
2026-07-19,TBWF_ESS_ESR1,QTEN29,150.0,342.4,24.0,4987.0,16258.0,201.5,305.0,43.6,635.8,97.5,80.6
2026-07-19,TDWLPR_1_ESR1,QMEA6,100.0,223.7,24.0,5698.0,10711.0,180.3,226.5,19.5,1257.1,97.5,80.6
2026-07-19,TDWLPR_1_ESR2,QMEA6,100.0,223.6,24.0,5875.0,10708.0,184.0,227.9,15.6,1235.7,97.5,80.6
2026-07-19,TNFS_ESR1,QSYSO,9.9,18.0,24.0,794.0,941.0,23.6,24.7,-0.9,39.1,97.5,80.6
2026-07-19,TORT_ESS_ESR1,QSUE74,50.0,40.5,24.0,628.0,2921.0,44.3,54.0,0.6,190.1,97.5,80.6
2026-07-19,TSECA_ES_ESR1,QTEN36,100.0,238.2,24.0,4587.0,11097.0,189.2,238.0,9.0,439.4,97.5,80.6
2026-07-19,TURQBESS_ESR1,QHEI3,190.0,352.2,24.0,11091.0,18266.0,296.6,355.9,6.5,2737.7,97.5,80.6
2026-07-19,TV_ESR1,QAETE1,10.0,22.4,24.0,336.0,1072.0,8.6,13.9,3.9,63.9,97.5,80.6
2026-07-19,TYNAN_ESR1,QBEEP1,9.9,10.7,24.0,262.0,642.0,3.7,0.4,-3.5,176.0,97.5,80.6
2026-07-19,UTOPIA_ESR1,QTEN30,6.5,12.7,24.0,286.0,653.0,6.1,8.2,-0.0,0.0,97.5,80.6
2026-07-19,VERT_ESS_ESR1,QNRGTX,36.1,58.0,24.0,-588.0,3212.0,0.0,18.4,-7.9,0.0,97.5,80.6
2026-07-19,VORTEX_ESR1,QENEL8,121.8,192.0,24.0,4333.0,10656.0,111.0,205.1,0.0,498.5,97.5,80.6
2026-07-19,WAL_ESR1,QSUE92,200.0,398.7,24.0,16264.0,20049.0,428.1,487.7,15.9,2747.1,97.5,80.6
2026-07-19,WCOLLOCL_ESR1,QHABIT,8.4,3.1,24.0,-31.0,262.0,0.1,1.2,0.1,94.0,97.5,80.6
2026-07-19,WEIL_TRC_ESR1,QBEEP1,9.9,10.7,24.0,49.0,642.0,0.9,0.6,-0.7,176.4,97.5,80.6
2026-07-19,WFTANK_ESR1,QTEN28,150.0,169.5,24.0,-6087.0,10886.0,172.2,193.3,-25.9,1356.2,97.5,80.6
2026-07-19,WIG_ESS_ESR1,QHEI1,120.0,187.0,24.0,3147.0,10430.0,120.8,181.4,6.3,1641.2,97.5,80.6
2026-07-19,WOVER_ESR1,QTEN26,5.7,12.9,24.0,402.0,616.0,14.6,13.8,-2.3,3.3,97.5,80.6
2026-07-19,WR_ESR1,QAETEL,9.9,22.4,24.0,1028.0,1066.0,16.3,3.5,-14.3,125.6,97.5,80.6
2026-07-19,W_HARLIN_ESR1,QTEN24,9.9,10.6,24.0,5.0,627.0,0.2,0.1,-0.0,58.5,97.5,80.6
2026-07-19,X4_ESR1,QCPSE,10.0,8.5,24.0,220.0,604.0,6.5,7.2,-1.2,1.0,97.5,80.6
2026-07-19,Z0_ESR1,QTEN26,9.9,20.1,24.0,14.0,903.0,9.2,18.5,0.7,0.0,97.5,80.6
2026-07-19,ZAPATA_ESR1,QSUE74,9.9,9.4,24.0,215.0,619.0,15.0,11.4,-6.0,95.8,97.5,80.6
2026-07-19,ZAPATA_ESR2,QSUE74,8.3,7.3,24.0,108.0,498.0,11.0,9.2,-3.9,79.1,97.5,80.6
2026-07-19,ZIER_SLR_ESR1,QTEN19,40.0,67.4,24.0,1169.0,3641.0,44.3,78.8,16.6,160.9,97.5,80.6
2026-07-18,ABINDUST_ESR1,QMP2M1,9.9,25.9,24.0,519.0,639.0,25.6,28.4,-0.1,12.9,42.1,33.0
2026-07-18,ADL_ESR1,QTEN26,60.0,56.6,24.0,1324.0,1701.0,60.0,76.0,0.1,624.5,42.1,33.0
2026-07-18,AE_ESR1,QTEN26,9.9,19.1,24.0,72.0,508.0,9.4,19.3,8.8,125.2,42.1,33.0
2026-07-18,ALAMO_ST_ESR1,QSYSO,9.9,17.6,24.0,484.0,474.0,22.4,22.8,-1.9,32.7,42.1,33.0
2026-07-18,ALP_BESS_ESR1,QHEI1,100.3,168.2,24.0,1754.0,4575.0,126.7,171.7,2.6,1653.5,42.1,33.0
2026-07-18,ALVIN_ESR1,QSUE74,8.3,5.5,24.0,37.0,175.0,6.4,7.7,0.0,42.7,42.1,33.0
2026-07-18,ANCHOR_ESR1,QENE11,30.7,36.6,24.0,315.0,1055.0,16.9,23.4,-0.6,320.2,42.1,33.0
2026-07-18,ANCHOR_ESR2,QENE11,34.8,48.2,24.0,669.0,1356.0,31.1,40.5,0.9,360.4,42.1,33.0
2026-07-18,ANDMDSLR_ESR1,QIPLU2,81.5,144.5,24.0,2682.0,3897.0,140.9,162.0,6.4,822.1,42.1,33.0
2026-07-18,ANDMDSLR_ESR2,QIPLU2,78.1,144.4,24.0,2580.0,3866.0,138.2,161.9,8.7,801.9,42.1,33.0
2026-07-18,ANEM_ESS_ESR1,QSUE53,200.0,456.5,24.0,-1672.0,11822.0,182.1,487.3,279.2,1962.0,42.1,33.0
2026-07-18,ANGLETON_ESR1,QSUE74,9.9,8.2,24.0,100.0,253.0,8.3,9.8,0.2,54.9,42.1,33.0
2026-07-18,ANG_SLR_ESR1,QTEN26,100.0,206.8,24.0,2466.0,5439.0,149.9,227.3,24.2,497.5,42.1,33.0
2026-07-18,ANOL_ESS_ESR1,QESVE1,240.0,501.9,24.0,7543.0,13179.0,491.0,624.9,8.9,1484.2,42.1,33.0
2026-07-18,ANTL_ESS_ESR1,QSU100,70.0,167.3,24.0,2855.0,4297.0,152.2,186.7,8.1,353.3,42.1,33.0
2026-07-18,ARY_BESS_ESR1,QTEN32,180.0,180.0,24.0,-218.0,5353.0,0.0,10.1,-0.2,0.0,42.1,33.0
2026-07-18,AVIL_ESS_ESR1,QSU100,160.0,371.8,24.0,7356.0,9602.0,372.1,418.4,-7.8,988.5,42.1,33.0
2026-07-18,AZURE_ESR1,QENEL6,77.6,127.9,24.0,2300.0,3487.0,114.8,153.2,1.6,367.9,42.1,33.0
2026-07-18,BATCAVE_ESR1,QSUE74,100.5,103.6,24.0,65.0,3062.0,69.2,105.1,2.2,438.7,42.1,33.0
2026-07-18,BAY_CITY_ESR1,QTEN24,9.9,7.3,24.0,-104.0,197.0,0.1,8.1,7.1,25.4,42.1,33.0
2026-07-18,BCK_ESR1,QHEI5,123.5,304.2,24.0,4035.0,7770.0,258.8,319.7,6.2,0.0,42.1,33.0
2026-07-18,BCK_ESR2,QHEI5,126.5,313.5,24.0,4250.0,8000.0,265.5,320.0,4.1,0.0,42.1,33.0
2026-07-18,BCNV_ESS_ESR1,QSHE11,150.0,300.0,24.0,2318.0,7935.0,179.2,320.7,96.4,1176.2,42.1,33.0
2026-07-18,BELD_ESR1,QJPEM,5.0,7.9,24.0,115.0,224.0,6.4,8.4,0.9,37.1,42.1,33.0
2026-07-18,BEXAR_ES_ESR1,QTEN32,100.0,100.0,24.0,-494.0,2974.0,26.0,44.0,-0.2,1077.4,42.1,33.0
2026-07-18,BIG_STAR_ESR1,QECNR,80.0,109.9,24.0,-39.0,3089.0,1.2,2.7,-5.8,0.0,42.1,33.0
2026-07-18,BKSL_ESS_ESR1,QESVE2,100.0,220.6,24.0,3003.0,5743.0,267.2,338.1,21.4,625.2,42.1,33.0
2026-07-18,BLACKSPR_ESR1,QBROO2,120.0,281.8,24.0,5328.0,7264.0,296.1,347.0,5.3,720.8,42.1,33.0
2026-07-18,BLSUMMIT_ESR1,QFPL12,27.7,9.7,24.0,6.0,334.0,4.9,9.3,-0.2,0.0,42.1,33.0
2026-07-18,BLSUMMIT_ESR2,QFPL48,150.0,450.0,24.0,9969.0,10948.0,479.4,562.4,0.0,0.0,42.1,33.0
2026-07-18,BLUEJAY_ESR1,QENEL7,50.0,86.1,24.0,1536.0,2333.0,77.6,96.7,1.6,264.2,42.1,33.0
2026-07-18,BLVN_SLR_ESR1,QSHEL8,180.0,360.0,24.0,6491.0,9522.0,306.5,377.9,-0.5,1215.7,42.1,33.0
2026-07-18,BOCO_ESS_ESR1,QTEN28,150.0,365.0,24.0,6542.0,9345.0,326.7,402.1,0.0,1619.5,42.1,33.0
2026-07-18,BRAZORIA_ESR1,QSUE74,8.3,7.1,24.0,-45.0,218.0,13.5,17.5,0.6,45.9,42.1,33.0
2026-07-18,BR_ARROW_ESR1,QECNR,48.3,94.0,24.0,96.0,2497.0,27.6,34.0,-1.7,33.2,42.1,33.0
2026-07-18,BUDA_ESR1,QTEN26,9.9,24.7,24.0,317.0,629.0,18.8,22.1,0.7,0.0,42.1,33.0
2026-07-18,BYP_ESR1,QEXELO,200.0,465.0,24.0,6398.0,12007.0,366.5,551.2,92.2,0.0,42.1,33.0
2026-07-18,BYRDR_ES_ESR1,QHABIT,50.0,59.4,24.0,493.0,1712.0,39.0,51.9,1.1,640.0,42.1,33.0
2026-07-18,CACH_ESS_ESR1,QSU100,200.0,470.6,24.0,7867.0,12126.0,460.6,543.8,9.1,894.9,42.1,33.0
2026-07-18,CAMWIND_ESR1,QTEN26,16.4,34.9,24.0,-752.0,915.0,1.3,30.2,27.4,116.8,42.1,33.0
2026-07-18,CARA_ESS_ESR1,QHEI8,98.3,196.7,24.0,1225.0,5202.0,119.2,203.1,41.4,1868.9,42.1,33.0
2026-07-18,CARN_ESS_ESR1,QSU100,150.0,343.6,24.0,5550.0,8892.0,308.9,378.5,14.1,880.2,42.1,33.0
2026-07-18,CARRIZO_ESR1,QTEN30,9.6,12.6,24.0,223.0,359.0,13.5,12.4,-2.9,60.0,42.1,33.0
2026-07-18,CARTWHL_ESR1,QECNR,150.0,286.5,24.0,-21.0,7633.0,8.3,8.8,-16.5,0.0,42.1,33.0
2026-07-18,CASL_GAP_ESR1,QLUMN1,4.0,4.3,24.0,85.0,128.0,4.7,6.2,-0.0,0.0,42.1,33.0
2026-07-18,CAST_ESS_ESR1,QSUE79,200.0,443.6,24.0,6911.0,11540.0,435.4,522.9,5.9,802.6,42.1,33.0
2026-07-18,CATARINA_ESR1,QBEEP1,9.9,10.7,24.0,153.0,271.0,7.7,9.6,1.0,110.9,42.1,33.0
2026-07-18,CEDRVALE_ESR1,QBEEP1,9.9,10.7,24.0,46.0,271.0,4.8,9.8,4.4,108.7,42.1,33.0
2026-07-18,CHERRYCR_ESR1,QBEEP1,9.9,10.7,24.0,169.0,271.0,7.8,8.6,0.7,112.8,42.1,33.0
2026-07-18,CHIL_SLR_ESR1,QSUE88,150.0,310.6,24.0,3703.0,8168.0,259.6,351.3,-3.5,914.1,42.1,33.0
2026-07-18,CISC_ESR1,QBEEP1,9.9,10.7,24.0,-60.0,271.0,0.6,5.2,3.6,157.0,42.1,33.0
2026-07-18,CITRUSCY_ESR1,QPROLO,9.9,21.0,24.0,-88.0,469.0,1.6,11.2,8.7,154.8,42.1,33.0
2026-07-18,CLO_ESR1,QMEA1,100.0,201.9,24.0,2876.0,5332.0,158.8,199.7,3.7,1338.8,42.1,33.0
2026-07-18,CLO_ESR2,QMEA1,100.0,201.4,24.0,2754.0,5322.0,155.7,200.0,3.1,1299.6,42.1,33.0
2026-07-18,CNLY_ESS_ESR1,QSUE76,118.1,225.5,24.0,3928.0,6008.0,233.8,275.8,0.1,1522.0,42.1,33.0
2026-07-18,CNTRY_ESR1,QPROLO,9.8,20.3,24.0,340.0,457.0,19.2,22.6,-0.1,100.2,42.1,33.0
2026-07-18,CNTYRDS_ESR1,QTEN26,9.9,24.7,24.0,565.0,603.0,24.9,22.5,-4.9,0.0,42.1,33.0
2026-07-18,CORALSLR_ESR1,QNGRE1,47.5,58.3,24.0,1098.0,1675.0,57.1,59.3,-1.1,553.2,42.1,33.0
2026-07-18,CORALSLR_ESR2,QNGRE1,51.4,58.3,24.0,1057.0,1698.0,55.8,62.4,-0.7,572.8,42.1,33.0
2026-07-18,CORAZON_ESR1,QHEI4,196.0,223.6,24.0,-4078.0,6493.0,62.0,290.9,171.3,2334.2,42.1,33.0
2026-07-18,COYOTSPR_ESR1,QBEEP1,9.9,10.7,24.0,49.0,271.0,5.0,9.9,4.1,106.1,42.1,33.0
2026-07-18,CROSSETT_ESR1,QJPEM1,100.0,101.5,24.0,1854.0,3011.0,89.7,103.4,7.0,939.0,42.1,33.0
2026-07-18,CROSSETT_ESR2,QJPEM1,100.0,101.6,24.0,1750.0,3013.0,85.4,98.8,4.7,933.9,42.1,33.0
2026-07-18,CROSSTRL_ESR1,QGRIE4,57.0,113.8,24.0,1662.0,3011.0,92.2,110.6,-4.1,183.7,42.1,33.0
2026-07-18,CR_ESR1,QPROLO,9.8,9.4,24.0,153.0,253.0,9.6,12.0,0.1,74.0,42.1,33.0
2026-07-18,CS_ESR1,QTEN26,7.0,14.3,24.0,84.0,365.0,8.6,14.6,4.5,89.1,42.1,33.0
2026-07-18,CTW_ESR1,QTOTL5,150.0,193.6,24.0,2925.0,5502.0,194.2,255.4,1.0,842.2,42.1,33.0
2026-07-18,DAN_ESR1,QTOTL4,75.3,102.2,24.0,1615.0,2878.0,91.3,115.9,5.2,443.4,42.1,33.0
2026-07-18,DAN_ESR2,QTOTL4,71.7,102.4,24.0,1597.0,2859.0,92.5,117.1,2.1,427.2,42.1,33.0
2026-07-18,DA_ESR1,QSHE16,4.0,9.6,24.0,178.0,247.0,8.2,9.4,0.0,0.5,42.1,33.0
2026-07-18,DCSES_ESR1,QLUMN,66.5,66.4,24.0,5.0,1977.0,21.8,55.0,14.3,237.9,42.1,33.0
2026-07-18,DCSES_ESR2,QLUMN,66.5,66.4,24.0,18.0,1977.0,21.7,53.7,14.6,236.4,42.1,33.0
2026-07-18,DCSES_ESR3,QLUMN,63.5,63.4,24.0,-69.0,1887.0,20.6,53.9,14.2,182.9,42.1,33.0
2026-07-18,DCSES_ESR4,QLUMN,63.5,63.4,24.0,-71.0,1887.0,20.6,54.2,14.2,182.6,42.1,33.0
2026-07-18,DESN_ESS_ESR1,QSUE79,200.0,466.0,24.0,7277.0,12029.0,439.3,529.2,9.0,872.5,42.1,33.0
2026-07-18,DGFS_ESR_ESR1,QTEN26,75.0,54.4,24.0,-54.0,1716.0,38.6,52.9,-13.8,117.8,42.1,33.0
2026-07-18,DIBOL_ESR1,QBEEP1,9.9,10.7,24.0,-67.0,271.0,0.4,5.0,3.9,156.3,42.1,33.0
2026-07-18,DICKNSON_ESR1,QSUE74,9.9,7.8,24.0,11.0,243.0,7.7,10.7,-0.0,57.9,42.1,33.0
2026-07-18,DKNS_ESS_ESR1,QSUE74,50.0,49.9,24.0,753.0,1484.0,87.5,101.0,0.6,294.4,42.1,33.0
2026-07-18,DKNS_ESS_ESR2,QSUE74,50.0,49.3,24.0,741.0,1469.0,86.1,99.3,0.6,296.8,42.1,33.0
2026-07-18,DKNS_ESS_ESR3,QSUE74,50.0,50.1,24.0,771.0,1489.0,86.6,99.2,0.5,294.6,42.1,33.0
2026-07-18,DKNS_ESS_ESR4,QSUE74,50.0,47.9,24.0,720.0,1436.0,83.8,96.6,-2.2,296.4,42.1,33.0
2026-07-18,DPCRK_ESR1,QTEN26,6.5,14.0,24.0,283.0,356.0,13.5,12.3,-0.3,0.0,42.1,33.0
2026-07-18,DSWL_ESS_ESR1,QPHIL3,150.0,325.3,24.0,5547.0,8492.0,309.7,391.2,0.7,1192.4,42.1,33.0
2026-07-18,EBNY_ESS_ESR1,QSUE52,200.0,458.5,24.0,4723.0,11865.0,385.1,493.7,28.6,1907.9,42.1,33.0
2026-07-18,ELMCRK_ESR1,QMP2M1,9.9,25.9,24.0,-71.0,605.0,7.7,24.8,15.2,12.0,42.1,33.0
2026-07-18,ELM_ST_ESR1,QTEN26,9.9,24.7,24.0,507.0,550.0,23.0,22.3,-3.7,0.0,42.1,33.0
2026-07-18,ELM_ST_ESR2,QSYSO,9.9,18.0,24.0,389.0,483.0,21.9,24.6,0.0,33.8,42.1,33.0
2026-07-18,ELSA_ESR1,QTEN24,9.9,10.6,24.0,-31.0,261.0,0.3,3.0,2.8,66.8,42.1,33.0
2026-07-18,ELZA_SLR_ESR1,QENE16,100.0,125.3,24.0,624.0,3581.0,64.8,113.9,-8.2,936.8,42.1,33.0
2026-07-18,EMPCT_ESR1,QTEN24,9.9,13.1,24.0,-136.0,305.0,0.2,9.2,11.6,45.7,42.1,33.0
2026-07-18,ENDPARKS_ESR1,QGRIE4,49.4,102.4,24.0,785.0,2688.0,71.6,80.8,-6.0,363.8,42.1,33.0
2026-07-18,ESCONDID_ESR1,QTEN30,5.0,12.7,24.0,-7.0,288.0,0.0,0.3,-0.1,0.0,42.1,33.0
2026-07-18,ESTONIAN_ESR1,QENE14,101.6,160.6,24.0,3674.0,4410.0,162.6,187.0,-0.3,445.1,42.1,33.0
2026-07-18,EUNICE_ESR1,QTENSK,19.0,20.0,24.0,-312.0,480.0,0.4,21.0,15.4,208.0,42.1,33.0
2026-07-18,EVLN_ESS_ESR1,QSHE15,188.3,288.5,24.0,5044.0,7960.0,283.7,358.8,27.3,0.0,42.1,33.0
2026-07-18,E_HARRIS_ESR1,QTEN26,9.9,20.0,24.0,-213.0,462.0,2.2,18.8,15.8,0.0,42.1,33.0
2026-07-18,FALFUR_ESR2,QTEN30,9.5,12.6,24.0,-153.0,282.0,1.1,10.9,8.4,100.1,42.1,33.0
2026-07-18,FAULKNER_ESR1,QBEEP1,9.9,10.7,24.0,57.0,271.0,4.9,9.4,4.0,114.8,42.1,33.0
2026-07-18,FENCESLR_ESR1,QENE13,65.3,103.4,24.0,1146.0,2838.0,60.2,72.8,-1.5,547.0,42.1,33.0
2026-07-18,FERD_ESS_ESR1,QCPSE,200.0,950.0,24.0,4242.0,20486.0,396.7,531.5,67.9,450.3,42.1,33.0
2026-07-18,FIVEWSLR_ESR1,QSUE61,220.0,250.0,24.0,2506.0,7265.0,217.4,285.6,3.6,920.3,42.1,33.0
2026-07-18,FLAT_TOP_ESR1,QSHEL2,9.6,15.4,24.0,226.0,423.0,13.2,16.9,0.3,45.7,42.1,33.0
2026-07-18,FLAT_TOP_ESR2,QJPEM,9.9,16.2,24.0,292.0,442.0,13.9,16.2,0.1,95.6,42.1,33.0
2026-07-18,FLOWERII_ESR1,QJPEM,99.9,195.8,24.0,3073.0,5193.0,144.2,177.6,5.2,1009.0,42.1,33.0
2026-07-18,FORTMA_ESR1,QTEN30,10.0,12.6,4.6,59.0,359.0,2.2,0.6,-3.1,7.4,42.1,33.0
2026-07-18,FRMRSVLW_ESR1,QBEEP1,9.9,10.7,24.0,-70.0,271.0,0.4,5.4,4.3,158.3,42.1,33.0
2026-07-18,FRMRSVLW_ESR2,QTEN26,9.9,14.7,24.0,217.0,408.0,11.9,14.1,-0.3,52.1,42.1,33.0
2026-07-18,FTDUNCAN_ESR1,QTEN26,100.0,209.8,24.0,3140.0,5507.0,164.0,212.2,-0.5,1313.4,42.1,33.0
2026-07-18,GAIA_SLR_ESR1,QTEN26,75.0,150.0,24.0,2316.0,3967.0,231.1,242.0,-20.2,469.8,42.1,33.0
2026-07-18,GAMBIT_ESR1,QSUE23,100.0,146.9,24.0,1565.0,4070.0,130.9,167.0,-4.3,743.1,42.1,33.0
2026-07-18,GARCENO_ESR1,QTEN24,9.9,9.9,24.0,-16.0,247.0,0.2,1.6,1.3,65.2,42.1,33.0
2026-07-18,GEORSO_ESR1,QEDIS9,9.8,8.1,24.0,154.0,247.0,9.7,12.2,-0.0,76.8,42.1,33.0
2026-07-18,GIGA_ESS_ESR1,QSUE55,125.0,219.9,24.0,3618.0,5935.0,213.9,245.6,-7.8,1795.0,42.1,33.0
2026-07-18,GKS_BESS_ESR1,QTEN26,85.3,160.6,24.0,-2095.0,4283.0,0.4,132.5,99.2,581.1,42.1,33.0
2026-07-18,GOMZ_ESR1,QBEEP1,9.9,10.7,24.0,80.0,271.0,5.5,9.2,3.5,115.3,42.1,33.0
2026-07-18,GOODWIN_ESR1,QTEN30,7.5,12.7,24.0,-117.0,299.0,0.5,9.0,7.1,4.1,42.1,33.0
2026-07-18,GRDNE_ESR1,QBEEP1,9.9,10.7,24.0,-14.0,271.0,3.3,10.4,5.9,102.9,42.1,33.0
2026-07-18,GRIZZLY_ESR1,QPRIO1,9.9,10.0,0.0,0.0,297.0,0.0,-0.0,0.0,0.0,42.1,33.0
2026-07-18,GZ_ESR1,QTEN30,9.5,12.7,24.0,-45.0,358.0,5.4,8.9,1.1,118.2,42.1,33.0
2026-07-18,HAMILTON_ESR1,QBEEP1,9.9,10.7,24.0,181.0,271.0,8.8,9.7,-0.3,106.9,42.1,33.0
2026-07-18,HEADCAMP_ESR1,QTEN34,150.0,300.0,24.0,4392.0,7935.0,245.1,324.1,22.7,0.0,42.1,33.0
2026-07-18,HEARN_RD_ESR1,QTEN30,9.8,12.7,24.0,275.0,350.0,12.7,13.7,0.0,0.0,42.1,33.0
2026-07-18,HEIGHTTN_ESR1,QSUE74,9.9,8.2,24.0,78.0,252.0,7.6,8.9,0.0,41.0,42.1,33.0
2026-07-18,HI_LONEB_ESR1,QENEL1,50.0,72.8,24.0,1195.0,2027.0,55.9,72.9,0.1,486.0,42.1,33.0
2026-07-18,HLY_ESR1,QHEI1,102.2,172.9,24.0,1180.0,4695.0,118.1,166.6,-5.5,1944.5,42.1,33.0
2026-07-18,HLY_ESR2,QHEI1,101.8,167.9,24.0,1121.0,4578.0,116.9,162.6,-6.7,1938.0,42.1,33.0
2026-07-18,HMNG_ESS_ESR1,QMEA8,99.8,222.0,24.0,3315.0,5773.0,185.4,233.2,5.1,1382.8,42.1,33.0
2026-07-18,HOLCOMB_ESR1,QBEEP1,9.9,10.7,24.0,-250.0,271.0,6.0,15.6,8.7,93.1,42.1,33.0
2026-07-18,HOUSEMTN_ESR1,QJPEM,60.0,127.5,24.0,2198.0,3339.0,104.1,132.5,5.9,680.6,42.1,33.0
2026-07-18,HRMS_SLR_ESR1,QTOT16,100.0,200.6,24.0,-161.0,5302.0,192.4,215.7,217.9,0.0,42.1,33.0
2026-07-18,HWY6_ESR1,QTEN26,9.9,24.7,24.0,424.0,629.0,20.9,23.3,-0.2,0.0,42.1,33.0
2026-07-18,HYDR_ESS_ESR1,QSUE74,200.0,195.6,24.0,3492.0,5840.0,164.9,203.6,-1.5,658.2,42.1,33.0
2026-07-18,INDL_ESR1,QECNR,9.9,4.2,24.0,43.0,145.0,2.9,5.0,1.1,0.0,42.1,33.0
2026-07-18,INRT_W_ESR1,QFPL32,13.0,46.5,24.0,552.0,1079.0,31.7,40.9,-0.0,0.0,42.1,33.0
2026-07-18,JADE_SLR_ESR1,QIPLUM,78.1,140.2,24.0,1159.0,3772.0,84.8,170.4,59.3,399.5,42.1,33.0
2026-07-18,JADE_SLR_ESR2,QIPLUM,81.9,151.0,24.0,1168.0,4044.0,89.7,182.1,65.8,413.8,42.1,33.0
2026-07-18,JAG_SLR_ESR1,QLCRA,150.0,300.0,24.0,5911.0,7935.0,287.3,342.8,0.0,775.4,42.1,33.0
2026-07-18,JAG_SLR_ESR2,QMITS2,150.0,305.0,24.0,6026.0,8045.0,283.1,339.5,-0.8,0.0,42.1,33.0
2026-07-18,JAR_ESR1,QHEI1,147.0,264.0,24.0,2014.0,7101.0,174.7,224.5,9.2,2863.3,42.1,33.0
2026-07-18,JAR_ESR2,QHEI1,157.0,291.0,24.0,2418.0,7788.0,196.2,245.2,4.9,3058.9,42.1,33.0
2026-07-18,JDKNS_ESR1,QBEEP1,9.9,10.7,24.0,26.0,271.0,4.2,9.7,5.0,113.8,42.1,33.0
2026-07-18,JUNCTION_ESR1,QBEEP1,9.9,10.7,24.0,-87.0,271.0,2.7,10.3,5.4,135.8,42.1,33.0
2026-07-18,JUNORTH_ESR1,QTEN26,9.9,22.0,24.0,-162.0,573.0,8.3,20.8,9.9,0.0,42.1,33.0
2026-07-18,K0_ESR1,QSUE74,9.9,9.7,24.0,97.0,275.0,8.7,10.5,0.4,48.6,42.1,33.0
2026-07-18,KEG_ESR1,QEDF27,140.0,311.2,24.0,1443.0,8092.0,206.2,291.8,34.6,0.0,42.1,33.0
2026-07-18,LANTANA_ESR1,QTEN26,9.9,20.1,24.0,4.0,502.0,7.0,18.6,9.9,0.0,42.1,33.0
2026-07-18,LBRA_ESS_ESR1,QSUE48,200.0,200.0,24.0,1068.0,5948.0,126.4,190.7,1.5,667.9,42.1,33.0
2026-07-18,LFSTH_ESR1,QBEEP1,9.9,10.7,24.0,-62.0,271.0,0.4,4.6,3.5,161.3,42.1,33.0
2026-07-18,LIGSW_ESR1,QPROLO,9.8,9.5,24.0,153.0,256.0,9.2,11.1,0.0,111.5,42.1,33.0
2026-07-18,LILY_ESR1,QENEL5,50.0,68.8,24.0,-128.0,1932.0,5.3,25.7,11.0,555.5,42.1,33.0
2026-07-18,LMO_ESR1,QSHEL2,99.9,243.5,24.0,2438.0,6232.0,196.4,243.7,-0.2,943.9,42.1,33.0
2026-07-18,LONESTAR_ESR1,QBEEP1,9.9,10.7,24.0,51.0,271.0,4.7,9.1,3.9,117.4,42.1,33.0
2026-07-18,LON_ESR1,QTEN26,174.0,348.0,24.0,480.0,9228.0,159.6,262.7,56.5,2563.9,42.1,33.0
2026-07-18,LOPENO_ESR1,QSUE74,9.9,9.8,24.0,-120.0,276.0,9.8,17.0,6.0,111.2,42.1,33.0
2026-07-18,LOWR_ESS_ESR1,QEDI10,60.0,117.5,24.0,-755.0,3118.0,19.3,117.9,79.4,1131.6,42.1,33.0
2026-07-18,LUCKYBLU_ESR1,QBROO1,97.4,198.4,24.0,3138.0,5231.0,184.0,227.6,12.8,607.7,42.1,33.0
2026-07-18,L_463S_ESR1,QSUE74,9.9,7.2,24.0,81.0,216.0,9.2,10.6,-0.5,59.8,42.1,33.0
2026-07-18,L_FRESNO_ESR1,QTEN24,9.9,11.1,24.0,-29.0,271.0,0.9,4.9,3.7,73.2,42.1,33.0
2026-07-18,MADERO_ESR1,QTEN25,100.0,247.1,24.0,-1083.0,6308.0,64.7,244.4,163.7,193.0,42.1,33.0
2026-07-18,MADERO_ESR2,QTEN25,100.0,256.0,24.0,-877.0,6489.0,69.4,240.4,141.3,196.6,42.1,33.0
2026-07-18,MAGNO_TN_ESR1,QSUE74,8.3,6.5,24.0,69.0,203.0,6.7,8.0,0.1,40.4,42.1,33.0
2026-07-18,MAINLAND_ESR1,QBEEP1,9.9,10.7,24.0,-83.0,271.0,0.1,5.5,4.4,158.8,42.1,33.0
2026-07-18,MAYBERRY_ESR1,QTEN24,9.9,10.6,24.0,-37.0,261.0,0.2,3.4,3.0,62.8,42.1,33.0
2026-07-18,MAYBERRY_ESR2,QTEN24,9.9,11.9,24.0,-33.0,285.0,0.2,3.1,2.8,94.5,42.1,33.0
2026-07-18,MESQUITE_ESR1,QTEN26,9.9,19.8,24.0,-102.0,501.0,5.2,20.8,15.5,0.0,42.1,33.0
2026-07-18,MESQUITE_ESR2,QSYSO,9.9,19.5,24.0,-15.0,460.0,0.0,0.7,0.0,0.0,42.1,33.0
2026-07-18,MIDP_SLR_ESR1,QTEN26,50.0,100.0,24.0,797.0,2645.0,155.4,184.7,2.4,375.2,42.1,33.0
2026-07-18,MIDWY_ESR1,QPROLO,9.9,10.5,24.0,198.0,277.0,10.0,11.7,0.0,103.1,42.1,33.0
2026-07-18,MNWLE_ESR1,QBEEP1,9.9,10.7,24.0,-75.0,271.0,0.4,5.7,4.2,151.3,42.1,33.0
2026-07-18,MOORE_FL_ESR1,QTEN30,9.4,11.4,24.0,-181.0,275.0,0.8,13.6,11.1,125.2,42.1,33.0
2026-07-18,MUENSTER_ESR1,QTEN30,9.4,12.6,24.0,178.0,355.0,9.6,10.1,-1.0,36.6,42.1,33.0
2026-07-18,MUSTNGCK_ESR1,QENE10,71.0,112.1,24.0,2216.0,3079.0,102.9,134.6,7.2,365.8,42.1,33.0
2026-07-18,MU_ESR1,QTEN26,9.9,19.5,24.0,30.0,517.0,8.6,19.1,8.9,119.9,42.1,33.0
2026-07-18,MYR_ESR1,QTOTL5,74.3,98.0,14.0,2264.0,2775.0,93.2,100.3,-4.9,129.0,42.1,33.0
2026-07-18,MYR_ESR2,QTOTL5,45.0,48.3,14.0,1015.0,1418.0,44.8,55.9,1.3,0.1,42.1,33.0
2026-07-18,NCO_ESR1,QSHEL2,50.0,59.7,24.0,705.0,1689.0,43.9,59.5,2.3,156.0,42.1,33.0
2026-07-18,NF_BRP_ESR1,QSUE74,100.5,106.2,24.0,468.0,3127.0,65.2,105.1,2.1,272.5,42.1,33.0
2026-07-18,NOBLESLR_ESR1,QNGREN,60.9,51.2,24.0,1021.0,1573.0,52.6,55.1,-0.8,339.0,42.1,33.0
2026-07-18,NOBLESLR_ESR2,QNGREN,62.5,54.4,24.0,1049.0,1660.0,54.5,61.9,-0.2,369.0,42.1,33.0
2026-07-18,NWF_ESR1,QDUKER,4.5,0.9,24.0,-155.0,30.0,0.6,7.5,0.2,0.0,42.1,33.0
2026-07-18,N_ALAMO_ESR1,QTEN24,9.9,10.6,24.0,-39.0,261.0,0.3,3.5,3.2,66.5,42.1,33.0
2026-07-18,N_MERCED_ESR1,QTEN24,9.9,10.6,24.0,-30.0,261.0,0.3,2.8,2.5,67.2,42.1,33.0
2026-07-18,ODESW_ESR1,QSUE74,9.9,6.0,24.0,82.0,186.0,8.1,9.3,0.0,47.4,42.1,33.0
2026-07-18,OLNEYTN_ESR1,QBEEP1,9.9,10.7,24.0,-169.0,276.0,2.7,10.5,7.4,136.0,42.1,33.0
2026-07-18,PAD1_ESS_ESR1,QCPSE,50.0,122.0,24.0,427.0,3122.0,40.3,75.3,21.9,46.7,42.1,33.0
2026-07-18,PAD2_ESS_ESR2,QCPSE,150.0,600.0,24.0,8929.0,13515.0,358.8,322.7,-87.6,112.4,42.1,33.0
2026-07-18,PALACIOS_ESR1,QTEN30,9.5,11.4,24.0,195.0,285.0,9.9,11.0,-0.2,51.4,42.1,33.0
2026-07-18,PALE_ESS_ESR1,QSUE74,200.0,202.3,24.0,2264.0,6004.0,299.1,367.1,5.4,900.9,42.1,33.0
2026-07-18,PAULN_ESR1,QBEEP1,9.9,10.7,24.0,-63.0,271.0,0.4,4.6,3.5,158.8,42.1,33.0
2026-07-18,PAVLOV_ESR1,QBEEP1,9.9,10.7,24.0,-56.0,271.0,0.1,3.5,2.7,163.6,42.1,33.0
2026-07-18,PAVO_ESS_ESR1,QSUE74,87.5,84.5,24.0,1426.0,2528.0,96.3,109.3,0.5,406.3,42.1,33.0
2026-07-18,PAVO_ESS_ESR2,QSUE74,87.5,82.0,24.0,1431.0,2467.0,95.8,108.9,0.6,416.0,42.1,33.0
2026-07-18,PEARSALL_ESR1,QTEN26,9.9,19.8,24.0,290.0,444.0,15.6,18.1,-0.1,0.0,42.1,33.0
2026-07-18,PHO_ESR1,QENE15,150.0,242.6,24.0,4501.0,6635.0,226.4,276.3,0.1,513.9,42.1,33.0
2026-07-18,PHO_ESR2,QENE15,150.0,253.2,24.0,4588.0,6878.0,231.4,280.9,13.2,570.5,42.1,33.0
2026-07-18,PINEFRST_ESR1,QTEN21,200.0,400.0,24.0,6756.0,10580.0,421.3,513.1,17.6,48.2,42.1,33.0
2026-07-18,PIN_BESS_ESR1,QTEN34,175.0,400.0,24.0,4184.0,10356.0,260.2,424.0,75.1,0.0,42.1,33.0
2026-07-18,PIRATE_ESR1,QTEN30,9.4,12.6,24.0,165.0,335.0,13.6,16.3,0.1,68.4,42.1,33.0
2026-07-18,PLATINUM_ESR1,QSUE80,148.3,323.4,24.0,4385.0,8435.0,283.8,358.1,5.1,573.9,42.1,33.0
2026-07-18,PLATINUM_ESR2,QSUE80,151.7,329.3,24.0,4278.0,8595.0,273.1,341.1,0.5,582.6,42.1,33.0
2026-07-18,POTEETS_ESR1,QBEEP1,9.9,10.7,24.0,-35.0,271.0,2.3,8.6,5.3,131.5,42.1,33.0
2026-07-18,PRCRK_ESR1,QTEN24,9.9,13.1,24.0,-118.0,305.0,0.3,7.8,12.0,45.9,42.1,33.0
2026-07-18,PUEBLO_ESR1,QSUE74,9.9,9.8,24.0,146.0,277.0,9.1,10.1,-1.6,38.0,42.1,33.0
2026-07-18,PUEBLO_ESR2,QSUE74,9.9,9.8,24.0,171.0,276.0,9.0,9.1,-1.8,35.6,42.1,33.0
2026-07-18,PYOTE_ESR1,QJPEM,8.0,13.6,24.0,211.0,374.0,10.4,12.1,0.0,85.6,42.1,33.0
2026-07-18,PYR_ESR1,QECNR,9.9,4.2,24.0,39.0,145.0,2.9,5.4,1.4,0.0,42.1,33.0
2026-07-18,PYR_ESR2,QECNR,13.7,13.6,24.0,139.0,405.0,7.9,10.6,-0.2,8.7,42.1,33.0
2026-07-18,PYR_ESR3,QECNR,13.6,13.6,24.0,135.0,404.0,7.7,10.6,0.1,7.9,42.1,33.0
2026-07-18,QTUM_SLR_ESR1,QTEN33,160.0,320.0,24.0,42.0,8464.0,2.5,0.7,-28.4,0.0,42.1,33.0
2026-07-18,QTUM_SLR_ESR2,QTEN33,160.0,320.0,24.0,41.0,8464.0,2.5,0.7,-34.8,0.0,42.1,33.0
2026-07-18,QUEEN_BA_ESR1,QENEL2,50.0,66.4,24.0,895.0,1854.0,42.9,59.1,19.9,570.1,42.1,33.0
2026-07-18,RADN_SLR_ESR1,QIPRAD,78.1,141.2,24.0,2901.0,3793.0,142.7,168.5,0.4,719.3,42.1,33.0
2026-07-18,RADN_SLR_ESR2,QIPRAD,81.9,150.3,24.0,3080.0,4028.0,150.9,178.8,1.5,766.8,42.1,33.0
2026-07-18,RBN_ESR1,QTEN19,33.0,28.9,24.0,-462.0,884.0,28.6,71.1,-0.2,113.5,42.1,33.0
2026-07-18,RHA_ESR1,QTEN19,200.0,424.2,24.0,-875.0,11114.0,164.4,471.1,238.2,0.0,42.1,33.0
2026-07-18,RIO_GRAN_ESR1,QTEN24,9.9,9.8,24.0,-15.0,246.0,0.2,1.6,1.2,65.8,42.1,33.0
2026-07-18,ROSELAND_ESR1,QENEL9,50.0,85.8,24.0,1366.0,2324.0,70.1,94.7,8.4,414.0,42.1,33.0
2026-07-18,RPUBRDS_ESR1,QSHEL2,50.0,57.3,24.0,456.0,1654.0,48.2,70.3,2.6,188.8,42.1,33.0
2026-07-18,RRANCHES_ESR1,QSUE51,150.0,345.8,24.0,2782.0,8941.0,248.3,324.9,34.0,1376.5,42.1,33.0
2026-07-18,RRANCHES_ESR2,QSUE51,150.0,345.0,24.0,3231.0,8923.0,249.1,291.1,6.1,1312.0,42.1,33.0
2026-07-18,RRC_WIND_ESR1,QFPL35,75.0,225.0,24.0,3823.0,5474.0,204.4,281.4,30.3,0.0,42.1,33.0
2026-07-18,RRC_WIND_ESR2,QFPL35,75.0,225.0,24.0,3752.0,5474.0,201.4,279.4,32.9,0.0,42.1,33.0
2026-07-18,RTLSNAKE_ESR1,QBEEP1,9.9,10.7,24.0,53.0,271.0,4.7,9.3,4.2,107.8,42.1,33.0
2026-07-18,RUSSEKST_ESR1,QBEEP1,9.9,10.7,24.0,95.0,271.0,6.4,10.3,2.9,116.6,42.1,33.0
2026-07-18,RVRVLYS_ESR1,QSHEL2,50.0,114.3,24.0,1112.0,2960.0,126.7,161.1,1.8,823.8,42.1,33.0
2026-07-18,RVRVLYS_ESR2,QSHEL2,50.0,104.6,24.0,1229.0,2747.0,123.9,147.7,1.3,795.4,42.1,33.0
2026-07-18,SADLBACK_ESR1,QBEEP1,9.9,10.7,24.0,52.0,271.0,4.9,9.6,3.6,116.1,42.1,33.0
2026-07-18,SAH_ESR2,QGFEN,200.0,10.0,24.0,1506.0,354.0,245.9,518.2,0.0,0.0,42.1,33.0
2026-07-18,SANDLAKE_ESR1,QBEEP1,9.9,10.7,24.0,55.0,271.0,4.7,9.0,4.0,113.5,42.1,33.0
2026-07-18,SBEAN_ESR1,QBEEP1,9.9,10.7,24.0,55.0,271.0,4.7,8.9,4.1,108.0,42.1,33.0
2026-07-18,SEVNF_ES_ESR1,QTEN37,100.0,238.2,24.0,-117.0,6122.0,99.6,168.9,26.4,1003.4,42.1,33.0
2026-07-18,SGAL_BES_ESR1,QJPEM,100.0,205.4,24.0,4558.0,5408.0,202.3,222.4,-20.7,1257.8,42.1,33.0
2026-07-18,SGAL_BES_ESR2,QJPEM2,100.0,202.9,24.0,4965.0,5353.0,217.5,216.1,-31.1,1372.0,42.1,33.0
2026-07-18,SGSA_ESR1,QAMA1,6.9,15.6,24.0,125.0,404.0,10.7,12.3,-0.1,0.0,42.1,33.0
2026-07-18,SHAMROCK_ESR1,QFPL40,99.3,297.9,24.0,5900.0,7249.0,290.6,357.5,2.6,0.0,42.1,33.0
2026-07-18,SHEEPCRK_ESR1,QSUE70,135.0,172.9,24.0,1887.0,4921.0,134.4,191.2,0.7,526.6,42.1,33.0
2026-07-18,SLCNHLS_ESR1,QSHEL2,50.0,58.2,24.0,595.0,1683.0,52.5,74.1,1.7,198.8,42.1,33.0
2026-07-18,SLCNHLS_ESR2,QSHEL2,50.0,59.7,24.0,635.0,1719.0,54.8,75.9,1.9,216.8,42.1,33.0
2026-07-18,SLK_BESS_ESR1,QTEN34,200.0,400.0,24.0,-1596.0,10580.0,106.9,356.9,268.6,0.0,42.1,33.0
2026-07-18,SMTH_ESS_ESR1,QSUE77,125.0,249.9,24.0,5007.0,6611.0,251.3,274.2,-15.3,1613.2,42.1,33.0
2026-07-18,SOLC_SLR_ESR1,QTEN33,160.0,320.0,24.0,9.0,8464.0,0.5,0.2,-36.5,0.0,42.1,33.0
2026-07-18,SOLC_SLR_ESR2,QTEN33,160.0,320.0,24.0,8.0,8464.0,0.4,0.2,-35.3,0.0,42.1,33.0
2026-07-18,SPTX12B_ESR1,QEDIS9,22.3,18.5,24.0,345.0,566.0,18.6,22.3,-0.1,160.9,42.1,33.0
2026-07-18,SP_ESR1,QTEN26,9.9,19.5,24.0,-252.0,475.0,1.1,17.5,15.6,72.8,42.1,33.0
2026-07-18,STADIUM_ESR1,QTEN26,9.9,15.0,24.0,169.0,415.0,12.8,16.3,2.0,0.0,42.1,33.0
2026-07-18,STAM_SLR_ESR1,QENE12,70.0,127.8,24.0,1522.0,3429.0,74.2,90.2,0.2,696.2,42.1,33.0
2026-07-18,STRG_SLR_ESR1,QECNR,85.8,195.4,24.0,-108.0,5100.0,0.0,4.8,-4.5,0.0,42.1,33.0
2026-07-18,SUNVASLR_ESR1,QSUE38,53.3,53.2,24.0,840.0,1584.0,49.0,53.3,-13.7,216.0,42.1,33.0
2026-07-18,SUNVASLR_ESR2,QSUE38,46.7,46.8,24.0,813.0,1390.0,49.0,42.7,-20.7,219.2,42.1,33.0
2026-07-18,SWEENY_ESR1,QSUE74,9.9,9.3,24.0,10.0,265.0,13.8,16.5,0.7,52.0,42.1,33.0
2026-07-18,SWOOSEII_ESR1,QMEA5,100.0,198.0,24.0,2255.0,5244.0,131.7,176.5,4.6,1198.8,42.1,33.0
2026-07-18,SWTWR_ESR1,QTEN26,8.4,12.0,13.0,75.0,324.0,7.3,12.4,0.0,3.4,42.1,33.0
2026-07-18,S_SNROSA_ESR1,QTEN24,9.9,10.9,24.0,24.0,267.0,0.9,0.1,-0.7,48.1,42.1,33.0
2026-07-18,TBWF_ESS_ESR1,QTEN29,150.0,342.3,24.0,4402.0,8865.0,205.3,223.4,-46.7,890.6,42.1,33.0
2026-07-18,TDWLPR_1_ESR1,QMEA6,100.0,216.2,24.0,3677.0,5647.0,185.1,214.9,-0.5,1294.6,42.1,33.0
2026-07-18,TDWLPR_1_ESR2,QMEA6,100.0,226.7,24.0,3813.0,5877.0,194.4,232.4,7.3,1362.4,42.1,33.0
2026-07-18,TNFS_ESR1,QSYSO,9.9,18.0,24.0,401.0,483.0,21.2,25.1,1.8,36.5,42.1,33.0
2026-07-18,TORT_ESS_ESR1,QSUE74,50.0,40.2,24.0,528.0,1245.0,38.8,47.7,0.4,114.8,42.1,33.0
2026-07-18,TSECA_ES_ESR1,QTEN36,100.0,238.2,24.0,2541.0,6122.0,188.3,232.9,-0.4,505.2,42.1,33.0
2026-07-18,TURQBESS_ESR1,QHEI3,190.0,361.0,24.0,5362.0,9625.0,299.0,330.7,-7.6,2969.8,42.1,33.0
2026-07-18,TV_ESR1,QAETE1,10.0,22.4,24.0,187.0,582.0,11.4,14.0,0.6,110.7,42.1,33.0
2026-07-18,TYNAN_ESR1,QBEEP1,9.9,10.7,24.0,-61.0,271.0,0.1,4.0,2.6,166.2,42.1,33.0
2026-07-18,UTOPIA_ESR1,QTEN30,9.0,12.7,24.0,122.0,355.0,10.0,11.9,0.0,0.0,42.1,33.0
2026-07-18,VERT_ESS_ESR1,QNRGTX,121.5,195.6,24.0,-485.0,5360.0,0.0,22.4,-29.2,0.0,42.1,33.0
2026-07-18,VORTEX_ESR1,QENEL8,121.8,193.0,24.0,3401.0,5296.0,164.3,211.7,8.0,621.5,42.1,33.0
2026-07-18,WAL_ESR1,QSUE92,200.0,400.0,24.0,7122.0,10580.0,392.1,434.6,-18.4,2949.3,42.1,33.0
2026-07-18,WCOLLOCL_ESR1,QHABIT,8.4,3.1,24.0,-16.0,107.0,0.1,0.8,-0.2,95.4,42.1,33.0
2026-07-18,WEIL_TRC_ESR1,QBEEP1,9.9,10.7,24.0,-44.0,244.0,0.2,2.9,1.7,166.5,42.1,33.0
2026-07-18,WFTANK_ESR1,QTEN28,150.0,169.5,24.0,-3435.0,4944.0,0.1,217.7,172.4,1771.2,42.1,33.0
2026-07-18,WIG_ESS_ESR1,QHEI1,120.0,187.0,24.0,1312.0,5146.0,123.9,186.8,1.4,1957.7,42.1,33.0
2026-07-18,WOVER_ESR1,QTEN26,5.8,12.9,24.0,258.0,336.0,9.7,6.7,-5.1,8.6,42.1,33.0
2026-07-18,WR_ESR1,QAETEL,9.9,22.4,24.0,-121.0,580.0,2.5,14.1,9.7,136.7,42.1,33.0
2026-07-18,W_HARLIN_ESR1,QTEN24,9.9,10.6,24.0,27.0,261.0,0.9,0.1,-0.7,44.3,42.1,33.0
2026-07-18,X4_ESR1,QCPSE,10.0,8.5,24.0,63.0,261.0,8.1,10.2,0.7,20.7,42.1,33.0
2026-07-18,Z0_ESR1,QTEN26,9.9,8.0,24.0,214.0,224.0,14.0,11.7,1.7,0.0,42.1,33.0
2026-07-18,ZAPATA_ESR1,QSUE74,9.9,9.4,24.0,-145.0,268.0,9.8,17.9,6.3,110.0,42.1,33.0
2026-07-18,ZAPATA_ESR2,QSUE74,8.3,7.3,24.0,-113.0,214.0,7.5,13.6,4.4,87.4,42.1,33.0
2026-07-18,ZIER_SLR_ESR1,QTEN19,40.0,69.7,24.0,491.0,1885.0,16.2,3.7,-27.2,281.6,42.1,33.0
2026-07-17,ABINDUST_ESR1,QMP2M1,9.9,25.9,24.0,1102.0,848.0,25.9,2.3,-25.2,8.8,82.4,69.8
2026-07-17,ADL_ESR1,QTEN26,60.0,56.3,24.0,1162.0,2707.0,61.2,77.7,-0.3,514.9,82.4,69.8
2026-07-17,AE_ESR1,QTEN26,9.9,19.1,24.0,375.0,707.0,17.4,15.1,-5.3,147.8,82.4,69.8
2026-07-17,ALAMO_ST_ESR1,QSYSO,9.9,17.6,24.0,363.0,674.0,16.3,20.8,2.2,24.3,82.4,69.8
2026-07-17,ALP_BESS_ESR1,QHEI1,100.3,164.2,24.0,3037.0,6497.0,136.7,110.7,-67.2,1696.5,82.4,69.8
2026-07-17,ALVIN_ESR1,QSUE74,8.3,5.5,24.0,-37.0,292.0,8.8,12.9,1.6,36.9,82.4,69.8
2026-07-17,ANCHOR_ESR1,QENE11,33.1,40.3,24.0,425.0,1796.0,19.8,22.0,-5.3,303.9,82.4,69.8
2026-07-17,ANCHOR_ESR2,QENE11,33.6,45.5,24.0,770.0,1946.0,30.7,30.0,-8.9,282.5,82.4,69.8
2026-07-17,ANDMDSLR_ESR1,QIPLU2,81.9,144.5,24.0,4091.0,5546.0,155.8,136.4,-35.1,1140.5,82.4,69.8
2026-07-17,ANDMDSLR_ESR2,QIPLU2,78.1,144.4,24.0,4378.0,5440.0,195.1,185.5,-32.3,1045.9,82.4,69.8
2026-07-17,ANEM_ESS_ESR1,QSUE53,200.0,456.5,24.0,9075.0,15860.0,460.5,324.1,-289.8,2322.4,82.4,69.8
2026-07-17,ANGLETON_ESR1,QSUE74,9.9,8.2,24.0,114.0,411.0,8.4,9.7,-0.2,55.3,82.4,69.8
2026-07-17,ANG_SLR_ESR1,QTEN26,100.0,202.9,24.0,6323.0,7372.0,174.4,167.8,-50.6,731.6,82.4,69.8
2026-07-17,ANOL_ESS_ESR1,QESVE1,240.0,491.8,24.0,8085.0,17799.0,518.2,597.0,-57.6,1216.6,82.4,69.8
2026-07-17,ANTL_ESS_ESR1,QSU100,70.0,167.2,24.0,3715.0,5713.0,196.1,220.9,-2.7,452.1,82.4,69.8
2026-07-17,ARY_BESS_ESR1,QTEN32,180.0,180.0,24.0,1296.0,8501.0,83.9,122.4,6.6,0.0,82.4,69.8
2026-07-17,AVIL_ESS_ESR1,QSU100,160.0,371.8,24.0,8713.0,12832.0,350.8,406.3,-4.5,950.8,82.4,69.8
2026-07-17,AZURE_ESR1,QENEL6,77.6,127.9,24.0,2733.0,5046.0,116.8,131.7,-13.5,387.9,82.4,69.8
2026-07-17,BATCAVE_ESR1,QSUE74,100.5,103.6,24.0,399.0,4847.0,66.5,92.8,-9.3,343.4,82.4,69.8
2026-07-17,BAY_CITY_ESR1,QTEN24,9.9,11.2,24.0,555.0,474.0,9.3,0.2,-10.6,78.7,82.4,69.8
2026-07-17,BCK_ESR1,QHEI5,123.5,304.2,24.0,4398.0,10276.0,269.8,329.3,9.4,0.0,82.4,69.8
2026-07-17,BCK_ESR2,QHEI5,126.5,313.5,24.0,6296.0,10568.0,275.3,237.6,5.6,0.0,82.4,69.8
2026-07-17,BCNV_ESS_ESR1,QSHE11,150.0,300.0,24.0,6918.0,10961.0,223.4,297.3,30.7,709.8,82.4,69.8
2026-07-17,BELD_ESR1,QJPEM,6.0,8.5,24.0,215.0,358.0,8.0,9.3,0.1,28.1,82.4,69.8
2026-07-17,BEXAR_ES_ESR1,QTEN32,100.0,100.0,24.0,-682.0,4723.0,81.1,105.7,0.1,937.9,82.4,69.8
2026-07-17,BIG_STAR_ESR1,QECNR,80.0,108.0,24.0,3270.0,4626.0,103.2,46.9,-60.6,0.0,82.4,69.8
2026-07-17,BKSL_ESS_ESR1,QESVE2,100.0,220.6,24.0,3718.0,7761.0,183.8,194.2,-13.9,171.5,82.4,69.8
2026-07-17,BLACKSPR_ESR1,QBROO2,120.0,250.8,24.0,8474.0,9009.0,297.4,190.2,-114.1,1413.4,82.4,69.8
2026-07-17,BLSUMMIT_ESR1,QFPL12,27.7,9.7,24.0,28.0,616.0,5.3,9.8,-0.3,0.0,82.4,69.8
2026-07-17,BLSUMMIT_ESR2,QFPL48,150.0,450.0,24.0,13855.0,14122.0,478.8,561.9,0.0,0.0,82.4,69.8
2026-07-17,BLUEJAY_ESR1,QENEL7,50.0,86.1,24.0,2605.0,3338.0,79.1,43.6,-48.8,497.3,82.4,69.8
2026-07-17,BLVN_SLR_ESR1,QSHEL8,180.0,360.0,24.0,8890.0,13153.0,303.4,387.5,7.7,1126.9,82.4,69.8
2026-07-17,BOCO_ESS_ESR1,QTEN28,150.0,365.0,24.0,6956.0,12385.0,328.3,399.3,0.0,1255.8,82.4,69.8
2026-07-17,BRAZORIA_ESR1,QSUE74,9.9,9.7,24.0,78.0,461.0,12.9,14.4,-1.9,48.5,82.4,69.8
2026-07-17,BR_ARROW_ESR1,QECNR,48.3,93.5,24.0,1239.0,3459.0,32.8,0.0,-40.4,123.3,82.4,69.8
2026-07-17,BR_ARROW_ESR2,QECNR,51.7,100.4,24.0,1014.0,3709.0,27.6,0.0,-35.6,0.0,82.4,69.8
2026-07-17,BUDA_ESR1,QTEN26,9.9,24.7,24.0,324.0,831.0,21.8,22.8,-1.6,0.0,82.4,69.8
2026-07-17,BYP_ESR1,QEXELO,199.9,427.8,24.0,5824.0,15220.0,394.0,483.5,0.0,0.0,82.4,69.8
2026-07-17,BYRDR_ES_ESR1,QHABIT,50.0,59.4,24.0,998.0,2665.0,54.7,46.1,-18.2,703.0,82.4,69.8
2026-07-17,CACH_ESS_ESR1,QSU100,200.0,470.8,24.0,7984.0,16169.0,459.1,508.4,-21.2,840.2,82.4,69.8
2026-07-17,CAMWIND_ESR1,QTEN26,16.4,32.1,23.3,1325.0,1183.0,39.0,15.2,-27.0,176.5,82.4,69.8
2026-07-17,CARA_ESS_ESR1,QHEI8,98.3,196.7,24.0,4237.0,7185.0,141.7,47.4,-124.4,1966.6,82.4,69.8
2026-07-17,CARN_ESS_ESR1,QSU100,150.0,341.0,24.0,8529.0,11866.0,441.7,468.0,-37.7,1478.2,82.4,69.8
2026-07-17,CARRIZO_ESR1,QTEN30,9.5,12.6,19.3,146.0,545.0,17.5,19.5,0.7,29.2,82.4,69.8
2026-07-17,CARTWHL_ESR1,QECNR,150.0,283.3,24.0,3132.0,10582.0,89.1,5.4,-113.3,0.0,82.4,69.8
2026-07-17,CASL_GAP_ESR1,QLUMN1,3.9,4.3,24.0,160.0,199.0,4.3,0.2,-4.3,0.0,82.4,69.8
2026-07-17,CAST_ESS_ESR1,QSUE79,200.0,442.5,24.0,6728.0,15553.0,443.3,495.9,-24.0,756.2,82.4,69.8
2026-07-17,CATARINA_ESR1,QBEEP1,9.9,10.7,24.0,244.0,466.0,8.8,9.6,-0.5,99.2,82.4,69.8
2026-07-17,CEDRVALE_ESR1,QBEEP1,9.9,10.7,24.0,197.0,466.0,8.6,8.9,-2.0,115.5,82.4,69.8
2026-07-17,CHERRYCR_ESR1,QBEEP1,9.9,10.7,24.0,200.0,466.0,9.7,10.3,-1.4,96.2,82.4,69.8
2026-07-17,CHIL_SLR_ESR1,QSUE88,150.0,310.6,24.0,2237.0,11195.0,284.8,401.9,40.4,750.3,82.4,69.8
2026-07-17,CISC_ESR1,QBEEP1,9.9,10.7,24.0,197.0,466.0,4.0,1.5,-3.2,146.1,82.4,69.8
2026-07-17,CITRUSCY_ESR1,QPROLO,9.9,21.2,24.0,105.0,697.0,8.5,14.6,5.9,174.9,82.4,69.8
2026-07-17,CLO_ESR1,QMEA1,100.0,201.9,24.0,2191.0,7350.0,167.7,202.4,-3.4,1864.1,82.4,69.8
2026-07-17,CLO_ESR2,QMEA1,100.0,194.3,24.0,1770.0,7179.0,159.1,192.4,-3.5,1830.8,82.4,69.8
2026-07-17,CNLY_ESS_ESR1,QSUE76,117.5,225.6,24.0,4284.0,8375.0,234.8,263.0,-24.6,1709.9,82.4,69.8
2026-07-17,CNTRY_ESR1,QPROLO,9.8,20.3,24.0,478.0,676.0,17.8,11.2,-10.1,126.3,82.4,69.8
2026-07-17,CNTYRDS_ESR1,QTEN26,9.7,24.7,24.0,378.0,810.0,18.5,26.8,5.2,0.0,82.4,69.8
2026-07-17,CORALSLR_ESR1,QNGRE1,47.5,58.3,24.0,1227.0,2594.0,58.8,55.3,1.2,422.8,82.4,69.8
2026-07-17,CORALSLR_ESR2,QNGRE1,51.3,58.3,24.0,1127.0,2651.0,59.2,61.9,-0.7,433.8,82.4,69.8
2026-07-17,CORAZON_ESR1,QHEI4,196.0,223.6,24.0,4091.0,10151.0,168.9,153.6,-62.1,2735.5,82.4,69.8
2026-07-17,COYOTSPR_ESR1,QBEEP1,9.9,10.7,24.0,193.0,466.0,8.3,7.8,-2.0,106.6,82.4,69.8
2026-07-17,CROSSETT_ESR1,QJPEM1,100.0,101.5,24.0,1740.0,4771.0,86.4,96.8,-11.0,750.1,82.4,69.8
2026-07-17,CROSSETT_ESR2,QJPEM1,99.7,101.6,24.0,2114.0,4771.0,91.6,94.5,-14.9,780.6,82.4,69.8
2026-07-17,CROSSTRL_ESR1,QGRIE4,57.0,113.6,24.0,2016.0,4156.0,95.3,116.3,-0.0,181.7,82.4,69.8
2026-07-17,CR_ESR1,QPROLO,9.8,9.4,24.0,189.0,430.0,9.6,10.2,-1.2,41.0,82.4,69.8
2026-07-17,CS_ESR1,QTEN26,7.0,14.3,24.0,130.0,510.0,7.6,8.1,-0.3,31.9,82.4,69.8
2026-07-17,CTW_ESR1,QTOTL5,150.0,193.6,24.0,2778.0,8451.0,191.6,248.6,1.3,966.5,82.4,69.8
2026-07-17,DAN_ESR1,QTOTL4,75.3,102.2,24.0,2244.0,4367.0,98.0,109.2,-5.1,288.2,82.4,69.8
2026-07-17,DAN_ESR2,QTOTL4,71.7,103.0,24.0,2129.0,4301.0,96.5,110.7,-2.3,278.7,82.4,69.8
2026-07-17,DA_ESR1,QSHE16,4.0,9.5,24.0,274.0,325.0,8.2,4.6,-5.4,10.5,82.4,69.8
2026-07-17,DCSES_ESR1,QLUMN,66.5,66.4,24.0,1109.0,3137.0,33.3,33.4,-16.7,255.8,82.4,69.8
2026-07-17,DCSES_ESR2,QLUMN,66.5,66.4,24.0,1089.0,3137.0,34.2,34.5,-17.9,252.7,82.4,69.8
2026-07-17,DCSES_ESR3,QLUMN,63.5,63.4,24.0,1079.0,2996.0,33.5,33.5,-17.3,235.8,82.4,69.8
2026-07-17,DCSES_ESR4,QLUMN,63.5,63.4,24.0,1107.0,2996.0,33.0,32.4,-16.7,242.7,82.4,69.8
2026-07-17,DESN_ESS_ESR1,QSUE79,200.0,450.6,24.0,7461.0,15731.0,449.4,510.8,-11.7,775.7,82.4,69.8
2026-07-17,DGFS_ESR_ESR1,QTEN26,75.0,54.5,24.0,-533.0,2829.0,19.9,54.9,18.6,133.4,82.4,69.8
2026-07-17,DIBOL_ESR1,QBEEP1,9.9,10.7,24.0,211.0,466.0,4.2,0.8,-3.6,146.4,82.4,69.8
2026-07-17,DICKNSON_ESR1,QSUE74,9.9,7.8,24.0,98.0,394.0,8.4,9.8,-0.2,55.2,82.4,69.8
2026-07-17,DKNS_ESS_ESR1,QSUE74,50.0,50.2,24.0,722.0,2368.0,97.7,109.9,-1.7,306.4,82.4,69.8
2026-07-17,DKNS_ESS_ESR2,QSUE74,50.0,49.8,24.0,742.0,2355.0,97.9,108.8,-2.3,309.2,82.4,69.8
2026-07-17,DKNS_ESS_ESR3,QSUE74,50.0,50.1,24.0,751.0,2364.0,98.0,108.2,-2.0,308.3,82.4,69.8
2026-07-17,DKNS_ESS_ESR4,QSUE74,50.0,49.3,24.0,584.0,2337.0,95.0,109.0,1.0,307.3,82.4,69.8
2026-07-17,DPCRK_ESR1,QTEN26,5.5,9.9,24.0,143.0,376.0,6.6,8.7,0.2,0.0,82.4,69.8
2026-07-17,DSWL_ESS_ESR1,QPHIL3,150.0,324.0,24.0,4093.0,11491.0,319.9,393.5,0.3,1113.2,82.4,69.8
2026-07-17,EBNY_ESS_ESR1,QSUE52,200.0,458.5,24.0,4977.0,15904.0,390.5,480.5,1.6,1533.9,82.4,69.8
2026-07-17,ELMCRK_ESR1,QMP2M1,9.9,25.9,24.0,1071.0,828.0,25.3,2.3,-25.2,4.4,82.4,69.8
2026-07-17,ELM_ST_ESR1,QTEN26,9.9,24.7,24.0,446.0,778.0,18.6,25.1,3.7,0.0,82.4,69.8
2026-07-17,ELM_ST_ESR2,QSYSO,9.9,18.0,24.0,394.0,683.0,18.2,20.5,-0.1,8.6,82.4,69.8
2026-07-17,ELSA_ESR1,QTEN24,9.9,10.6,19.4,1.0,458.0,3.4,11.1,7.8,54.5,82.4,69.8
2026-07-17,ELZA_SLR_ESR1,QENE16,100.0,145.4,24.0,1576.0,6040.0,79.7,83.6,-55.6,1258.2,82.4,69.8
2026-07-17,EMPCT_ESR1,QTEN24,9.9,13.1,24.0,499.0,519.0,8.2,0.4,-11.5,67.8,82.4,69.8
2026-07-17,ENDPARKS_ESR1,QGRIE4,49.8,102.4,24.0,585.0,3701.0,82.0,99.1,-1.2,576.7,82.4,69.8
2026-07-17,ESCONDID_ESR1,QTEN30,9.4,12.7,24.0,-7.0,507.0,0.0,0.3,-3.3,0.0,82.4,69.8
2026-07-17,ESTONIAN_ESR1,QENE14,101.6,156.0,24.0,4612.0,6336.0,150.5,137.3,-41.9,632.5,82.4,69.8
2026-07-17,EUNICE_ESR1,QTENSK,19.0,20.0,24.0,297.0,854.0,12.0,11.3,-11.1,26.5,82.4,69.8
2026-07-17,EVLN_ESS_ESR1,QSHE15,188.3,280.5,24.0,1975.0,11540.0,285.6,340.8,7.7,0.0,82.4,69.8
2026-07-17,E_HARRIS_ESR1,QTEN26,9.9,20.0,24.0,705.0,684.0,23.6,11.6,-14.6,0.0,82.4,69.8
2026-07-17,FALFUR_ESR2,QTEN30,9.5,12.6,24.0,439.0,487.0,9.2,1.2,-8.2,106.6,82.4,69.8
2026-07-17,FAULKNER_ESR1,QBEEP1,9.9,10.7,24.0,194.0,466.0,8.3,8.0,-1.7,117.9,82.4,69.8
2026-07-17,FENCESLR_ESR1,QENE13,65.8,107.4,24.0,1755.0,4254.0,64.8,39.3,-42.8,597.6,82.4,69.8
2026-07-17,FERD_ESS_ESR1,QCPSE,200.0,950.0,24.0,3041.0,24652.0,436.1,545.1,29.9,425.2,82.4,69.8
2026-07-17,FIVEWSLR_ESR1,QSUE61,220.0,250.0,23.3,2620.0,11362.0,227.0,300.8,-1.6,747.4,82.4,69.8
2026-07-17,FLAT_TOP_ESR1,QSHEL2,9.4,15.6,24.0,289.0,615.0,19.2,22.3,-0.3,30.7,82.4,69.8
2026-07-17,FLAT_TOP_ESR2,QJPEM,9.9,16.4,24.0,329.0,646.0,14.6,15.6,-0.9,78.4,82.4,69.8
2026-07-17,FLOWERII_ESR1,QJPEM,99.8,195.8,24.0,3824.0,7206.0,161.4,160.8,-34.7,798.4,82.4,69.8
2026-07-17,FORTMA_ESR1,QTEN30,10.0,13.3,0.7,8.0,573.0,0.6,0.2,4.3,0.0,82.4,69.8
2026-07-17,FRMRSVLW_ESR1,QBEEP1,9.9,10.7,24.0,186.0,466.0,4.1,2.0,-2.8,145.3,82.4,69.8
2026-07-17,FRMRSVLW_ESR2,QTEN26,6.0,14.7,24.0,340.0,497.0,10.9,7.3,-7.6,99.5,82.4,69.8
2026-07-17,FTDUNCAN_ESR1,QTEN26,100.0,210.7,24.0,3548.0,7544.0,174.1,210.5,-7.3,1403.9,82.4,69.8
2026-07-17,GAIA_SLR_ESR1,QTEN26,75.0,150.0,24.0,2076.0,5480.0,118.6,156.6,10.0,0.0,82.4,69.8
2026-07-17,GAMBIT_ESR1,QSUE23,100.0,145.8,24.0,541.0,6046.0,145.4,184.2,-4.8,946.3,82.4,69.8
2026-07-17,GARCENO_ESR1,QTEN24,9.9,9.8,24.0,-8.0,436.0,1.6,5.0,3.7,70.0,82.4,69.8
2026-07-17,GEORSO_ESR1,QEDIS9,9.8,8.1,24.0,206.0,403.0,8.3,10.6,-0.0,98.2,82.4,69.8
2026-07-17,GIGA_ESS_ESR1,QSUE55,125.0,214.9,24.0,5622.0,8333.0,215.4,222.1,-33.9,1816.5,82.4,69.8
2026-07-17,GKS_BESS_ESR1,QTEN26,89.9,167.6,24.0,4396.0,6253.0,93.9,25.9,-97.0,557.7,82.4,69.8
2026-07-17,GOMZ_ESR1,QBEEP1,9.9,10.7,24.0,188.0,466.0,9.3,10.3,-1.3,96.8,82.4,69.8
2026-07-17,GOODWIN_ESR1,QTEN30,9.5,12.7,24.0,415.0,510.0,10.8,4.0,-7.9,116.0,82.4,69.8
2026-07-17,GRDNE_ESR1,QBEEP1,9.9,10.7,24.0,218.0,466.0,8.5,7.7,-3.0,122.8,82.4,69.8
2026-07-17,GRIZZLY_ESR1,QPRIO1,9.9,10.0,0.0,0.0,471.0,0.0,-0.0,0.0,0.0,82.4,69.8
2026-07-17,GZ_ESR1,QTEN30,9.5,12.7,24.0,-52.0,545.0,6.5,8.5,1.1,106.1,82.4,69.8
2026-07-17,HAMILTON_ESR1,QBEEP1,9.9,10.7,24.0,272.0,466.0,8.5,6.4,-3.1,125.7,82.4,69.8
2026-07-17,HEADCAMP_ESR1,QTEN34,150.0,300.0,24.0,5937.0,10961.0,245.4,303.7,17.7,0.0,82.4,69.8
2026-07-17,HEARN_RD_ESR1,QTEN30,9.8,12.7,24.0,351.0,545.0,12.1,5.1,-8.4,0.0,82.4,69.8
2026-07-17,HEIGHTTN_ESR1,QSUE74,9.9,8.2,24.0,106.0,408.0,8.2,9.3,-0.3,44.0,82.4,69.8
2026-07-17,HEN_ESR1,QECNR,150.0,293.8,24.0,3680.0,10820.0,246.9,315.1,2.2,0.0,82.4,69.8
2026-07-17,HI_LONEB_ESR1,QENEL1,50.0,73.6,24.0,1760.0,3042.0,62.3,71.5,-3.9,497.0,82.4,69.8
2026-07-17,HLY_ESR1,QHEI1,102.2,172.9,24.0,1646.0,6748.0,117.1,132.1,-29.5,1734.2,82.4,69.8
2026-07-17,HLY_ESR2,QHEI1,101.8,167.9,24.0,1780.0,6623.0,119.1,127.5,-36.2,1691.8,82.4,69.8
2026-07-17,HMNG_ESS_ESR1,QMEA8,99.8,222.0,24.0,5655.0,7788.0,187.4,104.1,-125.8,1810.8,82.4,69.8
2026-07-17,HOLCOMB_ESR1,QBEEP1,9.9,10.7,24.0,198.0,466.0,8.2,1.7,-9.2,126.4,82.4,69.8
2026-07-17,HOUSEMTN_ESR1,QJPEM,60.0,127.5,24.0,2807.0,4550.0,112.1,113.6,-25.8,615.1,82.4,69.8
2026-07-17,HWY6_ESR1,QTEN26,9.9,24.7,24.0,506.0,831.0,21.6,23.2,-1.4,0.0,82.4,69.8
2026-07-17,HYDR_ESS_ESR1,QSUE74,200.0,195.4,24.0,4605.0,9286.0,185.0,241.1,3.2,903.9,82.4,69.8
2026-07-17,INDL_ESR1,QECNR,9.9,4.3,24.0,162.0,260.0,3.8,4.9,-0.1,0.0,82.4,69.8
2026-07-17,INRT_W_ESR1,QFPL32,13.0,46.5,24.0,811.0,1366.0,31.8,40.6,-0.0,0.0,82.4,69.8
2026-07-17,JADE_SLR_ESR1,QIPLUM,78.1,140.2,24.0,3316.0,5342.0,152.1,122.9,-52.4,359.7,82.4,69.8
2026-07-17,JADE_SLR_ESR2,QIPLUM,81.9,151.0,24.0,3941.0,5694.0,174.0,132.3,-64.1,465.9,82.4,69.8
2026-07-17,JAG_SLR_ESR1,QLCRA,150.0,300.0,24.0,7507.0,10961.0,280.8,306.3,-21.8,501.5,82.4,69.8
2026-07-17,JAG_SLR_ESR2,QMITS2,150.0,311.4,24.0,4996.0,11214.0,291.9,345.7,10.1,0.0,82.4,69.8
2026-07-17,JAR_ESR1,QHEI1,147.0,264.0,24.0,3201.0,10060.0,180.5,162.8,-71.3,2535.5,82.4,69.8
2026-07-17,JAR_ESR2,QHEI1,157.0,291.0,24.0,3755.0,10951.0,191.2,159.9,-92.1,2740.3,82.4,69.8
2026-07-17,JDKNS_ESR1,QBEEP1,9.9,10.7,24.0,256.0,466.0,9.3,7.4,-2.7,123.4,82.4,69.8
2026-07-17,JUNCTION_ESR1,QBEEP1,9.9,10.7,24.0,274.0,466.0,6.9,3.2,-4.6,139.7,82.4,69.8
2026-07-17,JUNORTH_ESR1,QTEN26,9.9,22.0,24.0,670.0,773.0,18.4,10.0,-11.1,0.0,82.4,69.8
2026-07-17,K0_ESR1,QSUE74,9.9,9.7,24.0,105.0,454.0,8.2,9.7,-0.2,46.5,82.4,69.8
2026-07-17,KEG_ESR1,QEDF27,150.0,311.2,24.0,2035.0,11209.0,117.4,146.0,6.3,0.0,82.4,69.8
2026-07-17,LANTANA_ESR1,QTEN26,9.9,20.1,24.0,352.0,711.0,17.0,16.4,-2.4,0.0,82.4,69.8
2026-07-17,LBRA_ESS_ESR1,QSUE48,200.0,200.0,24.0,1393.0,9445.0,162.3,210.2,-15.8,694.0,82.4,69.8
2026-07-17,LFSTH_ESR1,QBEEP1,9.9,10.7,24.0,169.0,466.0,4.0,2.9,-2.8,149.0,82.4,69.8
2026-07-17,LIGSW_ESR1,QPROLO,9.8,9.5,24.0,286.0,434.0,7.9,0.3,-9.5,196.3,82.4,69.8
2026-07-17,LILY_ESR1,QENEL5,50.0,71.8,24.0,817.0,2998.0,21.2,6.8,-18.1,515.0,82.4,69.8
2026-07-17,LK_ESR1,QPROLO,9.9,27.5,13.9,219.0,888.0,50.7,36.7,0.0,0.0,82.4,69.8
2026-07-17,LMO_ESR1,QSHEL2,99.9,243.5,24.0,2516.0,8257.0,197.9,234.5,-18.4,1407.0,82.4,69.8
2026-07-17,LONESTAR_ESR1,QBEEP1,9.9,10.7,22.7,216.0,466.0,8.7,8.1,-1.6,110.7,82.4,69.8
2026-07-17,LON_ESR1,QTEN26,174.0,347.6,24.0,4948.0,12720.0,223.0,191.1,-77.3,2339.8,82.4,69.8
2026-07-17,LOPENO_ESR1,QSUE74,9.9,9.8,24.0,168.0,456.0,13.3,13.5,-1.9,110.4,82.4,69.8
2026-07-17,LOWR_ESS_ESR1,QEDI10,60.0,117.5,24.0,1475.0,4328.0,101.4,135.8,25.5,1110.9,82.4,69.8
2026-07-17,LUCKYBLU_ESR1,QBROO1,97.4,198.0,24.0,7147.0,7189.0,208.4,116.2,-117.0,1217.8,82.4,69.8
2026-07-17,L_463S_ESR1,QSUE74,9.9,7.4,24.0,178.0,378.0,8.6,10.3,-0.1,64.9,82.4,69.8
2026-07-17,L_FRESNO_ESR1,QTEN24,9.9,11.3,24.0,270.0,476.0,4.3,0.1,-3.8,104.0,82.4,69.8
2026-07-17,MADERO_ESR1,QTEN25,100.0,255.5,24.0,5317.0,8513.0,187.2,132.2,-103.3,583.3,82.4,69.8
2026-07-17,MADERO_ESR2,QTEN25,100.0,255.3,24.0,5421.0,8509.0,185.1,122.0,-96.1,578.3,82.4,69.8
2026-07-17,MAGNO_TN_ESR1,QSUE74,8.3,6.4,24.0,92.0,328.0,6.8,7.9,-0.2,36.0,82.4,69.8
2026-07-17,MAINLAND_ESR1,QBEEP1,9.9,10.7,24.0,172.0,466.0,3.8,2.0,-2.6,144.7,82.4,69.8
2026-07-17,MAYBERRY_ESR1,QTEN24,9.9,10.6,24.0,96.0,488.0,3.3,5.0,1.4,68.1,82.4,69.8
2026-07-17,MAYBERRY_ESR2,QTEN24,9.9,11.9,24.0,158.0,493.0,3.2,1.9,-1.1,117.0,82.4,69.8
2026-07-17,MESQUITE_ESR1,QTEN26,9.9,19.8,24.0,669.0,707.0,19.1,9.8,-12.6,0.0,82.4,69.8
2026-07-17,MESQUITE_ESR2,QSYSO,9.9,19.5,24.0,-197.0,679.0,0.2,6.9,3.7,0.0,82.4,69.8
2026-07-17,MIDP_SLR_ESR1,QTEN26,50.0,100.0,24.0,1332.0,3654.0,92.9,106.4,-1.8,251.3,82.4,69.8
2026-07-17,MIDWY_ESR1,QPROLO,9.9,10.5,19.5,187.0,466.0,10.3,11.6,-0.2,96.0,82.4,69.8
2026-07-17,MNWLE_ESR1,QBEEP1,9.9,10.7,24.0,195.0,466.0,4.7,2.9,-3.5,145.6,82.4,69.8
2026-07-17,MOORE_FL_ESR1,QTEN30,9.8,11.4,19.4,241.0,479.0,12.5,14.4,-0.1,118.1,82.4,69.8
2026-07-17,MUENSTER_ESR1,QTEN30,9.5,12.6,19.4,89.0,543.0,10.4,13.8,1.5,60.4,82.4,69.8
2026-07-17,MUSTNGCK_ESR1,QENE10,71.0,112.1,24.0,2505.0,4502.0,111.3,96.0,-35.9,557.5,82.4,69.8
2026-07-17,MU_ESR1,QTEN26,9.9,19.5,24.0,352.0,716.0,17.0,17.7,-1.3,105.0,82.4,69.8
2026-07-17,MYR_ESR1,QTOTL5,74.5,89.7,24.0,3489.0,4011.0,133.2,108.0,-34.9,910.3,82.4,69.8
2026-07-17,MYR_ESR2,QTOTL5,44.9,47.2,24.0,628.0,2195.0,45.4,50.8,-0.3,177.1,82.4,69.8
2026-07-17,NCO_ESR1,QSHEL2,50.0,60.1,24.0,723.0,2689.0,44.2,48.0,-13.0,183.1,82.4,69.8
2026-07-17,NF_BRP_ESR1,QSUE74,100.5,107.9,24.0,640.0,4986.0,57.4,86.1,-9.8,264.9,82.4,69.8
2026-07-17,NOBLESLR_ESR1,QNGREN,61.1,51.2,24.0,858.0,2545.0,51.4,61.2,-0.7,295.5,82.4,69.8
2026-07-17,NOBLESLR_ESR2,QNGREN,62.5,54.4,24.0,1011.0,2671.0,56.9,64.1,-0.4,328.9,82.4,69.8
2026-07-17,NWF_ESR1,QDUKER,4.5,0.8,24.0,-157.0,59.0,1.2,7.7,-0.1,0.0,82.4,69.8
2026-07-17,N_ALAMO_ESR1,QTEN24,9.9,10.6,24.0,136.0,458.0,3.5,3.5,-0.2,78.3,82.4,69.8
2026-07-17,N_MERCED_ESR1,QTEN24,9.9,10.8,24.0,40.0,464.0,3.7,7.8,5.1,82.8,82.4,69.8
2026-07-17,ODESW_ESR1,QSUE74,9.9,5.8,24.0,106.0,318.0,6.8,7.9,-0.2,31.4,82.4,69.8
2026-07-17,OLNEYTN_ESR1,QBEEP1,9.9,10.7,24.0,290.0,466.0,7.6,0.7,-9.3,137.9,82.4,69.8
2026-07-17,PAD1_ESS_ESR1,QCPSE,50.0,122.0,24.0,1411.0,4136.0,71.0,60.3,-23.9,25.7,82.4,69.8
2026-07-17,PAD2_ESS_ESR2,QCPSE,150.0,600.0,24.0,7425.0,16911.0,294.2,345.2,1.3,81.5,82.4,69.8
2026-07-17,PALACIOS_ESR1,QTEN30,9.5,11.4,24.0,194.0,482.0,8.9,9.1,-0.8,60.9,82.4,69.8
2026-07-17,PALE_ESS_ESR1,QSUE74,200.0,198.3,24.0,2237.0,9386.0,284.4,350.5,1.4,868.7,82.4,69.8
2026-07-17,PAULN_ESR1,QBEEP1,9.9,10.7,24.0,182.0,466.0,4.1,2.4,-2.7,146.2,82.4,69.8
2026-07-17,PAVLOV_ESR1,QBEEP1,9.9,10.7,24.0,152.0,466.0,3.3,2.3,-2.0,148.0,82.4,69.8
2026-07-17,PAVO_ESS_ESR1,QSUE74,87.5,84.1,24.0,1983.0,4015.0,87.6,105.6,-2.0,410.7,82.4,69.8
2026-07-17,PAVO_ESS_ESR2,QSUE74,87.5,80.6,24.0,2016.0,3894.0,84.2,101.4,-1.4,406.0,82.4,69.8
2026-07-17,PEARSALL_ESR1,QTEN26,9.9,19.8,24.0,273.0,667.0,17.0,19.7,0.1,37.3,82.4,69.8
2026-07-17,PHO_ESR1,QENE15,150.0,244.7,24.0,5763.0,9696.0,240.9,222.5,-43.9,867.3,82.4,69.8
2026-07-17,PHO_ESR2,QENE15,150.0,252.2,24.0,7957.0,9869.0,269.6,185.2,-122.3,1115.7,82.4,69.8
2026-07-17,PINEFRST_ESR1,QTEN21,200.0,400.0,24.0,11609.0,14614.0,439.7,387.0,-109.9,98.7,82.4,69.8
2026-07-17,PIN_BESS_ESR1,QTEN34,193.8,400.0,24.0,11586.0,14454.0,627.0,564.8,-135.9,0.0,82.4,69.8
2026-07-17,PIRATE_ESR1,QTEN30,9.8,12.6,24.0,317.0,534.0,13.7,11.2,-4.4,87.3,82.4,69.8
2026-07-17,PLATINUM_ESR1,QSUE80,148.3,323.4,24.0,4890.0,11429.0,297.4,345.9,-19.6,633.3,82.4,69.8
2026-07-17,PLATINUM_ESR2,QSUE80,151.7,329.3,24.0,5495.0,11658.0,283.0,315.7,-32.6,721.1,82.4,69.8
2026-07-17,POTEETS_ESR1,QBEEP1,9.9,10.7,24.0,258.0,466.0,7.2,5.2,-4.1,137.1,82.4,69.8
2026-07-17,PRCRK_ESR1,QTEN24,9.9,13.1,24.0,415.0,519.0,6.6,0.4,-11.6,68.4,82.4,69.8
2026-07-17,PUEBLO_ESR1,QSUE74,9.9,7.4,24.0,69.0,377.0,7.3,9.0,-0.1,47.0,82.4,69.8
2026-07-17,PUEBLO_ESR2,QSUE74,9.9,9.8,24.0,42.0,455.0,8.3,11.1,0.2,51.1,82.4,69.8
2026-07-17,PYOTE_ESR1,QJPEM,8.0,13.6,24.0,287.0,532.0,11.0,11.1,-1.4,73.3,82.4,69.8
2026-07-17,PYR_ESR1,QECNR,9.9,4.2,24.0,182.0,256.0,4.3,5.3,-0.2,0.0,82.4,69.8
2026-07-17,PYR_ESR2,QECNR,12.2,13.6,24.0,227.0,621.0,9.4,12.1,-0.1,49.0,82.4,69.8
2026-07-17,PYR_ESR3,QECNR,13.6,13.6,24.0,270.0,642.0,10.8,13.7,-0.0,43.9,82.4,69.8
2026-07-17,QTUM_SLR_ESR1,QTEN33,160.0,320.0,24.0,430.0,11691.0,328.7,335.1,-50.3,0.0,82.4,69.8
2026-07-17,QTUM_SLR_ESR2,QTEN33,160.0,320.0,24.0,1964.0,11691.0,284.8,174.9,-128.9,0.0,82.4,69.8
2026-07-17,QUEEN_BA_ESR1,QENEL2,50.0,66.4,24.0,2010.0,2849.0,51.7,47.8,-23.0,824.8,82.4,69.8
2026-07-17,RADN_SLR_ESR1,QIPRAD,78.1,141.2,24.0,4151.0,5367.0,147.3,134.5,-34.2,1166.4,82.4,69.8
2026-07-17,RADN_SLR_ESR2,QIPRAD,81.9,150.2,24.0,4054.0,5678.0,163.0,173.4,-16.3,1240.1,82.4,69.8
2026-07-17,RBN_ESR1,QTEN19,79.0,20.4,24.0,-157.0,1423.0,35.6,55.4,-12.5,147.6,82.4,69.8
2026-07-17,RHA_ESR1,QTEN19,200.0,424.2,24.0,15273.0,15151.0,391.6,250.5,-199.8,0.0,82.4,69.8
2026-07-17,RIO_GRAN_ESR1,QTEN24,9.9,9.8,24.0,-14.0,435.0,1.9,5.9,5.0,72.0,82.4,69.8
2026-07-17,ROSELAND_ESR1,QENEL9,50.0,85.8,24.0,1938.0,3329.0,72.2,76.7,-16.3,495.6,82.4,69.8
2026-07-17,RPUBRDS_ESR1,QSHEL2,50.0,59.2,24.0,935.0,2661.0,53.4,57.0,-14.5,189.0,82.4,69.8
2026-07-17,RRANCHES_ESR1,QSUE51,150.0,345.8,24.0,5478.0,11969.0,300.6,290.6,-93.0,1472.4,82.4,69.8
2026-07-17,RRANCHES_ESR2,QSUE51,150.0,345.0,24.0,3058.0,11952.0,265.9,292.4,-68.5,1336.0,82.4,69.8
2026-07-17,RRC_WIND_ESR1,QFPL35,75.0,225.0,24.0,6886.0,7061.0,242.2,291.7,0.0,0.0,82.4,69.8
2026-07-17,RRC_WIND_ESR2,QFPL35,75.0,225.0,24.0,7004.0,7061.0,240.3,278.1,0.0,0.0,82.4,69.8
2026-07-17,RTLSNAKE_ESR1,QBEEP1,9.9,10.7,24.0,179.0,466.0,8.9,9.9,-1.5,93.9,82.4,69.8
2026-07-17,RUSSEKST_ESR1,QBEEP1,9.9,10.7,24.0,304.0,466.0,14.2,10.5,-4.7,114.2,82.4,69.8
2026-07-17,RVRVLYS_ESR1,QSHEL2,50.0,114.3,24.0,1256.0,3970.0,132.4,160.4,-4.0,701.4,82.4,69.8
2026-07-17,RVRVLYS_ESR2,QSHEL2,50.0,114.3,24.0,816.0,3970.0,118.3,155.0,-2.2,661.8,82.4,69.8
2026-07-17,SADLBACK_ESR1,QBEEP1,9.9,10.7,24.0,196.0,466.0,8.3,8.1,-1.3,119.3,82.4,69.8
2026-07-17,SANDLAKE_ESR1,QBEEP1,9.9,10.7,24.0,239.0,466.0,8.9,7.5,-2.5,122.3,82.4,69.8
2026-07-17,SBEAN_ESR1,QBEEP1,9.9,10.7,24.0,196.0,466.0,8.3,7.8,-2.0,117.4,82.4,69.8
2026-07-17,SEVNF_ES_ESR1,QTEN37,100.0,238.2,24.0,1384.0,8145.0,44.7,17.5,-50.0,1079.9,82.4,69.8
2026-07-17,SGAL_BES_ESR1,QJPEM,100.0,200.2,24.0,1754.0,7311.0,127.5,206.3,39.5,1037.0,82.4,69.8
2026-07-17,SGAL_BES_ESR2,QJPEM2,100.0,202.9,24.0,1610.0,7371.0,126.3,206.4,50.2,1088.4,82.4,69.8
2026-07-17,SGSA_ESR1,QAMA1,8.8,15.6,24.0,149.0,590.0,11.5,1.3,-19.1,56.2,82.4,69.8
2026-07-17,SHAMROCK_ESR1,QFPL40,99.3,297.9,24.0,8347.0,9349.0,307.9,363.5,0.0,0.0,82.4,69.8
2026-07-17,SHEEPCRK_ESR1,QSUE70,135.0,172.9,24.0,1788.0,7573.0,142.9,200.9,1.9,471.6,82.4,69.8
2026-07-17,SLCNHLS_ESR1,QSHEL2,50.0,58.4,24.0,649.0,2633.0,52.8,68.2,-4.0,163.6,82.4,69.8
2026-07-17,SLCNHLS_ESR2,QSHEL2,50.0,57.3,24.0,679.0,2597.0,54.1,71.8,-4.1,154.6,82.4,69.8
2026-07-17,SMTH_ESS_ESR1,QSUE77,125.0,219.0,24.0,6086.0,8427.0,238.4,223.2,-20.5,1855.3,82.4,69.8
2026-07-17,SOLC_SLR_ESR1,QTEN33,160.0,310.5,24.0,14.0,11477.0,0.5,0.2,-6.8,0.0,82.4,69.8
2026-07-17,SOLC_SLR_ESR2,QTEN33,160.0,320.0,24.0,13.0,11691.0,0.5,0.2,-25.4,0.0,82.4,69.8
2026-07-17,SPTX12B_ESR1,QEDIS9,22.4,18.5,24.0,449.0,924.0,19.2,22.8,0.0,213.3,82.4,69.8
2026-07-17,SP_ESR1,QTEN26,9.9,19.5,24.0,417.0,690.0,14.1,13.7,-2.1,81.3,82.4,69.8
2026-07-17,STADIUM_ESR1,QTEN26,9.9,15.0,24.0,367.0,613.0,15.5,9.7,-7.6,0.0,82.4,69.8
2026-07-17,STAM_SLR_ESR1,QENE12,70.0,128.7,24.0,2094.0,4859.0,76.3,50.9,-46.5,687.8,82.4,69.8
2026-07-17,STRG_SLR_ESR1,QECNR,95.0,193.4,24.0,30.0,7020.0,1.4,0.1,-11.2,0.0,82.4,69.8
2026-07-17,SUNVASLR_ESR1,QSUE38,53.3,53.2,21.0,-106.0,2515.0,25.2,54.4,16.8,126.5,82.4,69.8
2026-07-17,SUNVASLR_ESR2,QSUE38,46.7,46.8,18.4,-535.0,2207.0,5.5,32.3,21.5,81.8,82.4,69.8
2026-07-17,SWEENY_ESR1,QSUE74,9.9,9.1,24.0,242.0,435.0,11.0,10.5,-1.0,39.7,82.4,69.8
2026-07-17,SWOOSEII_ESR1,QMEA5,100.0,191.3,24.0,1544.0,7111.0,128.7,170.0,1.7,1689.7,82.4,69.8
2026-07-17,SWTWR_ESR1,QTEN26,2.6,12.0,15.2,-24.0,332.0,0.0,1.0,0.0,0.0,82.4,69.8
2026-07-17,S_SNROSA_ESR1,QTEN24,9.9,10.9,24.0,269.0,466.0,4.3,0.1,-3.8,95.4,82.4,69.8
2026-07-17,TBWF_ESS_ESR1,QTEN29,150.0,342.3,24.0,4701.0,11894.0,196.6,274.6,16.1,1175.8,82.4,69.8
2026-07-17,TDWLPR_1_ESR1,QMEA6,100.0,216.2,24.0,5563.0,7665.0,185.1,106.8,-109.5,1739.0,82.4,69.8
2026-07-17,TDWLPR_1_ESR2,QMEA6,100.0,226.7,24.0,6810.0,7897.0,199.8,106.9,-123.5,1792.1,82.4,69.8
2026-07-17,TNFS_ESR1,QSYSO,9.9,18.0,24.0,561.0,683.0,18.5,20.9,0.1,12.2,82.4,69.8
2026-07-17,TORT_ESS_ESR1,QSUE74,50.0,40.1,24.0,450.0,2020.0,64.4,78.4,-1.2,228.8,82.4,69.8
2026-07-17,TSECA_ES_ESR1,QTEN36,100.0,238.2,24.0,3313.0,8145.0,233.9,287.3,-3.0,507.1,82.4,69.8
2026-07-17,TURQBESS_ESR1,QHEI3,190.0,361.0,24.0,6924.0,13453.0,286.9,176.6,-186.3,3221.9,82.4,69.8
2026-07-17,TV_ESR1,QAETE1,10.0,22.4,24.0,289.0,784.0,11.7,12.2,-0.5,126.8,82.4,69.8
2026-07-17,TYNAN_ESR1,QBEEP1,9.9,10.7,24.0,114.0,466.0,2.1,0.7,-1.8,148.9,82.4,69.8
2026-07-17,UTOPIA_ESR1,QTEN30,9.0,12.7,24.0,169.0,534.0,9.3,9.1,-2.0,0.0,82.4,69.8
2026-07-17,VERT_ESS_ESR1,QNRGTX,159.4,266.5,24.0,-518.0,10456.0,0.0,20.4,0.2,0.0,82.4,69.8
2026-07-17,VORTEX_ESR1,QENEL8,121.8,197.0,24.0,3737.0,7833.0,173.6,204.4,-19.0,499.3,82.4,69.8
2026-07-17,WAL_ESR1,QSUE92,200.0,400.0,24.0,8121.0,14614.0,400.2,368.1,-87.0,3213.7,82.4,69.8
2026-07-17,WCOLLOCL_ESR1,QHABIT,8.4,3.1,24.0,-18.0,194.0,0.2,1.1,-0.1,96.7,82.4,69.8
2026-07-17,WEIL_TRC_ESR1,QBEEP1,9.9,10.7,24.0,78.0,443.0,1.6,0.8,-1.3,149.5,82.4,69.8
2026-07-17,WFTANK_ESR1,QTEN28,150.0,169.5,24.0,4974.0,7716.0,186.2,47.7,-161.6,2448.7,82.4,69.8
2026-07-17,WIG_ESS_ESR1,QHEI1,120.0,187.0,24.0,3396.0,7550.0,146.6,109.2,-94.0,2034.2,82.4,69.8
2026-07-17,WOVER_ESR1,QTEN26,5.8,12.9,24.0,132.0,453.0,11.0,13.0,1.1,5.7,82.4,69.8
2026-07-17,WR_ESR1,QAETEL,9.9,22.4,24.0,605.0,780.0,12.7,3.4,-10.2,134.8,82.4,69.8
2026-07-17,W_HARLIN_ESR1,QTEN24,9.9,10.9,24.0,246.0,466.0,4.0,0.1,-3.3,96.3,82.4,69.8
2026-07-17,X4_ESR1,QCPSE,10.0,8.5,24.0,34.0,421.0,7.7,9.8,0.1,13.6,82.4,69.8
2026-07-17,Z0_ESR1,QTEN26,9.9,14.7,24.0,170.0,570.0,14.0,18.1,-2.4,0.0,82.4,69.8
2026-07-17,ZAPATA_ESR1,QSUE74,9.9,9.4,24.0,166.0,444.0,12.3,12.4,-2.0,114.0,82.4,69.8
2026-07-17,ZAPATA_ESR2,QSUE74,8.3,7.3,24.0,113.0,357.0,9.2,9.7,-1.5,95.5,82.4,69.8
2026-07-17,ZIER_SLR_ESR1,QTEN19,40.0,71.0,24.0,778.0,2718.0,51.5,75.3,8.7,225.0,82.4,69.8
2026-07-16,ABINDUST_ESR1,QMP2M1,9.9,25.9,24.0,-195.0,559.0,5.1,16.3,9.2,70.6,47.2,26.6
2026-07-16,ADL_ESR1,QTEN26,60.0,57.0,24.0,1632.0,1585.0,58.9,12.9,-57.0,529.3,47.2,26.6
2026-07-16,AE_ESR1,QTEN26,9.9,19.1,24.0,104.0,455.0,7.9,8.4,-0.9,106.3,47.2,26.6
2026-07-16,ALAMO_ST_ESR1,QSYSO,9.9,17.6,24.0,487.0,428.0,22.2,11.4,-12.5,27.4,47.2,26.6
2026-07-16,ALP_BESS_ESR1,QHEI1,100.3,168.9,24.0,-2042.0,4163.0,60.1,166.1,68.0,1214.5,47.2,26.6
2026-07-16,ALVIN_ESR1,QSUE74,8.3,5.5,24.0,82.0,164.0,12.5,11.2,-1.8,66.8,47.2,26.6
2026-07-16,ANCHOR_ESR1,QENE11,31.9,41.6,24.0,-641.0,1086.0,15.7,28.2,1.6,370.5,47.2,26.6
2026-07-16,ANCHOR_ESR2,QENE11,34.8,47.0,24.0,-763.0,1218.0,23.0,40.7,7.0,335.3,47.2,26.6
2026-07-16,ANDMDSLR_ESR1,QIPLU2,81.5,144.6,24.0,2441.0,3520.0,161.2,120.8,-51.0,1293.6,47.2,26.6
2026-07-16,ANDMDSLR_ESR2,QIPLU2,78.1,144.5,24.0,3286.0,3481.0,265.4,234.7,-54.4,1024.4,47.2,26.6
2026-07-16,ANEM_ESS_ESR1,QSUE53,200.0,456.5,24.0,-6806.0,10427.0,153.2,484.0,295.8,1499.4,47.2,26.6
2026-07-16,ANGLETON_ESR1,QSUE74,9.9,8.2,24.0,-23.0,235.0,9.0,10.7,0.3,85.4,47.2,26.6
2026-07-16,ANG_SLR_ESR1,QTEN26,100.0,203.6,24.0,3226.0,4788.0,118.9,32.1,-126.4,1272.6,47.2,26.6
2026-07-16,ANOL_ESS_ESR1,QESVE1,240.0,413.6,24.0,9760.0,10139.0,610.3,451.0,-274.7,836.3,47.2,26.6
2026-07-16,ANTL_ESS_ESR1,QSU100,70.0,167.6,24.0,313.0,3776.0,188.4,173.4,-37.0,589.2,47.2,26.6
2026-07-16,ARY_BESS_ESR1,QTEN32,180.0,180.0,24.0,415.0,4960.0,100.6,129.6,-5.9,0.0,47.2,26.6
2026-07-16,AVIL_ESS_ESR1,QSU100,160.0,371.8,24.0,1071.0,8450.0,472.4,413.2,-119.1,1532.4,47.2,26.6
2026-07-16,AZURE_ESR1,QENEL6,77.6,127.9,24.0,-987.0,3169.0,108.2,144.6,7.2,412.6,47.2,26.6
2026-07-16,BATCAVE_ESR1,QSUE74,100.5,103.6,24.0,-869.0,2836.0,60.3,92.3,-0.1,831.8,47.2,26.6
2026-07-16,BAY_CITY_ESR1,QTEN24,9.9,11.1,24.0,-126.0,254.0,0.2,5.4,5.7,71.4,47.2,26.6
2026-07-16,BCK_ESR1,QHEI5,123.5,304.0,24.0,264.0,6798.0,277.4,328.0,-0.3,0.0,47.2,26.6
2026-07-16,BCK_ESR2,QHEI5,126.5,320.3,24.0,-2560.0,7099.0,179.1,321.3,-3.8,0.0,47.2,26.6
2026-07-16,BCNV2_ES_ESR1,QSU115,150.0,300.0,16.0,-944.0,7085.0,47.7,85.8,217.7,0.0,47.2,26.6
2026-07-16,BCNV_ESS_ESR1,QSHE11,150.0,300.0,24.0,1340.0,7087.0,81.2,84.6,-28.7,103.0,47.2,26.6
2026-07-16,BELD_ESR1,QJPEM,6.0,9.0,24.0,247.0,231.0,13.3,9.4,-5.3,77.1,47.2,26.6
2026-07-16,BEXAR_ES_ESR1,QTEN32,100.0,100.0,24.0,-653.0,2755.0,68.0,87.1,0.1,1346.3,47.2,26.6
2026-07-16,BIG_STAR_ESR1,QECNR,80.0,108.0,24.0,-909.0,2799.0,43.1,106.6,37.7,0.0,47.2,26.6
2026-07-16,BKSL_ESS_ESR1,QESVE2,100.0,216.5,24.0,4020.0,5013.0,258.5,224.1,-69.9,520.4,47.2,26.6
2026-07-16,BLACKSPR_ESR1,QBROO2,120.0,243.1,24.0,482.0,5724.0,111.7,165.5,25.8,1049.0,47.2,26.6
2026-07-16,BLSUMMIT_ESR1,QFPL12,27.7,9.7,24.0,-128.0,325.0,5.5,9.9,0.5,0.0,47.2,26.6
2026-07-16,BLSUMMIT_ESR2,QFPL48,150.0,450.0,24.0,-2878.0,9241.0,467.3,562.4,0.0,0.0,47.2,26.6
2026-07-16,BLUEJAY_ESR1,QENEL7,50.0,86.1,24.0,-994.0,2112.0,45.9,89.7,25.9,331.7,47.2,26.6
2026-07-16,BLVN_SLR_ESR1,QSHEL8,180.0,360.0,24.0,2785.0,8504.0,351.9,428.9,-3.8,743.4,47.2,26.6
2026-07-16,BOCO_ESS_ESR1,QTEN28,150.0,365.0,24.0,-454.0,8188.0,132.6,141.2,-38.1,805.1,47.2,26.6
2026-07-16,BRAZORIA_ESR1,QSUE74,9.9,9.4,24.0,-54.0,261.0,10.8,12.5,-0.1,65.8,47.2,26.6
2026-07-16,BR_ARROW_ESR1,QECNR,48.3,93.5,24.0,6.0,2227.0,0.2,-0.0,-6.1,176.4,47.2,26.6
2026-07-16,BR_ARROW_ESR2,QECNR,51.7,100.4,24.0,6.0,2389.0,0.2,0.0,-7.4,0.0,47.2,26.6
2026-07-16,BUDA_ESR1,QTEN26,9.9,24.7,24.0,444.0,411.0,26.8,21.2,-8.1,0.0,47.2,26.6
2026-07-16,BYP_ESR1,QEXELO,200.0,390.6,16.8,13119.0,9282.0,360.2,21.6,-361.7,0.0,47.2,26.6
2026-07-16,BYRDR_ES_ESR1,QHABIT,50.0,59.4,24.0,-409.0,1579.0,25.3,52.2,20.0,468.3,47.2,26.6
2026-07-16,CACH_ESS_ESR1,QSU100,200.0,470.7,24.0,2609.0,10659.0,632.0,691.1,-21.4,1562.4,47.2,26.6
2026-07-16,CAMWIND_ESR1,QTEN26,16.4,33.2,24.0,-104.0,781.0,22.5,37.0,11.3,191.7,47.2,26.6
2026-07-16,CARA_ESS_ESR1,QHEI8,98.3,196.7,24.0,-4472.0,4646.0,5.8,190.4,142.9,1183.3,47.2,26.6
2026-07-16,CARN_ESS_ESR1,QSU100,150.0,336.4,24.0,877.0,7721.0,319.0,348.5,-11.9,1322.8,47.2,26.6
2026-07-16,CARRIZO_ESR1,QTEN30,9.4,12.6,11.1,274.0,328.0,8.3,0.6,-8.9,15.0,47.2,26.6
2026-07-16,CARTWHL_ESR1,QECNR,150.0,283.3,24.0,124.0,6789.0,6.5,3.1,-24.5,0.0,47.2,26.6
2026-07-16,CASL_GAP_ESR1,QLUMN1,3.9,4.3,24.0,-128.0,117.0,0.1,5.5,4.3,0.0,47.2,26.6
2026-07-16,CAST_ESS_ESR1,QSUE79,200.0,442.5,24.0,833.0,10190.0,474.6,498.5,-49.2,1532.4,47.2,26.6
2026-07-16,CATARINA_ESR1,QBEEP1,9.9,10.7,24.0,28.0,260.0,8.6,10.2,0.3,117.1,47.2,26.6
2026-07-16,CEDRVALE_ESR1,QBEEP1,9.9,10.7,24.0,199.0,260.0,6.7,0.7,-7.0,145.5,47.2,26.6
2026-07-16,CHERRYCR_ESR1,QBEEP1,9.9,10.7,24.0,231.0,260.0,7.2,0.2,-7.3,145.6,47.2,26.6
2026-07-16,CHIL_SLR_ESR1,QSUE88,150.0,310.6,24.0,2677.0,7272.0,310.3,311.8,-79.0,960.0,47.2,26.6
2026-07-16,CISC_ESR1,QBEEP1,9.9,10.7,24.0,23.0,194.0,1.2,0.9,-0.6,149.2,47.2,26.6
2026-07-16,CITRUSCY_ESR1,QPROLO,7.0,21.0,24.0,-103.0,359.0,1.0,4.6,5.1,22.5,47.2,26.6
2026-07-16,CLO_ESR1,QMEA1,100.0,201.9,24.0,1172.0,4758.0,80.6,75.0,-35.6,700.1,47.2,26.6
2026-07-16,CLO_ESR2,QMEA1,100.0,194.3,24.0,1167.0,4624.0,80.5,75.1,-35.0,651.2,47.2,26.6
2026-07-16,CNLY_ESS_ESR1,QSUE76,121.1,226.1,24.0,1321.0,5426.0,225.5,248.1,-10.0,2011.3,47.2,26.6
2026-07-16,CNTRY_ESR1,QPROLO,9.8,20.3,24.0,-149.0,384.0,3.3,11.7,7.3,93.8,47.2,26.6
2026-07-16,CNTYRDS_ESR1,QTEN26,9.9,24.7,24.0,658.0,550.0,27.7,13.2,-17.4,0.0,47.2,26.6
2026-07-16,CORALSLR_ESR1,QNGRE1,47.5,58.3,24.0,238.0,1543.0,55.9,68.6,-0.4,349.7,47.2,26.6
2026-07-16,CORALSLR_ESR2,QNGRE1,51.4,58.3,24.0,409.0,1567.0,58.4,63.4,0.5,387.6,47.2,26.6
2026-07-16,CORAZON_ESR1,QHEI4,196.0,223.6,24.0,-2960.0,5994.0,156.6,276.3,77.8,1106.9,47.2,26.6
2026-07-16,COYOTSPR_ESR1,QBEEP1,9.9,10.7,24.0,201.0,260.0,6.6,0.6,-7.1,137.8,47.2,26.6
2026-07-16,CROSSETT_ESR1,QJPEM1,100.0,101.5,24.0,2178.0,2788.0,116.9,81.9,-53.0,1130.6,47.2,26.6
2026-07-16,CROSSETT_ESR2,QJPEM1,99.7,101.6,24.0,2104.0,2790.0,114.1,80.7,-49.5,1145.8,47.2,26.6
2026-07-16,CROSSTRL_ESR1,QGRIE4,57.0,113.6,24.0,-674.0,2686.0,76.9,101.1,-2.3,130.2,47.2,26.6
2026-07-16,CR_ESR1,QPROLO,9.8,9.4,24.0,-68.0,242.0,2.6,5.7,-1.2,56.2,47.2,26.6
2026-07-16,CS_ESR1,QTEN26,7.0,14.3,24.0,256.0,329.0,11.2,6.5,-6.8,93.1,47.2,26.6
2026-07-16,CTW_ESR1,QTOTL5,150.0,195.8,24.0,1448.0,5110.0,206.5,266.3,4.3,488.5,47.2,26.6
2026-07-16,DAN_ESR1,QTOTL4,75.3,102.2,24.0,567.0,2645.0,91.1,112.2,3.2,403.2,47.2,26.6
2026-07-16,DAN_ESR2,QTOTL4,71.7,102.4,24.0,572.0,2625.0,92.9,113.0,0.9,392.7,47.2,26.6
2026-07-16,DA_ESR1,QSHE16,4.0,9.5,24.0,-36.0,215.0,5.5,9.4,3.1,12.9,47.2,26.6
2026-07-16,DCSES_ESR1,QLUMN,66.5,66.4,24.0,-263.0,1831.0,18.6,39.5,3.8,399.6,47.2,26.6
2026-07-16,DCSES_ESR2,QLUMN,66.5,66.4,24.0,-1250.0,1831.0,84.6,111.9,4.7,202.8,47.2,26.6
2026-07-16,DCSES_ESR3,QLUMN,63.5,63.4,24.0,-321.0,1748.0,18.0,41.0,4.5,384.1,47.2,26.6
2026-07-16,DCSES_ESR4,QLUMN,63.5,63.4,24.0,-318.0,1748.0,18.6,41.8,7.7,388.0,47.2,26.6
2026-07-16,DESN_ESS_ESR1,QSUE79,200.0,450.4,24.0,878.0,10328.0,435.6,500.9,-12.2,1510.3,47.2,26.6
2026-07-16,DGFS_ESR_ESR1,QTEN26,75.0,59.5,23.9,84.0,1714.0,123.3,132.8,-48.8,94.0,47.2,26.6
2026-07-16,DIBOL_ESR1,QBEEP1,9.9,10.7,24.0,6.0,159.0,1.2,1.6,-0.3,150.2,47.2,26.6
2026-07-16,DICKNSON_ESR1,QSUE74,9.9,7.8,24.0,9.0,226.0,13.6,15.8,-0.0,101.8,47.2,26.6
2026-07-16,DKNS_ESS_ESR1,QSUE74,50.0,49.5,24.0,-334.0,1366.0,76.6,86.4,0.4,248.9,47.2,26.6
2026-07-16,DKNS_ESS_ESR2,QSUE74,50.0,49.8,24.0,-451.0,1374.0,74.1,87.3,0.4,245.4,47.2,26.6
2026-07-16,DKNS_ESS_ESR3,QSUE74,50.0,49.9,24.0,-306.0,1375.0,77.9,86.5,0.1,260.1,47.2,26.6
2026-07-16,DKNS_ESS_ESR4,QSUE74,50.0,49.6,24.0,-396.0,1370.0,75.1,87.3,-0.3,249.8,47.2,26.6
2026-07-16,DPCRK_ESR1,QTEN26,4.7,10.2,24.0,68.0,238.0,6.6,5.7,-2.5,0.0,47.2,26.6
2026-07-16,DSWL_ESS_ESR1,QPHIL3,150.0,324.0,24.0,-912.0,7505.0,203.0,253.7,-0.6,663.7,47.2,26.6
2026-07-16,EBNY_ESS_ESR1,QSUE52,200.0,458.5,24.0,4229.0,10460.0,434.8,485.2,-95.4,1404.7,47.2,26.6
2026-07-16,ELMCRK_ESR1,QMP2M1,9.9,25.9,24.0,-198.0,528.0,5.2,16.2,9.3,8.6,47.2,26.6
2026-07-16,ELM_ST_ESR1,QTEN26,9.9,24.7,24.0,627.0,550.0,28.1,12.8,-17.2,0.0,47.2,26.6
2026-07-16,ELM_ST_ESR2,QSYSO,9.9,18.0,24.0,364.0,435.0,17.2,8.0,-10.6,29.2,47.2,26.6
2026-07-16,ELSA_ESR1,QTEN24,9.9,10.6,13.3,6.0,247.0,0.2,0.0,-0.6,2.8,47.2,26.6
2026-07-16,ELZA_SLR_ESR1,QENE16,100.0,154.0,24.0,-3073.0,3881.0,36.3,127.2,46.8,1347.9,47.2,26.6
2026-07-16,EMPCT_ESR1,QTEN24,9.9,13.1,24.0,2.0,271.0,0.2,0.1,-0.2,87.7,47.2,26.6
2026-07-16,ENDPARKS_ESR1,QGRIE4,49.6,102.4,24.0,-268.0,2400.0,43.1,55.4,-1.2,350.9,47.2,26.6
2026-07-16,ESCONDID_ESR1,QTEN30,9.4,12.7,24.0,-10.0,283.0,0.0,0.3,-0.0,0.0,47.2,26.6
2026-07-16,ESTONIAN_ESR1,QENE14,101.6,154.3,24.0,-1726.0,3903.0,114.3,184.1,40.7,369.5,47.2,26.6
2026-07-16,EUNICE_ESR1,QTENSK,36.4,30.1,24.0,616.0,865.0,57.5,51.6,-18.6,38.2,47.2,26.6
2026-07-16,EVLN_ESS_ESR1,QSHE15,192.0,280.6,24.0,-166.0,7158.0,150.4,187.6,-19.4,0.0,47.2,26.6
2026-07-16,E_HARRIS_ESR1,QTEN26,9.9,20.0,24.0,-398.0,410.0,1.8,18.2,14.5,0.0,47.2,26.6
2026-07-16,FALFUR_ESR2,QTEN30,10.0,12.6,24.0,-82.0,221.0,6.1,11.0,3.4,109.6,47.2,26.6
2026-07-16,FAULKNER_ESR1,QBEEP1,9.9,10.7,22.7,192.0,260.0,6.5,0.7,-7.0,132.1,47.2,26.6
2026-07-16,FENCESLR_ESR1,QENE13,65.7,103.9,24.0,-212.0,2601.0,55.8,71.8,5.1,783.5,47.2,26.6
2026-07-16,FERD_ESS_ESR1,QCPSE,200.0,950.0,24.0,4942.0,14755.0,438.3,403.3,-102.4,852.5,47.2,26.6
2026-07-16,FIVEWSLR_ESR1,QSUE61,220.0,250.0,24.0,4016.0,6708.0,272.7,230.4,-96.0,1600.4,47.2,26.6
2026-07-16,FLAT_TOP_ESR1,QSHEL2,9.5,15.4,24.0,496.0,384.0,19.2,7.5,-10.1,73.1,47.2,26.6
2026-07-16,FLAT_TOP_ESR2,QJPEM,9.9,16.4,24.0,399.0,406.0,20.7,13.9,-9.1,130.5,47.2,26.6
2026-07-16,FLOWERII_ESR1,QJPEM,100.0,195.8,24.0,2901.0,4649.0,176.8,144.8,-80.7,1242.6,47.2,26.6
2026-07-16,FORTMA_ESR1,QTEN30,10.0,12.6,21.8,32.0,331.0,11.1,13.0,-5.2,64.6,47.2,26.6
2026-07-16,FRMRSVLW_ESR1,QBEEP1,9.9,10.7,24.0,23.0,194.0,1.1,0.8,-1.0,148.5,47.2,26.6
2026-07-16,FRMRSVLW_ESR2,QTEN26,6.0,14.7,24.0,-133.0,329.0,2.9,8.9,4.8,88.7,47.2,26.6
2026-07-16,FTDUNCAN_ESR1,QTEN26,100.0,207.1,24.0,1965.0,4848.0,163.4,156.0,-31.0,1673.1,47.2,26.6
2026-07-16,GAIA_SLR_ESR1,QTEN26,75.0,150.0,24.0,-228.0,3544.0,129.5,158.7,7.2,0.0,47.2,26.6
2026-07-16,GAMBIT_ESR1,QSUE23,100.0,145.8,24.0,187.0,3711.0,108.0,157.6,14.4,548.4,47.2,26.6
2026-07-16,GARCENO_ESR1,QTEN24,9.9,9.8,24.0,15.0,235.0,5.9,6.2,-5.0,20.8,47.2,26.6
2026-07-16,GEORSO_ESR1,QEDIS9,9.8,8.1,24.0,-36.0,229.0,8.2,10.7,0.1,16.6,47.2,26.6
2026-07-16,GIGA_ESS_ESR1,QSUE55,122.3,215.6,24.0,1580.0,5255.0,227.9,247.9,-8.3,1993.8,47.2,26.6
2026-07-16,GKS_BESS_ESR1,QTEN26,85.5,168.0,24.0,-3501.0,3962.0,0.6,133.5,99.4,527.7,47.2,26.6
2026-07-16,GOMZ_ESR1,QBEEP1,9.9,10.7,24.0,207.0,260.0,6.8,0.5,-7.3,145.5,47.2,26.6
2026-07-16,GOODWIN_ESR1,QTEN30,9.4,12.7,24.0,-203.0,285.0,2.7,12.1,5.4,53.4,47.2,26.6
2026-07-16,GRDNE_ESR1,QBEEP1,9.9,10.7,24.0,179.0,260.0,5.9,0.6,-6.0,145.9,47.2,26.6
2026-07-16,GRIZZLY_ESR1,QPRIO1,9.9,10.0,0.0,0.0,275.0,0.0,-0.0,0.0,0.0,47.2,26.6
2026-07-16,GZ_ESR1,QTEN30,9.5,12.7,24.0,-33.0,329.0,6.1,8.0,0.4,48.7,47.2,26.6
2026-07-16,HAMILTON_ESR1,QBEEP1,9.9,10.7,24.0,193.0,260.0,6.6,1.7,-5.4,146.4,47.2,26.6
2026-07-16,HEADCAMP_ESR1,QTEN34,150.0,300.0,24.0,5586.0,7087.0,583.7,439.4,-238.6,0.0,47.2,26.6
2026-07-16,HEARN_RD_ESR1,QTEN30,9.7,12.7,24.0,-213.0,323.0,4.0,14.1,8.4,0.0,47.2,26.6
2026-07-16,HEIGHTTN_ESR1,QSUE74,9.9,8.3,24.0,13.0,236.0,14.3,16.4,0.2,95.4,47.2,26.6
2026-07-16,HEN_ESR1,QECNR,150.0,293.8,24.0,-2563.0,6976.0,349.3,428.4,1.2,0.0,47.2,26.6
2026-07-16,HEN_ESR2,QECNR,91.0,279.6,23.8,-3924.0,5730.0,1.4,155.5,-104.7,0.0,47.2,26.6
2026-07-16,HI_LONEB_ESR1,QENEL1,50.0,73.6,24.0,1571.0,1874.0,111.8,78.3,-49.6,455.2,47.2,26.6
2026-07-16,HLY_ESR1,QHEI1,102.2,172.9,23.0,-1904.0,4257.0,117.3,199.6,36.3,978.4,47.2,26.6
2026-07-16,HLY_ESR2,QHEI1,101.8,167.9,23.0,-1932.0,4160.0,109.7,189.3,38.7,991.2,47.2,26.6
2026-07-16,HMNG_ESS_ESR1,QMEA8,99.8,222.0,24.0,6.0,5106.0,154.8,231.8,33.6,1299.0,47.2,26.6
2026-07-16,HOUSEMTN_ESR1,QJPEM,60.0,127.5,24.0,1987.0,2966.0,135.0,116.3,-45.2,816.6,47.2,26.6
2026-07-16,HRMS_SLR_ESR1,QTOT16,100.0,217.4,24.0,275.0,5028.0,74.8,60.2,-239.3,0.0,47.2,26.6
2026-07-16,HWY6_ESR1,QTEN26,9.0,24.7,24.0,539.0,525.0,18.2,5.2,-14.0,0.0,47.2,26.6
2026-07-16,HYDR_ESS_ESR1,QSUE74,200.0,197.7,24.0,2710.0,5459.0,335.9,235.7,-141.1,1181.8,47.2,26.6
2026-07-16,INDL_ESR1,QECNR,9.9,4.2,24.0,120.0,138.0,3.2,0.8,-3.8,0.0,47.2,26.6
2026-07-16,INRT_W_ESR1,QFPL32,13.0,46.3,24.0,-78.0,863.0,31.4,39.9,-0.1,0.0,47.2,26.6
2026-07-16,JADE_SLR_ESR1,QIPLUM,78.1,140.0,24.0,-2848.0,3399.0,90.2,154.2,36.3,276.4,47.2,26.6
2026-07-16,JADE_SLR_ESR2,QIPLUM,81.9,150.9,24.0,-3296.0,3637.0,76.2,153.2,49.3,290.2,47.2,26.6
2026-07-16,JAG_SLR_ESR1,QLCRA,150.0,300.0,24.0,2868.0,7087.0,228.6,152.2,-113.7,440.8,47.2,26.6
2026-07-16,JAG_SLR_ESR2,QMITS2,150.0,309.5,24.0,905.0,7254.0,289.1,341.4,5.8,0.0,47.2,26.6
2026-07-16,JAR_ESR1,QHEI1,147.0,264.0,24.0,-1429.0,6406.0,142.7,232.0,70.9,1655.6,47.2,26.6
2026-07-16,JAR_ESR2,QHEI1,157.0,291.0,24.0,-2086.0,7006.0,138.4,251.5,96.5,1688.8,47.2,26.6
2026-07-16,JDKNS_ESR1,QBEEP1,9.9,10.7,23.9,189.0,260.0,6.2,0.6,-6.1,145.0,47.2,26.6
2026-07-16,JUNCTION_ESR1,QBEEP1,9.9,10.7,24.0,70.0,260.0,2.5,0.5,-2.5,148.5,47.2,26.6
2026-07-16,JUNORTH_ESR1,QTEN26,9.9,22.0,24.0,41.0,507.0,11.3,10.1,-2.7,0.0,47.2,26.6
2026-07-16,K0_ESR1,QSUE74,9.9,9.7,24.0,-8.0,258.0,8.5,9.9,0.0,60.5,47.2,26.6
2026-07-16,KEG_ESR1,QEDF27,140.0,311.2,24.0,2350.0,7159.0,235.1,273.0,-12.7,0.0,47.2,26.6
2026-07-16,LANTANA_ESR1,QTEN26,10.0,20.1,24.0,-219.0,451.0,13.7,18.7,2.4,0.0,47.2,26.6
2026-07-16,LBRA_ESS_ESR1,QSUE48,200.0,200.0,24.0,-1425.0,5511.0,126.6,192.1,-6.4,1013.6,47.2,26.6
2026-07-16,LFSTH_ESR1,QBEEP1,9.9,10.7,24.0,22.0,194.0,1.2,0.8,-0.8,160.8,47.2,26.6
2026-07-16,LIGSW_ESR1,QPROLO,9.8,9.5,24.0,-193.0,244.0,1.0,10.0,8.2,128.9,47.2,26.6
2026-07-16,LILY_ESR1,QENEL5,50.0,71.8,24.0,-236.0,1838.0,14.2,18.2,-1.6,714.7,47.2,26.6
2026-07-16,LK_ESR1,QPROLO,9.3,27.5,0.0,-494.0,572.0,4.5,25.7,-0.4,0.0,47.2,26.6
2026-07-16,LMO_ESR1,QSHEL2,99.9,243.5,24.0,4499.0,5460.0,407.7,408.4,-75.7,973.8,47.2,26.6
2026-07-16,LONESTAR_ESR1,QBEEP1,9.9,10.7,22.2,201.0,260.0,6.6,0.5,-7.0,132.1,47.2,26.6
2026-07-16,LON_ESR1,QTEN26,174.0,348.0,24.0,-3824.0,8241.0,157.8,264.5,43.7,1871.4,47.2,26.6
2026-07-16,LOPENO_ESR1,QSUE74,9.9,9.8,24.0,-129.0,259.0,8.1,11.4,2.1,85.7,47.2,26.6
2026-07-16,LOWR_ESS_ESR1,QEDI10,60.0,117.5,24.0,-205.0,2790.0,59.3,68.7,0.3,140.1,47.2,26.6
2026-07-16,LUCKYBLU_ESR1,QBROO1,97.4,198.0,24.0,177.0,4658.0,121.5,185.5,34.7,919.8,47.2,26.6
2026-07-16,L_463S_ESR1,QSUE74,9.9,7.1,24.0,-0.0,199.0,7.5,9.0,0.2,61.7,47.2,26.6
2026-07-16,L_FRESNO_ESR1,QTEN24,9.9,11.1,24.0,-51.0,253.0,5.6,11.1,0.3,64.6,47.2,26.6
2026-07-16,MADERO_ESR1,QTEN25,100.0,263.9,24.0,-4999.0,5758.0,3.0,151.3,124.7,337.5,47.2,26.6
2026-07-16,MADERO_ESR2,QTEN25,100.0,255.3,24.0,-5060.0,5641.0,2.7,152.6,125.4,352.6,47.2,26.6
2026-07-16,MAGNO_TN_ESR1,QSUE74,8.3,6.5,24.0,19.0,189.0,10.4,12.0,-0.1,76.2,47.2,26.6
2026-07-16,MAINLAND_ESR1,QBEEP1,9.9,10.7,24.0,31.0,194.0,1.4,0.9,-1.1,147.9,47.2,26.6
2026-07-16,MAYBERRY_ESR1,QTEN24,9.9,10.6,24.0,166.0,247.0,4.8,0.9,-4.3,55.1,47.2,26.6
2026-07-16,MAYBERRY_ESR2,QTEN24,9.9,11.9,24.0,71.0,263.0,2.1,0.3,-1.6,101.7,47.2,26.6
2026-07-16,MESQUITE_ESR1,QTEN26,9.9,19.8,24.0,-233.0,454.0,9.4,21.7,9.8,0.0,47.2,26.6
2026-07-16,MESQUITE_ESR2,QSYSO,9.9,19.5,24.0,-91.0,416.0,0.7,4.4,2.7,0.0,47.2,26.6
2026-07-16,MIDP_SLR_ESR1,QTEN26,50.0,100.0,24.0,-206.0,2362.0,92.9,113.7,1.7,355.2,47.2,26.6
2026-07-16,MIDWY_ESR1,QPROLO,9.9,10.5,10.7,349.0,263.0,9.8,0.7,-10.4,61.2,47.2,26.6
2026-07-16,MNWLE_ESR1,QBEEP1,9.9,10.7,24.0,27.0,183.0,1.2,0.7,-0.8,148.5,47.2,26.6
2026-07-16,MOORE_FL_ESR1,QTEN30,2.7,11.4,11.2,-15.0,179.0,0.0,0.5,0.0,0.7,47.2,26.6
2026-07-16,MUENSTER_ESR1,QTEN30,9.5,12.6,11.2,183.0,327.0,5.6,1.0,-6.0,9.8,47.2,26.6
2026-07-16,MUSTNGCK_ESR1,QENE10,71.0,112.1,24.0,-1016.0,2808.0,77.8,136.1,30.5,437.7,47.2,26.6
2026-07-16,MU_ESR1,QTEN26,9.9,19.5,24.0,198.0,462.0,9.5,8.1,-3.8,154.0,47.2,26.6
2026-07-16,MYR_ESR1,QTOTL5,74.3,98.0,24.0,-2187.0,2552.0,27.4,82.2,33.7,374.1,47.2,26.6
2026-07-16,MYR_ESR2,QTOTL5,45.0,48.3,24.0,481.0,1311.0,44.8,54.4,0.4,105.0,47.2,26.6
2026-07-16,NCO_ESR1,QSHEL2,50.0,60.3,24.0,1233.0,1596.0,45.3,23.1,-26.7,325.5,47.2,26.6
2026-07-16,NF_BRP_ESR1,QSUE74,100.5,107.9,24.0,-629.0,2930.0,70.2,96.9,18.2,1092.2,47.2,26.6
2026-07-16,NOBLESLR_ESR1,QNGREN,61.1,51.2,24.0,527.0,1459.0,53.1,51.7,1.0,280.2,47.2,26.6
2026-07-16,NOBLESLR_ESR2,QNGREN,62.5,54.4,24.0,446.0,1539.0,54.7,57.4,0.4,297.6,47.2,26.6
2026-07-16,NWF_ESR1,QDUKER,4.5,0.8,24.0,-209.0,31.0,0.9,7.7,0.1,0.0,47.2,26.6
2026-07-16,N_ALAMO_ESR1,QTEN24,9.9,10.6,24.0,78.0,247.0,3.6,0.6,-3.0,78.4,47.2,26.6
2026-07-16,N_MERCED_ESR1,QTEN24,9.9,7.1,24.0,-7.0,187.0,0.5,0.6,-0.1,27.1,47.2,26.6
2026-07-16,ODESW_ESR1,QSUE74,9.9,6.0,24.0,41.0,175.0,9.8,7.6,-3.9,70.3,47.2,26.6
2026-07-16,PAD1_ESS_ESR1,QCPSE,50.0,122.0,24.0,-682.0,2735.0,40.3,77.5,23.0,41.7,47.2,26.6
2026-07-16,PAD2_ESS_ESR2,QCPSE,150.0,600.0,24.0,-1784.0,10433.0,306.6,547.9,156.0,39.0,47.2,26.6
2026-07-16,PALACIOS_ESR1,QTEN30,9.5,11.4,23.9,-18.0,270.0,8.5,11.1,0.5,43.2,47.2,26.6
2026-07-16,PALE_ESS_ESR1,QSUE74,200.0,198.0,24.0,-97.0,5464.0,114.7,155.7,-10.0,467.2,47.2,26.6
2026-07-16,PAULN_ESR1,QBEEP1,9.9,10.7,24.0,26.0,194.0,1.2,0.7,-0.8,148.6,47.2,26.6
2026-07-16,PAVLOV_ESR1,QBEEP1,9.9,10.7,24.0,-17.0,194.0,0.9,1.9,0.6,147.9,47.2,26.6
2026-07-16,PAVO_ESS_ESR1,QSUE74,87.5,85.8,24.0,-679.0,2373.0,146.9,161.9,-0.2,716.4,47.2,26.6
2026-07-16,PAVO_ESS_ESR2,QSUE74,87.5,79.9,24.0,-603.0,2239.0,141.6,155.2,-0.6,727.5,47.2,26.6
2026-07-16,PEARSALL_ESR1,QTEN26,9.9,19.8,24.0,125.0,376.0,23.2,25.7,-0.1,92.5,47.2,26.6
2026-07-16,PHO_ESR1,QENE15,150.0,238.3,24.0,-823.0,5959.0,187.2,272.5,35.7,859.8,47.2,26.6
2026-07-16,PHO_ESR2,QENE15,150.0,252.2,24.0,-1847.0,6219.0,150.3,276.2,79.3,1117.0,47.2,26.6
2026-07-16,PINEFRST_ESR1,QTEN21,200.0,400.0,24.0,-3837.0,9449.0,225.6,336.0,54.1,52.2,47.2,26.6
2026-07-16,PIN_BESS_ESR1,QTEN34,175.0,400.0,16.0,-7194.0,9133.0,120.7,274.9,172.1,0.0,47.2,26.6
2026-07-16,PIRATE_ESR1,QTEN30,9.4,12.6,24.0,-87.0,313.0,13.0,18.0,2.7,49.6,47.2,26.6
2026-07-16,PLATINUM_ESR1,QSUE80,148.3,323.4,24.0,-310.0,7474.0,260.7,339.7,16.0,866.8,47.2,26.6
2026-07-16,PLATINUM_ESR2,QSUE80,151.7,325.5,24.0,-716.0,7554.0,236.0,327.6,31.5,874.2,47.2,26.6
2026-07-16,POTEETS_ESR1,QBEEP1,9.9,10.7,24.0,93.0,260.0,3.2,1.2,-2.8,146.9,47.2,26.6
2026-07-16,PRCRK_ESR1,QTEN24,9.9,13.1,24.0,8.0,271.0,0.3,0.1,-0.3,90.1,47.2,26.6
2026-07-16,PUEBLO_ESR1,QSUE74,8.3,7.4,24.0,-92.0,201.0,7.5,10.0,0.1,79.2,47.2,26.6
2026-07-16,PUEBLO_ESR2,QSUE74,9.9,9.8,24.0,-36.0,259.0,10.2,12.6,0.1,128.7,47.2,26.6
2026-07-16,PYOTE_ESR1,QJPEM,8.0,13.8,24.0,270.0,342.0,15.5,11.8,-5.5,115.8,47.2,26.6
2026-07-16,PYR_ESR1,QECNR,9.9,4.2,24.0,132.0,138.0,3.5,0.8,-3.7,0.0,47.2,26.6
2026-07-16,PYR_ESR2,QECNR,12.2,13.6,24.0,218.0,366.0,9.2,3.5,-8.2,81.0,47.2,26.6
2026-07-16,PYR_ESR3,QECNR,13.6,13.6,24.0,249.0,375.0,10.5,4.1,-8.5,72.9,47.2,26.6
2026-07-16,QTUM_SLR_ESR1,QTEN33,160.0,300.3,24.0,-188.0,7208.0,0.0,6.2,23.1,0.0,47.2,26.6
2026-07-16,QTUM_SLR_ESR2,QTEN33,160.0,320.0,24.0,-199.0,7559.0,0.0,6.5,-0.4,0.0,47.2,26.6
2026-07-16,QUEEN_BA_ESR1,QENEL2,50.0,66.4,24.0,1563.0,1709.0,92.1,67.2,-40.8,526.9,47.2,26.6
2026-07-16,RADN_SLR_ESR1,QIPRAD,78.1,141.2,24.0,218.0,3421.0,94.8,109.7,0.1,1233.0,47.2,26.6
2026-07-16,RADN_SLR_ESR2,QIPRAD,81.9,146.8,24.0,1394.0,3563.0,148.1,141.1,-17.7,1259.8,47.2,26.6
2026-07-16,RBN_ESR1,QTEN19,80.0,82.0,22.8,-1174.0,2247.0,41.2,103.7,13.3,305.7,47.2,26.6
2026-07-16,RHA_ESR1,QTEN19,200.0,423.5,22.7,448.0,9860.0,87.2,95.3,-28.3,0.0,47.2,26.6
2026-07-16,RIO_GRAN_ESR1,QTEN24,9.9,9.8,24.0,79.0,235.0,7.0,5.8,-6.1,19.4,47.2,26.6
2026-07-16,RIO_GRAN_ESR2,QPROLO,7.0,13.8,4.6,38.0,256.0,1.5,0.0,-1.8,0.7,47.2,26.6
2026-07-16,ROSELAND_ESR1,QENEL9,50.0,85.8,24.0,-760.0,2105.0,61.4,92.9,12.9,349.6,47.2,26.6
2026-07-16,RPUBRDS_ESR1,QSHEL2,50.0,59.0,24.0,1176.0,1569.0,37.9,16.8,-28.0,330.4,47.2,26.6
2026-07-16,RRANCHES_ESR1,QSUE51,150.0,345.8,24.0,5505.0,7876.0,333.4,297.5,-104.0,1626.9,47.2,26.6
2026-07-16,RRANCHES_ESR2,QSUE51,150.0,345.0,24.0,5283.0,7863.0,322.7,293.1,-108.2,1438.0,47.2,26.6
2026-07-16,RRC_WIND_ESR1,QFPL35,75.0,225.0,24.0,459.0,4620.0,241.0,266.4,-1.0,0.0,47.2,26.6
2026-07-16,RRC_WIND_ESR2,QFPL35,75.0,225.0,24.0,-42.0,4620.0,236.4,278.2,0.0,0.0,47.2,26.6
2026-07-16,RTLSNAKE_ESR1,QBEEP1,9.9,10.7,24.0,199.0,260.0,6.5,0.5,-7.6,145.4,47.2,26.6
2026-07-16,RUSSEKST_ESR1,QBEEP1,9.9,10.7,24.0,125.0,260.0,4.6,1.2,-3.8,146.7,47.2,26.6
2026-07-16,RVRVLYS_ESR1,QSHEL2,50.0,114.3,24.0,1425.0,2610.0,196.0,215.0,-24.2,1027.5,47.2,26.6
2026-07-16,RVRVLYS_ESR2,QSHEL2,50.0,114.3,24.0,1577.0,2610.0,191.8,205.3,-23.4,1005.3,47.2,26.6
2026-07-16,SADLBACK_ESR1,QBEEP1,9.9,10.7,24.0,194.0,260.0,6.6,0.7,-7.2,145.4,47.2,26.6
2026-07-16,SANDLAKE_ESR1,QBEEP1,9.9,10.7,24.0,197.0,260.0,6.5,0.7,-6.1,146.8,47.2,26.6
2026-07-16,SBEAN_ESR1,QBEEP1,9.9,10.7,24.0,205.0,260.0,6.6,0.4,-7.5,146.8,47.2,26.6
2026-07-16,SEVNF_ES_ESR1,QTEN37,100.0,238.2,24.0,-5449.0,5375.0,82.2,263.3,135.9,512.6,47.2,26.6
2026-07-16,SGAL_BES_ESR1,QJPEM,100.0,200.2,24.0,4064.0,4728.0,240.2,185.5,-92.6,1388.9,47.2,26.6
2026-07-16,SGAL_BES_ESR2,QJPEM2,100.0,202.9,24.0,4482.0,4775.0,248.8,175.0,-95.6,1472.9,47.2,26.6
2026-07-16,SGSA_ESR1,QAMA1,9.9,23.6,24.0,-390.0,532.0,6.8,23.4,17.4,15.1,47.2,26.6
2026-07-16,SHAMROCK_ESR1,QFPL40,99.3,297.9,24.0,9270.0,6118.0,596.0,348.9,-290.6,0.0,47.2,26.6
2026-07-16,SHEEPCRK_ESR1,QSUE70,135.0,172.9,24.0,-563.0,4531.0,121.9,163.4,-2.7,566.9,47.2,26.6
2026-07-16,SLCNHLS_ESR1,QSHEL2,50.0,58.4,24.0,1586.0,1558.0,49.1,16.1,-39.5,343.4,47.2,26.6
2026-07-16,SLCNHLS_ESR2,QSHEL2,50.0,57.5,24.0,1669.0,1539.0,54.0,19.2,-39.7,331.0,47.2,26.6
2026-07-16,SLK_BESS_ESR1,QTEN34,200.0,400.0,24.0,8536.0,9449.0,295.3,101.2,-353.9,0.0,47.2,26.6
2026-07-16,SMTH_ESS_ESR1,QSUE77,96.6,191.6,24.0,1143.0,4538.0,161.2,174.8,-1.7,1646.3,47.2,26.6
2026-07-16,SOLC_SLR_ESR1,QTEN33,160.0,310.5,24.0,4.0,7391.0,0.4,0.2,-21.5,0.0,47.2,26.6
2026-07-16,SOLC_SLR_ESR2,QTEN33,160.0,320.0,24.0,2.0,7559.0,0.3,0.3,-22.9,0.0,47.2,26.6
2026-07-16,SPTX12B_ESR1,QEDIS9,22.3,18.5,24.0,-110.0,526.0,18.2,22.9,-0.0,34.3,47.2,26.6
2026-07-16,SP_ESR1,QTEN26,9.9,19.5,24.0,360.0,433.0,11.0,1.6,-13.9,79.9,47.2,26.6
2026-07-16,STADIUM_ESR1,QTEN26,9.9,15.0,24.0,-105.0,380.0,8.7,16.4,5.8,0.0,47.2,26.6
2026-07-16,STAM_SLR_ESR1,QENE12,70.0,129.0,24.0,-1570.0,3110.0,38.8,88.0,42.9,819.7,47.2,26.6
2026-07-16,STRG_SLR_ESR1,QECNR,95.0,193.4,24.0,-352.0,4561.0,0.8,15.6,8.1,0.0,47.2,26.6
2026-07-16,SUNVASLR_ESR1,QSUE38,53.3,53.2,24.0,-260.0,1467.0,2.8,10.4,-5.9,106.3,47.2,26.6
2026-07-16,SUNVASLR_ESR2,QSUE38,46.7,46.8,24.0,145.0,1288.0,14.8,10.5,-5.2,104.9,47.2,26.6
2026-07-16,SWEENY_ESR1,QSUE74,9.9,9.2,24.0,-15.0,246.0,8.9,10.3,0.0,72.0,47.2,26.6
2026-07-16,SWOOSEII_ESR1,QMEA5,82.3,191.3,24.0,-164.0,4403.0,70.6,100.5,-25.6,475.6,47.2,26.6
2026-07-16,SWTWR_ESR1,QTEN26,5.4,16.9,24.0,-19.0,336.0,3.2,4.4,-0.1,1.8,47.2,26.6
2026-07-16,S_SNROSA_ESR1,QTEN24,9.9,10.9,24.0,-28.0,251.0,6.2,11.2,0.4,55.0,47.2,26.6
2026-07-16,TANZ_ESS_ESR1,QSUE99,80.8,269.8,24.0,2579.0,5224.0,265.4,310.5,12.0,0.0,47.2,26.6
2026-07-16,TBWF_ESS_ESR1,QTEN29,150.0,342.5,24.0,5864.0,7822.0,225.1,95.0,-187.8,621.4,47.2,26.6
2026-07-16,TDWLPR_1_ESR1,QMEA6,100.0,216.2,24.0,896.0,5007.0,142.7,185.1,16.2,1453.7,47.2,26.6
2026-07-16,TDWLPR_1_ESR2,QMEA6,100.0,216.1,24.0,643.0,5006.0,143.1,197.6,34.6,1461.9,47.2,26.6
2026-07-16,TNFS_ESR1,QSYSO,9.9,18.0,24.0,472.0,435.0,21.1,11.6,-11.4,16.4,47.2,26.6
2026-07-16,TORT_ESS_ESR1,QSUE74,50.0,40.0,24.0,130.0,1151.0,81.8,95.6,1.1,362.7,47.2,26.6
2026-07-16,TSECA_ES_ESR1,QTEN36,100.0,238.2,24.0,4935.0,5375.0,213.0,93.1,-152.3,656.2,47.2,26.6
2026-07-16,TURQBESS_ESR1,QHEI3,190.0,360.0,18.7,-3138.0,8620.0,125.3,299.4,167.3,2075.8,47.2,26.6
2026-07-16,TV_ESR1,QAETE1,10.0,22.4,24.0,285.0,514.0,9.7,1.5,-14.1,108.4,47.2,26.6
2026-07-16,UTOPIA_ESR1,QTEN30,9.0,12.7,24.0,-59.0,326.0,8.7,12.5,2.0,0.0,47.2,26.6
2026-07-16,VERT_ESS_ESR1,QNRGTX,94.7,198.0,23.9,-121.0,4624.0,9.7,11.9,4.0,0.0,47.2,26.6
2026-07-16,VORTEX_ESR1,QENEL8,121.8,196.0,24.0,-738.0,4885.0,161.7,204.1,2.0,504.5,47.2,26.6
2026-07-16,WAL_ESR1,QSUE92,200.0,400.0,24.0,1651.0,9449.0,392.2,403.4,-27.7,4138.2,47.2,26.6
2026-07-16,WCOLLOCL_ESR1,QHABIT,8.4,3.1,24.0,-36.0,103.0,0.1,1.2,0.4,97.4,47.2,26.6
2026-07-16,WFTANK_ESR1,QTEN28,150.0,169.5,24.0,-1101.0,4562.0,141.9,257.3,58.4,2033.1,47.2,26.6
2026-07-16,WIG_ESS_ESR1,QHEI1,120.0,187.0,24.0,-2563.0,4699.0,66.6,199.7,91.3,1356.6,47.2,26.6
2026-07-16,WOVER_ESR1,QTEN26,5.5,12.9,24.0,124.0,293.0,16.2,13.3,-5.3,11.4,47.2,26.6
2026-07-16,WR_ESR1,QAETEL,9.9,22.4,24.0,-15.0,503.0,0.8,1.3,-0.3,171.2,47.2,26.6
2026-07-16,W_HARLIN_ESR1,QTEN24,9.9,10.6,24.0,-118.0,247.0,4.0,11.1,0.6,53.5,47.2,26.6
2026-07-16,X4_ESR1,QCPSE,7.5,8.5,24.0,22.0,228.0,5.7,7.7,-0.1,11.1,47.2,26.6
2026-07-16,Z0_ESR1,QTEN26,9.9,22.3,24.0,107.0,383.0,16.1,14.5,-1.8,0.0,47.2,26.6
2026-07-16,ZAPATA_ESR1,QSUE74,9.9,9.4,24.0,-141.0,251.0,6.7,9.8,1.6,82.5,47.2,26.6
2026-07-16,ZAPATA_ESR2,QSUE74,8.3,7.3,24.0,-130.0,200.0,5.5,9.0,1.8,67.5,47.2,26.6
2026-07-16,ZIER_SLR_ESR1,QTEN19,39.0,77.4,24.0,2022.0,1833.0,83.8,43.2,-57.6,435.1,47.2,26.6
2026-07-15,ABINDUST_ESR1,QMP2M1,9.9,25.9,24.0,-238.0,421.0,12.7,28.4,13.5,22.5,45.8,28.9
2026-07-15,ADL_ESR1,QTEN26,60.0,56.5,24.0,-2025.0,1395.0,0.0,77.5,57.9,506.6,45.8,28.9
2026-07-15,AE_ESR1,QTEN26,9.9,19.1,24.0,52.0,375.0,11.1,17.5,4.6,100.3,45.8,28.9
2026-07-15,ALAMO_ST_ESR1,QSYSO,9.9,17.6,24.0,-255.0,356.0,3.1,17.2,12.5,37.3,45.8,28.9
2026-07-15,ALP_BESS_ESR1,QHEI1,100.3,168.7,21.0,660.0,3495.0,127.8,170.4,1.7,1040.9,45.8,28.9
2026-07-15,ALVIN_ESR1,QSUE74,8.3,5.5,24.0,-44.0,152.0,8.7,10.5,0.1,79.1,45.8,28.9
2026-07-15,ANCHOR_ESR1,QENE11,31.9,42.9,24.0,162.0,959.0,19.8,28.4,1.7,272.2,45.8,28.9
2026-07-15,ANCHOR_ESR2,QENE11,33.5,47.1,24.0,298.0,1040.0,28.9,38.0,1.8,251.6,45.8,28.9
2026-07-15,ANDMDSLR_ESR1,QIPLU2,81.9,148.1,24.0,-1858.0,2982.0,50.8,148.7,83.4,1313.1,45.8,28.9
2026-07-15,ANDMDSLR_ESR2,QIPLU2,78.1,144.5,24.0,-1287.0,2884.0,130.5,222.7,73.6,1235.1,45.8,28.9
2026-07-15,ANEM_ESS_ESR1,QSUE53,200.0,456.5,24.0,2463.0,8307.0,311.0,193.9,-192.2,1153.6,45.8,28.9
2026-07-15,ANGLETON_ESR1,QSUE74,9.9,8.3,24.0,1.0,212.0,12.8,14.5,-0.2,102.1,45.8,28.9
2026-07-15,ANG_SLR_ESR1,QTEN26,100.0,205.7,24.0,-3916.0,3933.0,21.1,180.3,118.6,1155.2,45.8,28.9
2026-07-15,ANOL_ESS_ESR1,QESVE1,240.0,422.1,24.0,-9013.0,8593.0,93.4,499.6,299.7,0.0,45.8,28.9
2026-07-15,ANTL_ESS_ESR1,QSU100,70.0,167.7,24.0,-251.0,2971.0,144.2,178.7,8.0,607.3,45.8,28.9
2026-07-15,ARY_BESS_ESR1,QTEN32,180.0,180.0,24.0,1143.0,4370.0,124.3,147.2,-3.0,0.0,45.8,28.9
2026-07-15,AVIL_ESS_ESR1,QSU100,160.0,371.8,24.0,-33.0,6702.0,359.1,487.0,60.9,977.3,45.8,28.9
2026-07-15,AZURE_ESR1,QENEL6,77.6,127.2,24.0,764.0,2659.0,106.8,147.1,5.4,431.0,45.8,28.9
2026-07-15,BATCAVE_ESR1,QSUE74,100.5,103.6,24.0,-558.0,2493.0,51.7,92.8,7.2,807.1,45.8,28.9
2026-07-15,BAY_CITY_ESR1,QTEN24,9.9,11.0,24.0,-126.0,191.0,6.3,12.6,5.4,17.4,45.8,28.9
2026-07-15,BCK_ESR1,QHEI5,123.5,304.0,15.3,1833.0,5304.0,276.1,331.0,0.3,0.0,45.8,28.9
2026-07-15,BCK_ESR2,QHEI5,126.5,320.3,15.3,1666.0,5499.0,271.7,333.9,4.0,0.0,45.8,28.9
2026-07-15,BCNV_ESS_ESR1,QSHE11,150.0,300.0,24.0,1394.0,5813.0,271.4,338.0,22.6,784.0,45.8,28.9
2026-07-15,BELD_ESR1,QJPEM,6.0,9.0,24.0,-34.0,200.0,8.2,11.7,1.8,62.0,45.8,28.9
2026-07-15,BEXAR_ES_ESR1,QTEN32,100.0,100.0,24.0,-1094.0,2428.0,80.7,99.2,-1.2,1201.0,45.8,28.9
2026-07-15,BIG_STAR_ESR1,QECNR,80.0,108.0,24.0,-259.0,2412.0,1.0,11.1,7.4,0.0,45.8,28.9
2026-07-15,BKSL_ESS_ESR1,QESVE2,100.0,216.5,24.0,-1906.0,4042.0,206.6,326.2,77.4,0.0,45.8,28.9
2026-07-15,BLACKSPR_ESR1,QBROO2,120.0,243.1,24.0,1521.0,4682.0,186.5,248.5,43.5,966.2,45.8,28.9
2026-07-15,BLSUMMIT_ESR1,QFPL12,27.7,9.7,24.0,-44.0,333.0,5.1,9.0,-0.1,0.0,45.8,28.9
2026-07-15,BLSUMMIT_ESR2,QFPL48,150.0,450.0,24.0,2870.0,6999.0,240.4,257.7,-15.7,0.0,45.8,28.9
2026-07-15,BLUEJAY_ESR1,QENEL7,50.0,86.2,24.0,-100.0,1768.0,59.5,94.7,23.0,238.1,45.8,28.9
2026-07-15,BLVN_SLR_ESR1,QSHEL8,180.0,360.0,24.0,431.0,6976.0,315.6,447.6,35.3,787.9,45.8,28.9
2026-07-15,BOCO_ESS_ESR1,QTEN28,150.0,365.0,24.0,3445.0,6409.0,323.0,396.9,-5.6,1374.8,45.8,28.9
2026-07-15,BRAZORIA_ESR1,QSUE74,9.9,9.7,24.0,-24.0,236.0,12.8,15.2,0.3,81.6,45.8,28.9
2026-07-15,BR_ARROW_ESR1,QECNR,48.3,93.5,24.0,-627.0,1834.0,0.5,25.5,18.0,149.3,45.8,28.9
2026-07-15,BR_ARROW_ESR2,QECNR,51.7,100.4,24.0,-950.0,1967.0,0.0,38.2,32.6,0.0,45.8,28.9
2026-07-15,BUDA_ESR1,QTEN26,9.9,24.7,24.0,-168.0,330.0,10.9,23.3,9.6,0.0,45.8,28.9
2026-07-15,BYP_ESR1,QEXELO,194.6,450.0,24.0,-9181.0,8176.0,7.3,457.8,361.7,0.0,45.8,28.9
2026-07-15,BYRDR_ES_ESR1,QHABIT,50.0,59.4,24.0,142.0,1374.0,43.2,55.3,3.0,489.4,45.8,28.9
2026-07-15,CACH_ESS_ESR1,QSU100,200.0,470.7,24.0,-514.0,8425.0,523.5,639.8,35.2,1756.0,45.8,28.9
2026-07-15,CAMWIND_ESR1,QTEN26,16.4,33.9,24.0,320.0,578.0,13.1,5.5,-11.5,245.7,45.8,28.9
2026-07-15,CARA_ESS_ESR1,QHEI8,98.3,196.7,24.0,-891.0,3811.0,70.1,92.5,0.9,1051.0,45.8,28.9
2026-07-15,CARN_ESS_ESR1,QSU100,150.0,332.0,24.0,-221.0,6135.0,380.5,433.0,-1.6,2151.9,45.8,28.9
2026-07-15,CARRIZO_ESR1,QTEN30,9.5,12.6,24.0,-237.0,283.0,16.5,25.7,6.4,73.2,45.8,28.9
2026-07-15,CARTWHL_ESR1,QECNR,150.0,283.3,24.0,-3667.0,5609.0,94.6,249.9,131.0,0.0,45.8,28.9
2026-07-15,CASL_GAP_ESR1,QLUMN1,4.0,4.5,24.0,62.0,107.0,4.7,5.6,0.0,0.0,45.8,28.9
2026-07-15,CAST_ESS_ESR1,QSUE79,200.0,427.0,24.0,689.0,8024.0,341.8,460.4,53.2,1125.5,45.8,28.9
2026-07-15,CATARINA_ESR1,QBEEP1,9.9,10.7,24.0,59.0,195.0,8.3,9.4,0.1,120.4,45.8,28.9
2026-07-15,CEDRVALE_ESR1,QBEEP1,9.9,10.7,24.0,-165.0,195.0,0.7,7.6,5.9,121.9,45.8,28.9
2026-07-15,CHERRYCR_ESR1,QBEEP1,9.9,10.7,24.0,-150.0,195.0,1.3,7.8,6.8,116.4,45.8,28.9
2026-07-15,CHIL_SLR_ESR1,QSUE88,150.0,310.6,24.0,-2459.0,5920.0,323.7,477.1,49.1,1274.0,45.8,28.9
2026-07-15,CISC_ESR1,QBEEP1,9.9,10.7,24.0,-30.0,167.0,0.1,1.3,0.8,146.5,45.8,28.9
2026-07-15,CITRUSCY_ESR1,QPROLO,7.1,14.5,24.0,379.0,231.0,12.4,3.7,-12.6,86.1,45.8,28.9
2026-07-15,CLO_ESR1,QMEA1,100.0,201.9,24.0,1133.0,3895.0,134.5,158.8,-12.1,1583.6,45.8,28.9
2026-07-15,CLO_ESR2,QMEA1,100.0,201.4,24.0,1051.0,3890.0,132.5,159.7,-11.3,1558.0,45.8,28.9
2026-07-15,CNLY_ESS_ESR1,QSUE76,117.5,226.5,24.0,561.0,4450.0,204.7,266.1,34.1,2298.7,45.8,28.9
2026-07-15,CNTRY_ESR1,QPROLO,9.8,20.3,24.0,-24.0,299.0,7.8,13.2,2.9,56.3,45.8,28.9
2026-07-15,CNTYRDS_ESR1,QTEN26,9.9,24.7,24.0,-327.0,428.0,13.4,31.3,14.2,0.0,45.8,28.9
2026-07-15,CORALSLR_ESR1,QNGRE1,47.5,58.3,24.0,199.0,1341.0,15.8,12.7,0.2,143.3,45.8,28.9
2026-07-15,CORALSLR_ESR2,QNGRE1,51.4,58.3,24.0,177.0,1369.0,16.2,14.2,0.5,142.7,45.8,28.9
2026-07-15,CORAZON_ESR1,QHEI4,196.0,219.1,24.0,3682.0,5148.0,235.2,107.1,-183.2,1697.8,45.8,28.9
2026-07-15,COTULLA_ESR1,QGRIDB,10.1,24.4,12.1,77.0,347.0,4.0,0.7,-12.3,0.0,45.8,28.9
2026-07-15,COYOTSPR_ESR1,QBEEP1,9.9,10.7,23.2,-212.0,195.0,1.1,10.0,7.1,93.1,45.8,28.9
2026-07-15,CROSSETT_ESR1,QJPEM1,100.0,101.5,24.0,-951.0,2454.0,61.4,119.9,47.0,830.9,45.8,28.9
2026-07-15,CROSSETT_ESR2,QJPEM1,100.0,101.6,24.0,-933.0,2456.0,61.3,118.5,44.5,838.8,45.8,28.9
2026-07-15,CROSSTRL_ESR1,QGRIE4,57.0,113.8,24.0,-331.0,2207.0,33.6,51.4,-2.6,277.9,45.8,28.9
2026-07-15,CR_ESR1,QPROLO,9.8,9.4,24.0,61.0,189.0,7.5,9.6,0.3,60.2,45.8,28.9
2026-07-15,CS_ESR1,QTEN26,7.0,14.3,24.0,-77.0,256.0,5.7,12.6,6.2,95.0,45.8,28.9
2026-07-15,CTW_ESR1,QTOTL5,150.0,193.6,24.0,504.0,4380.0,194.8,246.2,-0.4,469.9,45.8,28.9
2026-07-15,DAN_ESR1,QTOTL4,75.3,102.2,24.0,241.0,2279.0,94.2,117.7,2.4,261.6,45.8,28.9
2026-07-15,DAN_ESR2,QTOTL4,71.7,106.5,24.0,357.0,2321.0,97.3,118.5,-0.3,259.5,45.8,28.9
2026-07-15,DA_ESR1,QSHE16,4.0,9.7,24.0,23.0,170.0,6.8,9.4,2.4,3.6,45.8,28.9
2026-07-15,DCSES_ESR1,QLUMN,66.5,66.4,24.0,-728.0,1614.0,89.2,120.3,3.9,175.5,45.8,28.9
2026-07-15,DCSES_ESR2,QLUMN,66.5,66.4,24.0,-81.0,1614.0,23.7,47.3,3.8,273.8,45.8,28.9
2026-07-15,DCSES_ESR3,QLUMN,63.5,63.4,24.0,-131.0,1541.0,22.9,46.5,3.7,259.3,45.8,28.9
2026-07-15,DCSES_ESR4,QLUMN,63.5,60.4,24.0,-147.0,1490.0,23.7,46.6,3.7,237.3,45.8,28.9
2026-07-15,DESN_ESS_ESR1,QSUE79,200.0,450.4,24.0,1740.0,8256.0,392.6,493.3,20.4,1042.5,45.8,28.9
2026-07-15,DGFS_ESR_ESR1,QTEN26,75.0,64.0,24.0,-1226.0,1630.0,33.5,87.6,35.2,72.1,45.8,28.9
2026-07-15,DIBOL_ESR1,QBEEP1,9.9,10.7,24.0,-26.0,163.0,0.1,1.0,0.6,146.8,45.8,28.9
2026-07-15,DICKNSON_ESR1,QSUE74,9.9,7.9,24.0,-16.0,205.0,11.9,13.8,-0.0,105.0,45.8,28.9
2026-07-15,DKNS_ESS_ESR1,QSUE74,50.0,47.9,24.0,-157.0,1178.0,83.1,93.7,-2.0,395.6,45.8,28.9
2026-07-15,DKNS_ESS_ESR2,QSUE74,50.0,50.1,24.0,-93.0,1215.0,85.1,93.8,-1.5,406.5,45.8,28.9
2026-07-15,DKNS_ESS_ESR3,QSUE74,50.0,50.5,24.0,-91.0,1223.0,85.5,94.1,-1.4,409.9,45.8,28.9
2026-07-15,DKNS_ESS_ESR4,QSUE74,50.0,48.6,24.0,-129.0,1190.0,82.6,93.1,-2.3,386.5,45.8,28.9
2026-07-15,DPCRK_ESR1,QTEN26,4.7,10.2,24.0,92.0,192.0,7.7,7.1,-0.8,0.0,45.8,28.9
2026-07-15,DSWL_ESS_ESR1,QPHIL3,150.0,318.3,24.0,2305.0,5998.0,336.1,412.2,1.2,1052.3,45.8,28.9
2026-07-15,EBNY_ESS_ESR1,QSUE52,200.0,458.5,24.0,602.0,8324.0,325.8,455.0,64.6,1318.4,45.8,28.9
2026-07-15,ELMCRK_ESR1,QMP2M1,9.9,25.9,24.0,-357.0,386.0,0.8,17.2,14.6,2.5,45.8,28.9
2026-07-15,ELM_ST_ESR1,QTEN26,9.9,24.7,24.0,-337.0,428.0,12.5,30.3,13.8,0.0,45.8,28.9
2026-07-15,ELM_ST_ESR2,QSYSO,9.9,18.0,24.0,-178.0,362.0,5.0,17.2,10.0,41.0,45.8,28.9
2026-07-15,ELSA_ESR1,QTEN24,10.0,10.6,24.0,48.0,185.0,5.2,1.6,-9.8,52.4,45.8,28.9
2026-07-15,ELZA_SLR_ESR1,QENE16,100.0,154.0,24.0,-121.0,3302.0,81.3,128.4,3.4,1018.0,45.8,28.9
2026-07-15,EMPCT_ESR1,QTEN24,9.9,13.1,24.0,-243.0,210.0,0.1,10.3,11.9,35.1,45.8,28.9
2026-07-15,ENDPARKS_ESR1,QGRIE4,50.0,102.4,24.0,-288.0,1962.0,88.9,101.5,-2.0,1042.2,45.8,28.9
2026-07-15,ESCONDID_ESR1,QTEN30,10.0,12.7,24.0,-8.0,214.0,0.0,0.3,-6.2,0.0,45.8,28.9
2026-07-15,ESTONIAN_ESR1,QENE14,101.6,158.0,24.0,1709.0,3374.0,158.4,187.4,1.5,303.1,45.8,28.9
2026-07-15,EUNICE_ESR1,QTENSK,39.8,40.7,24.0,189.0,543.0,12.1,3.2,-10.6,0.0,45.8,28.9
2026-07-15,EVLN_ESS_ESR1,QSHE15,191.0,286.7,24.0,532.0,6197.0,362.1,430.9,5.9,0.0,45.8,28.9
2026-07-15,E_HARRIS_ESR1,QTEN26,9.9,20.0,20.0,112.0,308.0,16.3,13.9,-4.5,0.0,45.8,28.9
2026-07-15,FALFUR_ESR2,QTEN30,10.0,12.6,24.0,45.0,192.0,5.9,4.8,-1.8,99.5,45.8,28.9
2026-07-15,FAULKNER_ESR1,QBEEP1,9.9,10.7,24.0,-189.0,195.0,0.8,8.7,6.8,113.3,45.8,28.9
2026-07-15,FENCESLR_ESR1,QENE13,65.5,103.7,24.0,-469.0,2199.0,28.0,65.6,43.5,552.2,45.8,28.9
2026-07-15,FERD_ESS_ESR1,QCPSE,200.0,950.0,24.0,3344.0,10677.0,641.4,758.0,21.6,828.1,45.8,28.9
2026-07-15,FIVEWSLR_ESR1,QSUE61,220.0,250.0,24.0,-5359.0,5854.0,519.8,735.1,121.7,414.3,45.8,28.9
2026-07-15,FLAT_TOP_ESR1,QSHEL2,8.7,13.5,24.0,-100.0,288.0,10.7,16.7,2.9,44.5,45.8,28.9
2026-07-15,FLAT_TOP_ESR2,QJPEM,9.9,16.4,24.0,-151.0,342.0,11.1,19.8,7.1,103.7,45.8,28.9
2026-07-15,FLOWERII_ESR1,QJPEM,100.0,195.8,24.0,-1573.0,3824.0,100.0,195.5,82.4,991.1,45.8,28.9
2026-07-15,FORTMA_ESR1,QTEN30,10.0,12.6,24.0,-43.0,287.0,10.8,14.4,0.3,88.0,45.8,28.9
2026-07-15,FRMRSVLW_ESR1,QBEEP1,9.9,10.7,24.0,-35.0,167.0,0.1,1.4,0.9,146.3,45.8,28.9
2026-07-15,FRMRSVLW_ESR2,QTEN26,6.0,14.7,24.0,75.0,257.0,7.3,9.0,0.5,106.5,45.8,28.9
2026-07-15,FTDUNCAN_ESR1,QTEN26,100.0,212.6,24.0,-1163.0,4003.0,288.5,397.1,27.6,724.4,45.8,28.9
2026-07-15,GAIA_SLR_ESR1,QTEN26,75.0,150.0,24.0,1782.0,2907.0,135.1,125.1,-31.3,270.1,45.8,28.9
2026-07-15,GAMBIT_ESR1,QSUE23,100.0,144.8,24.0,809.0,3149.0,133.2,162.5,-0.3,417.9,45.8,28.9
2026-07-15,GARCENO_ESR1,QTEN24,9.9,9.8,24.0,-3.0,176.0,0.1,0.2,-0.0,63.8,45.8,28.9
2026-07-15,GEORSO_ESR1,QEDIS9,9.8,8.1,24.0,64.0,205.0,8.2,8.9,0.1,85.4,45.8,28.9
2026-07-15,GIGA_ESS_ESR1,QSUE55,121.7,216.6,24.0,582.0,4388.0,148.7,208.3,45.8,2026.7,45.8,28.9
2026-07-15,GKS_BESS_ESR1,QTEN26,74.6,168.3,24.0,1931.0,3115.0,64.7,16.9,-76.4,684.1,45.8,28.9
2026-07-15,GOMZ_ESR1,QBEEP1,9.9,10.7,24.0,-169.0,195.0,1.1,8.3,7.0,116.0,45.8,28.9
2026-07-15,GOODWIN_ESR1,QTEN30,10.0,12.7,24.0,237.0,215.0,9.9,2.9,-7.3,92.8,45.8,28.9
2026-07-15,GRDNE_ESR1,QBEEP1,9.9,10.7,24.0,-167.0,195.0,1.6,8.7,6.5,114.3,45.8,28.9
2026-07-15,GRIZZLY_ESR1,QPRIO1,9.9,10.0,0.0,0.0,242.0,0.0,-0.0,0.0,0.0,45.8,28.9
2026-07-15,GZ_ESR1,QTEN30,9.5,12.7,24.0,-51.0,284.0,4.7,7.0,1.5,76.6,45.8,28.9
2026-07-15,HAMILTON_ESR1,QBEEP1,9.9,10.7,24.0,-231.0,195.0,0.5,9.7,8.4,109.5,45.8,28.9
2026-07-15,HEADCAMP_ESR1,QTEN34,150.0,300.0,24.0,-189.0,5813.0,231.7,313.4,22.6,0.0,45.8,28.9
2026-07-15,HEARN_RD_ESR1,QTEN30,9.8,12.7,24.0,34.0,266.0,12.1,14.3,-0.0,0.0,45.8,28.9
2026-07-15,HEIGHTTN_ESR1,QSUE74,9.9,8.3,24.0,-9.0,213.0,12.2,14.2,0.1,96.1,45.8,28.9
2026-07-15,HEN_ESR1,QECNR,150.0,293.8,24.0,-712.0,5737.0,3.3,29.5,-4.4,0.0,45.8,28.9
2026-07-15,HEN_ESR2,QECNR,83.1,279.5,24.0,-548.0,4155.0,0.0,19.8,-4.7,0.0,45.8,28.9
2026-07-15,HI_LONEB_ESR1,QENEL1,50.0,75.4,24.0,290.0,1631.0,78.1,79.8,-11.6,736.0,45.8,28.9
2026-07-15,HLY_ESR1,QHEI1,102.2,172.9,24.0,318.0,3572.0,123.7,173.3,3.6,1431.3,45.8,28.9
2026-07-15,HLY_ESR2,QHEI1,101.8,167.9,24.0,317.0,3505.0,119.0,165.3,3.1,1428.6,45.8,28.9
2026-07-15,HMNG_ESS_ESR1,QMEA8,99.8,222.0,24.0,-183.0,4093.0,115.4,177.5,31.2,1778.6,45.8,28.9
2026-07-15,HOLCOMB_ESR1,QBEEP1,9.9,10.7,24.0,-55.0,167.0,0.6,2.2,1.0,147.2,45.8,28.9
2026-07-15,HOUSEMTN_ESR1,QJPEM,60.0,127.5,24.0,-1138.0,2401.0,74.7,146.1,47.1,658.7,45.8,28.9
2026-07-15,HRMS_SLR_ESR1,QTOT16,100.0,200.7,24.0,621.0,3883.0,188.8,187.2,231.1,0.0,45.8,28.9
2026-07-15,HV_ESR1,QTEN30,9.0,12.7,0.5,-1.0,284.0,0.0,0.0,0.0,0.3,45.8,28.9
2026-07-15,HWY6_ESR1,QTEN26,9.9,24.7,24.0,-359.0,428.0,6.1,24.7,15.3,0.0,45.8,28.9
2026-07-15,HYDR_ESS_ESR1,QSUE74,200.0,195.5,24.0,-2824.0,4777.0,193.4,351.6,117.1,849.7,45.8,28.9
2026-07-15,INDL_ESR1,QECNR,9.9,4.2,24.0,-128.0,137.0,0.1,4.7,3.7,0.0,45.8,28.9
2026-07-15,INRT_W_ESR1,QFPL32,13.0,47.0,24.0,133.0,648.0,23.5,30.8,-0.1,0.0,45.8,28.9
2026-07-15,JADE_SLR_ESR1,QIPLUM,78.1,140.1,24.0,717.0,2830.0,103.4,142.4,13.9,271.2,45.8,28.9
2026-07-15,JADE_SLR_ESR2,QIPLUM,81.9,150.8,24.0,641.0,3015.0,108.4,150.3,15.9,290.9,45.8,28.9
2026-07-15,JAG_SLR_ESR1,QLCRA,150.0,300.0,24.0,-2353.0,5813.0,158.5,336.9,135.6,733.7,45.8,28.9
2026-07-15,JAG_SLR_ESR2,QMITS2,150.0,304.5,24.0,2711.0,5859.0,281.2,335.3,-11.6,0.0,45.8,28.9
2026-07-15,JAR_ESR1,QHEI1,147.0,264.0,24.0,1349.0,5330.0,181.4,226.3,9.2,2142.3,45.8,28.9
2026-07-15,JAR_ESR2,QHEI1,157.0,291.0,24.0,1730.0,5803.0,200.6,241.0,4.9,2301.9,45.8,28.9
2026-07-15,JDKNS_ESR1,QBEEP1,9.9,10.7,24.0,-229.0,195.0,0.9,10.3,6.6,102.5,45.8,28.9
2026-07-15,JUNORTH_ESR1,QTEN26,9.9,22.0,24.0,63.0,406.0,7.4,7.0,-1.8,0.0,45.8,28.9
2026-07-15,K0_ESR1,QSUE74,9.9,9.7,24.0,-1.0,214.0,12.4,14.5,-0.1,89.9,45.8,28.9
2026-07-15,KEG_ESR1,QEDF27,140.0,311.2,24.0,-317.0,5739.0,234.0,278.1,1.3,0.0,45.8,28.9
2026-07-15,LANTANA_ESR1,QTEN26,9.9,20.1,24.0,256.0,345.0,19.4,19.4,-1.8,0.0,45.8,28.9
2026-07-15,LBRA_ESS_ESR1,QSUE48,200.0,200.0,24.0,-2150.0,4856.0,200.4,285.6,11.9,1237.6,45.8,28.9
2026-07-15,LFSTH_ESR1,QBEEP1,9.9,10.7,24.0,-33.0,167.0,0.1,1.4,0.8,154.2,45.8,28.9
2026-07-15,LIGSW_ESR1,QPROLO,9.8,9.5,24.0,48.0,191.0,9.3,12.9,1.3,93.2,45.8,28.9
2026-07-15,LILY_ESR1,QENEL5,50.0,71.8,24.0,-708.0,1576.0,0.2,32.0,27.1,556.7,45.8,28.9
2026-07-15,LMO_ESR1,QSHEL2,99.9,243.5,24.0,-902.0,4273.0,151.8,284.6,91.7,544.9,45.8,28.9
2026-07-15,LONESTAR_ESR1,QBEEP1,9.9,10.7,24.0,-205.0,195.0,0.8,9.3,6.9,107.7,45.8,28.9
2026-07-15,LON_ESR1,QTEN26,174.0,348.0,24.0,290.0,6795.0,168.7,235.3,27.9,2092.9,45.8,28.9
2026-07-15,LOPENO_ESR1,QSUE74,9.9,9.8,24.0,125.0,215.0,11.8,8.7,-5.2,129.0,45.8,28.9
2026-07-15,LOWR_ESS_ESR1,QEDI10,60.0,117.5,24.0,1919.0,2295.0,148.2,92.7,-71.1,950.7,45.8,28.9
2026-07-15,LUCKYBLU_ESR1,QBROO1,97.4,198.2,24.0,-476.0,3809.0,130.4,223.1,65.6,837.1,45.8,28.9
2026-07-15,L_463S_ESR1,QSUE74,9.9,7.4,24.0,1.0,181.0,11.9,13.6,-0.1,94.4,45.8,28.9
2026-07-15,L_FRESNO_ESR1,QTEN24,9.9,11.1,24.0,-1.0,190.0,0.1,0.1,-0.0,100.9,45.8,28.9
2026-07-15,MADERO_ESR1,QTEN25,100.0,265.3,24.0,1233.0,4434.0,215.8,145.0,-108.4,448.1,45.8,28.9
2026-07-15,MADERO_ESR2,QTEN25,100.0,261.9,24.0,1494.0,4409.0,216.0,135.4,-116.0,446.7,45.8,28.9
2026-07-15,MAGNO_TN_ESR1,QSUE74,8.3,6.5,24.0,-35.0,171.0,9.8,11.5,0.0,82.1,45.8,28.9
2026-07-15,MAINLAND_ESR1,QBEEP1,9.9,10.7,24.0,-32.0,163.0,0.1,1.3,0.6,146.7,45.8,28.9
2026-07-15,MAYBERRY_ESR1,QTEN24,9.9,10.6,24.0,-2.0,184.0,0.1,0.2,0.0,65.3,45.8,28.9
2026-07-15,MAYBERRY_ESR2,QTEN24,9.9,11.9,24.0,0.0,199.0,0.1,0.1,-0.0,130.5,45.8,28.9
2026-07-15,MESQUITE_ESR1,QTEN26,9.9,19.8,24.0,140.0,351.0,17.3,19.5,-0.1,82.9,45.8,28.9
2026-07-15,MESQUITE_ESR2,QSYSO,9.9,19.5,24.0,-152.0,311.0,25.4,29.8,1.0,0.0,45.8,28.9
2026-07-15,MIDP_SLR_ESR1,QTEN26,50.0,100.0,24.0,321.0,1938.0,93.5,115.3,1.6,298.7,45.8,28.9
2026-07-15,MIDWY_ESR1,QPROLO,9.9,10.5,24.0,-282.0,215.0,0.6,12.5,10.5,107.3,45.8,28.9
2026-07-15,MNWLE_ESR1,QBEEP1,9.9,10.7,24.0,-32.0,163.0,0.1,1.3,0.8,146.5,45.8,28.9
2026-07-15,MOORE_FL_ESR1,QTEN30,10.0,11.4,24.0,158.0,194.0,10.1,1.6,-10.8,0.0,45.8,28.9
2026-07-15,MUENSTER_ESR1,QTEN30,10.0,12.6,24.0,140.0,287.0,5.9,2.2,-3.9,72.4,45.8,28.9
2026-07-15,MUSTNGCK_ESR1,QENE10,71.0,112.1,24.0,982.0,2380.0,102.8,127.0,5.5,288.9,45.8,28.9
2026-07-15,MU_ESR1,QTEN26,9.9,19.5,24.0,-7.0,380.0,11.8,18.8,4.6,111.0,45.8,28.9
2026-07-15,MYR_ESR1,QTOTL5,74.3,98.0,24.0,1038.0,2205.0,76.9,97.8,7.0,256.8,45.8,28.9
2026-07-15,MYR_ESR2,QTOTL5,45.0,48.3,24.0,64.0,1154.0,47.1,58.3,0.6,149.3,45.8,28.9
2026-07-15,NCO_ESR1,QSHEL2,50.0,60.3,24.0,-1473.0,1382.0,2.0,63.7,42.1,133.7,45.8,28.9
2026-07-15,NF_BRP_ESR1,QSUE74,100.5,96.1,24.0,1683.0,2365.0,65.3,30.5,-77.4,680.6,45.8,28.9
2026-07-15,NOBLESLR_ESR1,QNGREN,61.1,51.2,24.0,319.0,1311.0,25.2,20.0,1.5,145.4,45.8,28.9
2026-07-15,NOBLESLR_ESR2,QNGREN,62.5,54.4,24.0,339.0,1378.0,26.4,20.7,0.1,144.7,45.8,28.9
2026-07-15,NWF_ESR1,QDUKER,4.5,0.8,24.0,-189.0,33.0,0.4,7.2,-0.1,0.0,45.8,28.9
2026-07-15,N_ALAMO_ESR1,QTEN24,9.9,10.6,24.0,-1.0,184.0,0.1,0.2,0.0,74.3,45.8,28.9
2026-07-15,N_MERCED_ESR1,QTEN24,9.9,7.1,24.0,165.0,145.0,6.9,0.3,-8.0,43.0,45.8,28.9
2026-07-15,ODESW_ESR1,QSUE74,9.9,6.0,24.0,-108.0,157.0,8.6,13.4,3.2,48.6,45.8,28.9
2026-07-15,OLNEYTN_ESR1,QBEEP1,9.9,10.7,24.0,-33.0,167.0,0.1,1.3,0.9,146.3,45.8,28.9
2026-07-15,PAD1_ESS_ESR1,QCPSE,50.0,122.0,24.0,28.0,2139.0,66.1,90.6,8.1,19.5,45.8,28.9
2026-07-15,PAD2_ESS_ESR2,QCPSE,150.0,600.0,24.0,5110.0,7709.0,485.8,495.9,-53.2,9.8,45.8,28.9
2026-07-15,PALACIOS_ESR1,QTEN30,9.5,11.4,24.0,80.0,202.0,8.1,9.9,0.3,0.0,45.8,28.9
2026-07-15,PALE_ESS_ESR1,QSUE74,200.0,195.5,24.0,-305.0,4778.0,270.5,323.9,-6.3,1083.3,45.8,28.9
2026-07-15,PAULN_ESR1,QBEEP1,9.9,10.7,24.0,-24.0,154.0,0.1,1.0,0.5,146.7,45.8,28.9
2026-07-15,PAVLOV_ESR1,QBEEP1,9.9,10.7,24.0,4.0,167.0,1.7,1.4,-0.7,145.8,45.8,28.9
2026-07-15,PAVO_ESS_ESR1,QSUE74,87.5,85.6,24.0,135.0,2091.0,139.7,150.4,-3.6,630.5,45.8,28.9
2026-07-15,PAVO_ESS_ESR2,QSUE74,87.5,80.5,24.0,111.0,2003.0,138.1,148.5,-3.7,643.2,45.8,28.9
2026-07-15,PEARSALL_ESR1,QTEN26,9.9,19.8,24.0,99.0,295.0,16.3,18.9,0.2,99.3,45.8,28.9
2026-07-15,PHO_ESR1,QENE15,150.0,244.5,24.0,1922.0,5126.0,215.0,269.2,12.6,666.2,45.8,28.9
2026-07-15,PHO_ESR2,QENE15,150.0,251.4,24.0,1087.0,5214.0,197.7,273.1,36.2,711.1,45.8,28.9
2026-07-15,PINEFRST_ESR1,QTEN21,200.0,400.0,24.0,2033.0,7751.0,361.4,473.8,43.6,29.2,45.8,28.9
2026-07-15,PIRATE_ESR1,QTEN30,9.5,12.6,24.0,166.0,245.0,8.9,4.7,-5.5,73.3,45.8,28.9
2026-07-15,PLATINUM_ESR1,QSUE80,148.3,323.4,24.0,-218.0,6017.0,352.4,436.1,1.8,1061.6,45.8,28.9
2026-07-15,PLATINUM_ESR2,QSUE80,151.7,324.2,24.0,-313.0,6089.0,323.5,399.5,0.7,1085.0,45.8,28.9
2026-07-15,POTEETS_ESR1,QBEEP1,9.9,10.7,24.0,-14.0,167.0,0.6,1.3,0.4,146.3,45.8,28.9
2026-07-15,PRCRK_ESR1,QTEN24,9.9,13.1,24.0,-200.0,210.0,0.1,8.4,11.9,38.4,45.8,28.9
2026-07-15,PUEBLO_ESR1,QSUE74,8.3,7.4,24.0,-34.0,175.0,6.1,8.4,-0.0,108.9,45.8,28.9
2026-07-15,PUEBLO_ESR2,QSUE74,9.9,9.8,24.0,-21.0,215.0,8.7,11.2,-0.0,128.4,45.8,28.9
2026-07-15,PYOTE_ESR1,QJPEM,9.0,13.8,24.0,-73.0,301.0,10.1,15.4,3.9,101.6,45.8,28.9
2026-07-15,PYR_ESR1,QECNR,9.9,4.2,24.0,-144.0,137.0,0.1,5.2,3.9,0.0,45.8,28.9
2026-07-15,PYR_ESR2,QECNR,12.2,13.6,24.0,-259.0,320.0,0.0,10.2,8.5,155.4,45.8,28.9
2026-07-15,PYR_ESR3,QECNR,15.1,13.6,24.0,-283.0,340.0,0.0,11.2,8.6,139.7,45.8,28.9
2026-07-15,QTUM_SLR_ESR1,QTEN33,160.0,296.5,24.0,-159.0,5913.0,0.0,5.7,-2.4,0.0,45.8,28.9
2026-07-15,QTUM_SLR_ESR2,QTEN33,160.0,308.2,24.0,-167.0,6056.0,0.0,6.0,10.3,0.0,45.8,28.9
2026-07-15,QUEEN_BA_ESR1,QENEL2,49.5,66.4,24.0,-231.0,1427.0,52.0,63.9,3.3,798.9,45.8,28.9
2026-07-15,RADN_SLR_ESR1,QIPRAD,78.1,141.2,23.7,1891.0,2844.0,90.2,64.1,43.9,1302.1,45.8,28.9
2026-07-15,RADN_SLR_ESR2,QIPRAD,81.5,146.9,23.7,2182.0,2962.0,172.0,145.6,43.8,1262.7,45.8,28.9
2026-07-15,RBN_ESR1,QTEN19,80.0,82.0,24.0,-154.0,1976.0,72.5,111.2,-0.5,232.6,45.8,28.9
2026-07-15,RHA_ESR1,QTEN19,200.0,423.5,24.0,-4521.0,7989.0,101.9,416.9,215.8,0.0,45.8,28.9
2026-07-15,RIO_GRAN_ESR1,QTEN24,9.9,9.8,24.0,-2.0,176.0,0.1,0.2,0.0,67.2,45.8,28.9
2026-07-15,RIO_GRAN_ESR2,QPROLO,7.0,13.8,24.0,256.0,204.0,10.0,0.9,-10.7,84.1,45.8,28.9
2026-07-15,ROSELAND_ESR1,QENEL9,50.0,86.1,24.0,340.0,1766.0,68.1,96.2,9.5,276.5,45.8,28.9
2026-07-15,RPUBRDS_ESR1,QSHEL2,50.0,58.8,24.0,-1588.0,1355.0,3.8,69.5,41.8,158.6,45.8,28.9
2026-07-15,RRANCHES_ESR1,QSUE51,150.0,345.8,24.0,-2258.0,6259.0,175.0,326.3,114.4,849.0,45.8,28.9
2026-07-15,RRANCHES_ESR2,QSUE51,150.0,345.0,24.0,-2412.0,6253.0,146.6,303.4,129.0,753.0,45.8,28.9
2026-07-15,RRC_WIND_ESR1,QFPL35,75.0,225.0,24.0,1405.0,3499.0,141.6,155.2,-21.1,0.0,45.8,28.9
2026-07-15,RRC_WIND_ESR2,QFPL35,75.0,225.0,24.0,1556.0,3499.0,136.3,143.1,-14.1,0.0,45.8,28.9
2026-07-15,RTLSNAKE_ESR1,QBEEP1,9.9,10.7,24.0,-133.0,195.0,0.1,5.3,8.2,124.0,45.8,28.9
2026-07-15,RUSSEKST_ESR1,QBEEP1,9.9,10.7,24.0,-262.0,195.0,0.1,10.5,9.0,99.0,45.8,28.9
2026-07-15,RVRVLYS_ESR1,QSHEL2,50.0,114.3,24.0,-326.0,2079.0,138.5,199.3,28.5,896.1,45.8,28.9
2026-07-15,RVRVLYS_ESR2,QSHEL2,50.0,114.3,24.0,-405.0,2079.0,128.4,188.0,22.9,869.8,45.8,28.9
2026-07-15,SADLBACK_ESR1,QBEEP1,9.9,10.7,24.0,-204.0,195.0,0.8,9.4,6.8,96.0,45.8,28.9
2026-07-15,SANDLAKE_ESR1,QBEEP1,9.9,10.7,24.0,-177.0,195.0,1.1,8.6,6.4,114.9,45.8,28.9
2026-07-15,SBEAN_ESR1,QBEEP1,9.9,10.7,24.0,-197.0,195.0,1.2,9.5,6.7,105.9,45.8,28.9
2026-07-15,SEVNF_ES_ESR1,QTEN37,100.0,238.2,24.0,868.0,4234.0,186.2,117.9,-115.8,742.8,45.8,28.9
2026-07-15,SGAL_BES_ESR1,QJPEM,100.0,200.2,24.0,-2399.0,3877.0,110.8,245.3,92.2,1041.3,45.8,28.9
2026-07-15,SGAL_BES_ESR2,QJPEM2,100.0,202.9,24.0,-2057.0,3905.0,130.4,252.9,91.5,1035.1,45.8,28.9
2026-07-15,SGSA_ESR1,QAMA1,9.9,23.6,24.0,143.0,419.0,29.0,32.9,1.1,1.4,45.8,28.9
2026-07-15,SHAMROCK_ESR1,QFPL40,99.3,297.9,24.0,-7200.0,4634.0,214.9,494.8,200.1,0.0,45.8,28.9
2026-07-15,SHEEPCRK_ESR1,QSUE70,135.0,172.9,24.0,-606.0,3921.0,197.2,250.1,-4.4,1053.8,45.8,28.9
2026-07-15,SLCNHLS_ESR1,QSHEL2,50.0,61.0,24.0,-1631.0,1401.0,3.2,71.4,43.0,154.2,45.8,28.9
2026-07-15,SLCNHLS_ESR2,QSHEL2,49.0,55.8,24.0,-1617.0,1308.0,2.2,69.0,42.9,141.6,45.8,28.9
2026-07-15,SLK_BESS_ESR1,QTEN34,200.0,400.0,24.0,-4453.0,7751.0,755.9,960.2,46.5,0.0,45.8,28.9
2026-07-15,SMTH_ESS_ESR1,QSUE77,96.6,191.6,24.0,584.0,3732.0,133.4,175.5,27.7,1587.8,45.8,28.9
2026-07-15,SOLC_SLR_ESR1,QTEN33,160.0,310.5,24.0,-5522.0,6085.0,119.7,303.0,126.7,0.0,45.8,28.9
2026-07-15,SOLC_SLR_ESR2,QTEN33,160.0,320.0,24.0,-4537.0,6201.0,106.8,262.1,100.5,0.0,45.8,28.9
2026-07-15,SPTX12B_ESR1,QEDIS9,22.3,18.6,24.0,109.0,473.0,18.7,23.1,0.0,123.8,45.8,28.9
2026-07-15,SP_ESR1,QTEN26,9.9,19.5,24.0,-368.0,328.0,0.6,15.5,14.2,72.9,45.8,28.9
2026-07-15,STADIUM_ESR1,QTEN26,9.9,15.0,24.0,122.0,321.0,13.5,14.8,-1.1,81.8,45.8,28.9
2026-07-15,STAM_SLR_ESR1,QENE12,70.0,128.4,24.0,575.0,2571.0,70.8,89.5,2.8,621.8,45.8,28.9
2026-07-15,STRG_SLR_ESR1,QECNR,98.4,193.0,24.0,16.0,3773.0,0.6,0.1,-8.5,0.0,45.8,28.9
2026-07-15,SUNVASLR_ESR1,QSUE38,53.3,53.2,24.0,-290.0,1293.0,34.2,54.1,5.4,236.9,45.8,28.9
2026-07-15,SUNVASLR_ESR2,QSUE38,46.7,46.8,24.0,-553.0,1135.0,22.3,48.4,4.0,151.5,45.8,28.9
2026-07-15,SWEENY_ESR1,QSUE74,9.9,9.3,24.0,2.0,208.0,13.2,15.1,-0.0,93.2,45.8,28.9
2026-07-15,SWOOSEII_ESR1,QMEA5,100.0,190.0,24.0,1162.0,3753.0,146.3,165.1,-27.4,1181.6,45.8,28.9
2026-07-15,SWTWR_ESR1,QTEN26,8.3,19.2,24.0,265.0,309.0,8.2,0.9,-4.1,24.6,45.8,28.9
2026-07-15,S_SNROSA_ESR1,QTEN24,9.9,10.9,24.0,-1.0,188.0,0.1,0.1,-0.1,84.8,45.8,28.9
2026-07-15,TBWF_ESS_ESR1,QTEN29,150.0,342.5,24.0,-2091.0,6232.0,219.0,374.1,98.3,710.8,45.8,28.9
2026-07-15,TDWLPR_1_ESR1,QMEA6,100.0,208.7,24.0,131.0,3963.0,110.5,162.7,41.7,1623.3,45.8,28.9
2026-07-15,TDWLPR_1_ESR2,QMEA6,100.0,216.1,24.0,-191.0,4038.0,110.5,175.5,36.6,1644.5,45.8,28.9
2026-07-15,TNFS_ESR1,QSYSO,9.9,18.0,24.0,-228.0,362.0,3.7,16.6,11.4,25.8,45.8,28.9
2026-07-15,TORT_ESS_ESR1,QSUE74,50.0,39.9,24.0,-6.0,1039.0,70.9,84.0,-0.4,324.3,45.8,28.9
2026-07-15,TSECA_ES_ESR1,QTEN36,100.0,238.2,24.0,-5016.0,4234.0,49.0,261.4,173.5,403.7,45.8,28.9
2026-07-15,TURQBESS_ESR1,QHEI3,190.0,361.0,24.0,1814.0,7131.0,287.8,367.5,25.4,2526.1,45.8,28.9
2026-07-15,TV_ESR1,QAETE1,10.0,22.4,24.0,-106.0,412.0,2.3,8.4,8.6,137.3,45.8,28.9
2026-07-15,TYNAN_ESR1,QBEEP1,9.9,10.7,24.0,-16.0,195.0,0.1,0.6,0.1,147.2,45.8,28.9
2026-07-15,UTOPIA_ESR1,QTEN30,9.0,12.7,24.0,82.0,280.0,9.2,10.7,-0.1,0.0,45.8,28.9
2026-07-15,VERT_ESS_ESR1,QNRGTX,93.0,198.0,24.0,-134.0,3729.0,6.4,11.5,41.7,0.0,45.8,28.9
2026-07-15,VORTEX_ESR1,QENEL8,121.8,200.0,24.0,859.0,4181.0,160.2,223.8,18.0,518.8,45.8,28.9
2026-07-15,WAL_ESR1,QSUE92,200.0,400.0,24.0,-55.0,7751.0,251.1,387.3,117.4,3643.8,45.8,28.9
2026-07-15,WCOLLOCL_ESR1,QHABIT,8.4,3.1,24.0,-13.0,105.0,0.1,0.6,-0.2,92.4,45.8,28.9
2026-07-15,WFTANK_ESR1,QTEN28,150.0,169.5,24.0,277.0,3992.0,162.6,138.5,-66.0,633.5,45.8,28.9
2026-07-15,WIG_ESS_ESR1,QHEI1,120.0,187.0,24.0,1014.0,3991.0,137.6,168.6,-4.7,1765.0,45.8,28.9
2026-07-15,WOVER_ESR1,QTEN26,5.5,12.9,24.0,-31.0,232.0,9.1,12.7,9.9,5.5,45.8,28.9
2026-07-15,WR_ESR1,QAETEL,9.9,22.4,24.0,-59.0,385.0,1.1,3.5,1.6,158.6,45.8,28.9
2026-07-15,W_HARLIN_ESR1,QTEN24,9.9,10.6,24.0,4.0,184.0,0.2,0.1,-0.0,77.5,45.8,28.9
2026-07-15,X4_ESR1,QCPSE,10.0,8.5,24.0,16.0,217.0,7.2,8.4,-0.2,5.0,45.8,28.9
2026-07-15,Z0_ESR1,QTEN26,9.9,23.3,24.0,58.0,316.0,18.9,25.0,3.4,0.0,45.8,28.9
2026-07-15,ZAPATA_ESR1,QSUE74,9.9,9.4,24.0,157.0,210.0,12.7,8.9,-5.7,121.8,45.8,28.9
2026-07-15,ZAPATA_ESR2,QSUE74,8.3,7.3,24.0,100.0,174.0,8.7,6.1,-4.7,91.9,45.8,28.9
2026-07-15,ZIER_SLR_ESR1,QTEN19,39.0,77.2,24.0,-950.0,1502.0,23.8,61.1,18.8,457.4,45.8,28.9
2026-07-14,ABINDUST_ESR1,QMP2M1,9.9,25.9,24.0,898.0,719.0,38.8,29.8,-11.2,35.6,60.0,42.7
2026-07-14,ADL_ESR1,QTEN26,60.0,56.7,24.0,2492.0,2170.0,58.5,11.3,-57.6,763.5,60.0,42.7
2026-07-14,AE_ESR1,QTEN26,9.9,19.1,15.5,651.0,603.0,16.8,5.1,-13.1,121.8,60.0,42.7
2026-07-14,ALAMO_ST_ESR1,QSYSO,9.9,17.6,24.0,942.0,571.0,36.8,21.5,-17.4,42.6,60.0,42.7
2026-07-14,ALP_BESS_ESR1,QHEI1,100.3,162.5,24.0,3977.0,5436.0,187.3,121.8,-126.1,1487.4,60.0,42.7
2026-07-14,ALVIN_ESR1,QSUE74,8.3,5.5,24.0,47.0,225.0,9.1,10.3,0.0,55.0,60.0,42.7
2026-07-14,ANCHOR_ESR1,QENE11,31.5,42.8,24.0,755.0,1507.0,34.3,23.4,-19.2,176.6,60.0,42.7
2026-07-14,ANCHOR_ESR2,QENE11,33.5,47.2,24.0,1229.0,1647.0,51.3,30.7,-31.2,222.7,60.0,42.7
2026-07-14,ANDMDSLR_ESR1,QIPLU2,81.9,148.0,24.0,7739.0,4779.0,293.3,165.1,-143.9,1025.9,60.0,42.7
2026-07-14,ANDMDSLR_ESR2,QIPLU2,78.1,144.5,24.0,6853.0,4630.0,286.5,180.5,-122.8,1006.4,60.0,42.7
2026-07-14,ANEM_ESS_ESR1,QSUE53,200.3,456.5,24.0,5696.0,13553.0,557.8,512.1,-209.6,1152.2,60.0,42.7
2026-07-14,ANGLETON_ESR1,QSUE74,9.9,8.2,24.0,81.0,320.0,7.9,9.5,0.2,57.3,60.0,42.7
2026-07-14,ANG_SLR_ESR1,QTEN26,100.0,205.7,24.0,6016.0,6344.0,216.1,138.9,-121.2,1244.8,60.0,42.7
2026-07-14,ANOL_ESS_ESR1,QESVEM,240.0,435.7,24.0,7885.0,14040.0,409.3,522.8,-13.4,702.8,60.0,42.7
2026-07-14,ANTL_ESS_ESR1,QSU100,70.0,168.6,24.0,2773.0,4899.0,170.2,182.9,-13.3,375.2,60.0,42.7
2026-07-14,ARY_BESS_ESR1,QTEN32,23.8,180.0,24.0,2478.0,2543.0,75.6,44.5,-36.9,0.0,60.0,42.7
2026-07-14,AVIL_ESS_ESR1,QSU100,160.0,372.2,24.0,8168.0,10960.0,458.0,430.2,-81.4,1206.9,60.0,42.7
2026-07-14,AZURE_ESR1,QENEL6,77.6,127.2,24.0,4678.0,4239.0,200.5,135.3,-99.9,517.6,60.0,42.7
2026-07-14,BATCAVE_ESR1,QSUE74,100.5,107.9,24.0,114.0,4020.0,65.6,94.4,2.6,806.1,60.0,42.7
2026-07-14,BAY_CITY_ESR1,QTEN24,9.9,11.2,24.0,377.0,364.0,15.5,9.8,-10.7,54.5,60.0,42.7
2026-07-14,BCK_ESR1,QHEI5,123.5,304.0,24.0,3360.0,8758.0,268.1,326.0,-0.3,0.0,60.0,42.7
2026-07-14,BCK_ESR2,QHEI5,126.5,320.3,24.0,3690.0,9130.0,277.4,331.1,-2.6,0.0,60.0,42.7
2026-07-14,BCNV_ESS_ESR1,QSHE11,150.0,300.0,24.0,11342.0,9350.0,396.3,212.7,-230.2,1319.5,60.0,42.7
2026-07-14,BELD_ESR1,QJPEM,6.0,9.0,24.0,211.0,313.0,12.5,11.3,-4.3,79.2,60.0,42.7
2026-07-14,BEXAR_ES_ESR1,QTEN32,100.0,100.0,24.0,-1046.0,3787.0,84.5,106.1,-0.3,1343.9,60.0,42.7
2026-07-14,BIG_STAR_ESR1,QECNR,80.0,108.0,24.0,-620.0,3810.0,0.9,27.3,16.4,0.0,60.0,42.7
2026-07-14,BKSL_ESS_ESR1,QESVEM,100.0,211.5,23.2,5896.0,6456.0,292.8,238.0,-90.6,338.3,60.0,42.7
2026-07-14,BLACKSPR_ESR1,QBROO2,112.6,224.7,24.0,8797.0,7008.0,325.3,199.7,-152.6,1075.4,60.0,42.7
2026-07-14,BLSUMMIT_ESR1,QFPL12,27.7,9.7,24.0,33.0,423.0,9.3,13.5,0.1,0.0,60.0,42.7
2026-07-14,BLSUMMIT_ESR2,QFPL48,150.0,450.0,24.0,9153.0,12067.0,441.2,533.8,29.4,0.0,60.0,42.7
2026-07-14,BLUEJAY_ESR1,QENEL7,50.0,86.2,24.0,2952.0,2815.0,101.0,55.9,-60.5,423.7,60.0,42.7
2026-07-14,BLVN_SLR_ESR1,QSHEL8,180.0,360.0,24.0,14697.0,11230.0,503.5,243.6,-312.8,1500.2,60.0,42.7
2026-07-14,BOCO_ESS_ESR1,QTEN28,150.3,365.0,24.0,13342.0,10570.0,599.5,386.7,-297.9,1935.0,60.0,42.7
2026-07-14,BRAZORIA_ESR1,QSUE74,9.9,9.7,12.2,26.0,368.0,5.8,6.6,-0.5,38.0,60.0,42.7
2026-07-14,BR_ARROW_ESR1,QECNR,48.3,93.5,24.0,-763.0,2949.0,0.9,35.3,29.5,176.7,60.0,42.7
2026-07-14,BR_ARROW_ESR2,QECNR,51.7,100.4,24.0,-344.0,3162.0,0.0,15.1,10.4,0.0,60.0,42.7
2026-07-14,BUDA_ESR1,QTEN26,9.9,24.7,24.0,397.0,642.0,31.2,34.6,-0.4,0.0,60.0,42.7
2026-07-14,BYP_ESR1,QEXELO,200.0,450.0,24.0,18163.0,13426.0,472.8,79.3,-415.8,0.0,60.0,42.7
2026-07-14,BYRDR_ES_ESR1,QHABIT,50.0,59.4,24.0,642.0,2162.0,47.3,55.8,-3.6,484.9,60.0,42.7
2026-07-14,CACH_ESS_ESR1,QSU100,200.0,470.4,24.0,8446.0,13793.0,445.7,495.7,-16.3,777.1,60.0,42.7
2026-07-14,CAMWIND_ESR1,QTEN26,16.4,33.9,24.0,-10.0,932.0,7.8,9.7,-0.5,230.1,60.0,42.7
2026-07-14,CARA_ESS_ESR1,QHEI8,98.3,196.7,24.0,4909.0,6130.0,152.3,83.4,-108.3,1861.8,60.0,42.7
2026-07-14,CARN_ESS_ESR1,QSU100,150.0,328.9,24.0,6538.0,9906.0,463.0,477.3,-46.0,1296.9,60.0,42.7
2026-07-14,CARRIZO_ESR1,QTEN30,10.0,12.6,24.0,108.0,454.0,15.6,18.2,0.2,30.0,60.0,42.7
2026-07-14,CARTWHL_ESR1,QECNR,150.0,283.3,24.0,3739.0,9011.0,332.8,390.5,12.7,0.0,60.0,42.7
2026-07-14,CASL_GAP_ESR1,QLUMN1,3.9,4.5,24.0,66.0,167.0,4.7,5.9,0.0,0.0,60.0,42.7
2026-07-14,CAST_ESS_ESR1,QSUE79,200.0,423.0,24.0,6934.0,12911.0,402.7,451.0,-12.7,776.3,60.0,42.7
2026-07-14,CATARINA_ESR1,QBEEP1,9.9,10.7,24.0,130.0,358.0,9.2,10.5,-0.3,87.4,60.0,42.7
2026-07-14,CEDRVALE_ESR1,QBEEP1,9.9,9.8,24.0,291.0,336.0,6.1,1.0,-6.1,146.8,60.0,42.7
2026-07-14,CFLAT_ES_ESR1,QTEN26,100.0,81.5,19.2,81.0,3200.0,24.9,35.7,-95.0,0.0,60.0,42.7
2026-07-14,CHERRYCR_ESR1,QBEEP1,9.9,10.7,24.0,329.0,358.0,6.7,0.3,-6.8,155.9,60.0,42.7
2026-07-14,CHIL_SLR_ESR1,QSUE88,150.0,323.1,24.0,5429.0,9796.0,327.6,333.0,-79.9,911.0,60.0,42.7
2026-07-14,CISC_ESR1,QBEEP1,9.9,10.7,24.0,22.0,337.0,1.0,0.7,-0.8,158.4,60.0,42.7
2026-07-14,CITRUSCY_ESR1,QPROLO,7.0,14.5,24.0,-24.0,413.0,0.2,1.0,0.0,101.7,60.0,42.7
2026-07-14,CLO_ESR1,QMEA1,100.0,201.9,24.0,5479.0,6271.0,122.3,23.6,-127.1,2082.8,60.0,42.7
2026-07-14,CLO_ESR2,QMEA1,100.0,201.4,24.0,5553.0,6262.0,122.5,21.0,-130.7,2077.5,60.0,42.7
2026-07-14,CNLY_ESS_ESR1,QSUE76,117.7,226.7,24.0,8737.0,7163.0,404.6,301.3,-134.6,2241.9,60.0,42.7
2026-07-14,CNTRY_ESR1,QPROLO,9.8,20.3,24.0,750.0,564.0,22.0,7.5,-19.9,140.9,60.0,42.7
2026-07-14,CNTYRDS_ESR1,QTEN26,10.2,24.7,24.0,1006.0,714.0,45.5,31.2,-17.3,0.0,60.0,42.7
2026-07-14,CORALSLR_ESR1,QNGRE1,48.4,58.3,24.0,719.0,2120.0,59.1,64.9,-1.3,295.0,60.0,42.7
2026-07-14,CORALSLR_ESR2,QNGRE1,52.2,58.3,24.0,710.0,2153.0,59.8,65.7,-2.1,327.2,60.0,42.7
2026-07-14,CORAZON_ESR1,QHEI4,196.0,219.1,24.0,-964.0,8088.0,100.0,142.0,0.1,2790.2,60.0,42.7
2026-07-14,COTULLA_ESR1,QGRIDB,10.1,24.4,14.0,40.0,651.0,6.8,3.8,12.3,0.0,60.0,42.7
2026-07-14,COYOTSPR_ESR1,QBEEP1,9.9,10.7,24.0,310.0,358.0,6.4,0.6,-6.7,136.0,60.0,42.7
2026-07-14,CROSSETT_ESR1,QJPEM1,100.0,101.5,24.0,3876.0,3831.0,157.0,101.6,-73.0,1093.8,60.0,42.7
2026-07-14,CROSSETT_ESR2,QJPEM1,100.0,101.6,24.0,3775.0,3834.0,152.6,98.6,-68.1,1100.3,60.0,42.7
2026-07-14,CROSSTRL_ESR1,QGRIE4,57.0,113.8,24.0,-67.0,3549.0,62.0,85.9,3.5,401.7,60.0,42.7
2026-07-14,CR_ESR1,QPROLO,9.8,19.5,24.0,600.0,547.0,14.1,0.6,-17.9,145.9,60.0,42.7
2026-07-14,CS_ESR1,QTEN26,7.0,14.3,24.0,539.0,429.0,14.4,5.2,-10.6,152.8,60.0,42.7
2026-07-14,CTW_ESR1,QTOTL5,150.0,193.0,24.0,949.0,6901.0,198.2,257.3,0.6,741.3,60.0,42.7
2026-07-14,DAN_ESR1,QTOTL4,75.3,102.2,24.0,829.0,3600.0,106.6,125.5,-0.4,400.6,60.0,42.7
2026-07-14,DAN_ESR2,QTOTL4,71.7,106.5,24.0,891.0,3671.0,106.1,124.1,-1.4,404.1,60.0,42.7
2026-07-14,DA_ESR1,QSHE16,4.0,9.5,24.0,258.0,277.0,10.1,6.7,-5.7,8.8,60.0,42.7
2026-07-14,DCSES_ESR1,QLUMN,66.5,66.4,24.0,288.0,2516.0,33.0,41.2,-11.0,276.2,60.0,42.7
2026-07-14,DCSES_ESR2,QLUMN,66.5,66.4,24.0,192.0,2516.0,27.8,37.2,-9.6,283.5,60.0,42.7
2026-07-14,DCSES_ESR3,QLUMN,63.5,63.4,24.0,146.0,2402.0,26.6,37.1,-8.7,267.4,60.0,42.7
2026-07-14,DCSES_ESR4,QLUMN,63.5,60.4,24.0,196.0,2308.0,27.4,36.0,-12.2,260.3,60.0,42.7
2026-07-14,DESN_ESS_ESR1,QSUE79,200.0,450.4,24.0,6472.0,13433.0,404.3,458.7,-16.3,715.8,60.0,42.7
2026-07-14,DGFS_ESR_ESR1,QTEN26,75.1,64.0,24.0,997.0,2495.0,96.6,92.2,-25.7,110.2,60.0,42.7
2026-07-14,DIBOL_ESR1,QBEEP1,9.9,10.7,24.0,30.0,334.0,1.0,0.4,-1.0,160.1,60.0,42.7
2026-07-14,DICKNSON_ESR1,QSUE74,9.9,7.9,24.0,80.0,311.0,13.3,15.2,0.3,83.5,60.0,42.7
2026-07-14,DKNS_ESS_ESR1,QSUE74,50.0,49.2,23.0,817.0,1868.0,86.3,98.4,-0.1,297.2,60.0,42.7
2026-07-14,DKNS_ESS_ESR2,QSUE74,50.0,49.7,24.0,842.0,1884.0,84.1,95.3,-1.4,302.6,60.0,42.7
2026-07-14,DKNS_ESS_ESR3,QSUE74,50.0,50.4,22.3,704.0,1906.0,83.8,101.7,0.4,266.8,60.0,42.7
2026-07-14,DKNS_ESS_ESR4,QSUE74,50.0,50.0,24.0,856.0,1894.0,86.2,98.2,1.2,298.8,60.0,42.7
2026-07-14,DPCRK_ESR1,QTEN26,6.6,12.1,24.0,206.0,379.0,9.4,8.6,-4.2,0.0,60.0,42.7
2026-07-14,DSWL_ESS_ESR1,QPHIL3,150.0,314.3,24.0,11292.0,9627.0,382.7,155.0,-282.4,1893.9,60.0,42.7
2026-07-14,EBNY_ESS_ESR1,QSUE52,200.0,458.5,24.0,8640.0,13579.0,494.7,430.0,-156.5,1917.2,60.0,42.7
2026-07-14,ELMCRK_ESR1,QMP2M1,9.9,25.9,24.0,274.0,695.0,10.4,5.7,-5.0,9.1,60.0,42.7
2026-07-14,ELM_ST_ESR1,QTEN26,10.0,24.7,24.0,1000.0,710.0,46.1,32.4,-16.8,0.0,60.0,42.7
2026-07-14,ELM_ST_ESR2,QSYSO,9.9,18.0,24.0,990.0,580.0,37.3,22.5,-17.2,40.2,60.0,42.7
2026-07-14,ELSA_ESR1,QTEN24,9.9,10.6,24.0,-6.0,349.0,0.3,0.5,0.3,67.1,60.0,42.7
2026-07-14,ELZA_SLR_ESR1,QENE16,100.0,153.5,24.0,3054.0,5231.0,129.5,111.3,-79.8,1200.6,60.0,42.7
2026-07-14,EMPCT_ESR1,QTEN24,9.9,13.1,24.0,458.0,407.0,8.9,0.1,-11.8,64.1,60.0,42.7
2026-07-14,ENDPARKS_ESR1,QGRIE4,50.0,102.4,24.0,-65.0,3163.0,113.8,122.5,-0.1,1207.4,60.0,42.7
2026-07-14,ESCONDID_ESR1,QTEN30,10.0,12.7,24.0,0.0,405.0,0.0,-0.0,7.2,0.0,60.0,42.7
2026-07-14,ESTONIAN_ESR1,QENE14,101.6,162.6,24.0,6150.0,5463.0,243.9,159.1,-95.7,592.4,60.0,42.7
2026-07-14,EUNICE_ESR1,QTENSK,19.0,34.6,24.0,-65.0,888.0,0.0,2.2,6.2,0.0,60.0,42.7
2026-07-14,EVLN_ESS_ESR1,QSHE15,199.0,291.5,24.0,10754.0,10066.0,478.0,330.4,-218.8,0.0,60.0,42.7
2026-07-14,E_HARRIS_ESR1,QTEN26,9.9,20.0,24.0,365.0,568.0,21.1,12.0,-11.6,0.0,60.0,42.7
2026-07-14,FALFUR_ESR2,QTEN30,10.0,12.6,24.0,33.0,387.0,2.4,1.1,-1.7,144.5,60.0,42.7
2026-07-14,FAULKNER_ESR1,QBEEP1,9.9,10.7,24.0,300.0,358.0,6.2,0.8,-6.8,155.9,60.0,42.7
2026-07-14,FENCESLR_ESR1,QENE13,65.3,103.7,24.0,2285.0,3493.0,73.5,38.6,-60.8,703.9,60.0,42.7
2026-07-14,FERD_ESS_ESR1,QCPSE,200.0,950.0,24.0,12898.0,19858.0,697.0,756.3,-40.4,139.7,60.0,42.7
2026-07-14,FIVEWSLR_ESR1,QSUE61,220.0,250.0,24.0,3734.0,9193.0,267.0,273.3,-31.1,533.6,60.0,42.7
2026-07-14,FLAT_TOP_ESR1,QSHEL2,8.9,13.7,24.0,254.0,467.0,14.4,13.0,-3.3,53.9,60.0,42.7
2026-07-14,FLAT_TOP_ESR2,QJPEM,9.9,16.4,24.0,578.0,545.0,23.9,16.4,-10.7,135.8,60.0,42.7
2026-07-14,FLOWERII_ESR1,QJPEM,100.0,195.8,24.0,6475.0,6149.0,255.8,169.2,-140.2,1385.4,60.0,42.7
2026-07-14,FORTMA_ESR1,QTEN30,10.0,12.6,24.0,258.0,452.0,13.4,7.3,-6.5,113.5,60.0,42.7
2026-07-14,FRMRSVLW_ESR1,QBEEP1,9.9,10.7,24.0,20.0,337.0,1.0,0.7,-0.9,158.5,60.0,42.7
2026-07-14,FRMRSVLW_ESR2,QTEN26,6.0,14.7,24.0,431.0,424.0,12.7,4.9,-8.8,106.7,60.0,42.7
2026-07-14,FTDUNCAN_ESR1,QTEN26,100.0,210.3,24.0,2069.0,6432.0,144.7,190.0,2.3,1306.9,60.0,42.7
2026-07-14,GAIA_SLR_ESR1,QTEN26,75.0,150.0,24.0,844.0,4675.0,137.8,198.0,29.8,0.0,60.0,42.7
2026-07-14,GAMBIT_ESR1,QSUE23,100.0,147.6,24.0,2663.0,5078.0,186.8,144.8,-81.6,696.0,60.0,42.7
2026-07-14,GARCENO_ESR1,QTEN24,9.9,9.9,24.0,0.0,330.0,0.1,0.1,-0.0,61.2,60.0,42.7
2026-07-14,GEORSO_ESR1,QEDIS9,9.8,8.1,24.0,57.0,315.0,6.8,10.8,-0.2,76.1,60.0,42.7
2026-07-14,GIGA_ESS_ESR1,QSUE55,120.8,215.9,24.0,9708.0,6992.0,396.3,254.3,-167.7,1764.7,60.0,42.7
2026-07-14,GKS_BESS_ESR1,QTEN26,88.1,165.8,24.0,431.0,4662.0,27.5,17.9,-30.9,870.6,60.0,42.7
2026-07-14,GOMZ_ESR1,QBEEP1,9.9,10.7,24.0,321.0,358.0,6.6,0.5,-7.0,155.8,60.0,42.7
2026-07-14,GOODWIN_ESR1,QTEN30,10.0,12.7,24.0,-12.0,405.0,1.5,1.9,4.0,119.3,60.0,42.7
2026-07-14,GRDNE_ESR1,QBEEP1,9.9,10.7,24.0,317.0,358.0,6.5,0.5,-6.5,155.9,60.0,42.7
2026-07-14,GRIZZLY_ESR1,QPRIO1,9.9,10.0,0.0,0.0,378.0,0.0,-0.0,0.0,0.0,60.0,42.7
2026-07-14,GZ_ESR1,QTEN30,9.5,12.7,24.0,204.0,448.0,11.1,7.0,-6.1,117.4,60.0,42.7
2026-07-14,HAMILTON_ESR1,QBEEP1,9.9,10.7,24.0,348.0,358.0,14.8,10.7,-5.7,109.8,60.0,42.7
2026-07-14,HEADCAMP_ESR1,QTEN34,150.0,300.0,24.0,1487.0,9353.0,262.0,308.7,-12.9,0.0,60.0,42.7
2026-07-14,HEARN_RD_ESR1,QTEN30,10.0,12.7,24.0,423.0,442.0,11.3,1.5,-11.2,0.0,60.0,42.7
2026-07-14,HEIGHTTN_ESR1,QSUE74,9.9,8.3,24.0,92.0,326.0,13.6,15.4,0.0,77.6,60.0,42.7
2026-07-14,HEN_ESR1,QECNR,150.0,302.2,24.0,3175.0,9401.0,157.0,214.0,3.7,0.0,60.0,42.7
2026-07-14,HEN_ESR2,QECNR,76.1,279.5,23.9,-511.0,6944.0,0.5,18.2,-15.5,0.0,60.0,42.7
2026-07-14,HI_LONEB_ESR1,QENEL1,50.0,67.6,24.0,459.0,2385.0,65.6,71.0,4.3,564.3,60.0,42.7
2026-07-14,HLY_ESR1,QHEI1,102.2,172.9,24.0,748.0,5702.0,117.0,165.6,-0.2,1390.1,60.0,42.7
2026-07-14,HLY_ESR2,QHEI1,101.8,167.9,24.0,865.0,5584.0,118.1,164.7,1.6,1375.4,60.0,42.7
2026-07-14,HMNG_ESS_ESR1,QMEA8,99.9,221.5,24.0,4300.0,6643.0,145.8,99.5,-78.2,1976.1,60.0,42.7
2026-07-14,HOLCOMB_ESR1,QBEEP1,9.9,10.7,24.0,-97.0,358.0,4.6,4.5,-1.2,156.2,60.0,42.7
2026-07-14,HOUSEMTN_ESR1,QJPEM,60.0,127.5,24.0,4438.0,3885.0,185.7,130.3,-79.8,872.4,60.0,42.7
2026-07-14,HRMS_SLR_ESR1,QTOT16,100.0,8.2,24.0,-142.0,365.0,0.7,5.4,8.2,0.0,60.0,42.7
2026-07-14,HV_ESR1,QTEN30,9.0,12.7,1.6,-1.0,446.0,0.0,0.0,0.0,5.3,60.0,42.7
2026-07-14,HWY6_ESR1,QTEN26,9.9,24.7,24.0,633.0,708.0,38.8,34.2,-9.0,0.0,60.0,42.7
2026-07-14,HYDR_ESS_ESR1,QSUE74,200.0,197.3,24.0,2020.0,7489.0,175.8,251.8,41.8,737.2,60.0,42.7
2026-07-14,INDL_ESR1,QECNR,9.9,4.2,24.0,130.0,184.0,3.5,0.9,-4.0,0.0,60.0,42.7
2026-07-14,INRT_W_ESR1,QFPL32,13.0,47.0,24.0,605.0,1157.0,42.1,52.6,0.1,0.0,60.0,42.7
2026-07-14,JADE_SLR_ESR1,QIPLUM,78.2,140.0,24.0,4982.0,4533.0,188.8,123.8,-93.0,571.3,60.0,42.7
2026-07-14,JADE_SLR_ESR2,QIPLUM,81.9,147.5,24.0,5439.0,4768.0,205.7,136.0,-98.0,585.8,60.0,42.7
2026-07-14,JAG_SLR_ESR1,QLCRA,150.0,300.0,24.0,7964.0,9350.0,395.3,343.6,-110.2,672.9,60.0,42.7
2026-07-14,JAG_SLR_ESR2,QMITS2,150.0,307.9,24.0,4963.0,9503.0,290.5,359.5,15.0,0.0,60.0,42.7
2026-07-14,JAR_ESR1,QHEI1,147.0,264.0,22.0,2373.0,8537.0,176.8,204.7,-15.1,1867.7,60.0,42.7
2026-07-14,JAR_ESR2,QHEI1,157.0,291.0,22.0,2647.0,9313.0,189.3,218.9,-10.3,1970.8,60.0,42.7
2026-07-14,JDKNS_ESR1,QBEEP1,9.9,10.7,24.0,317.0,358.0,6.6,0.6,-6.6,155.9,60.0,42.7
2026-07-14,JOHNCI_ESR1,QLCRA,1.3,2.7,17.6,-7.0,84.0,1.5,1.8,0.0,0.0,60.0,42.7
2026-07-14,JUNORTH_ESR1,QTEN26,9.9,22.0,24.0,107.0,660.0,16.5,18.6,-0.4,0.0,60.0,42.7
2026-07-14,K0_ESR1,QSUE74,9.9,9.7,24.0,103.0,355.0,12.8,14.6,0.2,67.2,60.0,42.7
2026-07-14,KEG_ESR1,QEDF27,150.0,311.2,24.0,-456.0,9567.0,239.1,274.0,-6.3,0.0,60.0,42.7
2026-07-14,LANTANA_ESR1,QTEN26,9.9,20.1,24.0,651.0,579.0,27.6,18.0,-12.8,0.0,60.0,42.7
2026-07-14,LBRA_ESS_ESR1,QSUE48,200.0,200.0,24.0,225.0,7574.0,127.9,203.1,11.9,609.1,60.0,42.7
2026-07-14,LFSTH_ESR1,QBEEP1,9.9,10.7,24.0,30.0,337.0,1.1,0.4,-1.0,166.5,60.0,42.7
2026-07-14,LIGSW_ESR1,QPROLO,9.8,9.5,24.0,327.0,333.0,14.4,11.7,-7.3,124.6,60.0,42.7
2026-07-14,LILY_ESR1,QENEL5,50.0,68.8,24.0,1221.0,2415.0,28.5,7.6,-24.1,586.5,60.0,42.7
2026-07-14,LMO_ESR1,QSHEL2,100.0,243.5,24.0,4613.0,7043.0,243.4,252.9,-49.2,305.3,60.0,42.7
2026-07-14,LONESTAR_ESR1,QBEEP1,9.9,10.7,24.0,311.0,358.0,6.4,0.5,-6.8,155.9,60.0,42.7
2026-07-14,LON_ESR1,QTEN26,174.0,348.0,24.0,6971.0,10846.0,229.6,117.6,-171.3,3049.7,60.0,42.7
2026-07-14,LOPENO_ESR1,QSUE74,9.9,9.8,24.0,-22.0,356.0,12.4,13.0,-0.9,125.4,60.0,42.7
2026-07-14,LOWR_ESS_ESR1,QEDI10,60.0,117.8,24.0,2001.0,3696.0,46.0,8.5,-41.6,1261.7,60.0,42.7
2026-07-14,LUCKYBLU_ESR1,QBROO1,97.4,198.2,24.0,7249.0,6137.0,194.4,46.4,-160.6,879.6,60.0,42.7
2026-07-14,L_463S_ESR1,QSUE74,9.9,7.3,24.0,76.0,282.0,11.4,13.1,0.1,71.4,60.0,42.7
2026-07-14,L_FRESNO_ESR1,QTEN24,9.9,11.1,24.0,1.0,361.0,0.2,0.1,-0.0,94.7,60.0,42.7
2026-07-14,MADERO_ESR1,QTEN25,100.0,265.3,24.0,4908.0,7432.0,139.7,51.8,-124.7,793.1,60.0,42.7
2026-07-14,MADERO_ESR2,QTEN25,100.0,261.9,24.0,4445.0,7371.0,126.0,47.0,-114.4,804.7,60.0,42.7
2026-07-14,MAGNO_TN_ESR1,QSUE74,8.3,6.5,24.0,74.0,259.0,10.6,12.2,0.3,59.9,60.0,42.7
2026-07-14,MAINLAND_ESR1,QBEEP1,9.9,10.7,24.0,28.0,334.0,1.0,0.5,-1.1,160.3,60.0,42.7
2026-07-14,MAYBERRY_ESR1,QTEN24,9.9,10.6,24.0,2.0,349.0,0.2,0.1,-0.0,64.5,60.0,42.7
2026-07-14,MAYBERRY_ESR2,QTEN24,9.9,11.9,24.0,4.0,380.0,0.3,0.1,-0.0,118.9,60.0,42.7
2026-07-14,MESQUITE_ESR1,QTEN26,9.9,19.8,24.0,606.0,595.0,17.6,7.8,-12.5,0.0,60.0,42.7
2026-07-14,MESQUITE_ESR2,QSYSO,9.9,19.5,24.0,-72.0,573.0,22.5,24.4,0.0,0.0,60.0,42.7
2026-07-14,MIDP_SLR_ESR1,QTEN26,50.0,100.0,24.0,1235.0,3117.0,92.6,111.0,-2.5,217.0,60.0,42.7
2026-07-14,MIDWY_ESR1,QPROLO,9.9,10.5,24.0,585.0,359.0,15.5,6.6,-10.5,187.7,60.0,42.7
2026-07-14,MNWLE_ESR1,QBEEP1,9.9,10.7,24.0,30.0,334.0,1.0,0.4,-1.0,159.2,60.0,42.7
2026-07-14,MOORE_FL_ESR1,QTEN30,10.0,11.4,24.0,5.0,370.0,1.3,1.2,-0.9,0.0,60.0,42.7
2026-07-14,MUENSTER_ESR1,QTEN30,10.0,12.6,24.0,8.0,452.0,13.3,16.7,0.3,58.4,60.0,42.7
2026-07-14,MUSTNGCK_ESR1,QENE10,71.0,112.1,24.0,4739.0,3784.0,136.0,39.3,-106.5,731.4,60.0,42.7
2026-07-14,MU_ESR1,QTEN26,9.9,19.5,24.0,657.0,611.0,16.2,2.2,-16.3,162.1,60.0,42.7
2026-07-14,MYR_ESR1,QTOTL5,74.3,102.2,24.0,3162.0,3587.0,114.7,46.4,-78.1,1162.0,60.0,42.7
2026-07-14,MYR_ESR2,QTOTL5,45.0,48.3,24.0,384.0,1802.0,56.7,65.2,-0.4,273.9,60.0,42.7
2026-07-14,NCO_ESR1,QSHEL2,50.0,60.5,24.0,1700.0,2184.0,47.3,10.0,-41.0,247.9,60.0,42.7
2026-07-14,NF_BRP_ESR1,QSUE74,100.5,107.9,15.6,-9505.0,4020.0,9.5,424.5,69.0,432.4,60.0,42.7
2026-07-14,NOBLESLR_ESR1,QNGREN,61.4,51.2,24.0,598.0,2005.0,52.3,56.0,-1.4,183.2,60.0,42.7
2026-07-14,NOBLESLR_ESR2,QNGREN,62.5,54.4,24.0,687.0,2113.0,55.6,58.8,-0.2,204.0,60.0,42.7
2026-07-14,NWF_ESR1,QDUKER,4.5,0.8,24.0,-205.0,37.0,0.6,7.8,0.1,0.0,60.0,42.7
2026-07-14,N_ALAMO_ESR1,QTEN24,9.9,10.6,24.0,-8.0,349.0,0.3,0.6,0.3,69.1,60.0,42.7
2026-07-14,N_MERCED_ESR1,QTEN24,9.9,10.6,24.0,-115.0,349.0,5.7,10.2,2.2,61.6,60.0,42.7
2026-07-14,ODESW_ESR1,QSUE74,9.9,6.1,24.0,178.0,244.0,11.5,10.4,-2.8,61.0,60.0,42.7
2026-07-14,OLNEYTN_ESR1,QBEEP1,9.9,10.7,24.0,32.0,337.0,1.3,0.5,-1.3,159.8,60.0,42.7
2026-07-14,PAD1_ESS_ESR1,QCPSE,50.0,122.0,24.0,1331.0,3527.0,76.3,96.9,5.1,33.5,60.0,42.7
2026-07-14,PAD2_ESS_ESR2,QCPSE,150.0,600.0,24.0,9966.0,13963.0,494.0,500.8,-50.6,33.3,60.0,42.7
2026-07-14,PALACIOS_ESR1,QTEN30,9.5,11.4,24.0,342.0,374.0,12.9,7.0,-9.2,0.0,60.0,42.7
2026-07-14,PALE_ESS_ESR1,QSUE74,200.0,196.2,24.0,2993.0,7454.0,291.4,335.9,-6.9,1028.2,60.0,42.7
2026-07-14,PAULN_ESR1,QBEEP1,9.9,10.7,24.0,30.0,317.0,1.0,0.4,-1.0,160.4,60.0,42.7
2026-07-14,PAVLOV_ESR1,QBEEP1,9.9,10.7,24.0,13.0,337.0,1.8,1.6,-0.7,158.4,60.0,42.7
2026-07-14,PAVO_ESS_ESR1,QSUE74,87.5,85.6,24.0,1081.0,3255.0,94.7,120.6,14.8,416.9,60.0,42.7
2026-07-14,PAVO_ESS_ESR2,QSUE74,87.5,82.4,24.0,1215.0,3154.0,95.7,116.9,14.4,419.9,60.0,42.7
2026-07-14,PEARSALL_ESR1,QTEN26,9.9,19.8,24.0,54.0,555.0,19.4,23.7,0.4,33.6,60.0,42.7
2026-07-14,PHO_ESR1,QENE15,150.0,248.6,24.0,9580.0,8254.0,255.1,65.9,-228.9,1722.5,60.0,42.7
2026-07-14,PHO_ESR2,QENE15,150.0,240.1,24.0,9593.0,8066.0,228.0,41.6,-217.2,1759.0,60.0,42.7
2026-07-14,PINEFRST_ESR1,QTEN21,200.0,400.0,24.0,14177.0,12468.0,578.3,434.8,-205.5,30.0,60.0,42.7
2026-07-14,PIN_BESS_ESR1,QTEN34,175.0,324.9,24.0,7898.0,10392.0,186.7,39.1,-169.9,0.0,60.0,42.7
2026-07-14,PIRATE_ESR1,QTEN30,10.0,12.6,24.0,242.0,426.0,9.6,5.5,-5.1,114.2,60.0,42.7
2026-07-14,PLATINUM_ESR1,QSUE80,148.3,323.4,24.0,4647.0,9760.0,315.5,336.8,-40.7,675.9,60.0,42.7
2026-07-14,PLATINUM_ESR2,QSUE80,151.7,318.7,24.0,4321.0,9753.0,279.0,297.9,-35.7,672.5,60.0,42.7
2026-07-14,POTEETS_ESR1,QBEEP1,9.9,10.7,24.0,25.0,337.0,1.0,0.6,-1.1,159.3,60.0,42.7
2026-07-14,PRCRK_ESR1,QTEN24,9.9,13.1,24.0,394.0,407.0,7.9,1.3,-11.7,66.2,60.0,42.7
2026-07-14,PUEBLO_ESR1,QSUE74,8.3,7.4,24.0,38.0,277.0,5.0,7.0,-0.1,39.6,60.0,42.7
2026-07-14,PUEBLO_ESR2,QSUE74,9.9,9.8,24.0,74.0,356.0,6.2,8.1,-0.0,41.3,60.0,42.7
2026-07-14,PYOTE_ESR1,QJPEM,9.0,13.8,24.0,385.0,473.0,16.6,12.1,-6.8,128.9,60.0,42.7
2026-07-14,PYR_ESR1,QECNR,9.9,4.2,24.0,145.0,184.0,3.8,0.9,-3.9,0.0,60.0,42.7
2026-07-14,PYR_ESR2,QECNR,12.2,13.6,24.0,-54.0,502.0,0.0,1.9,0.0,195.5,60.0,42.7
2026-07-14,PYR_ESR3,QECNR,15.1,13.6,24.0,-48.0,524.0,0.0,1.7,0.1,175.1,60.0,42.7
2026-07-14,QTUM_SLR_ESR1,QTEN33,160.0,296.5,24.0,-166.0,9488.0,0.0,5.7,1.4,0.0,60.0,42.7
2026-07-14,QTUM_SLR_ESR2,QTEN33,160.0,292.7,24.0,-170.0,9408.0,0.0,5.9,12.0,0.0,60.0,42.7
2026-07-14,QUEEN_BA_ESR1,QENEL2,49.5,66.4,24.0,442.0,2315.0,57.7,64.6,-3.3,668.4,60.0,42.7
2026-07-14,RADN_SLR_ESR1,QIPRAD,78.1,141.2,20.2,4129.0,4555.0,194.5,139.6,0.0,1157.4,60.0,42.7
2026-07-14,RBN_ESR1,QTEN19,80.0,82.0,24.0,401.0,3087.0,115.3,156.0,-1.8,262.5,60.0,42.7
2026-07-14,RHA_ESR1,QTEN19,202.0,423.5,24.0,7368.0,12957.0,204.6,36.8,-212.0,0.0,60.0,42.7
2026-07-14,RIO_GRAN_ESR1,QTEN24,9.9,6.0,24.0,-0.0,225.0,0.1,0.1,3.8,50.3,60.0,42.7
2026-07-14,RIO_GRAN_ESR2,QPROLO,7.0,13.8,24.0,-15.0,387.0,0.2,0.7,0.0,102.0,60.0,42.7
2026-07-14,ROSELAND_ESR1,QENEL9,50.0,86.1,24.0,3019.0,2823.0,112.9,65.1,-64.7,508.8,60.0,42.7
2026-07-14,RPUBRDS_ESR1,QSHEL2,50.0,59.5,24.0,1827.0,2160.0,59.3,23.2,-46.1,249.3,60.0,42.7
2026-07-14,RRANCHES_ESR1,QSUE51,151.8,345.8,24.0,9329.0,10255.0,448.0,334.8,-206.1,1393.5,60.0,42.7
2026-07-14,RRANCHES_ESR2,QSUE51,150.0,345.0,24.0,8986.0,10204.0,404.8,273.9,-223.5,1311.0,60.0,42.7
2026-07-14,RRC_WIND_ESR1,QFPL35,75.0,225.0,24.0,4030.0,6034.0,218.4,290.1,27.6,0.0,60.0,42.7
2026-07-14,RRC_WIND_ESR2,QFPL35,75.0,225.0,24.0,4269.0,6034.0,218.4,279.3,20.0,0.0,60.0,42.7
2026-07-14,RTLSNAKE_ESR1,QBEEP1,9.9,10.7,22.9,221.0,358.0,5.0,1.0,-8.2,144.1,60.0,42.7
2026-07-14,RUSSEKST_ESR1,QBEEP1,9.9,10.7,24.0,389.0,358.0,8.4,0.6,-9.0,153.4,60.0,42.7
2026-07-14,RVRVLYS_ESR1,QSHEL2,50.1,114.3,24.0,2132.0,3392.0,163.4,158.7,-45.5,858.6,60.0,42.7
2026-07-14,RVRVLYS_ESR2,QSHEL2,50.1,114.3,24.0,1779.0,3392.0,148.0,147.6,-41.2,814.5,60.0,42.7
2026-07-14,SADLBACK_ESR1,QBEEP1,9.9,10.7,24.0,310.0,358.0,6.5,0.8,-6.8,156.2,60.0,42.7
2026-07-14,SANDLAKE_ESR1,QBEEP1,9.9,10.7,24.0,305.0,358.0,6.2,0.5,-6.4,156.1,60.0,42.7
2026-07-14,SBEAN_ESR1,QBEEP1,9.9,10.7,24.0,312.0,358.0,6.3,0.4,-6.8,158.0,60.0,42.7
2026-07-14,SEVNF_ES_ESR1,QTEN37,100.0,238.2,24.0,-306.0,6949.0,17.8,30.8,-3.7,1018.5,60.0,42.7
2026-07-14,SGAL_BES_ESR1,QJPEM,100.0,200.2,24.0,7788.0,6237.0,317.3,216.3,-144.0,1376.7,60.0,42.7
2026-07-14,SGAL_BES_ESR2,QJPEM2,100.0,202.9,24.0,8042.0,6290.0,329.4,223.9,-140.1,1379.2,60.0,42.7
2026-07-14,SGSA_ESR1,QAMA1,9.9,23.6,24.0,314.0,688.0,15.3,14.4,-3.3,2.5,60.0,42.7
2026-07-14,SHAMROCK_ESR1,QFPL40,99.4,297.9,24.0,909.0,7991.0,198.3,364.4,95.2,0.0,60.0,42.7
2026-07-14,SHEEPCRK_ESR1,QSUE70,135.0,172.9,24.0,1461.0,6186.0,138.1,175.5,-15.8,505.6,60.0,42.7
2026-07-14,SLCNHLS_ESR1,QSHEL2,50.0,61.0,24.0,1617.0,2207.0,51.8,14.3,-44.1,268.0,60.0,42.7
2026-07-14,SLCNHLS_ESR2,QSHEL2,50.0,58.4,24.0,1590.0,2132.0,51.8,15.0,-43.3,247.9,60.0,42.7
2026-07-14,SLK_BESS_ESR1,QTEN34,200.9,400.0,24.0,7283.0,12491.0,430.9,401.2,-91.9,0.0,60.0,42.7
2026-07-14,SMTH_ESS_ESR1,QSUE77,96.6,180.3,24.0,8752.0,5760.0,337.1,211.3,-141.2,1631.2,60.0,42.7
2026-07-14,SOLC_SLR_ESR1,QTEN33,160.0,311.5,24.0,3349.0,9805.0,261.9,112.5,-185.0,0.0,60.0,42.7
2026-07-14,SOLC_SLR_ESR2,QTEN33,160.0,320.0,24.0,3352.0,9975.0,262.1,112.4,-186.2,0.0,60.0,42.7
2026-07-14,SPTX12B_ESR1,QEDIS9,22.3,18.5,24.0,400.0,723.0,18.8,22.8,-0.0,121.1,60.0,42.7
2026-07-14,SP_ESR1,QTEN26,9.9,19.5,24.0,571.0,573.0,12.2,2.0,-14.0,100.3,60.0,42.7
2026-07-14,STADIUM_ESR1,QTEN26,9.9,15.0,24.0,437.0,513.0,17.5,11.3,-9.3,0.0,60.0,42.7
2026-07-14,STAM_SLR_ESR1,QENE12,70.0,128.7,24.0,2961.0,4130.0,122.4,78.5,-72.7,699.2,60.0,42.7
2026-07-14,STRG_SLR_ESR1,QECNR,98.4,193.0,24.0,-353.0,6068.0,0.6,16.4,10.7,0.0,60.0,42.7
2026-07-14,SUNVASLR_ESR1,QSUE38,53.3,53.2,24.0,565.0,2017.0,43.5,50.4,-10.2,207.3,60.0,42.7
2026-07-14,SUNVASLR_ESR2,QSUE38,46.7,46.8,24.0,492.0,1770.0,36.3,42.0,-8.5,164.9,60.0,42.7
2026-07-14,SWEENY_ESR1,QSUE74,9.9,9.3,24.0,104.0,344.0,13.5,15.3,0.3,71.4,60.0,42.7
2026-07-14,SWOOSEII_ESR1,QMEA5,100.0,184.7,24.0,3965.0,5918.0,110.0,51.9,-121.6,2034.3,60.0,42.7
2026-07-14,SWTWR_ESR1,QTEN26,7.3,16.8,24.0,130.0,479.0,8.2,7.7,4.5,28.8,60.0,42.7
2026-07-14,S_SNROSA_ESR1,QTEN24,9.9,10.9,24.0,-0.0,356.0,0.2,0.2,-0.0,83.4,60.0,42.7
2026-07-14,TBWF_ESS_ESR1,QTEN29,150.0,342.3,24.0,4824.0,10156.0,154.6,97.6,-96.6,305.1,60.0,42.7
2026-07-14,TDWLPR_1_ESR1,QMEA6,100.0,216.2,24.0,5941.0,6545.0,129.1,23.7,-153.3,2120.1,60.0,42.7
2026-07-14,TDWLPR_1_ESR2,QMEA6,100.2,216.1,24.0,6463.0,6548.0,136.3,18.1,-142.8,2122.3,60.0,42.7
2026-07-14,TNFS_ESR1,QSYSO,9.9,18.0,24.0,971.0,580.0,37.9,22.8,-17.9,29.1,60.0,42.7
2026-07-14,TORT_ESS_ESR1,QSUE74,50.0,39.6,24.0,542.0,1566.0,47.6,56.9,0.1,200.9,60.0,42.7
2026-07-14,TSECA_ES_ESR1,QTEN36,100.0,238.2,24.0,8643.0,6949.0,375.9,270.8,-169.5,443.3,60.0,42.7
2026-07-14,TURQBESS_ESR1,QHEI3,190.0,361.0,24.0,4267.0,11460.0,283.5,321.6,-10.1,2520.0,60.0,42.7
2026-07-14,TV_ESR1,QAETE1,10.0,22.4,24.0,306.0,669.0,7.1,1.4,-13.4,151.3,60.0,42.7
2026-07-14,UTOPIA_ESR1,QTEN30,9.5,12.7,24.0,108.0,448.0,9.8,13.0,0.7,0.0,60.0,42.7
2026-07-14,VORTEX_ESR1,QENEL8,121.8,202.0,24.0,6235.0,6705.0,285.6,211.4,-121.0,563.4,60.0,42.7
2026-07-14,WAL_ESR1,QSUE92,200.0,400.0,24.0,21223.0,12468.0,781.5,465.4,-357.8,3107.7,60.0,42.7
2026-07-14,WCOLLOCL_ESR1,QHABIT,8.4,3.1,24.0,-36.0,135.0,0.1,1.3,0.2,91.6,60.0,42.7
2026-07-14,WFTANK_ESR1,QTEN28,150.8,169.5,24.0,-6644.0,6258.0,161.6,202.4,-3.5,2283.4,60.0,42.7
2026-07-14,WIG_ESS_ESR1,QHEI1,120.0,187.0,24.0,934.0,6340.0,132.4,198.6,6.5,1597.0,60.0,42.7
2026-07-14,WOVER_ESR1,QTEN26,5.5,12.9,24.0,110.0,380.0,11.4,10.9,-9.8,5.4,60.0,42.7
2026-07-14,WR_ESR1,QAETEL,9.9,22.4,24.0,60.0,649.0,2.7,2.1,-1.6,161.6,60.0,42.7
2026-07-14,W_HARLIN_ESR1,QTEN24,9.9,10.6,24.0,4.0,349.0,0.2,0.1,-0.0,76.2,60.0,42.7
2026-07-14,X4_ESR1,QCPSE,10.0,8.5,24.0,235.0,332.0,11.1,9.6,-2.6,17.3,60.0,42.7
2026-07-14,Z0_ESR1,QTEN26,9.9,23.3,24.0,391.0,612.0,21.8,23.5,0.1,0.0,60.0,42.7
2026-07-14,ZAPATA_ESR1,QSUE74,9.9,9.4,24.0,-57.0,346.0,5.2,6.9,0.6,128.8,60.0,42.7
2026-07-14,ZAPATA_ESR2,QSUE74,8.3,7.3,24.0,-35.0,276.0,5.2,6.2,-0.1,119.0,60.0,42.7
2026-07-14,ZIER_SLR_ESR1,QTEN19,40.0,77.2,24.0,1380.0,2438.0,88.3,87.2,-17.9,182.3,60.0,42.7
2026-07-13,ABINDUST_ESR1,QMP2M1,9.9,25.9,24.0,120.0,295.0,16.3,16.3,-2.1,50.2,41.0,18.7
2026-07-13,ADL_ESR1,QTEN26,60.0,56.7,24.0,-395.0,747.0,0.0,13.4,2.5,748.4,41.0,18.7
2026-07-13,AE_ESR1,QTEN26,9.9,19.1,24.0,67.0,246.0,4.2,2.1,-3.3,211.9,41.0,18.7
2026-07-13,ALAMO_ST_ESR1,QSYSO,9.9,17.6,24.0,54.0,232.0,17.6,20.9,0.7,40.0,41.0,18.7
2026-07-13,ALP_BESS_ESR1,QHEI1,100.3,164.0,24.0,-4251.0,2207.0,1.1,150.2,125.7,1424.0,41.0,18.7
2026-07-13,ALVIN_ESR1,QSUE74,8.3,5.5,24.0,-41.0,95.0,8.9,10.4,-0.1,53.1,41.0,18.7
2026-07-13,ANCHOR_ESR1,QENE11,31.5,44.0,24.0,-224.0,619.0,9.9,21.8,0.2,312.4,41.0,18.7
2026-07-13,ANCHOR_ESR2,QENE11,33.5,45.3,24.0,-257.0,643.0,10.9,24.5,3.7,350.4,41.0,18.7
2026-07-13,ANDMDSLR_ESR1,QIPLU2,81.9,148.0,24.0,617.0,1942.0,87.5,94.9,0.2,1623.7,41.0,18.7
2026-07-13,ANDMDSLR_ESR2,QIPLU2,78.1,144.5,24.0,-1457.0,1885.0,166.0,248.8,63.9,1458.6,41.0,18.7
2026-07-13,ANEM_ESS_ESR1,QSUE53,200.0,456.5,24.0,-7089.0,5588.0,35.5,316.4,242.3,2097.8,41.0,18.7
2026-07-13,ANGLETON_ESR1,QSUE74,9.9,8.4,24.0,-42.0,135.0,12.9,14.3,-0.6,87.6,41.0,18.7
2026-07-13,ANG_SLR_ESR1,QTEN26,100.0,188.8,24.0,-862.0,1749.0,29.7,68.2,13.7,1535.9,41.0,18.7
2026-07-13,ANTL_ESS_ESR1,QSU100,70.0,169.8,24.0,2611.0,2036.0,197.5,134.7,-81.2,689.6,41.0,18.7
2026-07-13,ARY_BESS_ESR1,QTEN32,20.0,180.0,24.0,-1055.0,852.0,5.9,37.3,9.4,0.0,41.0,18.7
2026-07-13,AVIL_ESS_ESR1,QSU100,160.0,372.2,24.0,-747.0,4153.0,357.7,434.4,24.3,1310.4,41.0,18.7
2026-07-13,AZURE_ESR1,QENEL6,77.6,127.2,24.0,261.0,1711.0,53.2,60.2,-18.2,838.9,41.0,18.7
2026-07-13,BATCAVE_ESR1,QSUE74,100.5,107.9,24.0,-778.0,1632.0,60.8,83.7,-8.0,793.2,41.0,18.7
2026-07-13,BAY_CITY_ESR1,QTEN24,9.9,11.2,24.0,-4.0,125.0,0.1,0.2,-0.0,78.5,41.0,18.7
2026-07-13,BCK_ESR1,QHEI5,123.5,304.0,24.0,-620.0,3628.0,276.9,321.9,-6.8,0.0,41.0,18.7
2026-07-13,BCK_ESR2,QHEI5,126.5,320.3,24.0,-614.0,3786.0,282.4,327.8,-6.0,0.0,41.0,18.7
2026-07-13,BCNV2_ES_ESR1,QSU115,150.0,25.4,13.4,-688.0,614.0,0.0,23.2,-16.2,0.0,41.0,18.7
2026-07-13,BCNV_ESS_ESR1,QSHE11,150.0,300.0,24.0,1281.0,3824.0,90.8,57.4,-64.4,1727.5,41.0,18.7
2026-07-13,BELD_ESR1,QJPEM,6.0,9.2,24.0,-75.0,129.0,6.0,9.5,2.6,66.2,41.0,18.7
2026-07-13,BEXAR_ES_ESR1,QTEN32,100.0,100.0,24.0,-505.0,1543.0,60.9,78.8,-0.4,1230.5,41.0,18.7
2026-07-13,BIG_STAR_ESR1,QECNR,80.0,108.0,24.0,1487.0,1534.0,48.8,1.5,-48.5,0.0,41.0,18.7
2026-07-13,BKSL_ESS_ESR1,QESVEM,100.0,211.2,24.0,2971.0,2647.0,291.1,249.7,-90.4,780.3,41.0,18.7
2026-07-13,BLACKSPR_ESR1,QBROO2,112.6,227.8,24.0,-1402.0,2893.0,48.0,106.8,26.8,1555.0,41.0,18.7
2026-07-13,BLSUMMIT_ESR1,QFPL12,30.0,9.7,24.0,-209.0,204.0,9.3,14.5,-0.1,0.0,41.0,18.7
2026-07-13,BLSUMMIT_ESR2,QFPL48,150.0,450.0,24.0,366.0,4968.0,486.2,523.7,-9.0,0.0,41.0,18.7
2026-07-13,BLUEJAY_ESR1,QENEL7,50.0,86.2,24.0,497.0,1144.0,38.8,33.3,-18.7,473.4,41.0,18.7
2026-07-13,BLVN_SLR_ESR1,QSHEL8,180.0,360.0,24.0,-1384.0,4588.0,113.1,186.1,13.9,1789.4,41.0,18.7
2026-07-13,BOCO_ESS_ESR1,QTEN28,150.1,365.0,24.0,-6277.0,4374.0,150.6,398.9,194.6,1981.2,41.0,18.7
2026-07-13,BRAZORIA_ESR1,QSUE74,9.9,9.7,24.0,-59.0,150.0,13.5,15.9,0.1,68.6,41.0,18.7
2026-07-13,BR_ARROW_ESR1,QECNR,48.3,93.5,24.0,1145.0,1204.0,35.6,0.0,-43.9,229.8,41.0,18.7
2026-07-13,BR_ARROW_ESR2,QECNR,51.7,100.4,24.0,950.0,1291.0,30.2,0.0,-39.4,0.0,41.0,18.7
2026-07-13,BUDA_ESR1,QTEN26,9.9,24.7,24.0,306.0,293.0,21.5,14.4,3.4,0.0,41.0,18.7
2026-07-13,BYP_ESR1,QEXELO,200.0,450.0,24.0,-9491.0,5538.0,62.6,433.3,275.2,0.0,41.0,18.7
2026-07-13,BYRDR_ES_ESR1,QHABIT,50.0,59.4,24.0,-229.0,874.0,44.2,54.4,0.3,524.8,41.0,18.7
2026-07-13,CACH_ESS_ESR1,QSU100,200.0,470.5,24.0,-685.0,5703.0,578.1,615.4,-40.9,1701.5,41.0,18.7
2026-07-13,CAMWIND_ESR1,QTEN26,16.4,33.9,24.0,-91.0,217.0,4.5,8.4,1.5,244.6,41.0,18.7
2026-07-13,CARA_ESS_ESR1,QHEI8,98.3,196.7,20.2,-3736.0,2507.0,0.0,131.8,109.6,914.9,41.0,18.7
2026-07-13,CARN_ESS_ESR1,QSU100,150.0,329.1,24.0,-4206.0,4077.0,444.8,603.2,76.8,1540.1,41.0,18.7
2026-07-13,CARRIZO_ESR1,QTEN30,9.5,12.6,24.0,98.0,180.0,11.5,9.5,-4.5,76.1,41.0,18.7
2026-07-13,CARTWHL_ESR1,QECNR,150.0,283.3,24.0,3078.0,3672.0,97.9,0.0,-120.7,0.0,41.0,18.7
2026-07-13,CASL_GAP_ESR1,QLUMN1,3.9,4.3,24.0,130.0,65.0,4.7,0.9,-4.2,0.0,41.0,18.7
2026-07-13,CAST_ESS_ESR1,QSUE79,200.0,423.0,24.0,-934.0,5300.0,522.0,572.7,-20.4,1347.5,41.0,18.7
2026-07-13,CATARINA_ESR1,QBEEP1,9.9,10.7,24.0,-22.0,131.0,8.2,9.4,0.2,97.2,41.0,18.7
2026-07-13,CEDRVALE_ESR1,QBEEP1,9.9,10.7,21.8,-16.0,131.0,1.6,2.3,-0.1,118.6,41.0,18.7
2026-07-13,CFLAT_ES_ESR1,QTEN26,100.0,89.2,24.0,-1627.0,1413.0,17.9,89.4,55.0,0.0,41.0,18.7
2026-07-13,CHERRYCR_ESR1,QBEEP1,9.9,10.7,24.0,19.0,110.0,2.1,1.5,-0.2,136.2,41.0,18.7
2026-07-13,CHIL_SLR_ESR1,QSUE88,150.0,323.1,24.0,-3348.0,4026.0,307.0,423.6,37.2,1321.5,41.0,18.7
2026-07-13,CISC_ESR1,QBEEP1,9.9,10.7,24.0,-131.0,131.0,3.9,9.1,4.4,107.8,41.0,18.7
2026-07-13,CITRUSCY_ESR1,QPROLO,7.0,14.5,24.0,14.0,155.0,7.2,8.9,0.1,55.7,41.0,18.7
2026-07-13,CLO_ESR1,QMEA1,100.0,201.9,24.0,-5464.0,2566.0,1.7,204.2,177.5,1465.6,41.0,18.7
2026-07-13,CLO_ESR2,QMEA1,100.0,201.4,24.0,-5444.0,2562.0,2.4,204.4,177.3,1492.1,41.0,18.7
2026-07-13,CNLY_ESS_ESR1,QSUE76,118.6,226.9,24.0,2155.0,2928.0,242.5,227.6,-53.8,2656.7,41.0,18.7
2026-07-13,CNTRY_ESR1,QPROLO,9.8,20.3,24.0,-5.0,195.0,0.1,0.2,-0.0,166.2,41.0,18.7
2026-07-13,CNTYRDS_ESR1,QTEN26,9.9,24.7,24.0,-296.0,293.0,20.0,34.9,10.9,0.0,41.0,18.7
2026-07-13,CORALSLR_ESR1,QNGRE1,48.4,58.3,24.0,258.0,858.0,58.0,57.9,-1.0,362.2,41.0,18.7
2026-07-13,CORALSLR_ESR2,QNGRE1,52.2,58.3,24.0,197.0,875.0,57.6,59.3,-1.7,382.8,41.0,18.7
2026-07-13,CORAZON_ESR1,QHEI4,200.0,223.6,14.1,-6654.0,3344.0,9.0,232.1,175.9,1048.3,41.0,18.7
2026-07-13,COYOTSPR_ESR1,QBEEP1,9.9,10.7,24.0,-8.0,107.0,1.7,2.0,-0.2,127.5,41.0,18.7
2026-07-13,CROSSETT_ESR1,QJPEM1,100.0,101.5,24.0,-379.0,1560.0,67.2,95.4,14.0,970.2,41.0,18.7
2026-07-13,CROSSETT_ESR2,QJPEM1,100.0,101.6,24.0,-357.0,1561.0,66.6,93.8,13.6,1004.4,41.0,18.7
2026-07-13,CROSSTRL_ESR1,QGRIE4,57.0,113.6,24.0,-217.0,1449.0,76.8,93.1,-3.6,231.1,41.0,18.7
2026-07-13,CR_ESR1,QPROLO,9.8,20.1,24.0,9.0,194.0,0.8,0.5,0.0,165.8,41.0,18.7
2026-07-13,CS_ESR1,QTEN26,7.0,14.3,24.0,28.0,172.0,3.2,3.0,-1.2,135.1,41.0,18.7
2026-07-13,CTW_ESR1,QTOTL5,150.0,189.5,24.0,-1548.0,2748.0,212.1,278.8,-5.9,879.2,41.0,18.7
2026-07-13,DAN_ESR1,QTOTL4,75.3,102.2,24.0,-541.0,1449.0,107.0,128.5,-4.2,523.2,41.0,18.7
2026-07-13,DAN_ESR2,QTOTL4,71.7,106.5,24.0,-696.0,1474.0,106.6,132.6,-2.4,523.4,41.0,18.7
2026-07-13,DA_ESR1,QSHE16,4.0,9.5,24.0,-94.0,115.0,4.7,8.8,3.5,5.7,41.0,18.7
2026-07-13,DCSES_ESR1,QLUMN,66.5,66.4,24.0,199.0,1026.0,36.1,39.6,-16.1,315.9,41.0,18.7
2026-07-13,DCSES_ESR2,QLUMN,66.5,66.4,24.0,232.0,1026.0,37.1,39.6,-17.5,313.0,41.0,18.7
2026-07-13,DCSES_ESR3,QLUMN,63.5,63.4,24.0,94.0,980.0,27.5,29.6,-17.1,317.7,41.0,18.7
2026-07-13,DCSES_ESR4,QLUMN,63.5,63.4,24.0,110.0,980.0,27.7,29.3,-17.7,313.9,41.0,18.7
2026-07-13,DESN_ESS_ESR1,QSUE79,200.0,450.6,24.0,-666.0,5537.0,544.2,593.8,-35.2,1429.6,41.0,18.7
2026-07-13,DGFS_ESR_ESR1,QTEN26,75.0,64.0,24.0,-2037.0,1033.0,11.9,85.1,50.0,107.2,41.0,18.7
2026-07-13,DICKNSON_ESR1,QSUE74,9.9,6.5,24.0,-50.0,113.0,11.6,13.5,-0.1,73.6,41.0,18.7
2026-07-13,DKNS_ESS_ESR1,QSUE74,50.0,50.3,24.0,-461.0,774.0,83.7,102.0,6.6,330.6,41.0,18.7
2026-07-13,DKNS_ESS_ESR2,QSUE74,50.0,50.4,24.0,-519.0,776.0,82.8,102.6,8.0,331.6,41.0,18.7
2026-07-13,DKNS_ESS_ESR3,QSUE74,50.0,50.7,24.0,-472.0,780.0,83.4,102.0,6.3,328.0,41.0,18.7
2026-07-13,DKNS_ESS_ESR4,QSUE74,50.0,50.3,24.0,-473.0,775.0,82.5,101.2,6.3,324.1,41.0,18.7
2026-07-13,DPCRK_ESR1,QTEN26,6.6,13.1,24.0,105.0,160.0,14.7,14.3,1.7,0.0,41.0,18.7
2026-07-13,DSWL_ESS_ESR1,QPHIL3,150.0,314.3,24.0,-9767.0,3949.0,46.6,398.5,268.8,1407.8,41.0,18.7
2026-07-13,EBNY_ESS_ESR1,QSUE52,200.0,458.5,20.5,-3869.0,5606.0,240.5,392.6,64.0,1079.9,41.0,18.7
2026-07-13,ELMCRK_ESR1,QMP2M1,9.9,25.9,24.0,338.0,272.0,16.4,8.2,-10.1,16.8,41.0,18.7
2026-07-13,ELM_ST_ESR1,QTEN26,10.0,24.7,24.0,-295.0,294.0,21.1,36.1,10.6,0.0,41.0,18.7
2026-07-13,ELM_ST_ESR2,QSYSO,9.9,18.0,24.0,0.0,236.0,17.2,21.9,2.2,47.1,41.0,18.7
2026-07-13,ELSA_ESR1,QTEN24,9.9,10.6,24.0,9.0,122.0,1.2,0.7,-0.6,67.2,41.0,18.7
2026-07-13,ELZA_SLR_ESR1,QENE16,100.0,149.1,24.0,-767.0,2058.0,45.6,90.3,-0.2,1098.8,41.0,18.7
2026-07-13,EMPCT_ESR1,QTEN24,9.9,13.1,24.0,-151.0,137.0,0.1,5.4,5.6,55.3,41.0,18.7
2026-07-13,ENDPARKS_ESR1,QGRIE4,50.0,102.4,24.0,-239.0,1296.0,73.6,88.4,9.4,863.5,41.0,18.7
2026-07-13,ESCONDID_ESR1,QTEN30,9.9,13.4,24.0,0.0,145.0,0.0,-0.0,5.6,0.0,41.0,18.7
2026-07-13,ESTONIAN_ESR1,QENE14,101.6,153.6,24.0,1060.0,2112.0,52.2,24.5,-54.2,896.0,41.0,18.7
2026-07-13,EUNICE_ESR1,QTENSK,19.0,30.6,24.0,-896.0,416.0,2.5,35.6,18.8,121.5,41.0,18.7
2026-07-13,EVLN_ESS_ESR1,QSHE15,196.8,324.3,24.0,-7696.0,4358.0,96.9,389.0,210.5,0.0,41.0,18.7
2026-07-13,E_HARRIS_ESR1,QTEN26,9.9,20.0,24.0,-18.0,208.0,6.4,8.3,0.2,0.0,41.0,18.7
2026-07-13,FALFUR_ESR2,QTEN30,10.0,12.6,24.0,-10.0,123.0,0.9,1.4,0.1,141.7,41.0,18.7
2026-07-13,FAULKNER_ESR1,QBEEP1,9.9,10.7,24.0,-14.0,131.0,1.6,2.1,-0.1,135.8,41.0,18.7
2026-07-13,FENCESLR_ESR1,QENE13,65.3,107.1,24.0,-41.0,1440.0,9.3,12.7,-7.6,698.1,41.0,18.7
2026-07-13,FERD_ESS_ESR1,QCPSE,200.0,950.0,24.0,2298.0,8113.0,637.2,630.8,-69.0,228.4,41.0,18.7
2026-07-13,FIVEWSLR_ESR1,QSUE61,220.0,250.0,24.0,-1154.0,3723.0,304.9,339.1,-26.2,1382.0,41.0,18.7
2026-07-13,FLAT_TOP_ESR1,QSHEL2,8.9,14.0,24.0,8.0,190.0,12.2,14.4,-0.2,59.3,41.0,18.7
2026-07-13,FLAT_TOP_ESR2,QJPEM,9.9,16.9,24.0,-58.0,225.0,12.1,16.6,2.4,116.1,41.0,18.7
2026-07-13,FLOWERII_ESR1,QJPEM,100.0,195.8,24.0,-1285.0,2512.0,103.4,171.5,41.2,1196.1,41.0,18.7
2026-07-13,FORTMA_ESR1,QTEN30,10.0,12.6,24.0,-70.0,183.0,4.7,6.8,0.8,124.8,41.0,18.7
2026-07-13,FRMRSVLW_ESR1,QBEEP1,9.9,10.7,24.0,-79.0,131.0,0.1,2.9,2.3,134.6,41.0,18.7
2026-07-13,FRMRSVLW_ESR2,QTEN26,6.0,14.7,24.0,-140.0,176.0,1.0,6.5,4.8,135.2,41.0,18.7
2026-07-13,FTDUNCAN_ESR1,QTEN26,100.0,209.5,24.0,-531.0,2632.0,150.5,194.8,-3.0,1421.7,41.0,18.7
2026-07-13,GAIA_SLR_ESR1,QTEN26,75.0,150.0,24.0,3368.0,1912.0,106.8,0.6,-143.4,0.0,41.0,18.7
2026-07-13,GAMBIT_ESR1,QSUE23,100.0,147.7,24.0,-1905.0,2037.0,70.0,143.8,37.3,491.4,41.0,18.7
2026-07-13,GARCENO_ESR1,QTEN24,9.9,9.9,24.0,8.0,117.0,0.3,0.1,-0.1,61.2,41.0,18.7
2026-07-13,GEORSO_ESR1,QEDIS9,9.8,8.1,24.0,-47.0,130.0,8.2,10.6,-0.1,5.7,41.0,18.7
2026-07-13,GIGA_ESS_ESR1,QSUE55,122.7,218.6,24.0,1645.0,2876.0,224.8,218.0,-40.4,1952.7,41.0,18.7
2026-07-13,GKS_BESS_ESR1,QTEN26,86.1,157.0,24.0,-2073.0,1661.0,0.0,65.7,38.1,517.6,41.0,18.7
2026-07-13,GOMZ_ESR1,QBEEP1,9.9,10.7,24.0,-2.0,107.0,1.7,1.8,-0.2,136.3,41.0,18.7
2026-07-13,GOODWIN_ESR1,QTEN30,9.5,12.7,24.0,15.0,142.0,2.4,2.7,-3.0,117.2,41.0,18.7
2026-07-13,GRDNE_ESR1,QBEEP1,9.9,10.7,24.0,-0.0,131.0,2.4,2.5,-0.2,134.7,41.0,18.7
2026-07-13,GRIZZLY_ESR1,QPRIO1,9.9,10.0,0.0,0.0,154.0,0.0,-0.0,0.0,0.0,41.0,18.7
2026-07-13,GZ_ESR1,QTEN30,10.0,12.7,24.0,-20.0,183.0,4.2,5.0,0.5,122.8,41.0,18.7
2026-07-13,HAMILTON_ESR1,QBEEP1,9.9,10.7,24.0,35.0,131.0,4.7,4.4,-0.9,130.9,41.0,18.7
2026-07-13,HEADCAMP_ESR1,QTEN34,150.1,300.0,24.0,497.0,3825.0,251.6,312.5,3.2,0.0,41.0,18.7
2026-07-13,HEARN_RD_ESR1,QTEN30,10.0,12.7,24.0,-36.0,175.0,3.9,6.8,2.1,0.0,41.0,18.7
2026-07-13,HEIGHTTN_ESR1,QSUE74,9.9,8.3,24.0,-41.0,135.0,12.9,14.6,-0.5,78.0,41.0,18.7
2026-07-13,HEN_ESR1,QECNR,150.0,302.0,24.0,2037.0,3846.0,257.5,200.7,-111.0,0.0,41.0,18.7
2026-07-13,HEN_ESR2,QECNR,81.0,284.1,23.9,-556.0,2984.0,0.3,18.8,-9.2,0.0,41.0,18.7
2026-07-13,HI_LONEB_ESR1,QENEL1,50.0,63.9,24.0,227.0,923.0,59.5,70.1,0.9,573.0,41.0,18.7
2026-07-13,HLY_ESR1,QHEI1,102.2,172.9,24.0,-938.0,2306.0,115.9,162.4,-5.8,1409.2,41.0,18.7
2026-07-13,HLY_ESR2,QHEI1,101.8,167.9,24.0,-837.0,2255.0,115.4,159.2,-7.5,1393.8,41.0,18.7
2026-07-13,HMNG_ESS_ESR1,QMEA8,99.9,222.0,24.0,-4173.0,2739.0,69.5,236.0,136.2,1569.1,41.0,18.7
2026-07-13,HOLCOMB_ESR1,QBEEP1,9.9,10.7,24.0,-70.0,138.0,6.4,7.4,-0.1,130.8,41.0,18.7
2026-07-13,HOUSEMTN_ESR1,QJPEM,60.0,127.5,24.0,-725.0,1595.0,74.3,114.4,17.4,886.4,41.0,18.7
2026-07-13,HRMS_SLR_ESR1,QTOT16,100.0,30.0,24.0,-3074.0,655.0,112.8,228.5,0.0,0.0,41.0,18.7
2026-07-13,HV_ESR1,QTEN30,9.0,12.7,1.2,-1.0,180.0,0.0,0.0,0.0,0.9,41.0,18.7
2026-07-13,HWY6_ESR1,QTEN26,9.9,24.7,24.0,-239.0,293.0,21.1,34.1,9.3,0.0,41.0,18.7
2026-07-13,HYDR_ESS_ESR1,QSUE74,200.0,197.1,24.0,1602.0,3054.0,248.6,222.3,-79.5,940.7,41.0,18.7
2026-07-13,INDL_ESR1,QECNR,9.9,4.2,24.0,-27.0,84.0,0.0,1.0,-0.0,0.0,41.0,18.7
2026-07-13,INRT_W_ESR1,QFPL32,13.0,47.2,24.0,60.0,475.0,42.2,45.2,0.4,0.0,41.0,18.7
2026-07-13,JADE_SLR_ESR1,QIPLUM,78.1,140.0,24.0,-624.0,1842.0,53.0,80.1,6.3,554.6,41.0,18.7
2026-07-13,JADE_SLR_ESR2,QIPLUM,81.9,151.0,24.0,-696.0,1971.0,60.6,90.0,7.5,534.1,41.0,18.7
2026-07-13,JAG_SLR_ESR1,QLCRA,150.0,300.0,24.0,3526.0,3824.0,265.7,177.0,-134.9,1491.0,41.0,18.7
2026-07-13,JAG_SLR_ESR2,QMITS2,150.0,300.0,24.0,4261.0,3824.0,137.8,8.1,-159.5,0.0,41.0,18.7
2026-07-13,JAR_ESR1,QHEI1,147.0,264.0,24.0,-971.0,3467.0,169.3,225.3,5.1,2057.4,41.0,18.7
2026-07-13,JAR_ESR2,QHEI1,157.0,291.0,24.0,-1024.0,3790.0,179.5,237.8,6.0,2169.4,41.0,18.7
2026-07-13,JDKNS_ESR1,QBEEP1,9.9,10.7,24.0,-1.0,107.0,1.9,2.1,-0.2,135.7,41.0,18.7
2026-07-13,JUNCTION_ESR1,QBEEP1,9.9,10.7,24.0,52.0,131.0,7.5,7.9,-0.2,119.6,41.0,18.7
2026-07-13,JUNORTH_ESR1,QTEN26,9.9,22.0,24.0,-9.0,272.0,16.7,21.0,1.2,0.0,41.0,18.7
2026-07-13,K0_ESR1,QSUE74,9.9,9.7,24.0,-38.0,139.0,12.5,14.3,-0.6,82.2,41.0,18.7
2026-07-13,KEG_ESR1,QEDF27,140.0,311.2,24.0,5061.0,3840.0,372.8,255.3,-158.9,0.0,41.0,18.7
2026-07-13,LANTANA_ESR1,QTEN26,9.9,19.0,20.0,-59.0,225.0,5.3,10.4,3.7,0.0,41.0,18.7
2026-07-13,LBRA_ESS_ESR1,QSUE48,200.0,200.0,24.0,-507.0,3086.0,128.0,171.2,-21.6,633.2,41.0,18.7
2026-07-13,LIGSW_ESR1,QPROLO,9.8,9.6,24.0,69.0,127.0,2.3,0.2,-2.3,223.8,41.0,18.7
2026-07-13,LILY_ESR1,QENEL5,50.0,71.8,24.0,-144.0,1002.0,0.4,5.8,3.0,527.9,41.0,18.7
2026-07-13,LMO_ESR1,QSHEL2,99.9,243.5,24.0,-1697.0,2915.0,167.8,245.4,47.5,712.9,41.0,18.7
2026-07-13,LONESTAR_ESR1,QBEEP1,9.9,10.7,24.0,-6.0,110.0,1.7,1.9,-0.2,136.1,41.0,18.7
2026-07-13,LON_ESR1,QTEN26,174.0,348.0,24.0,-2204.0,4435.0,42.8,121.2,43.7,2988.7,41.0,18.7
2026-07-13,LOPENO_ESR1,QSUE74,9.9,9.8,24.0,-194.0,140.0,8.4,15.3,5.3,106.0,41.0,18.7
2026-07-13,LOWR_ESS_ESR1,QEDI10,60.0,117.5,24.0,-3254.0,1507.0,14.8,135.6,102.6,233.0,41.0,18.7
2026-07-13,LUCKYBLU_ESR1,QBROO1,97.4,198.3,24.0,-13.0,2514.0,31.8,39.3,-10.0,1319.0,41.0,18.7
2026-07-13,L_463S_ESR1,QSUE74,9.9,7.4,24.0,-45.0,114.0,11.3,13.0,-0.3,79.6,41.0,18.7
2026-07-13,L_FRESNO_ESR1,QTEN24,9.9,11.1,24.0,-2.0,125.0,0.1,0.1,-0.0,97.5,41.0,18.7
2026-07-13,MADERO_ESR1,QTEN25,100.0,265.3,24.0,-1260.0,3076.0,161.0,234.5,39.1,553.8,41.0,18.7
2026-07-13,MADERO_ESR2,QTEN25,100.0,261.9,24.0,-1443.0,3053.0,161.4,240.6,32.1,599.4,41.0,18.7
2026-07-13,MAGNO_TN_ESR1,QSUE74,8.3,6.5,24.0,-16.0,108.0,10.1,11.1,-0.9,62.2,41.0,18.7
2026-07-13,MAYBERRY_ESR1,QTEN24,9.9,10.6,24.0,-2.0,122.0,0.1,0.2,-0.0,64.3,41.0,18.7
2026-07-13,MAYBERRY_ESR2,QTEN24,9.9,11.9,24.0,4.0,130.0,0.2,0.1,-0.0,124.2,41.0,18.7
2026-07-13,MESQUITE_ESR1,QTEN26,9.9,19.8,24.0,-437.0,238.0,5.5,21.3,15.4,0.0,41.0,18.7
2026-07-13,MIDP_SLR_ESR1,QTEN26,50.0,100.0,24.0,-353.0,1275.0,86.7,108.8,-0.9,323.9,41.0,18.7
2026-07-13,MIDWY_ESR1,QPROLO,9.9,10.6,23.8,11.0,136.0,5.9,6.8,0.0,215.4,41.0,18.7
2026-07-13,MOORE_FL_ESR1,QTEN30,10.0,11.4,24.0,-78.0,127.0,8.1,11.4,2.1,0.0,41.0,18.7
2026-07-13,MUENSTER_ESR1,QTEN30,10.0,12.6,24.0,-25.0,182.0,4.9,7.1,1.2,124.3,41.0,18.7
2026-07-13,MUSTNGCK_ESR1,QENE10,71.0,112.1,24.0,-218.0,1523.0,25.0,42.1,0.7,780.3,41.0,18.7
2026-07-13,MU_ESR1,QTEN26,9.9,19.5,24.0,-41.0,250.0,1.2,2.7,0.5,168.7,41.0,18.7
2026-07-13,MYR_ESR1,QTOTL5,74.3,106.3,24.0,-2261.0,1485.0,27.0,119.3,76.5,893.4,41.0,18.7
2026-07-13,MYR_ESR2,QTOTL5,45.1,48.3,24.0,-332.0,733.0,51.9,66.1,-0.3,262.1,41.0,18.7
2026-07-13,NCO_ESR1,QSHEL2,44.1,60.5,24.0,-354.0,791.0,0.3,13.3,1.4,286.4,41.0,18.7
2026-07-13,NF_BRP_ESR1,QSUE74,100.5,107.9,24.0,-799.0,1632.0,58.4,88.6,-8.3,779.5,41.0,18.7
2026-07-13,NOBLESLR_ESR1,QNGREN,61.4,51.2,24.0,255.0,825.0,56.2,55.7,-0.1,242.9,41.0,18.7
2026-07-13,NOBLESLR_ESR2,QNGREN,62.5,54.4,24.0,176.0,873.0,58.5,60.5,1.1,255.3,41.0,18.7
2026-07-13,NWF_ESR1,QDUKER,8.6,0.9,24.0,-225.0,21.0,0.2,7.6,-1.1,0.0,41.0,18.7
2026-07-13,N_ALAMO_ESR1,QTEN24,9.9,10.6,24.0,2.0,122.0,1.0,0.7,-0.3,65.5,41.0,18.7
2026-07-13,N_MERCED_ESR1,QTEN24,9.9,10.6,24.0,-20.0,122.0,0.1,0.8,0.5,50.3,41.0,18.7
2026-07-13,ODESW_ESR1,QSUE74,9.9,6.1,24.0,-80.0,98.0,10.6,13.8,1.2,77.7,41.0,18.7
2026-07-13,PAD1_ESS_ESR1,QCPSE,50.0,122.0,24.0,-17.0,1460.0,79.1,86.1,-9.7,56.5,41.0,18.7
2026-07-13,PAD2_ESS_ESR2,QCPSE,150.0,600.0,24.0,1302.0,5707.0,352.2,359.7,-51.1,87.4,41.0,18.7
2026-07-13,PALACIOS_ESR1,QTEN30,9.5,11.4,24.0,6.0,135.0,1.1,1.0,-0.8,0.0,41.0,18.7
2026-07-13,PALE_ESS_ESR1,QSUE74,200.0,198.7,24.0,-1910.0,3072.0,259.2,347.0,33.1,1065.7,41.0,18.7
2026-07-13,PAVO_ESS_ESR1,QSUE74,87.5,86.2,24.0,1255.0,1335.0,153.7,127.2,-49.8,702.2,41.0,18.7
2026-07-13,PAVO_ESS_ESR2,QSUE74,87.5,82.9,22.0,1205.0,1298.0,148.9,128.1,-48.3,607.5,41.0,18.7
2026-07-13,PEARSALL_ESR1,QTEN26,9.9,19.8,24.0,26.0,193.0,17.5,18.5,-1.3,81.6,41.0,18.7
2026-07-13,PHO_ESR1,QENE15,150.0,245.5,24.0,-1204.0,3304.0,10.8,60.1,15.5,1401.7,41.0,18.7
2026-07-13,PHO_ESR2,QENE15,150.0,243.1,24.0,-914.0,3258.0,5.0,39.3,-5.7,1358.3,41.0,18.7
2026-07-13,PINEFRST_ESR1,QTEN21,200.0,400.0,24.0,2889.0,5098.0,220.9,135.2,-127.5,37.3,41.0,18.7
2026-07-13,PIN_BESS_ESR1,QTEN34,175.0,334.3,24.0,1056.0,4322.0,40.8,16.1,-94.0,0.0,41.0,18.7
2026-07-13,PIRATE_ESR1,QTEN30,10.0,12.6,24.0,-11.0,165.0,2.2,2.7,12.5,87.6,41.0,18.7
2026-07-13,PLATINUM_ESR1,QSUE80,148.3,323.4,24.0,-2431.0,4014.0,332.0,422.0,19.5,1027.4,41.0,18.7
2026-07-13,PLATINUM_ESR2,QSUE80,151.7,311.9,24.0,-2188.0,3942.0,297.8,378.8,8.2,1016.5,41.0,18.7
2026-07-13,PRCRK_ESR1,QTEN24,9.9,13.1,24.0,-148.0,137.0,0.1,5.3,7.7,50.9,41.0,18.7
2026-07-13,PUEBLO_ESR1,QSUE74,8.3,7.4,24.0,-6.0,110.0,9.1,10.4,-1.2,70.4,41.0,18.7
2026-07-13,PUEBLO_ESR2,QSUE74,9.9,9.8,24.0,-13.0,140.0,11.0,12.4,-1.1,85.7,41.0,18.7
2026-07-13,PYOTE_ESR1,QJPEM,9.0,14.0,24.0,-53.0,193.0,8.4,12.1,2.1,109.2,41.0,18.7
2026-07-13,PYR_ESR1,QECNR,9.9,4.2,24.0,-29.0,84.0,0.0,1.0,0.0,0.0,41.0,18.7
2026-07-13,PYR_ESR2,QECNR,13.6,13.6,24.0,94.0,209.0,8.5,6.2,-4.8,26.0,41.0,18.7
2026-07-13,PYR_ESR3,QECNR,15.1,13.6,24.0,79.0,216.0,10.0,8.8,-3.7,23.5,41.0,18.7
2026-07-13,QTUM_SLR_ESR1,QTEN33,160.0,292.6,24.0,-180.0,3825.0,0.0,6.0,-5.3,0.0,41.0,18.7
2026-07-13,QTUM_SLR_ESR2,QTEN33,160.0,277.1,24.0,-188.0,3674.0,0.0,6.3,-4.7,0.0,41.0,18.7
2026-07-13,QUEEN_BA_ESR1,QENEL2,49.5,66.4,24.0,38.0,930.0,56.0,62.6,1.9,704.6,41.0,18.7
2026-07-13,RADN_SLR_ESR1,QIPRAD,78.1,141.1,22.8,95.0,1850.0,52.1,64.6,-147.8,1412.5,41.0,18.7
2026-07-13,RADN_SLR_ESR2,QIPRAD,81.9,150.3,23.3,598.0,1963.0,132.7,151.6,-157.0,1490.1,41.0,18.7
2026-07-13,RBN_ESR1,QTEN19,84.0,82.0,24.0,-748.0,1273.0,76.3,116.0,1.1,251.2,41.0,18.7
2026-07-13,RHA_ESR1,QTEN19,202.0,419.7,24.0,1866.0,5285.0,281.6,299.9,-32.2,0.0,41.0,18.7
2026-07-13,RIO_GRAN_ESR1,QTEN24,9.9,6.0,24.0,0.0,85.0,0.1,0.1,0.0,42.8,41.0,18.7
2026-07-13,RIO_GRAN_ESR2,QPROLO,7.0,14.5,24.0,-18.0,137.0,1.5,2.4,-0.6,98.9,41.0,18.7
2026-07-13,ROSELAND_ESR1,QENEL9,50.0,85.8,24.0,88.0,1141.0,14.7,15.5,-13.1,683.8,41.0,18.7
2026-07-13,RPUBRDS_ESR1,QSHEL2,50.0,59.5,24.0,-346.0,540.0,2.0,14.5,1.0,315.8,41.0,18.7
2026-07-13,RRANCHES_ESR1,QSUE51,150.0,345.8,24.0,-3211.0,4219.0,182.3,337.5,108.3,1123.4,41.0,18.7
2026-07-13,RRANCHES_ESR2,QSUE51,150.0,345.0,24.0,-2948.0,4213.0,146.2,283.3,97.5,1083.0,41.0,18.7
2026-07-13,RRC_WIND_ESR1,QFPL35,75.0,225.0,24.0,1420.0,2484.0,287.4,266.9,-39.8,0.0,41.0,18.7
2026-07-13,RRC_WIND_ESR2,QFPL35,75.0,225.0,24.0,1172.0,2484.0,285.5,274.9,-38.2,0.0,41.0,18.7
2026-07-13,RTLSNAKE_ESR1,QBEEP1,9.9,10.7,24.0,-2.0,107.0,1.6,1.8,-0.3,136.6,41.0,18.7
2026-07-13,RUSSEKST_ESR1,QBEEP1,9.9,10.7,24.0,-79.0,131.0,0.3,3.2,2.5,132.3,41.0,18.7
2026-07-13,RVRVLYS_ESR1,QSHEL2,50.5,114.3,24.0,-334.0,1401.0,139.3,173.6,-3.5,1022.0,41.0,18.7
2026-07-13,RVRVLYS_ESR2,QSHEL2,50.5,114.3,24.0,-45.0,1401.0,137.5,159.3,-6.3,1026.2,41.0,18.7
2026-07-13,SADLBACK_ESR1,QBEEP1,9.9,10.7,24.0,-5.0,107.0,1.6,1.8,-0.3,136.9,41.0,18.7
2026-07-13,SAH_ESR1,QGFEN,5.1,10.0,24.0,-446.0,128.0,0.0,14.8,3.2,0.0,41.0,18.7
2026-07-13,SANDLAKE_ESR1,QBEEP1,9.9,10.7,24.0,8.0,107.0,1.6,1.4,-0.6,137.4,41.0,18.7
2026-07-13,SBEAN_ESR1,QBEEP1,9.9,10.7,22.8,-13.0,107.0,1.6,2.1,0.1,130.2,41.0,18.7
2026-07-13,SEVNF_ES_ESR1,QTEN37,100.0,238.2,24.0,-1925.0,2874.0,187.0,241.0,1.3,1310.3,41.0,18.7
2026-07-13,SGAL_BES_ESR1,QJPEM,100.0,200.2,24.0,-1523.0,2551.0,125.1,202.3,39.1,1513.5,41.0,18.7
2026-07-13,SGAL_BES_ESR2,QJPEM2,100.0,203.0,24.0,-1003.0,2575.0,127.0,184.8,31.9,1525.0,41.0,18.7
2026-07-13,SGSA_ESR1,QAMA1,8.8,23.6,24.0,-101.0,278.0,10.3,15.1,3.8,0.9,41.0,18.7
2026-07-13,SHAMROCK_ESR1,QFPL40,99.4,297.9,24.0,3299.0,3289.0,405.0,346.8,-106.4,0.0,41.0,18.7
2026-07-13,SHEEPCRK_ESR1,QSUE70,135.0,172.9,24.0,-1721.0,2495.0,116.4,187.4,16.8,545.5,41.0,18.7
2026-07-13,SLCNHLS_ESR1,QSHEL2,50.0,56.5,24.0,-424.0,501.0,1.9,17.3,3.6,300.3,41.0,18.7
2026-07-13,SLCNHLS_ESR2,QSHEL2,50.0,57.9,24.0,-339.0,614.0,2.4,14.6,-0.7,301.7,41.0,18.7
2026-07-13,SLK_BESS_ESR1,QTEN34,200.0,400.0,24.0,-427.0,5098.0,309.7,382.6,4.5,0.0,41.0,18.7
2026-07-13,SMTH_ESS_ESR1,QSUE77,104.4,180.3,20.2,976.0,2395.0,140.6,140.4,-41.3,1534.1,41.0,18.7
2026-07-13,SOLC_SLR_ESR1,QTEN33,160.0,311.8,24.0,-226.0,4006.0,62.8,69.7,-27.7,0.0,41.0,18.7
2026-07-13,SOLC_SLR_ESR2,QTEN33,160.0,320.0,24.0,-746.0,4079.0,48.3,75.8,8.1,0.0,41.0,18.7
2026-07-13,SPTX12B_ESR1,QEDIS9,22.3,18.6,24.0,-55.0,299.0,18.4,23.3,0.0,10.2,41.0,18.7
2026-07-13,SP_ESR1,QTEN26,9.9,19.5,15.3,-46.0,221.0,0.4,1.9,-0.1,62.3,41.0,18.7
2026-07-13,STADIUM_ESR1,QTEN26,9.9,15.0,24.0,-301.0,206.0,3.9,15.7,10.6,0.0,41.0,18.7
2026-07-13,STAM_SLR_ESR1,QENE12,70.0,127.6,24.0,332.0,1669.0,18.4,10.5,-16.0,713.0,41.0,18.7
2026-07-13,STRG_SLR_ESR1,QECNR,101.9,192.7,24.0,1997.0,2492.0,372.2,303.7,-119.7,0.0,41.0,18.7
2026-07-13,SUNVASLR_ESR1,QSUE38,53.3,53.2,24.0,-648.0,822.0,51.7,70.8,1.4,311.1,41.0,18.7
2026-07-13,SUNVASLR_ESR2,QSUE38,46.7,46.8,24.0,-510.0,721.0,44.7,59.9,0.9,265.9,41.0,18.7
2026-07-13,SWEENY_ESR1,QSUE74,9.9,9.3,24.0,-34.0,135.0,12.9,14.5,-0.4,77.4,41.0,18.7
2026-07-13,SWOOSEII_ESR1,QMEA5,100.0,191.3,24.0,-5042.0,2472.0,0.0,181.4,172.4,1105.6,41.0,18.7
2026-07-13,SWTWR_ESR1,QTEN26,7.4,17.1,24.0,-190.0,195.0,4.4,11.9,-7.4,11.1,41.0,18.7
2026-07-13,S_SNROSA_ESR1,QTEN24,9.9,10.9,24.0,-3.0,124.0,0.1,0.1,-0.0,85.0,41.0,18.7
2026-07-13,TBWF_ESS_ESR1,QTEN29,150.0,342.3,24.0,-1001.0,4190.0,27.9,67.2,1.0,471.5,41.0,18.7
2026-07-13,TDWLPR_1_ESR1,QMEA6,100.0,223.7,24.0,-5842.0,2755.0,10.2,228.8,202.0,1612.0,41.0,18.7
2026-07-13,TDWLPR_1_ESR2,QMEA6,100.0,208.6,24.0,-5885.0,2625.0,10.1,230.6,192.8,1547.3,41.0,18.7
2026-07-13,TNFS_ESR1,QSYSO,9.9,18.0,24.0,-22.0,236.0,16.6,22.4,2.8,22.3,41.0,18.7
2026-07-13,TORT_ESS_ESR1,QSUE74,50.0,40.4,24.0,-373.0,661.0,68.9,83.5,0.1,277.9,41.0,18.7
2026-07-13,TSECA_ES_ESR1,QTEN36,100.0,238.2,24.0,-823.0,2874.0,31.4,59.2,6.9,217.8,41.0,18.7
2026-07-13,TURQBESS_ESR1,QHEI3,190.0,361.0,24.0,-1179.0,4673.0,278.3,346.5,-16.0,2816.4,41.0,18.7
2026-07-13,TV_ESR1,QAETE1,10.0,22.4,24.0,-29.0,276.0,0.8,1.8,0.2,187.0,41.0,18.7
2026-07-13,TYNAN_ESR1,QBEEP1,9.9,10.7,24.0,-5.0,126.0,0.1,0.3,-0.2,142.0,41.0,18.7
2026-07-13,UTOPIA_ESR1,QTEN30,9.5,12.7,24.0,-11.0,182.0,10.7,13.1,-0.8,0.0,41.0,18.7
2026-07-13,VERT_ESS_ESR1,QNRGTX,12.5,13.5,24.0,-412.0,204.0,0.0,13.7,13.5,0.0,41.0,18.7
2026-07-13,VORTEX_ESR1,QENEL8,121.8,202.0,24.0,1605.0,2709.0,129.8,107.8,-62.0,1077.2,41.0,18.7
2026-07-13,WAL_ESR1,QSUE92,200.0,400.0,24.0,-992.0,5098.0,229.5,300.6,45.7,4409.8,41.0,18.7
2026-07-13,WCOLLOCL_ESR1,QHABIT,8.4,3.1,24.0,-26.0,64.0,0.0,0.8,-0.2,95.6,41.0,18.7
2026-07-13,WFTANK_ESR1,QTEN28,150.0,169.5,24.0,-3407.0,2539.0,64.7,227.1,110.8,995.1,41.0,18.7
2026-07-13,WIG_ESS_ESR1,QHEI1,120.0,187.0,24.0,-650.0,2550.0,136.6,177.4,-5.1,1626.8,41.0,18.7
2026-07-13,WOVER_ESR1,QTEN26,5.5,12.9,24.0,-71.0,157.0,8.0,12.6,3.4,22.1,41.0,18.7
2026-07-13,WR_ESR1,QAETEL,9.9,22.4,24.0,-32.0,263.0,0.6,1.7,0.2,174.8,41.0,18.7
2026-07-13,W_HARLIN_ESR1,QTEN24,9.9,10.6,24.0,2.0,122.0,0.1,0.1,0.0,76.7,41.0,18.7
2026-07-13,X4_ESR1,QCPSE,10.0,8.5,24.0,-68.0,137.0,7.5,10.2,0.6,16.4,41.0,18.7
2026-07-13,Z0_ESR1,QTEN26,9.9,23.9,24.0,6.0,213.0,19.3,20.6,-0.1,0.0,41.0,18.7
2026-07-13,ZAPATA_ESR1,QSUE74,9.9,9.4,24.0,-213.0,136.0,8.5,15.6,4.8,105.5,41.0,18.7
2026-07-13,ZAPATA_ESR2,QSUE74,8.3,7.3,24.0,-191.0,110.0,6.9,13.0,4.1,86.7,41.0,18.7
2026-07-13,ZIER_SLR_ESR1,QTEN19,40.0,77.5,24.0,-661.0,997.0,0.5,22.7,7.8,520.7,41.0,18.7
2026-07-12,ABINDUST_ESR1,QMP2M1,9.9,25.9,24.0,195.0,402.0,12.3,10.3,-3.4,13.0,39.7,20.9
2026-07-12,AE_ESR1,QTEN26,9.9,19.1,24.0,-85.0,326.0,0.7,4.2,2.2,199.5,39.7,20.9
2026-07-12,ALAMO_ST_ESR1,QSYSO,9.9,18.0,24.0,12.0,312.0,16.8,19.4,0.6,65.7,39.7,20.9
2026-07-12,ALP_BESS_ESR1,QHEI1,100.3,161.7,24.0,849.0,2894.0,109.1,148.5,-4.1,1327.0,39.7,20.9
2026-07-12,ALVIN_ESR1,QSUE74,8.3,5.5,24.0,28.0,122.0,6.2,7.5,0.0,36.7,39.7,20.9
2026-07-12,ANCHOR_ESR1,QENE11,32.7,44.1,24.0,-390.0,823.0,3.4,23.6,14.2,305.5,39.7,20.9
2026-07-12,ANCHOR_ESR2,QENE11,33.5,45.3,24.0,-529.0,847.0,3.8,30.3,18.0,322.8,39.7,20.9
2026-07-12,ANDMDSLR_ESR1,QIPLU2,81.9,148.0,24.0,-2463.0,2572.0,4.5,109.3,85.6,1425.2,39.7,20.9
2026-07-12,ANDMDSLR_ESR2,QIPLU2,78.1,144.5,24.0,-702.0,2499.0,93.8,169.3,54.1,1479.6,39.7,20.9
2026-07-12,ANEM_ESS_ESR1,QSUE53,200.0,456.5,24.0,6545.0,7469.0,245.4,84.6,-226.3,2156.1,39.7,20.9
2026-07-12,ANGLETON_ESR1,QSUE74,9.9,8.2,24.0,47.0,173.0,7.7,9.6,0.4,54.9,39.7,20.9
2026-07-12,ANG_SLR_ESR1,QTEN26,100.0,189.1,24.0,-857.0,1091.0,0.0,32.8,-0.5,999.6,39.7,20.9
2026-07-12,ANTL_ESS_ESR1,QSU100,70.0,169.8,24.0,-1895.0,2737.0,127.1,232.3,73.9,591.8,39.7,20.9
2026-07-12,ARY_BESS_ESR1,QTEN32,20.0,180.0,24.0,-265.0,1368.0,0.0,9.9,-0.1,0.0,39.7,20.9
2026-07-12,AVIL_ESS_ESR1,QSU100,160.0,372.1,24.0,2119.0,5704.0,360.3,407.7,-10.8,1218.5,39.7,20.9
2026-07-12,AZURE_ESR1,QENEL6,77.6,127.2,24.0,-1558.0,2266.0,0.7,70.9,44.0,837.5,39.7,20.9
2026-07-12,BATCAVE_ESR1,QSUE74,100.5,106.9,24.0,-314.0,2126.0,47.8,89.6,7.8,245.1,39.7,20.9
2026-07-12,BAY_CITY_ESR1,QTEN24,9.9,11.2,24.0,-8.0,176.0,0.1,0.4,0.1,71.7,39.7,20.9
2026-07-12,BCK_ESR1,QHEI5,123.5,304.0,24.0,2848.0,4883.0,260.6,319.1,3.2,0.0,39.7,20.9
2026-07-12,BCK_ESR2,QHEI5,126.5,320.3,24.0,3002.0,5107.0,267.2,323.7,2.5,0.0,39.7,20.9
2026-07-12,BCNV_ESS_ESR1,QSHE11,148.9,300.0,24.0,-988.0,5074.0,24.6,59.5,2.8,1787.4,39.7,20.9
2026-07-12,BELD_ESR1,QJPEM,6.0,9.2,24.0,68.0,169.0,7.5,8.1,-0.4,77.8,39.7,20.9
2026-07-12,BEXAR_ES_ESR1,QTEN32,100.0,100.0,24.0,-515.0,2021.0,86.4,107.3,-0.8,1023.1,39.7,20.9
2026-07-12,BIG_STAR_ESR1,QECNR,80.0,108.0,24.0,-621.0,2021.0,57.0,125.7,47.7,0.0,39.7,20.9
2026-07-12,BKSL_ESS_ESR1,QESVEM,100.0,211.5,24.0,-4603.0,3529.0,114.8,325.4,176.4,618.2,39.7,20.9
2026-07-12,BLACKSPR_ESR1,QBROO2,112.7,228.0,24.0,-567.0,3849.0,92.0,149.3,20.5,1259.1,39.7,20.9
2026-07-12,BLSUMMIT_ESR1,QFPL12,30.0,9.7,24.0,-39.0,253.0,5.0,9.5,0.1,0.0,39.7,20.9
2026-07-12,BLSUMMIT_ESR2,QFPL48,150.0,450.0,24.0,5024.0,6818.0,428.6,503.9,0.0,0.0,39.7,20.9
2026-07-12,BLUEJAY_ESR1,QENEL7,50.0,86.2,24.0,-638.0,1515.0,0.4,29.3,17.3,555.9,39.7,20.9
2026-07-12,BLVN_SLR_ESR1,QSHEL8,180.0,360.0,24.0,1191.0,6096.0,62.8,42.7,-58.7,2144.6,39.7,20.9
2026-07-12,BOCO_ESS_ESR1,QTEN28,150.0,365.0,24.0,115.0,5881.0,198.9,355.3,106.5,2763.4,39.7,20.9
2026-07-12,BRAZORIA_ESR1,QSUE74,9.9,9.7,24.0,42.0,196.0,10.0,11.7,0.0,41.3,39.7,20.9
2026-07-12,BR_ARROW_ESR1,QECNR,48.3,93.9,24.0,-499.0,1601.0,47.3,101.2,44.8,131.3,39.7,20.9
2026-07-12,BR_ARROW_ESR2,QECNR,51.7,100.4,24.0,-399.0,1713.0,49.1,99.7,40.8,0.0,39.7,20.9
2026-07-12,BYP_ESR1,QEXELO,200.0,450.0,24.0,2626.0,7395.0,312.6,435.4,28.1,0.0,39.7,20.9
2026-07-12,BYRDR_ES_ESR1,QHABIT,50.0,59.4,24.0,534.0,1147.0,42.0,47.5,-3.5,573.4,39.7,20.9
2026-07-12,CACH_ESS_ESR1,QSU100,200.0,470.8,24.0,3823.0,7645.0,402.2,475.9,-4.6,1223.9,39.7,20.9
2026-07-12,CAMWIND_ESR1,QTEN26,16.4,33.9,24.0,-73.0,375.0,6.1,9.4,-0.1,171.1,39.7,20.9
2026-07-12,CARA_ESS_ESR1,QHEI8,98.3,196.7,24.0,481.0,3330.0,156.4,194.5,-1.4,1193.4,39.7,20.9
2026-07-12,CARN_ESS_ESR1,QSU100,150.0,329.3,24.0,2733.0,5440.0,304.9,361.7,1.2,977.3,39.7,20.9
2026-07-12,CARRIZO_ESR1,QTEN30,9.5,12.6,24.0,105.0,237.0,6.4,5.0,-2.5,79.3,39.7,20.9
2026-07-12,CARTWHL_ESR1,QECNR,150.0,283.3,24.0,-897.0,4869.0,150.2,299.4,115.5,0.0,39.7,20.9
2026-07-12,CASL_GAP_ESR1,QLUMN1,3.9,4.3,24.0,-93.0,86.0,0.3,4.7,3.0,0.0,39.7,20.9
2026-07-12,CAST_ESS_ESR1,QSUE79,200.0,411.7,24.0,2964.0,6917.0,346.6,444.0,21.8,850.6,39.7,20.9
2026-07-12,CATARINA_ESR1,QBEEP1,9.9,10.7,24.0,105.0,176.0,7.6,5.8,-3.7,117.4,39.7,20.9
2026-07-12,CEDRVALE_ESR1,QBEEP1,9.9,10.7,24.0,-33.0,169.0,0.1,1.4,0.9,137.3,39.7,20.9
2026-07-12,CFLAT_ES_ESR1,QTEN26,100.0,89.1,24.0,-454.0,1845.0,0.5,21.0,40.1,0.0,39.7,20.9
2026-07-12,CHERRYCR_ESR1,QBEEP1,9.9,10.7,24.0,-12.0,158.0,0.5,1.1,0.9,136.8,39.7,20.9
2026-07-12,CHIL_SLR_ESR1,QSUE88,150.0,323.1,24.0,666.0,5366.0,245.3,358.0,37.5,776.2,39.7,20.9
2026-07-12,CISC_ESR1,QBEEP1,9.9,10.7,24.0,47.0,176.0,8.9,10.5,0.9,130.7,39.7,20.9
2026-07-12,CITRUSCY_ESR1,QPROLO,7.0,14.5,24.0,-7.0,217.0,0.4,0.8,-0.3,107.0,39.7,20.9
2026-07-12,CLO_ESR1,QMEA1,100.0,201.9,24.0,1273.0,3410.0,163.1,204.1,6.4,1396.8,39.7,20.9
2026-07-12,CLO_ESR2,QMEA1,100.0,201.4,24.0,1346.0,3404.0,162.9,200.7,3.8,1431.5,39.7,20.9
2026-07-12,CNLY_ESS_ESR1,QSUE76,117.5,226.8,24.0,-2981.0,3877.0,230.2,399.1,120.2,2505.9,39.7,20.9
2026-07-12,CNTRY_ESR1,QPROLO,9.8,20.3,24.0,-280.0,292.0,0.2,13.4,11.8,150.0,39.7,20.9
2026-07-12,CNTYRDS_ESR1,QTEN26,9.9,24.7,24.0,52.0,395.0,35.4,42.3,2.2,0.0,39.7,20.9
2026-07-12,CORALSLR_ESR1,QNGRE1,48.4,58.3,24.0,685.0,1125.0,52.9,59.6,1.7,554.2,39.7,20.9
2026-07-12,CORALSLR_ESR2,QNGRE1,52.2,58.3,24.0,727.0,1147.0,52.9,57.6,2.6,607.5,39.7,20.9
2026-07-12,CORAZON_ESR1,QHEI4,200.0,254.0,24.0,928.0,4828.0,205.0,248.0,-3.0,1974.1,39.7,20.9
2026-07-12,COYOTSPR_ESR1,QBEEP1,9.9,10.7,24.0,-38.0,160.0,0.1,1.7,1.0,129.0,39.7,20.9
2026-07-12,CROSSETT_ESR1,QJPEM1,100.0,101.5,24.0,11.0,2043.0,59.2,84.5,12.0,1114.7,39.7,20.9
2026-07-12,CROSSETT_ESR2,QJPEM1,100.0,101.6,24.0,-59.0,2045.0,57.5,85.4,15.7,1182.1,39.7,20.9
2026-07-12,CROSSTRL_ESR1,QGRIE4,57.0,113.6,24.0,55.0,1925.0,82.4,113.1,0.6,445.1,39.7,20.9
2026-07-12,CR_ESR1,QPROLO,9.8,20.1,24.0,5.0,288.0,0.7,0.5,-0.0,174.3,39.7,20.9
2026-07-12,CS_ESR1,QTEN26,7.0,14.3,24.0,-31.0,232.0,1.4,2.4,0.0,132.0,39.7,20.9
2026-07-12,CTW_ESR1,QTOTL5,150.0,189.5,24.0,1247.0,3606.0,203.3,263.4,-2.4,1573.0,39.7,20.9
2026-07-12,DAN_ESR1,QTOTL4,75.3,102.2,24.0,720.0,1910.0,102.5,127.2,1.6,830.8,39.7,20.9
2026-07-12,DAN_ESR2,QTOTL4,71.7,106.5,24.0,696.0,1948.0,103.1,130.5,4.3,827.6,39.7,20.9
2026-07-12,DA_ESR1,QSHE16,4.0,9.5,24.0,153.0,154.0,6.9,4.7,-3.4,8.4,39.7,20.9
2026-07-12,DCSES_ESR1,QLUMN,66.5,66.4,24.0,-412.0,1075.0,0.0,15.5,-0.5,306.5,39.7,20.9
2026-07-12,DCSES_ESR2,QLUMN,66.5,66.4,24.0,-419.0,1075.0,0.0,15.8,0.0,305.9,39.7,20.9
2026-07-12,DCSES_ESR3,QLUMN,63.5,63.4,24.0,-409.0,1045.0,0.0,15.4,-0.4,295.7,39.7,20.9
2026-07-12,DCSES_ESR4,QLUMN,63.5,63.4,24.0,-409.0,1006.0,0.0,15.3,-0.5,293.5,39.7,20.9
2026-07-12,DESN_ESS_ESR1,QSUE79,200.0,450.5,24.0,2948.0,7395.0,384.9,501.6,34.2,833.8,39.7,20.9
2026-07-12,DGFS_ESR_ESR1,QTEN26,75.2,64.0,24.0,-61.0,1345.0,119.1,151.2,2.6,111.7,39.7,20.9
2026-07-12,DICKNSON_ESR1,QSUE74,8.3,6.4,24.0,36.0,137.0,8.6,10.1,-0.0,46.1,39.7,20.9
2026-07-12,DKNS_ESS_ESR1,QSUE74,50.0,50.2,24.0,532.0,1013.0,86.6,97.2,-4.7,324.7,39.7,20.9
2026-07-12,DKNS_ESS_ESR2,QSUE74,50.0,50.0,24.0,541.0,1011.0,87.0,96.8,-5.2,322.6,39.7,20.9
2026-07-12,DKNS_ESS_ESR3,QSUE74,50.0,50.4,24.0,527.0,1016.0,86.5,97.2,-4.7,323.4,39.7,20.9
2026-07-12,DKNS_ESS_ESR4,QSUE74,50.0,50.0,24.0,526.0,1011.0,86.4,97.2,-4.7,324.6,39.7,20.9
2026-07-12,DPCRK_ESR1,QTEN26,3.7,7.3,24.0,-166.0,124.0,1.1,9.1,6.8,0.0,39.7,20.9
2026-07-12,DSWL_ESS_ESR1,QPHIL3,150.0,330.0,24.0,2965.0,5449.0,300.3,357.3,-23.0,1328.2,39.7,20.9
2026-07-12,EBNY_ESS_ESR1,QSUE52,200.0,458.5,24.0,6836.0,7494.0,305.2,187.3,-191.5,1935.2,39.7,20.9
2026-07-12,ELMCRK_ESR1,QMP2M1,9.9,25.9,24.0,150.0,382.0,10.7,10.1,-2.1,3.5,39.7,20.9
2026-07-12,ELM_ST_ESR1,QTEN26,10.0,24.7,24.0,45.0,396.0,34.7,41.7,2.5,0.0,39.7,20.9
2026-07-12,ELM_ST_ESR2,QSYSO,9.9,18.0,24.0,9.0,312.0,17.1,20.5,1.6,66.0,39.7,20.9
2026-07-12,ELSA_ESR1,QTEN24,9.9,10.6,24.0,5.0,169.0,0.2,0.1,-0.0,71.6,39.7,20.9
2026-07-12,ELZA_SLR_ESR1,QENE16,100.0,148.9,24.0,-1303.0,2721.0,2.1,58.7,11.5,1379.4,39.7,20.9
2026-07-12,EMPCT_ESR1,QTEN24,9.9,13.1,24.0,-52.0,198.0,7.8,11.9,3.7,35.1,39.7,20.9
2026-07-12,ENDPARKS_ESR1,QGRIE4,50.0,102.4,24.0,-234.0,1723.0,66.5,80.6,-6.8,870.1,39.7,20.9
2026-07-12,ESTONIAN_ESR1,QENE14,101.6,162.6,24.0,-2977.0,2915.0,6.2,136.4,107.8,735.6,39.7,20.9
2026-07-12,EUNICE_ESR1,QTENSK,19.0,20.0,24.0,-135.0,310.0,1.4,6.7,0.4,372.8,39.7,20.9
2026-07-12,EVLN_ESS_ESR1,QSHE15,199.3,309.4,24.0,4744.0,5592.0,235.2,196.3,-82.0,0.0,39.7,20.9
2026-07-12,E_HARRIS_ESR1,QTEN26,9.9,20.0,24.0,-68.0,294.0,1.5,4.0,0.9,0.0,39.7,20.9
2026-07-12,FALFUR_ESR2,QTEN30,10.0,12.6,24.0,-1.0,186.0,2.9,3.5,-0.0,124.4,39.7,20.9
2026-07-12,FAULKNER_ESR1,QBEEP1,9.9,10.7,24.0,-35.0,158.0,0.1,1.6,0.9,136.6,39.7,20.9
2026-07-12,FENCESLR_ESR1,QENE13,65.3,107.4,24.0,-150.0,1912.0,1.0,7.9,1.7,735.7,39.7,20.9
2026-07-12,FERD_ESS_ESR1,QCPSE,200.0,950.0,24.0,5127.0,11826.0,448.2,451.0,-103.0,172.7,39.7,20.9
2026-07-12,FIVEWSLR_ESR1,QSUE61,220.0,250.0,24.0,669.0,4885.0,184.2,267.7,28.2,703.8,39.7,20.9
2026-07-12,FLAT_TOP_ESR1,QSHEL2,8.9,14.0,24.0,-342.0,250.0,0.2,13.9,10.5,41.3,39.7,20.9
2026-07-12,FLAT_TOP_ESR2,QJPEM,9.9,16.9,24.0,29.0,298.0,9.8,13.2,1.7,143.4,39.7,20.9
2026-07-12,FLOWERII_ESR1,QJPEM,100.0,195.8,24.0,339.0,3334.0,100.9,133.1,13.6,1564.3,39.7,20.9
2026-07-12,FORTMA_ESR1,QTEN30,10.0,12.6,24.0,20.0,240.0,4.7,5.7,-0.1,103.6,39.7,20.9
2026-07-12,FRMRSVLW_ESR1,QBEEP1,9.9,10.7,24.0,-99.0,176.0,2.9,8.3,4.4,129.6,39.7,20.9
2026-07-12,FRMRSVLW_ESR2,QTEN26,6.0,14.7,24.0,5.0,236.0,4.3,5.6,0.8,114.4,39.7,20.9
2026-07-12,FTDUNCAN_ESR1,QTEN26,100.0,205.5,24.0,2807.0,3455.0,151.6,120.7,-68.7,1829.8,39.7,20.9
2026-07-12,GAIA_SLR_ESR1,QTEN26,75.0,150.0,24.0,-1561.0,2540.0,2.8,78.0,72.9,0.0,39.7,20.9
2026-07-12,GAMBIT_ESR1,QSUE23,100.0,147.8,24.0,735.0,2698.0,99.5,125.5,-3.8,625.3,39.7,20.9
2026-07-12,GARCENO_ESR1,QTEN24,9.9,10.0,24.0,2.0,162.0,0.1,0.0,-0.0,60.2,39.7,20.9
2026-07-12,GEORSO_ESR1,QEDIS9,9.8,8.1,24.0,55.0,170.0,8.2,10.8,0.0,4.7,39.7,20.9
2026-07-12,GIGA_ESS_ESR1,QSUE55,123.8,220.1,24.0,-614.0,3838.0,139.2,191.2,20.4,2231.1,39.7,20.9
2026-07-12,GKS_BESS_ESR1,QTEN26,67.2,157.0,24.0,-491.0,2192.0,0.2,18.0,-0.8,294.2,39.7,20.9
2026-07-12,GODY_SLR_ESR1,QTEN26,50.9,188.5,24.0,286.0,2635.0,71.1,84.4,-43.0,0.0,39.7,20.9
2026-07-12,GOMZ_ESR1,QBEEP1,9.9,10.7,24.0,-30.0,160.0,0.1,1.5,1.0,136.9,39.7,20.9
2026-07-12,GOODWIN_ESR1,QTEN30,9.5,12.7,24.0,-6.0,197.0,1.6,2.0,0.0,97.3,39.7,20.9
2026-07-12,GRDNE_ESR1,QBEEP1,9.9,10.7,24.0,-46.0,160.0,0.1,2.1,1.5,136.8,39.7,20.9
2026-07-12,GRIZZLY_ESR1,QPRIO1,9.9,10.0,0.0,0.0,202.0,0.0,-0.0,0.0,0.0,39.7,20.9
2026-07-12,GZ_ESR1,QTEN30,9.5,12.7,24.0,-21.0,238.0,5.0,6.0,-0.7,103.0,39.7,20.9
2026-07-12,HAMILTON_ESR1,QBEEP1,9.9,10.7,24.0,-17.0,176.0,2.4,4.7,1.6,134.6,39.7,20.9
2026-07-12,HEADCAMP_ESR1,QTEN34,150.3,300.0,24.0,-589.0,5081.0,242.8,300.3,5.3,0.0,39.7,20.9
2026-07-12,HEARN_RD_ESR1,QTEN30,10.0,12.7,24.0,83.0,231.0,4.7,3.8,-1.3,0.0,39.7,20.9
2026-07-12,HEIGHTTN_ESR1,QSUE74,9.9,8.2,24.0,53.0,173.0,8.3,10.2,0.4,45.2,39.7,20.9
2026-07-12,HEN_ESR1,QECNR,150.0,302.2,24.0,-1907.0,5111.0,148.5,337.5,111.1,0.0,39.7,20.9
2026-07-12,HEN_ESR2,QECNR,81.6,284.1,23.9,-504.0,4143.0,0.5,19.4,-10.9,0.0,39.7,20.9
2026-07-12,HI_LONEB_ESR1,QENEL1,49.5,63.9,24.0,-386.0,1209.0,0.9,18.6,13.8,1058.7,39.7,20.9
2026-07-12,HLY_ESR1,QHEI1,102.2,172.9,24.0,741.0,3055.0,113.3,162.5,4.3,1377.3,39.7,20.9
2026-07-12,HLY_ESR2,QHEI1,101.8,167.9,24.0,782.0,2987.0,114.8,162.5,6.0,1369.8,39.7,20.9
2026-07-12,HMNG_ESS_ESR1,QMEA8,99.8,222.0,24.0,1549.0,3656.0,179.5,206.3,-12.6,1446.7,39.7,20.9
2026-07-12,HOUSEMTN_ESR1,QJPEM,60.0,127.5,24.0,-20.0,2125.0,57.4,82.9,5.0,1019.7,39.7,20.9
2026-07-12,HWY6_ESR1,QTEN26,9.9,24.7,24.0,251.0,395.0,34.8,38.4,-0.4,0.0,39.7,20.9
2026-07-12,HYDR_ESS_ESR1,QSUE74,200.0,199.4,24.0,989.0,4033.0,273.8,318.6,-2.4,1056.1,39.7,20.9
2026-07-12,INDL_ESR1,QECNR,9.9,4.2,24.0,-81.0,106.0,0.4,4.0,2.7,0.0,39.7,20.9
2026-07-12,INRT_W_ESR1,QFPL32,13.0,46.3,24.0,35.0,659.0,25.3,40.7,-0.2,0.0,39.7,20.9
2026-07-12,JADE_SLR_ESR1,QIPLUM,78.1,140.0,24.0,-305.0,2440.0,59.3,100.8,18.5,564.9,39.7,20.9
2026-07-12,JADE_SLR_ESR2,QIPLUM,81.9,151.0,24.0,-182.0,2613.0,78.0,122.0,17.1,569.5,39.7,20.9
2026-07-12,JAG_SLR_ESR1,QLCRA,150.0,300.0,24.0,462.0,5080.0,71.0,84.5,-14.0,1018.8,39.7,20.9
2026-07-12,JAG_SLR_ESR2,QMITS2,150.0,306.8,24.0,-1887.0,5164.0,149.9,345.6,153.6,0.0,39.7,20.9
2026-07-12,JAR_ESR1,QHEI1,147.0,264.0,24.0,1964.0,4595.0,213.1,259.3,13.8,2005.0,39.7,20.9
2026-07-12,JAR_ESR2,QHEI1,157.0,291.0,24.0,2241.0,5024.0,224.8,268.0,5.7,1984.7,39.7,20.9
2026-07-12,JDKNS_ESR1,QBEEP1,9.9,10.7,24.0,-50.0,160.0,0.2,2.3,1.5,136.9,39.7,20.9
2026-07-12,JUNORTH_ESR1,QTEN26,9.9,22.0,24.0,-25.0,363.0,4.1,5.8,0.5,0.0,39.7,20.9
2026-07-12,K0_ESR1,QSUE74,9.9,9.7,24.0,21.0,183.0,8.3,10.7,0.7,47.9,39.7,20.9
2026-07-12,KEG_ESR1,QEDF27,18.4,311.2,24.0,-2220.0,1258.0,156.4,268.6,73.1,0.0,39.7,20.9
2026-07-12,LANTANA_ESR1,QTEN26,9.9,20.1,24.0,-70.0,302.0,5.9,11.1,3.4,0.0,39.7,20.9
2026-07-12,LBRA_ESS_ESR1,QSUE48,200.0,200.0,24.0,-578.0,4045.0,102.1,184.3,18.3,324.0,39.7,20.9
2026-07-12,LIGSW_ESR1,QPROLO,9.8,9.5,24.0,-203.0,166.0,3.9,13.8,8.7,141.3,39.7,20.9
2026-07-12,LILY_ESR1,QENEL5,50.0,71.8,24.0,-346.0,1324.0,0.1,16.8,4.4,506.9,39.7,20.9
2026-07-12,LMO_ESR1,QSHEL2,99.9,243.5,24.0,1875.0,3920.0,196.0,249.7,0.5,700.9,39.7,20.9
2026-07-12,LONESTAR_ESR1,QBEEP1,9.9,10.7,24.0,-33.0,160.0,0.1,1.5,1.0,136.9,39.7,20.9
2026-07-12,LON_ESR1,QTEN26,174.0,347.7,24.0,-1340.0,5889.0,59.8,158.3,45.3,2497.2,39.7,20.9
2026-07-12,LOPENO_ESR1,QSUE74,9.9,9.8,24.0,2.0,184.0,8.1,10.4,0.9,66.0,39.7,20.9
2026-07-12,LOWR_ESS_ESR1,QEDI10,60.0,115.4,24.0,2064.0,1975.0,106.3,84.8,-31.1,525.4,39.7,20.9
2026-07-12,LUCKYBLU_ESR1,QBROO1,97.4,198.0,24.0,-2436.0,3338.0,64.5,168.8,69.4,1047.4,39.7,20.9
2026-07-12,L_463S_ESR1,QSUE74,9.9,7.3,24.0,42.0,148.0,8.5,10.2,0.1,53.3,39.7,20.9
2026-07-12,L_FRESNO_ESR1,QTEN24,9.9,11.1,24.0,1.0,176.0,0.2,0.1,-0.0,95.6,39.7,20.9
2026-07-12,MADERO_ESR1,QTEN25,100.0,265.3,24.0,311.0,4177.0,56.2,60.2,-30.4,585.6,39.7,20.9
2026-07-12,MADERO_ESR2,QTEN25,100.0,261.9,24.0,460.0,4138.0,57.3,57.3,-26.3,589.9,39.7,20.9
2026-07-12,MAGNO_TN_ESR1,QSUE74,8.3,6.5,24.0,17.0,139.0,6.1,8.3,0.8,37.8,39.7,20.9
2026-07-12,MAYBERRY_ESR1,QTEN24,9.9,10.6,24.0,-2.0,169.0,0.1,0.2,0.0,63.7,39.7,20.9
2026-07-12,MAYBERRY_ESR2,QTEN24,9.9,11.9,24.0,4.0,185.0,0.2,0.1,0.0,117.0,39.7,20.9
2026-07-12,MESQUITE_ESR1,QTEN26,9.9,19.8,24.0,231.0,320.0,18.1,19.9,-2.3,0.0,39.7,20.9
2026-07-12,MIDP_SLR_ESR1,QTEN26,50.0,100.0,24.0,787.0,1693.0,96.1,114.0,0.4,259.1,39.7,20.9
2026-07-12,MIDWY_ESR1,QPROLO,9.9,10.5,18.9,-211.0,179.0,0.8,11.0,9.3,101.0,39.7,20.9
2026-07-12,MNWLE_ESR1,QBEEP1,9.9,10.7,24.0,-88.0,176.0,0.1,3.9,3.2,136.3,39.7,20.9
2026-07-12,MOORE_FL_ESR1,QTEN30,10.0,11.4,24.0,-60.0,179.0,2.4,5.6,2.1,0.0,39.7,20.9
2026-07-12,MUENSTER_ESR1,QTEN30,10.0,12.6,24.0,-26.0,240.0,7.4,11.2,3.0,86.4,39.7,20.9
2026-07-12,MUSTNGCK_ESR1,QENE10,71.0,112.1,24.0,-362.0,2014.0,0.7,16.1,0.1,852.5,39.7,20.9
2026-07-12,MU_ESR1,QTEN26,9.9,19.5,24.0,-33.0,331.0,1.9,4.5,1.4,109.4,39.7,20.9
2026-07-12,MYR_ESR1,QTOTL5,74.3,106.3,24.0,2187.0,1962.0,117.8,93.4,-39.2,983.8,39.7,20.9
2026-07-12,MYR_ESR2,QTOTL5,45.0,48.3,24.0,497.0,958.0,51.2,60.1,-0.6,453.8,39.7,20.9
2026-07-12,NCO_ESR1,QSHEL2,44.1,60.5,24.0,-855.0,1128.0,1.7,40.2,25.2,209.7,39.7,20.9
2026-07-12,NF_BRP_ESR1,QSUE74,100.5,107.9,24.0,-223.0,2140.0,49.2,87.4,2.0,252.1,39.7,20.9
2026-07-12,NOBLESLR_ESR1,QNGREN,59.4,51.2,24.0,641.0,1072.0,50.8,53.6,0.3,313.1,39.7,20.9
2026-07-12,NOBLESLR_ESR2,QNGREN,62.5,54.4,24.0,635.0,1136.0,57.0,61.1,-1.0,312.5,39.7,20.9
2026-07-12,NWF_ESR1,QDUKER,8.6,0.6,24.0,-207.0,17.0,0.2,7.8,1.4,0.0,39.7,20.9
2026-07-12,N_ALAMO_ESR1,QTEN24,9.9,10.6,24.0,2.0,169.0,0.2,0.1,-0.0,67.1,39.7,20.9
2026-07-12,N_MERCED_ESR1,QTEN24,9.9,7.1,24.0,-8.0,125.0,0.1,0.3,1.1,43.8,39.7,20.9
2026-07-12,ODESW_ESR1,QSUE74,9.9,6.1,24.0,-33.0,130.0,10.2,14.0,2.0,66.0,39.7,20.9
2026-07-12,OLNEYTN_ESR1,QBEEP1,9.9,10.7,24.0,-90.0,176.0,0.1,4.1,3.5,138.0,39.7,20.9
2026-07-12,PAD1_ESS_ESR1,QCPSE,50.0,122.0,24.0,524.0,1964.0,81.1,91.4,-6.9,50.0,39.7,20.9
2026-07-12,PAD2_ESS_ESR2,QCPSE,150.0,600.0,24.0,1969.0,8122.0,254.7,314.5,4.0,38.5,39.7,20.9
2026-07-12,PALACIOS_ESR1,QTEN30,9.5,11.4,24.0,-88.0,184.0,0.8,5.2,4.4,0.0,39.7,20.9
2026-07-12,PALE_ESS_ESR1,QSUE74,200.0,202.0,24.0,1813.0,4073.0,262.7,306.2,-34.7,817.3,39.7,20.9
2026-07-12,PAVO_ESS_ESR1,QSUE74,87.5,85.9,24.0,-189.0,1743.0,121.4,158.6,29.5,624.1,39.7,20.9
2026-07-12,PAVO_ESS_ESR2,QSUE74,87.5,82.6,24.0,-284.0,1692.0,124.1,166.0,29.7,645.7,39.7,20.9
2026-07-12,PEARSALL_ESR1,QTEN26,9.9,19.8,24.0,532.0,285.0,17.8,4.0,-18.3,104.2,39.7,20.9
2026-07-12,PHO_ESR1,QENE15,150.0,232.2,24.0,-588.0,4189.0,3.8,32.6,-2.9,1719.3,39.7,20.9
2026-07-12,PHO_ESR2,QENE15,150.0,243.1,24.0,-998.0,4344.0,2.8,48.8,12.0,1751.4,39.7,20.9
2026-07-12,PINEFRST_ESR1,QTEN21,200.0,400.0,24.0,-5625.0,6774.0,208.7,504.5,213.8,17.9,39.7,20.9
2026-07-12,PIN_BESS_ESR1,QTEN34,175.0,396.7,24.0,-1413.0,6501.0,29.1,82.0,15.9,0.0,39.7,20.9
2026-07-12,PLATINUM_ESR1,QSUE80,148.3,323.4,24.0,1863.0,5352.0,262.2,339.0,9.7,500.0,39.7,20.9
2026-07-12,PLATINUM_ESR2,QSUE80,151.7,313.3,24.0,1328.0,5259.0,220.9,301.4,17.5,506.1,39.7,20.9
2026-07-12,PRCRK_ESR1,QTEN24,9.9,13.1,24.0,-41.0,198.0,7.6,11.1,3.3,27.7,39.7,20.9
2026-07-12,PUEBLO_ESR1,QSUE74,8.3,7.4,24.0,-49.0,146.0,7.8,12.5,2.9,40.0,39.7,20.9
2026-07-12,PUEBLO_ESR2,QSUE74,9.9,9.8,24.0,-22.0,184.0,7.0,11.5,2.7,47.9,39.7,20.9
2026-07-12,PYOTE_ESR1,QJPEM,9.0,14.0,24.0,53.0,255.0,7.3,8.4,-0.3,128.6,39.7,20.9
2026-07-12,PYR_ESR1,QECNR,9.9,4.2,24.0,-80.0,106.0,0.7,4.3,2.6,0.0,39.7,20.9
2026-07-12,PYR_ESR2,QECNR,13.5,13.6,24.0,-81.0,274.0,4.5,11.2,4.6,25.5,39.7,20.9
2026-07-12,PYR_ESR3,QECNR,15.1,13.6,24.0,-39.0,282.0,6.6,12.6,3.5,23.0,39.7,20.9
2026-07-12,QTUM_SLR_ESR1,QTEN33,160.0,292.8,24.0,-159.0,5071.0,0.0,5.9,-2.6,0.0,39.7,20.9
2026-07-12,QTUM_SLR_ESR2,QTEN33,160.0,281.0,24.0,-163.0,4918.0,0.0,6.1,2.1,0.0,39.7,20.9
2026-07-12,QUEEN_BA_ESR1,QENEL2,48.1,64.6,24.0,-554.0,1197.0,0.1,23.9,19.3,1009.7,39.7,20.9
2026-07-12,RADN_SLR_ESR1,QIPRAD,78.1,141.1,24.0,-780.0,2452.0,10.3,42.6,15.5,1188.6,39.7,20.9
2026-07-12,RADN_SLR_ESR2,QIPRAD,81.9,150.3,24.0,-1324.0,2602.0,93.7,163.0,46.2,1411.9,39.7,20.9
2026-07-12,RBN_ESR1,QTEN19,100.0,115.9,24.0,-594.0,2254.0,80.1,155.0,-3.2,178.6,39.7,20.9
2026-07-12,RHA_ESR1,QTEN19,200.0,419.7,24.0,4031.0,7016.0,128.2,34.4,-122.3,0.0,39.7,20.9
2026-07-12,RIO_GRAN_ESR1,QTEN24,7.0,6.0,24.0,-3.0,107.0,0.0,0.1,0.0,40.4,39.7,20.9
2026-07-12,RIO_GRAN_ESR2,QPROLO,7.0,14.5,24.0,-23.0,205.0,0.1,1.0,0.1,115.5,39.7,20.9
2026-07-12,ROSELAND_ESR1,QENEL9,50.0,85.8,24.0,-1187.0,1510.0,0.9,52.3,33.5,591.9,39.7,20.9
2026-07-12,RPUBRDS_ESR1,QSHEL2,50.0,59.5,24.0,-1341.0,1144.0,0.9,58.5,36.0,193.1,39.7,20.9
2026-07-12,RRANCHES_ESR1,QSUE51,150.0,345.8,24.0,2325.0,5645.0,203.4,192.4,-56.3,1413.9,39.7,20.9
2026-07-12,RRANCHES_ESR2,QSUE51,150.0,345.0,24.0,1903.0,5634.0,199.4,206.0,-45.4,1315.6,39.7,20.9
2026-07-12,RRC_WIND_ESR1,QFPL35,75.0,225.0,24.0,1616.0,3409.0,202.5,261.2,34.6,0.0,39.7,20.9
2026-07-12,RRC_WIND_ESR2,QFPL35,75.0,225.0,24.0,1682.0,3409.0,204.9,261.0,33.3,0.0,39.7,20.9
2026-07-12,RTLSNAKE_ESR1,QBEEP1,9.9,10.7,24.0,-28.0,151.0,0.1,1.3,0.8,137.3,39.7,20.9
2026-07-12,RUSSEKST_ESR1,QBEEP1,9.9,10.7,24.0,70.0,176.0,3.0,1.2,-2.4,134.4,39.7,20.9
2026-07-12,RVRVLYS_ESR1,QSHEL2,50.0,114.3,24.0,-874.0,1870.0,85.2,158.8,45.2,828.3,39.7,20.9
2026-07-12,RVRVLYS_ESR2,QSHEL2,50.0,104.6,24.0,-1159.0,1750.0,72.7,149.7,47.5,765.2,39.7,20.9
2026-07-12,SADLBACK_ESR1,QBEEP1,9.9,10.7,24.0,-42.0,160.0,0.1,1.8,1.1,137.0,39.7,20.9
2026-07-12,SANDLAKE_ESR1,QBEEP1,9.9,10.7,24.0,-37.0,160.0,0.1,1.8,1.4,137.9,39.7,20.9
2026-07-12,SEVNF_ES_ESR1,QTEN37,100.0,238.2,24.0,-896.0,3856.0,157.7,207.0,-2.2,1323.6,39.7,20.9
2026-07-12,SGAL_BES_ESR1,QJPEM,100.0,197.5,24.0,-34.0,3355.0,99.7,147.1,10.5,1617.2,39.7,20.9
2026-07-12,SGAL_BES_ESR2,QJPEM2,100.0,203.0,24.0,199.0,3423.0,97.9,132.8,13.2,1685.2,39.7,20.9
2026-07-12,SGSA_ESR1,QAMA1,9.9,23.6,24.0,13.0,382.0,2.5,3.7,-1.0,0.1,39.7,20.9
2026-07-12,SHAMROCK_ESR1,QFPL40,99.3,297.9,24.0,3761.0,4513.0,346.4,338.1,-42.6,0.0,39.7,20.9
2026-07-12,SHEEPCRK_ESR1,QSUE70,135.0,172.9,24.0,211.0,3279.0,196.5,265.7,4.1,752.1,39.7,20.9
2026-07-12,SLCNHLS_ESR1,QSHEL2,48.5,54.7,24.0,-848.0,1069.0,0.8,36.3,17.3,227.1,39.7,20.9
2026-07-12,SLCNHLS_ESR2,QSHEL2,50.0,60.1,24.0,-949.0,1160.0,1.2,42.3,19.4,254.0,39.7,20.9
2026-07-12,SLK_BESS_ESR1,QTEN34,200.4,400.0,24.0,-2332.0,6775.0,78.6,169.9,57.5,0.0,39.7,20.9
2026-07-12,SMTH_ESS_ESR1,QSUE77,104.3,207.4,24.0,-3213.0,3521.0,102.8,251.0,123.1,2229.0,39.7,20.9
2026-07-12,SOLC_SLR_ESR1,QTEN33,160.0,311.9,24.0,-5.0,5317.0,0.1,0.3,-23.6,0.0,39.7,20.9
2026-07-12,SOLC_SLR_ESR2,QTEN33,160.0,320.0,24.0,-6.0,5418.0,0.1,0.3,-27.7,0.0,39.7,20.9
2026-07-12,SPTX12B_ESR1,QEDIS9,22.3,18.5,24.0,35.0,389.0,17.8,23.3,-0.0,8.5,39.7,20.9
2026-07-12,SP_ESR1,QTEN26,9.9,19.5,24.0,-45.0,302.0,0.2,2.0,0.0,105.9,39.7,20.9
2026-07-12,STADIUM_ESR1,QTEN26,9.9,17.6,24.0,-8.0,306.0,12.3,19.2,1.9,0.0,39.7,20.9
2026-07-12,STAM_SLR_ESR1,QENE12,70.0,124.4,24.0,-1464.0,2171.0,0.8,70.4,69.4,742.5,39.7,20.9
2026-07-12,STRG_SLR_ESR1,QECNR,98.4,193.0,24.0,-1687.0,3288.0,63.2,189.8,118.2,0.0,39.7,20.9
2026-07-12,SUNVASLR_ESR1,QSUE38,53.3,53.2,24.0,-89.0,1077.0,33.6,56.3,7.2,139.4,39.7,20.9
2026-07-12,SUNVASLR_ESR2,QSUE38,46.7,46.8,24.0,-84.0,945.0,27.8,47.2,6.2,118.6,39.7,20.9
2026-07-12,SWEENY_ESR1,QSUE74,9.9,9.1,24.0,56.0,175.0,8.3,10.3,0.4,41.3,39.7,20.9
2026-07-12,SWOOSEII_ESR1,QMEA5,100.0,191.4,24.0,814.0,3278.0,134.4,179.0,2.5,1370.7,39.7,20.9
2026-07-12,SWTWR_ESR1,QTEN26,7.4,17.1,24.0,-85.0,266.0,12.4,18.0,6.7,30.7,39.7,20.9
2026-07-12,S_SNROSA_ESR1,QTEN24,9.9,10.9,24.0,-1.0,173.0,0.1,0.1,-0.1,82.6,39.7,20.9
2026-07-12,TBWF_ESS_ESR1,QTEN29,150.0,342.3,24.0,-812.0,5601.0,26.2,61.5,-1.2,389.0,39.7,20.9
2026-07-12,TDWLPR_1_ESR1,QMEA6,100.2,223.7,24.0,1533.0,3680.0,177.7,216.8,-0.3,1466.9,39.7,20.9
2026-07-12,TDWLPR_1_ESR2,QMEA6,100.0,208.6,24.0,1515.0,3492.0,169.0,203.4,5.5,1403.4,39.7,20.9
2026-07-12,TNFS_ESR1,QSYSO,9.9,18.0,24.0,-17.0,312.0,16.2,20.8,2.5,39.1,39.7,20.9
2026-07-12,TORT_ESS_ESR1,QSUE74,50.0,39.9,24.0,320.0,852.0,44.0,55.1,0.1,164.5,39.7,20.9
2026-07-12,TSECA_ES_ESR1,QTEN36,100.0,238.2,24.0,-429.0,3856.0,67.1,73.8,-15.7,213.9,39.7,20.9
2026-07-12,TURQBESS_ESR1,QHEI3,190.0,361.0,24.0,1845.0,6195.0,271.0,313.1,-1.1,2310.9,39.7,20.9
2026-07-12,TV_ESR1,QAETE1,10.0,22.4,24.0,-19.0,368.0,0.4,1.3,-0.5,140.1,39.7,20.9
2026-07-12,TYNAN_ESR1,QBEEP1,9.9,10.7,24.0,-18.0,174.0,0.1,0.9,0.3,140.1,39.7,20.9
2026-07-12,UTOPIA_ESR1,QTEN30,9.9,12.7,24.0,210.0,241.0,10.3,7.8,-4.5,0.0,39.7,20.9
2026-07-12,VORTEX_ESR1,QENEL8,121.8,197.0,24.0,-3041.0,3522.0,4.6,139.4,95.0,1180.2,39.7,20.9
2026-07-12,WAL_ESR1,QSUE92,200.0,400.0,24.0,491.0,6774.0,331.5,387.7,18.0,4703.8,39.7,20.9
2026-07-12,WCOLLOCL_ESR1,QHABIT,8.4,3.1,24.0,-15.0,79.0,0.0,0.6,0.2,97.0,39.7,20.9
2026-07-12,WFTANK_ESR1,QTEN28,150.0,169.5,24.0,1895.0,3325.0,117.8,105.3,-41.8,2442.4,39.7,20.9
2026-07-12,WIG_ESS_ESR1,QHEI1,120.0,187.0,24.0,211.0,3376.0,108.9,151.4,-2.3,1420.7,39.7,20.9
2026-07-12,WOVER_ESR1,QTEN26,5.1,12.9,24.0,-141.0,207.0,7.9,16.7,7.8,16.8,39.7,20.9
2026-07-12,WR_ESR1,QAETEL,9.9,22.4,24.0,-20.0,355.0,0.6,1.4,-0.1,135.2,39.7,20.9
2026-07-12,W_HARLIN_ESR1,QTEN24,9.9,10.6,24.0,4.0,169.0,0.2,0.1,0.0,73.3,39.7,20.9
2026-07-12,X4_ESR1,QCPSE,10.0,8.5,24.0,14.0,179.0,8.3,10.8,0.6,16.7,39.7,20.9
2026-07-12,Z0_ESR1,QTEN26,9.9,23.9,24.0,241.0,327.0,23.6,25.2,-0.2,0.0,39.7,20.9
2026-07-12,ZAPATA_ESR1,QSUE74,9.9,9.4,24.0,5.0,179.0,7.9,10.0,0.3,67.3,39.7,20.9
2026-07-12,ZAPATA_ESR2,QSUE74,8.3,7.3,24.0,-6.0,146.0,5.7,7.8,0.4,51.3,39.7,20.9
2026-07-12,ZIER_SLR_ESR1,QTEN19,40.0,77.5,24.0,-259.0,1323.0,10.3,25.8,1.8,423.5,39.7,20.9
2026-07-11,ABINDUST_ESR1,QMP2M1,9.9,25.9,24.0,-139.0,529.0,12.7,29.0,13.6,18.7,46.0,31.5
2026-07-11,ADL_ESR1,QTEN26,60.0,54.6,24.0,-1792.0,2181.0,0.0,74.0,55.2,545.9,46.0,31.5
2026-07-11,AE_ESR1,QTEN26,9.9,19.1,24.0,-211.0,504.0,2.8,14.9,10.1,158.8,46.0,31.5
2026-07-11,ALAMO_ST_ESR1,QSYSO,9.9,18.0,24.0,-187.0,496.0,6.5,20.4,11.5,37.4,46.0,31.5
2026-07-11,ALP_BESS_ESR1,QHEI1,100.3,166.1,24.0,-143.0,4883.0,106.5,152.4,4.5,1444.3,46.0,31.5
2026-07-11,ALVIN_ESR1,QSUE74,8.3,5.4,24.0,19.0,243.0,5.8,7.2,0.1,39.3,46.0,31.5
2026-07-11,ANCHOR_ESR1,QENE11,31.5,41.2,24.0,-1.0,1403.0,15.7,27.3,3.0,285.2,46.0,31.5
2026-07-11,ANCHOR_ESR2,QENE11,33.5,47.0,24.0,14.0,1547.0,21.8,39.7,8.2,344.8,46.0,31.5
2026-07-11,ANDMDSLR_ESR1,QIPLU2,81.9,148.0,24.0,-174.0,4105.0,91.2,167.2,59.1,869.4,46.0,31.5
2026-07-11,ANDMDSLR_ESR2,QIPLU2,78.1,144.4,24.0,1679.0,3943.0,149.7,173.1,6.0,686.9,46.0,31.5
2026-07-11,ANEM_ESS_ESR1,QSUE53,200.0,456.5,24.0,-9352.0,10686.0,65.8,471.8,388.2,1800.8,46.0,31.5
2026-07-11,ANGLETON_ESR1,QSUE74,9.9,8.2,24.0,49.0,340.0,7.9,9.1,-0.1,55.2,46.0,31.5
2026-07-11,ANG_SLR_ESR1,QTEN26,100.0,188.4,24.0,-1271.0,3142.0,10.9,63.5,20.4,1315.0,46.0,31.5
2026-07-11,ANTL_ESS_ESR1,QSU100,70.0,169.8,24.0,341.0,3801.0,128.8,186.1,30.9,420.3,46.0,31.5
2026-07-11,ARY_BESS_ESR1,QTEN32,20.0,180.0,24.0,-272.0,1340.0,0.0,9.9,-0.2,0.0,46.0,31.5
2026-07-11,AVIL_ESS_ESR1,QSU100,160.0,372.0,24.0,376.0,7630.0,314.6,431.3,55.9,1181.0,46.0,31.5
2026-07-11,AZURE_ESR1,QENEL6,77.6,127.2,24.0,-1509.0,3772.0,46.3,148.9,70.6,479.2,46.0,31.5
2026-07-11,BATCAVE_ESR1,QSUE74,100.5,107.9,24.0,-337.0,4031.0,54.7,90.5,0.6,290.2,46.0,31.5
2026-07-11,BAY_CITY_ESR1,QTEN24,9.9,11.2,24.0,-39.0,259.0,0.1,1.7,1.3,72.5,46.0,31.5
2026-07-11,BCK_ESR1,QHEI5,123.5,304.0,24.0,951.0,6734.0,266.2,319.8,-2.8,0.0,46.0,31.5
2026-07-11,BCK_ESR2,QHEI5,126.5,320.3,24.0,900.0,6952.0,272.6,330.1,2.6,0.0,46.0,31.5
2026-07-11,BCNV_ESS_ESR1,QSHE11,149.9,300.0,24.0,-7387.0,7725.0,6.8,358.3,293.3,1068.5,46.0,31.5
2026-07-11,BELD_ESR1,QJPEM,6.0,9.4,24.0,-80.0,300.0,4.6,11.4,4.9,64.5,46.0,31.5
2026-07-11,BEXAR_ES_ESR1,QTEN32,100.0,100.0,24.0,-358.0,3856.0,44.7,62.0,-0.1,1283.2,46.0,31.5
2026-07-11,BIG_STAR_ESR1,QECNR,80.0,108.0,24.0,747.0,3609.0,109.0,123.4,-2.6,0.0,46.0,31.5
2026-07-11,BKSL_ESS_ESR1,QESVEM,100.0,211.5,24.0,2191.0,5230.0,194.4,235.4,3.1,554.7,46.0,31.5
2026-07-11,BLACKSPR_ESR1,QBROO2,120.0,228.5,24.0,-2481.0,6091.0,105.7,276.4,104.6,1051.8,46.0,31.5
2026-07-11,BLSUMMIT_ESR1,QFPL12,30.0,9.7,24.0,-72.0,528.0,4.9,9.3,0.2,0.0,46.0,31.5
2026-07-11,BLSUMMIT_ESR2,QFPL48,150.0,450.0,24.0,5757.0,8644.0,507.4,527.6,-69.5,0.0,46.0,31.5
2026-07-11,BLUEJAY_ESR1,QENEL7,50.0,86.2,24.0,-1398.0,2473.0,17.4,96.3,60.1,302.9,46.0,31.5
2026-07-11,BLVN_SLR_ESR1,QSHEL8,180.0,360.0,24.0,-10348.0,9296.0,52.8,513.5,360.0,1305.7,46.0,31.5
2026-07-11,BOCO_ESS_ESR1,QTEN28,150.1,365.0,24.0,2790.0,8166.0,290.1,394.6,42.0,1691.4,46.0,31.5
2026-07-11,BRAZORIA_ESR1,QSUE74,9.9,9.5,24.0,60.0,372.0,8.8,9.7,-0.6,46.6,46.0,31.5
2026-07-11,BR_ARROW_ESR1,QECNR,48.3,93.5,24.0,1403.0,2463.0,88.0,66.7,-33.8,97.8,46.0,31.5
2026-07-11,BR_ARROW_ESR2,QECNR,51.7,100.4,24.0,1316.0,2639.0,88.6,71.9,-29.3,0.0,46.0,31.5
2026-07-11,BYP_ESR1,QEXELO,200.0,450.0,24.0,-810.0,10661.0,356.0,568.4,112.5,0.0,46.0,31.5
2026-07-11,BYRDR_ES_ESR1,QHABIT,50.0,59.4,24.0,-1.0,2119.0,39.6,52.9,5.2,610.4,46.0,31.5
2026-07-11,CACH_ESS_ESR1,QSU100,200.0,471.0,24.0,107.0,10773.0,388.4,535.2,76.5,1082.4,46.0,31.5
2026-07-11,CAMWIND_ESR1,QTEN26,16.4,34.6,24.0,-151.0,577.0,6.9,16.1,5.2,186.2,46.0,31.5
2026-07-11,CARA_ESS_ESR1,QHEI8,98.3,196.7,24.0,805.0,5064.0,153.2,191.5,-13.1,1478.7,46.0,31.5
2026-07-11,CARN_ESS_ESR1,QSU100,150.0,329.2,24.0,122.0,7925.0,304.9,372.2,14.7,1012.0,46.0,31.5
2026-07-11,CARRIZO_ESR1,QTEN30,9.5,12.6,24.0,-108.0,426.0,5.6,13.9,7.2,72.1,46.0,31.5
2026-07-11,CARTWHL_ESR1,QECNR,150.0,283.3,24.0,1374.0,7593.0,242.2,281.1,-4.9,0.0,46.0,31.5
2026-07-11,CASL_GAP_ESR1,QLUMN1,3.9,4.3,24.0,37.0,160.0,3.5,5.7,1.1,0.0,46.0,31.5
2026-07-11,CAST_ESS_ESR1,QSUE79,200.0,415.9,24.0,2195.0,10411.0,394.4,462.9,3.0,1085.8,46.0,31.5
2026-07-11,CATARINA_ESR1,QBEEP1,9.9,10.7,24.0,107.0,280.0,4.8,2.1,-3.6,157.8,46.0,31.5
2026-07-11,CEDRVALE_ESR1,QBEEP1,9.9,10.7,24.0,-27.0,280.0,5.2,7.8,1.6,149.8,46.0,31.5
2026-07-11,CFLAT_ES_ESR1,QTEN26,100.0,44.2,24.0,-124.0,2217.0,0.0,4.5,-20.8,0.0,46.0,31.5
2026-07-11,CHERRYCR_ESR1,QBEEP1,9.9,10.7,24.0,-0.0,280.0,5.0,6.5,1.4,150.5,46.0,31.5
2026-07-11,CHIL_SLR_ESR1,QSUE88,150.0,323.1,24.0,1071.0,7884.0,281.4,365.8,5.1,744.6,46.0,31.5
2026-07-11,CISC_ESR1,QBEEP1,9.9,10.7,24.0,0.0,280.0,5.3,9.0,3.1,116.8,46.0,31.5
2026-07-11,CITRUSCY_ESR1,QPROLO,7.0,14.5,24.0,-241.0,296.0,1.8,13.2,10.2,71.4,46.0,31.5
2026-07-11,CLO_ESR1,QMEA1,100.0,201.9,24.0,1427.0,5165.0,168.9,199.0,-5.4,1240.2,46.0,31.5
2026-07-11,CLO_ESR2,QMEA1,100.0,201.4,24.0,1363.0,5161.0,167.1,199.6,-5.5,1304.2,46.0,31.5
2026-07-11,CNLY_ESS_ESR1,QSUE76,117.7,226.5,24.0,-40.0,5997.0,272.0,379.6,63.0,2219.8,46.0,31.5
2026-07-11,CNTRY_ESR1,QPROLO,9.8,20.3,24.0,-73.0,368.0,12.6,23.2,7.9,125.3,46.0,31.5
2026-07-11,CNTYRDS_ESR1,QTEN26,9.9,24.7,24.0,57.0,542.0,23.6,33.1,6.2,0.0,46.0,31.5
2026-07-11,CORALSLR_ESR1,QNGRE1,48.4,58.3,24.0,497.0,2073.0,58.3,62.3,-0.3,572.7,46.0,31.5
2026-07-11,CORALSLR_ESR2,QNGRE1,52.2,58.3,24.0,424.0,2144.0,59.0,66.3,0.1,585.5,46.0,31.5
2026-07-11,CORAZON_ESR1,QHEI4,200.0,254.0,24.0,49.0,8795.0,199.4,248.9,-9.6,2478.6,46.0,31.5
2026-07-11,COYOTSPR_ESR1,QBEEP1,9.9,10.7,24.0,-22.0,280.0,5.2,7.6,1.5,140.4,46.0,31.5
2026-07-11,CROSSETT_ESR1,QJPEM1,100.0,101.5,24.0,-1020.0,3888.0,43.2,115.0,65.0,945.4,46.0,31.5
2026-07-11,CROSSETT_ESR2,QJPEM1,100.0,101.6,24.0,-811.0,3891.0,45.4,110.1,60.0,986.5,46.0,31.5
2026-07-11,CROSSTRL_ESR1,QGRIE4,57.0,113.6,24.0,-76.0,2933.0,108.0,134.9,-3.7,293.0,46.0,31.5
2026-07-11,CR_ESR1,QPROLO,9.8,20.1,24.0,-543.0,448.0,0.4,22.4,18.8,125.6,46.0,31.5
2026-07-11,CS_ESR1,QTEN26,7.0,14.3,24.0,-213.0,333.0,0.7,9.8,8.1,122.5,46.0,31.5
2026-07-11,CTW_ESR1,QTOTL5,150.0,193.6,24.0,-295.0,6656.0,316.9,399.9,-2.3,962.7,46.0,31.5
2026-07-11,DAN_ESR1,QTOTL4,75.3,102.2,24.0,525.0,3405.0,145.2,177.1,2.6,531.4,46.0,31.5
2026-07-11,DAN_ESR2,QTOTL4,71.7,106.5,24.0,612.0,3382.0,149.0,177.7,0.7,535.9,46.0,31.5
2026-07-11,DA_ESR1,QSHE16,4.0,9.6,24.0,-54.0,217.0,3.9,9.4,5.6,3.9,46.0,31.5
2026-07-11,DCSES_ESR1,QLUMN,66.5,66.4,24.0,-1157.0,2563.0,0.0,49.6,32.3,310.2,46.0,31.5
2026-07-11,DCSES_ESR2,QLUMN,66.5,66.4,24.0,-1154.0,2563.0,0.0,49.0,34.2,303.4,46.0,31.5
2026-07-11,DCSES_ESR3,QLUMN,63.5,63.4,24.0,-979.0,2448.0,0.0,43.6,32.6,305.2,46.0,31.5
2026-07-11,DCSES_ESR4,QLUMN,63.5,60.4,24.0,-1011.0,2374.0,0.0,45.2,28.4,300.5,46.0,31.5
2026-07-11,DESN_ESS_ESR1,QSUE79,200.0,450.4,24.0,2856.0,10642.0,430.6,510.7,2.5,982.9,46.0,31.5
2026-07-11,DGFS_ESR_ESR1,QTEN26,75.1,64.0,24.0,-180.0,2623.0,68.3,93.1,1.7,62.3,46.0,31.5
2026-07-11,DIBOL_ESR1,QBEEP1,9.9,10.7,24.0,-205.0,280.0,0.1,9.1,8.4,119.4,46.0,31.5
2026-07-11,DICKNSON_ESR1,QSUE74,8.3,6.3,24.0,-47.0,270.0,7.8,11.0,1.7,45.4,46.0,31.5
2026-07-11,DKNS_ESS_ESR1,QSUE74,50.0,49.6,24.0,356.0,1917.0,83.6,93.6,-1.1,288.6,46.0,31.5
2026-07-11,DKNS_ESS_ESR2,QSUE74,50.0,49.2,24.0,305.0,1909.0,82.1,92.9,-1.3,288.8,46.0,31.5
2026-07-11,DKNS_ESS_ESR3,QSUE74,50.0,50.2,24.0,345.0,1933.0,84.7,94.4,-1.5,290.3,46.0,31.5
2026-07-11,DKNS_ESS_ESR4,QSUE74,50.0,49.8,24.0,390.0,1923.0,85.1,93.5,-2.9,292.8,46.0,31.5
2026-07-11,DPCRK_ESR1,QTEN26,7.5,15.1,24.0,-31.0,349.0,9.2,16.4,0.0,0.0,46.0,31.5
2026-07-11,DSWL_ESS_ESR1,QPHIL3,150.0,330.0,24.0,1861.0,7930.0,296.3,400.4,37.1,1070.0,46.0,31.5
2026-07-11,EBNY_ESS_ESR1,QSUE52,200.0,458.5,24.0,-6820.0,10700.0,167.5,529.3,320.7,1723.8,46.0,31.5
2026-07-11,ELMCRK_ESR1,QMP2M1,9.9,25.9,24.0,-171.0,482.0,8.7,24.5,13.4,12.7,46.0,31.5
2026-07-11,ELM_ST_ESR1,QTEN26,10.0,24.7,24.0,54.0,545.0,23.7,33.3,6.0,0.0,46.0,31.5
2026-07-11,ELM_ST_ESR2,QSYSO,9.9,18.0,24.0,-251.0,496.0,5.6,22.3,14.1,25.1,46.0,31.5
2026-07-11,ELSA_ESR1,QTEN24,9.9,10.6,24.0,4.0,255.0,0.2,0.1,-0.0,80.3,46.0,31.5
2026-07-11,ELZA_SLR_ESR1,QENE16,100.0,146.7,24.0,-2109.0,4676.0,20.9,126.4,61.9,1253.3,46.0,31.5
2026-07-11,EMPCT_ESR1,QTEN24,9.9,13.1,24.0,66.0,270.0,7.2,9.2,1.0,43.4,46.0,31.5
2026-07-11,ENDPARKS_ESR1,QGRIE4,50.0,102.4,24.0,-88.0,2592.0,45.8,57.6,0.6,647.8,46.0,31.5
2026-07-11,ESTONIAN_ESR1,QENE14,101.6,162.6,24.0,681.0,4892.0,122.6,201.4,42.0,441.2,46.0,31.5
2026-07-11,EUNICE_ESR1,QTENSK,19.0,20.0,24.0,-337.0,443.0,0.4,15.6,10.1,245.6,46.0,31.5
2026-07-11,EVLN_ESS_ESR1,QSHE15,195.6,304.2,24.0,1034.0,9335.0,223.6,370.5,91.4,0.0,46.0,31.5
2026-07-11,E_HARRIS_ESR1,QTEN26,9.9,20.0,24.0,-341.0,391.0,1.6,18.2,14.6,0.0,46.0,31.5
2026-07-11,FALFUR_ESR1,QBEEP1,9.9,10.7,24.0,-148.0,280.0,0.9,8.1,6.5,126.9,46.0,31.5
2026-07-11,FALFUR_ESR2,QTEN30,10.0,12.6,24.0,-116.0,230.0,1.4,7.6,5.0,125.2,46.0,31.5
2026-07-11,FAULKNER_ESR1,QBEEP1,9.9,10.7,24.0,-27.0,280.0,5.1,7.8,1.4,148.4,46.0,31.5
2026-07-11,FENCESLR_ESR1,QENE13,65.3,107.4,24.0,-1288.0,3172.0,0.6,57.0,67.8,792.0,46.0,31.5
2026-07-11,FERD_ESS_ESR1,QCPSE,200.0,950.0,24.0,-889.0,12904.0,422.5,783.2,244.2,133.2,46.0,31.5
2026-07-11,FIVEWSLR_ESR1,QSUE61,220.0,250.0,24.0,1393.0,9100.0,309.9,358.3,-22.8,919.1,46.0,31.5
2026-07-11,FLAT_TOP_ESR1,QSHEL2,9.1,14.6,24.0,113.0,439.0,11.6,15.1,0.7,36.0,46.0,31.5
2026-07-11,FLAT_TOP_ESR2,QJPEM,9.9,17.1,24.0,-138.0,488.0,7.4,18.9,9.4,111.8,46.0,31.5
2026-07-11,FLOWERII_ESR1,QJPEM,100.0,195.8,24.0,-1364.0,5118.0,72.0,187.2,118.3,1152.1,46.0,31.5
2026-07-11,FORTMA_ESR1,QTEN30,10.0,12.6,24.0,-47.0,438.0,4.4,7.5,2.3,105.5,46.0,31.5
2026-07-11,FRMRSVLW_ESR1,QBEEP1,9.9,10.7,24.0,46.0,280.0,6.8,9.6,1.8,108.8,46.0,31.5
2026-07-11,FRMRSVLW_ESR2,QTEN26,6.0,14.7,24.0,-56.0,327.0,6.6,12.5,4.3,75.6,46.0,31.5
2026-07-11,FTDUNCAN_ESR1,QTEN26,100.0,212.9,20.0,878.0,5239.0,114.6,166.1,29.6,1607.7,46.0,31.5
2026-07-11,GAIA_SLR_ESR1,QTEN26,75.0,150.0,24.0,-1424.0,3870.0,62.5,164.6,74.0,0.0,46.0,31.5
2026-07-11,GAMBIT_ESR1,QSUE23,100.0,148.0,24.0,-625.0,4651.0,87.3,180.2,48.2,607.7,46.0,31.5
2026-07-11,GARCENO_ESR1,QTEN24,9.9,10.0,24.0,1.0,250.0,0.1,0.1,-0.0,70.2,46.0,31.5
2026-07-11,GEORSO_ESR1,QEDIS9,9.8,8.1,24.0,-36.0,332.0,8.2,10.9,0.0,12.3,46.0,31.5
2026-07-11,GIGA_ESS_ESR1,QSUE55,124.3,219.6,24.0,-5005.0,6173.0,131.0,359.2,193.9,2119.6,46.0,31.5
2026-07-11,GKS_BESS_ESR1,QTEN26,80.4,157.4,24.0,-2412.0,4013.0,22.3,135.1,73.8,346.0,46.0,31.5
2026-07-11,GODY_SLR_ESR1,QTEN26,20.4,188.5,24.0,163.0,1974.0,48.0,79.0,17.2,0.0,46.0,31.5
2026-07-11,GOMZ_ESR1,QBEEP1,9.9,10.7,24.0,-14.0,280.0,4.9,6.9,1.4,149.8,46.0,31.5
2026-07-11,GOODWIN_ESR1,QTEN30,9.5,12.7,24.0,-12.0,291.0,1.6,2.8,3.9,72.4,46.0,31.5
2026-07-11,GRDNE_ESR1,QBEEP1,9.9,10.7,24.0,12.0,280.0,6.1,7.7,0.7,148.8,46.0,31.5
2026-07-11,GRIZZLY_ESR1,QPRIO1,9.9,10.0,0.0,0.0,384.0,0.0,-0.0,0.0,0.0,46.0,31.5
2026-07-11,GZ_ESR1,QTEN30,9.5,12.7,24.0,-175.0,430.0,4.1,11.9,8.3,80.1,46.0,31.5
2026-07-11,HAMILTON_ESR1,QBEEP1,9.9,10.7,24.0,-60.0,283.0,3.6,9.4,4.9,113.9,46.0,31.5
2026-07-11,HEADCAMP_ESR1,QTEN34,150.0,300.0,24.0,-5794.0,7727.0,56.5,350.4,222.0,0.0,46.0,31.5
2026-07-11,HEARN_RD_ESR1,QTEN30,10.0,12.7,24.0,-242.0,398.0,2.3,14.0,10.4,0.0,46.0,31.5
2026-07-11,HEIGHTTN_ESR1,QSUE74,9.9,8.2,24.0,38.0,339.0,7.7,9.2,0.0,41.8,46.0,31.5
2026-07-11,HEN_ESR1,QECNR,150.0,302.2,24.0,486.0,7758.0,256.9,331.1,3.7,0.0,46.0,31.5
2026-07-11,HEN_ESR2,QECNR,80.0,282.6,23.7,-508.0,4947.0,0.9,19.5,-16.0,0.0,46.0,31.5
2026-07-11,HI_LONEB_ESR1,QENEL1,49.5,63.9,24.0,-553.0,2193.0,19.7,63.2,36.8,672.6,46.0,31.5
2026-07-11,HLY_ESR1,QHEI1,102.2,172.9,24.0,-478.0,5007.0,113.2,161.4,-0.5,1560.9,46.0,31.5
2026-07-11,HLY_ESR2,QHEI1,101.8,167.9,24.0,-229.0,4949.0,113.1,152.1,-4.7,1545.6,46.0,31.5
2026-07-11,HMNG_ESS_ESR1,QMEA8,99.9,222.0,24.0,622.0,5295.0,175.2,230.6,17.6,1296.0,46.0,31.5
2026-07-11,HOLCOMB_ESR1,QBEEP1,9.9,10.7,24.0,-155.0,280.0,0.9,8.5,7.0,122.7,46.0,31.5
2026-07-11,HOUSEMTN_ESR1,QJPEM,60.0,127.5,24.0,-1664.0,3142.0,38.9,146.3,81.0,777.4,46.0,31.5
2026-07-11,HWY6_ESR1,QTEN26,9.9,24.7,24.0,226.0,542.0,24.9,28.2,0.1,0.0,46.0,31.5
2026-07-11,HYDR_ESS_ESR1,QSUE74,200.0,192.3,24.0,543.0,7523.0,216.6,265.4,4.2,882.5,46.0,31.5
2026-07-11,INDL_ESR1,QECNR,9.9,4.2,24.0,-39.0,216.0,2.3,4.8,1.4,0.0,46.0,31.5
2026-07-11,INRT_W_ESR1,QFPL32,13.0,46.3,24.0,140.0,783.0,31.7,40.7,0.1,0.0,46.0,31.5
2026-07-11,JADE_SLR_ESR1,QIPLUM,78.7,140.0,24.0,704.0,3891.0,75.1,63.0,-31.9,314.7,46.0,31.5
2026-07-11,JADE_SLR_ESR2,QIPLUM,81.9,151.0,24.0,880.0,4110.0,90.6,81.9,-28.5,297.4,46.0,31.5
2026-07-11,JAG_SLR_ESR1,QLCRA,150.0,300.0,16.8,-5115.0,7727.0,46.3,227.8,163.3,712.2,46.0,31.5
2026-07-11,JAG_SLR_ESR2,QMITS2,150.0,305.6,16.2,-158.0,7765.0,0.5,5.7,-2.8,0.0,46.0,31.5
2026-07-11,JAR_ESR1,QHEI1,147.0,264.0,24.0,992.0,7332.0,189.9,211.2,-12.6,2035.5,46.0,31.5
2026-07-11,JAR_ESR2,QHEI1,157.0,291.0,24.0,670.0,7904.0,189.6,219.2,-10.1,2183.9,46.0,31.5
2026-07-11,JDKNS_ESR1,QBEEP1,9.9,10.7,24.0,13.0,280.0,6.1,7.6,0.7,149.3,46.0,31.5
2026-07-11,JUNCTION_ESR1,QBEEP1,9.9,10.7,24.0,-34.0,203.0,0.1,1.4,0.9,164.4,46.0,31.5
2026-07-11,JUNORTH_ESR1,QTEN26,9.9,22.0,24.0,-408.0,525.0,8.2,25.7,15.0,0.0,46.0,31.5
2026-07-11,K0_ESR1,QSUE74,9.9,9.7,24.0,47.0,332.0,11.6,13.4,-0.1,62.6,46.0,31.5
2026-07-11,KEG_ESR1,QEDF27,18.4,311.2,24.0,-1238.0,1236.0,160.7,219.4,26.6,0.0,46.0,31.5
2026-07-11,LANTANA_ESR1,QTEN26,9.9,20.1,24.0,-47.0,455.0,10.7,20.1,7.2,0.0,46.0,31.5
2026-07-11,LBRA_ESS_ESR1,QSUE48,200.0,200.0,24.0,-146.0,7712.0,123.9,183.6,-2.0,510.5,46.0,31.5
2026-07-11,LFSTH_ESR1,QBEEP1,9.9,10.7,24.0,-200.0,280.0,0.1,8.8,8.0,125.8,46.0,31.5
2026-07-11,LIGSW_ESR1,QPROLO,9.8,9.5,24.0,86.0,286.0,9.2,11.9,0.9,114.4,46.0,31.5
2026-07-11,LILY_ESR1,QENEL5,50.0,71.8,24.0,-255.0,2316.0,11.7,31.7,18.5,618.3,46.0,31.5
2026-07-11,LMO_ESR1,QSHEL2,99.9,243.5,24.0,1492.0,5433.0,211.0,256.1,-2.8,816.8,46.0,31.5
2026-07-11,LONESTAR_ESR1,QBEEP1,9.9,10.7,24.0,-17.0,280.0,5.5,7.7,1.4,148.3,46.0,31.5
2026-07-11,LON_ESR1,QTEN26,174.0,348.0,24.0,-6020.0,8963.0,121.0,363.4,168.4,2379.0,46.0,31.5
2026-07-11,LOPENO_ESR1,QSUE74,9.9,9.8,24.0,59.0,333.0,9.0,8.6,-1.9,74.9,46.0,31.5
2026-07-11,LOWR_ESS_ESR1,QEDI10,60.0,109.5,24.0,-616.0,3007.0,71.3,130.3,44.8,131.4,46.0,31.5
2026-07-11,LUCKYBLU_ESR1,QBROO1,97.4,198.2,24.0,-1816.0,5041.0,109.2,266.1,116.2,673.0,46.0,31.5
2026-07-11,L_463S_ESR1,QSUE74,9.9,7.3,24.0,49.0,292.0,10.6,12.0,-0.2,51.9,46.0,31.5
2026-07-11,L_FRESNO_ESR1,QTEN24,9.9,11.1,24.0,-108.0,259.0,0.2,4.9,4.3,79.3,46.0,31.5
2026-07-11,MADERO_ESR1,QTEN25,100.0,265.3,24.0,-5574.0,5568.0,13.8,267.4,227.4,459.9,46.0,31.5
2026-07-11,MADERO_ESR2,QTEN25,100.0,261.9,24.0,-5466.0,5548.0,14.9,261.8,224.8,461.1,46.0,31.5
2026-07-11,MAGNO_TN_ESR1,QSUE74,8.3,6.4,24.0,28.0,273.0,6.1,7.3,0.0,33.7,46.0,31.5
2026-07-11,MAINLAND_ESR1,QBEEP1,9.9,10.7,24.0,-204.0,280.0,0.1,9.2,8.4,116.2,46.0,31.5
2026-07-11,MAYBERRY_ESR1,QTEN24,9.9,10.6,24.0,-33.0,255.0,0.1,1.6,1.3,68.8,46.0,31.5
2026-07-11,MAYBERRY_ESR2,QTEN24,9.9,11.9,24.0,-25.0,263.0,0.3,1.4,1.2,111.3,46.0,31.5
2026-07-11,MESQUITE_ESR1,QTEN26,9.9,19.8,24.0,89.0,463.0,18.0,21.7,2.4,0.0,46.0,31.5
2026-07-11,MIDP_SLR_ESR1,QTEN26,50.0,100.0,24.0,871.0,2576.0,107.6,119.6,-9.6,165.4,46.0,31.5
2026-07-11,MIDWY_ESR1,QPROLO,9.9,10.5,24.0,90.0,299.0,8.8,11.5,1.1,114.1,46.0,31.5
2026-07-11,MNWLE_ESR1,QBEEP1,9.9,10.7,24.0,-80.0,280.0,3.4,9.6,5.3,116.6,46.0,31.5
2026-07-11,MOORE_FL_ESR1,QTEN30,10.0,11.4,24.0,-126.0,261.0,4.9,12.8,5.9,0.0,46.0,31.5
2026-07-11,MUENSTER_ESR1,QTEN30,10.0,12.6,24.0,-60.0,438.0,8.1,13.6,4.6,68.4,46.0,31.5
2026-07-11,MUSTNGCK_ESR1,QENE10,71.0,112.1,24.0,-2662.0,3405.0,3.0,136.0,102.2,501.0,46.0,31.5
2026-07-11,MU_ESR1,QTEN26,9.9,19.5,24.0,-335.0,507.0,3.1,18.9,14.7,112.2,46.0,31.5
2026-07-11,MV_VALV4_ESR1,QBEEP1,9.9,10.7,24.0,-151.0,280.0,0.9,8.1,6.2,126.4,46.0,31.5
2026-07-11,MYR_ESR1,QTOTL5,74.3,106.3,24.0,-922.0,3437.0,57.4,115.3,41.0,930.9,46.0,31.5
2026-07-11,MYR_ESR2,QTOTL5,45.3,48.3,24.0,126.0,1813.0,74.3,86.4,-1.3,296.0,46.0,31.5
2026-07-11,NCO_ESR1,QSHEL2,44.1,60.3,24.0,-93.0,2012.0,31.2,57.3,12.9,159.9,46.0,31.5
2026-07-11,NF_BRP_ESR1,QSUE74,100.5,107.9,24.0,-483.0,4031.0,52.4,93.6,6.9,246.5,46.0,31.5
2026-07-11,NOBLESLR_ESR1,QNGREN,62.5,52.1,24.0,628.0,2142.0,53.6,55.9,1.6,329.4,46.0,31.5
2026-07-11,NOBLESLR_ESR2,QNGREN,62.5,54.4,24.0,631.0,2210.0,57.9,61.2,-0.2,343.8,46.0,31.5
2026-07-11,NWF_ESR1,QDUKER,3.0,0.6,24.0,-193.0,38.0,0.2,7.2,-0.1,0.0,46.0,31.5
2026-07-11,N_ALAMO_ESR1,QTEN24,9.9,10.6,24.0,2.0,255.0,0.2,0.1,-0.0,77.0,46.0,31.5
2026-07-11,N_MERCED_ESR1,QTEN24,7.0,7.1,24.0,-1.0,201.0,0.1,0.1,0.0,49.5,46.0,31.5
2026-07-11,ODESW_ESR1,QSUE74,9.9,6.0,24.0,61.0,259.0,10.0,10.1,-1.3,40.0,46.0,31.5
2026-07-11,OLNEYTN_ESR1,QBEEP1,9.9,10.7,24.0,-93.0,280.0,3.5,9.9,5.7,117.0,46.0,31.5
2026-07-11,PAD1_ESS_ESR1,QCPSE,50.0,122.0,24.0,166.0,2720.0,62.9,89.4,8.8,35.7,46.0,31.5
2026-07-11,PAD2_ESS_ESR2,QCPSE,150.0,600.0,24.0,-533.0,9309.0,280.5,515.6,168.3,17.2,46.0,31.5
2026-07-11,PALACIOS_ESR1,QTEN30,9.5,11.4,24.0,-57.0,285.0,4.3,10.2,5.5,0.0,46.0,31.5
2026-07-11,PALE_ESS_ESR1,QSUE74,200.0,199.4,24.0,437.0,7697.0,265.0,318.1,6.1,963.0,46.0,31.5
2026-07-11,PAULN_ESR1,QBEEP1,9.9,10.7,24.0,-226.0,280.0,0.1,10.2,9.1,112.9,46.0,31.5
2026-07-11,PAVLOV_ESR1,QBEEP1,9.9,10.7,24.0,-170.0,280.0,0.6,8.5,7.2,124.4,46.0,31.5
2026-07-11,PAVO_ESS_ESR1,QSUE74,87.5,81.9,24.0,321.0,3236.0,104.7,120.8,1.5,459.4,46.0,31.5
2026-07-11,PAVO_ESS_ESR2,QSUE74,87.5,81.7,24.0,325.0,3232.0,106.9,123.5,-1.1,467.3,46.0,31.5
2026-07-11,PEARSALL_ESR1,QTEN26,9.9,19.8,24.0,-499.0,357.0,6.1,25.1,19.0,117.8,46.0,31.5
2026-07-11,PHO_ESR1,QENE15,150.0,237.8,24.0,-3894.0,7201.0,43.5,268.8,175.5,1187.6,46.0,31.5
2026-07-11,PHO_ESR2,QENE15,150.0,236.9,24.0,-2896.0,7193.0,53.2,236.7,139.8,1475.5,46.0,31.5
2026-07-11,PINEFRST_ESR1,QTEN21,200.0,400.0,24.0,304.0,10305.0,281.1,465.0,108.5,8.8,46.0,31.5
2026-07-11,PIN_BESS_ESR1,QTEN34,175.0,400.0,24.0,-6886.0,9350.0,59.0,381.6,233.1,0.0,46.0,31.5
2026-07-11,PIRATE_ESR1,QTEN30,10.0,12.6,24.0,-295.0,360.0,0.4,13.4,-1.4,23.4,46.0,31.5
2026-07-11,PLATINUM_ESR1,QSUE80,148.3,323.4,24.0,1664.0,7821.0,288.3,349.0,-5.4,659.3,46.0,31.5
2026-07-11,PLATINUM_ESR2,QSUE80,151.7,314.6,24.0,1560.0,7892.0,252.6,299.6,-10.2,709.8,46.0,31.5
2026-07-11,POTEETS_ESR1,QBEEP1,9.9,10.7,24.0,-186.0,280.0,0.6,9.4,7.5,109.4,46.0,31.5
2026-07-11,PRCRK_ESR1,QTEN24,9.9,13.1,24.0,133.0,270.0,8.2,7.7,-2.5,43.3,46.0,31.5
2026-07-11,PUEBLO_ESR1,QSUE74,8.3,7.4,24.0,63.0,279.0,7.3,7.2,-2.0,40.4,46.0,31.5
2026-07-11,PUEBLO_ESR2,QSUE74,9.9,9.8,24.0,69.0,333.0,9.4,9.6,-1.8,45.6,46.0,31.5
2026-07-11,PYOTE_ESR1,QJPEM,9.0,14.0,24.0,-105.0,438.0,4.7,13.7,7.3,111.7,46.0,31.5
2026-07-11,PYR_ESR1,QECNR,9.9,4.2,24.0,-51.0,216.0,2.5,5.5,1.3,0.0,46.0,31.5
2026-07-11,PYR_ESR2,QECNR,13.5,13.6,24.0,-70.0,522.0,7.6,11.7,0.4,7.9,46.0,31.5
2026-07-11,PYR_ESR3,QECNR,15.1,13.6,24.0,-57.0,545.0,9.3,13.2,0.3,7.1,46.0,31.5
2026-07-11,QTUM_SLR_ESR1,QTEN33,160.0,296.5,24.0,-167.0,8054.0,0.0,6.0,-5.1,0.0,46.0,31.5
2026-07-11,QTUM_SLR_ESR2,QTEN33,160.0,280.8,24.0,-172.0,7929.0,0.0,6.1,-4.8,0.0,46.0,31.5
2026-07-11,QUEEN_BA_ESR1,QENEL2,50.0,64.6,24.0,-210.0,2155.0,28.9,58.3,19.1,918.5,46.0,31.5
2026-07-11,RADN_SLR_ESR1,QIPRAD,78.1,141.2,24.0,-3058.0,3903.0,17.4,161.1,119.8,1029.0,46.0,31.5
2026-07-11,RADN_SLR_ESR2,QIPRAD,81.9,150.3,24.0,-2054.0,4111.0,87.6,212.3,101.2,1180.6,46.0,31.5
2026-07-11,RBN_ESR1,QTEN19,100.0,120.2,24.0,500.0,4267.0,102.5,130.3,-15.5,332.9,46.0,31.5
2026-07-11,RHA_ESR1,QTEN19,200.0,419.7,24.0,-11222.0,10462.0,3.4,463.5,390.9,0.0,46.0,31.5
2026-07-11,RIO_GRAN_ESR1,QTEN24,7.0,6.0,24.0,-2.0,188.0,0.1,0.1,0.0,46.3,46.0,31.5
2026-07-11,RIO_GRAN_ESR2,QPROLO,7.0,14.5,24.0,-88.0,246.0,0.1,3.8,2.9,106.6,46.0,31.5
2026-07-11,ROSELAND_ESR1,QENEL9,50.0,85.8,24.0,-671.0,2459.0,36.3,95.1,37.9,346.6,46.0,31.5
2026-07-11,RPUBRDS_ESR1,QSHEL2,50.0,59.5,24.0,56.0,2124.0,42.8,70.1,7.2,168.1,46.0,31.5
2026-07-11,RRANCHES_ESR1,QSUE51,150.0,345.8,24.0,-2284.0,8037.0,176.6,356.7,135.2,1456.7,46.0,31.5
2026-07-11,RRANCHES_ESR2,QSUE51,150.0,345.0,24.0,-2214.0,8036.0,146.0,314.4,132.4,1362.9,46.0,31.5
2026-07-11,RRC_WIND_ESR1,QFPL35,75.0,225.0,24.0,3099.0,4322.0,280.5,237.4,-77.0,0.0,46.0,31.5
2026-07-11,RRC_WIND_ESR2,QFPL35,75.0,225.0,24.0,3158.0,4322.0,281.1,236.3,-77.3,0.0,46.0,31.5
2026-07-11,RTLSNAKE_ESR1,QBEEP1,9.9,10.7,24.0,-20.0,280.0,5.5,7.9,1.7,149.0,46.0,31.5
2026-07-11,RUSSEKST_ESR1,QBEEP1,9.9,10.7,24.0,-157.0,280.0,1.1,9.0,7.1,123.2,46.0,31.5
2026-07-11,RVRVLYS_ESR1,QSHEL2,50.0,114.3,24.0,746.0,2672.0,136.9,161.8,2.5,847.3,46.0,31.5
2026-07-11,RVRVLYS_ESR2,QSHEL2,50.0,114.3,24.0,568.0,2672.0,131.7,158.4,4.3,833.1,46.0,31.5
2026-07-11,SADLBACK_ESR1,QBEEP1,9.9,10.7,24.0,-22.0,280.0,5.1,7.4,1.4,149.5,46.0,31.5
2026-07-11,SAH_ESR1,QGFEN,200.0,9.6,24.0,-2981.0,580.0,0.0,124.2,-0.5,0.0,46.0,31.5
2026-07-11,SANDLAKE_ESR1,QBEEP1,9.9,10.7,24.0,-11.0,280.0,5.2,7.2,1.4,148.7,46.0,31.5
2026-07-11,SBEAN_ESR1,QBEEP1,9.9,10.7,24.0,-25.0,280.0,5.5,8.0,1.8,148.7,46.0,31.5
2026-07-11,SEVNF_ES_ESR1,QTEN37,100.0,238.2,24.0,-2931.0,5403.0,87.6,248.5,115.0,1000.6,46.0,31.5
2026-07-11,SGAL_BES_ESR1,QJPEM,100.0,200.2,24.0,-2131.0,5153.0,73.4,236.0,122.3,1113.3,46.0,31.5
2026-07-11,SGAL_BES_ESR2,QJPEM2,100.0,203.0,24.0,-2131.0,5172.0,78.6,243.2,131.6,1102.1,46.0,31.5
2026-07-11,SGSA_ESR1,QAMA1,9.9,23.6,24.0,120.0,535.0,5.3,4.7,-3.4,12.9,46.0,31.5
2026-07-11,SHAMROCK_ESR1,QFPL40,99.3,297.9,24.0,1685.0,5721.0,297.3,340.0,-13.8,0.0,46.0,31.5
2026-07-11,SHEEPCRK_ESR1,QSUE70,135.0,172.9,24.0,517.0,5959.0,204.4,269.2,-0.9,689.6,46.0,31.5
2026-07-11,SLCNHLS_ESR1,QSHEL2,48.3,55.4,24.0,-519.0,1997.0,22.2,62.3,20.9,165.0,46.0,31.5
2026-07-11,SLCNHLS_ESR2,QSHEL2,50.0,60.3,24.0,-517.0,2146.0,27.9,72.3,23.6,184.9,46.0,31.5
2026-07-11,SLK_BESS_ESR1,QTEN34,200.0,400.0,24.0,-7266.0,10302.0,65.2,419.4,266.0,0.0,46.0,31.5
2026-07-11,SMTH_ESS_ESR1,QSUE77,104.9,207.4,24.0,93.0,5390.0,248.8,343.2,62.4,2033.7,46.0,31.5
2026-07-11,SOLC_SLR_ESR1,QTEN33,160.0,312.0,24.0,-9.0,8178.0,0.1,0.4,-21.4,0.0,46.0,31.5
2026-07-11,SOLC_SLR_ESR2,QTEN33,160.0,320.0,24.0,-10.0,8242.0,0.0,0.4,-20.9,0.0,46.0,31.5
2026-07-11,SPTX12B_ESR1,QEDIS9,22.3,18.5,24.0,-69.0,761.0,18.5,23.0,0.0,30.2,46.0,31.5
2026-07-11,SP_ESR1,QTEN26,9.9,19.5,24.0,-456.0,424.0,0.3,18.4,18.1,73.3,46.0,31.5
2026-07-11,STADIUM_ESR1,QTEN26,9.9,17.6,24.0,-36.0,487.0,0.7,2.0,0.0,0.0,46.0,31.5
2026-07-11,STAM_SLR_ESR1,QENE12,70.0,128.4,24.0,200.0,3513.0,57.3,89.8,17.9,814.7,46.0,31.5
2026-07-11,STRG_SLR_ESR1,QECNR,98.4,192.7,24.0,1398.0,5045.0,105.6,77.7,-56.5,0.0,46.0,31.5
2026-07-11,SUNVASLR_ESR1,QSUE38,53.3,53.2,24.0,160.0,2054.0,34.1,48.8,0.2,162.4,46.0,31.5
2026-07-11,SUNVASLR_ESR2,QSUE38,46.7,46.8,24.0,152.0,1802.0,32.1,45.9,1.2,147.5,46.0,31.5
2026-07-11,SWEENY_ESR1,QSUE74,9.9,9.2,24.0,61.0,325.0,8.7,9.6,-0.4,49.4,46.0,31.5
2026-07-11,SWOOSEII_ESR1,QMEA5,100.0,191.4,24.0,1179.0,5082.0,134.5,175.1,-0.2,1120.8,46.0,31.5
2026-07-11,SWTWR_ESR1,QTEN26,7.4,17.2,24.0,72.0,360.0,9.5,12.2,1.4,12.6,46.0,31.5
2026-07-11,S_SNROSA_ESR1,QTEN24,9.9,10.9,24.0,-53.0,257.0,0.1,2.4,2.0,67.0,46.0,31.5
2026-07-11,TBWF_ESS_ESR1,QTEN29,150.0,342.3,24.0,-2079.0,8010.0,130.6,290.9,119.2,528.5,46.0,31.5
2026-07-11,TDWLPR_1_ESR1,QMEA6,100.0,226.7,24.0,1356.0,5331.0,185.2,226.7,0.0,1294.2,46.0,31.5
2026-07-11,TDWLPR_1_ESR2,QMEA6,100.0,216.1,24.0,1408.0,5261.0,183.8,221.0,-0.5,1197.3,46.0,31.5
2026-07-11,TNFS_ESR1,QSYSO,9.9,18.0,24.0,-154.0,496.0,8.3,23.1,12.3,14.8,46.0,31.5
2026-07-11,TORT_ESS_ESR1,QSUE74,50.0,40.1,24.0,146.0,1680.0,45.1,54.9,0.2,155.3,46.0,31.5
2026-07-11,TSECA_ES_ESR1,QTEN36,100.0,238.2,24.0,-1271.0,5403.0,114.2,225.5,71.9,528.3,46.0,31.5
2026-07-11,TURQBESS_ESR1,QHEI3,190.0,361.0,24.0,2370.0,9636.0,267.7,318.0,-0.9,2699.2,46.0,31.5
2026-07-11,TV_ESR1,QAETE1,10.0,22.4,24.0,-257.0,531.0,0.2,11.1,17.5,133.2,46.0,31.5
2026-07-11,TYNAN_ESR1,QBEEP1,9.9,10.7,24.0,-168.0,280.0,1.2,9.7,7.4,121.5,46.0,31.5
2026-07-11,UTOPIA_ESR1,QTEN30,9.9,12.7,24.0,-41.0,437.0,7.8,14.7,4.6,0.0,46.0,31.5
2026-07-11,VORTEX_ESR1,QENEL8,121.8,202.0,24.0,-346.0,5932.0,99.9,220.9,79.0,652.4,46.0,31.5
2026-07-11,WAL_ESR1,QSUE92,200.0,400.0,24.0,-7163.0,10302.0,261.2,598.8,289.7,3993.1,46.0,31.5
2026-07-11,WCOLLOCL_ESR1,QHABIT,8.4,3.1,24.0,-37.0,164.0,0.1,1.3,-0.0,90.5,46.0,31.5
2026-07-11,WEIL_TRC_ESR1,QBEEP1,9.9,10.7,24.0,-180.0,280.0,0.5,8.8,7.6,122.9,46.0,31.5
2026-07-11,WFTANK_ESR1,QTEN28,150.0,169.5,24.0,-3069.0,6208.0,80.0,230.6,99.6,1541.4,46.0,31.5
2026-07-11,WIG_ESS_ESR1,QHEI1,120.0,187.0,24.0,-599.0,5730.0,106.8,186.6,16.9,1770.9,46.0,31.5
2026-07-11,WOVER_ESR1,QTEN26,5.2,12.9,24.0,39.0,287.0,9.8,12.8,1.1,5.2,46.0,31.5
2026-07-11,WR_ESR1,QAETEL,9.9,22.4,24.0,-50.0,493.0,0.8,3.0,1.2,153.6,46.0,31.5
2026-07-11,W_HARLIN_ESR1,QTEN24,9.9,10.6,24.0,-85.0,255.0,0.2,4.0,3.6,68.5,46.0,31.5
2026-07-11,X4_ESR1,QCPSE,10.0,8.5,24.0,-3.0,349.0,6.4,9.8,1.3,0.0,46.0,31.5
2026-07-11,Z0_ESR1,QTEN26,9.9,22.1,24.0,116.0,360.0,19.5,20.0,-1.1,0.0,46.0,31.5
2026-07-11,ZAPATA_ESR1,QSUE74,9.9,9.4,24.0,54.0,328.0,8.7,8.8,-1.4,75.0,46.0,31.5
2026-07-11,ZAPATA_ESR2,QSUE74,8.3,7.3,24.0,54.0,278.0,6.7,6.3,-2.1,64.4,46.0,31.5
2026-07-11,ZIER_SLR_ESR1,QTEN19,40.0,77.3,24.0,-835.0,2039.0,12.0,54.2,25.0,537.0,46.0,31.5
2026-07-10,ABINDUST_ESR1,QMP2M1,9.9,25.9,24.0,642.0,683.0,26.7,23.1,-5.6,21.9,53.0,38.7
2026-07-10,ADL_ESR1,QTEN26,60.0,52.9,24.0,1287.0,1655.0,63.6,77.1,-0.2,319.4,53.0,38.7
2026-07-10,AE_ESR1,QTEN26,9.9,19.1,24.0,183.0,528.0,12.9,19.6,4.4,166.4,53.0,38.7
2026-07-10,ALAMO_ST_ESR1,QSYSO,9.9,18.0,24.0,194.0,502.0,13.8,20.0,4.7,60.3,53.0,38.7
2026-07-10,ALP_BESS_ESR1,QHEI1,100.3,167.8,24.0,1894.0,4735.0,108.4,148.4,-2.6,1484.0,53.0,38.7
2026-07-10,ALVIN_ESR1,QSUE74,8.3,5.4,24.0,71.0,180.0,5.6,6.6,0.0,40.5,53.0,38.7
2026-07-10,ANCHOR_ESR1,QENE11,32.7,41.6,24.0,543.0,1224.0,23.6,23.3,-2.4,278.3,53.0,38.7
2026-07-10,ANCHOR_ESR2,QENE11,34.8,47.1,24.0,943.0,1372.0,41.0,36.8,-6.5,308.0,53.0,38.7
2026-07-10,ANDMDSLR_ESR1,QIPLU2,81.9,148.0,24.0,3830.0,4130.0,163.1,174.3,-1.5,983.8,53.0,38.7
2026-07-10,ANDMDSLR_ESR2,QIPLU2,78.1,144.4,24.0,3461.0,4018.0,167.1,179.8,-0.8,981.5,53.0,38.7
2026-07-10,ANEM_ESS_ESR1,QSUE53,200.0,456.5,24.0,7670.0,12327.0,461.0,545.0,-55.2,2094.6,53.0,38.7
2026-07-10,ANGLETON_ESR1,QSUE74,9.9,8.2,24.0,123.0,260.0,8.1,9.6,0.2,57.3,53.0,38.7
2026-07-10,ANG_SLR_ESR1,QTEN26,100.0,187.0,24.0,577.0,5194.0,150.3,210.5,6.4,1077.8,53.0,38.7
2026-07-10,ANTL_ESS_ESR1,QSU100,70.0,169.7,24.0,2565.0,4544.0,144.6,191.7,22.1,403.2,53.0,38.7
2026-07-10,ARY_BESS_ESR1,QTEN32,20.0,180.0,24.0,-816.0,2553.0,8.3,61.3,31.6,0.0,53.0,38.7
2026-07-10,AVIL_ESS_ESR1,QSU100,160.0,372.0,24.0,4602.0,9903.0,305.6,439.6,72.5,1003.9,53.0,38.7
2026-07-10,AZURE_ESR1,QENEL6,77.6,127.2,24.0,2964.0,3601.0,133.7,150.4,-24.4,556.3,53.0,38.7
2026-07-10,BATCAVE_ESR1,QSUE74,100.5,107.9,24.0,49.0,3261.0,58.2,89.8,-1.9,586.3,53.0,38.7
2026-07-10,BAY_CITY_ESR1,QTEN24,9.9,11.2,24.0,31.0,322.0,1.6,2.5,0.6,73.4,53.0,38.7
2026-07-10,BCK_ESR1,QHEI5,123.5,304.0,24.0,6184.0,8121.0,266.8,320.8,-6.8,0.0,53.0,38.7
2026-07-10,BCK_ESR2,QHEI5,126.5,320.3,24.0,6472.0,8522.0,272.3,316.9,-11.7,0.0,53.0,38.7
2026-07-10,BCNV2_ES_ESR1,QSU115,150.0,300.0,24.0,-387.0,8254.0,219.8,248.1,-177.5,0.0,53.0,38.7
2026-07-10,BCNV_ESS_ESR1,QSHE11,149.9,300.0,24.0,6834.0,8253.0,300.8,353.5,-0.0,1050.9,53.0,38.7
2026-07-10,BELD_ESR1,QJPEM,6.0,9.6,24.0,206.0,274.0,8.9,10.5,0.1,53.8,53.0,38.7
2026-07-10,BEXAR_ES_ESR1,QTEN32,100.0,100.0,24.0,-609.0,3059.0,47.6,68.8,0.1,1316.6,53.0,38.7
2026-07-10,BIG_STAR_ESR1,QECNR,80.0,108.0,24.0,2534.0,3148.0,106.8,127.2,2.9,0.0,53.0,38.7
2026-07-10,BKSL_ESS_ESR1,QESVEM,100.0,211.5,24.0,4373.0,5773.0,260.4,284.9,-19.4,464.9,53.0,38.7
2026-07-10,BLACKSPR_ESR1,QBROO2,120.0,252.0,24.0,2957.0,6884.0,217.2,256.9,-14.0,962.3,53.0,38.7
2026-07-10,BLSUMMIT_ESR1,QFPL12,30.0,9.7,24.0,29.0,354.0,5.5,10.3,-0.0,0.0,53.0,38.7
2026-07-10,BLSUMMIT_ESR2,QFPL48,150.0,450.0,24.0,8749.0,11662.0,410.7,571.6,69.6,0.0,53.0,38.7
2026-07-10,BLUEJAY_ESR1,QENEL7,51.7,86.2,24.0,1207.0,2432.0,140.0,161.6,-3.6,127.3,53.0,38.7
2026-07-10,BLVN_SLR_ESR1,QSHEL8,180.0,360.0,24.0,8111.0,9907.0,367.8,455.3,0.0,714.5,53.0,38.7
2026-07-10,BOCO_ESS_ESR1,QTEN28,150.3,365.0,24.0,7395.0,9769.0,389.5,463.3,-6.3,2289.8,53.0,38.7
2026-07-10,BRAZORIA_ESR1,QSUE74,9.9,9.6,24.0,134.0,294.0,9.4,10.7,-0.2,44.3,53.0,38.7
2026-07-10,BR_ARROW_ESR1,QECNR,48.3,93.5,24.0,637.0,2584.0,50.4,93.0,32.2,49.2,53.0,38.7
2026-07-10,BR_ARROW_ESR2,QECNR,51.7,100.4,24.0,764.0,2772.0,55.6,95.9,29.5,0.0,53.0,38.7
2026-07-10,BYP_ESR1,QEXELO,200.0,450.0,24.0,10532.0,12178.0,467.6,592.7,0.0,0.0,53.0,38.7
2026-07-10,BYRDR_ES_ESR1,QHABIT,50.0,59.4,24.0,1130.0,1765.0,48.5,52.9,-5.3,555.8,53.0,38.7
2026-07-10,CACH_ESS_ESR1,QSU100,200.0,466.9,24.0,9546.0,12569.0,470.5,537.7,-6.6,837.3,53.0,38.7
2026-07-10,CAMWIND_ESR1,QTEN26,16.4,34.6,24.0,-50.0,945.0,13.1,26.6,8.7,206.2,53.0,38.7
2026-07-10,CARA_ESS_ESR1,QHEI8,98.3,196.7,24.0,3178.0,5411.0,155.1,206.4,8.1,1491.6,53.0,38.7
2026-07-10,CARN_ESS_ESR1,QSU100,150.0,333.3,24.0,6212.0,9036.0,329.5,397.9,8.6,810.5,53.0,38.7
2026-07-10,CARRIZO_ESR1,QTEN30,10.0,12.6,24.0,230.0,372.0,10.6,10.8,-2.9,72.3,53.0,38.7
2026-07-10,CARTWHL_ESR1,QECNR,150.0,283.3,24.0,5250.0,7856.0,247.7,308.3,9.3,0.0,53.0,38.7
2026-07-10,CASL_GAP_ESR1,QLUMN1,3.9,4.3,24.0,108.0,131.0,5.2,6.3,0.0,0.0,53.0,38.7
2026-07-10,CAST_ESS_ESR1,QSUE79,200.0,416.5,24.0,7773.0,11391.0,380.2,455.8,8.8,792.5,53.0,38.7
2026-07-10,CATARINA_ESR1,QBEEP1,9.9,10.7,24.0,-86.0,313.0,1.4,9.3,7.8,105.3,53.0,38.7
2026-07-10,CEDRVALE_ESR1,QBEEP1,9.9,10.7,24.0,-54.0,313.0,2.2,9.6,6.7,106.4,53.0,38.7
2026-07-10,CFLAT_ES_ESR1,QTEN26,100.0,44.4,24.0,-713.0,1575.0,0.0,29.6,20.4,0.0,53.0,38.7
2026-07-10,CHERRYCR_ESR1,QBEEP1,9.9,10.7,24.0,-23.0,313.0,2.3,8.1,6.0,113.4,53.0,38.7
2026-07-10,CHIL_SLR_ESR1,QSUE88,150.0,323.1,24.0,5067.0,8796.0,297.5,368.9,3.1,671.0,53.0,38.7
2026-07-10,CISC_ESR1,QBEEP1,9.9,10.7,24.0,315.0,313.0,8.0,1.0,-7.8,150.9,53.0,38.7
2026-07-10,CITRUSCY_ESR1,QPROLO,7.1,14.5,24.0,174.0,389.0,10.8,14.3,2.4,79.7,53.0,38.7
2026-07-10,CLO_ESR1,QMEA1,100.0,201.9,24.0,3517.0,5548.0,158.0,188.2,-15.0,1387.1,53.0,38.7
2026-07-10,CLO_ESR2,QMEA1,100.0,201.4,24.0,3519.0,5536.0,157.9,188.1,-16.5,1452.7,53.0,38.7
2026-07-10,CNLY_ESS_ESR1,QSUE76,117.5,226.6,24.0,5075.0,6266.0,339.3,373.1,0.0,2318.2,53.0,38.7
2026-07-10,CNTRY_ESR1,QPROLO,9.8,20.3,24.0,721.0,549.0,17.8,4.0,-10.0,141.0,53.0,38.7
2026-07-10,CNTYRDS_ESR1,QTEN26,10.0,24.7,24.0,480.0,659.0,23.8,26.7,-0.0,0.0,53.0,38.7
2026-07-10,CORALSLR_ESR1,QNGRE1,48.4,58.3,24.0,1534.0,1731.0,56.6,41.2,-17.8,808.8,53.0,38.7
2026-07-10,CORALSLR_ESR2,QNGRE1,52.2,58.3,24.0,1518.0,1752.0,56.6,42.2,-17.7,848.5,53.0,38.7
2026-07-10,CORAZON_ESR1,QHEI4,200.0,254.0,24.0,3914.0,7475.0,191.3,242.7,2.9,2434.0,53.0,38.7
2026-07-10,COTULLA_ESR1,QGRIDB,10.1,24.4,0.0,-20.0,632.0,0.7,1.3,-0.6,0.0,53.0,38.7
2026-07-10,COYOTSPR_ESR1,QBEEP1,9.9,10.7,24.0,-51.0,313.0,2.2,9.3,6.6,102.1,53.0,38.7
2026-07-10,CROSSETT_ESR1,QJPEM1,100.0,101.5,24.0,2116.0,3097.0,91.3,106.8,0.0,628.1,53.0,38.7
2026-07-10,CROSSETT_ESR2,QJPEM1,100.0,101.6,24.0,2035.0,3101.0,87.9,103.6,-1.2,717.4,53.0,38.7
2026-07-10,CROSSTRL_ESR1,QGRIE4,57.0,113.6,24.0,1904.0,3127.0,89.0,114.3,1.0,51.0,53.0,38.7
2026-07-10,CR_ESR1,QPROLO,9.8,20.1,24.0,379.0,530.0,18.0,21.6,0.1,115.7,53.0,38.7
2026-07-10,CS_ESR1,QTEN26,7.0,14.3,24.0,99.0,390.0,8.9,12.3,2.2,151.5,53.0,38.7
2026-07-10,CTW_ESR1,QTOTL5,150.0,193.6,24.0,3756.0,5683.0,189.4,225.2,-15.5,1494.7,53.0,38.7
2026-07-10,DAN_ESR1,QTOTL4,75.3,102.2,24.0,2216.0,2976.0,105.6,123.3,-4.1,476.2,53.0,38.7
2026-07-10,DAN_ESR2,QTOTL4,71.7,106.5,24.0,2382.0,3061.0,108.8,123.5,-4.2,464.4,53.0,38.7
2026-07-10,DA_ESR1,QSHE16,4.0,9.6,24.0,212.0,258.0,8.2,9.0,0.0,0.4,53.0,38.7
2026-07-10,DCSES_ESR1,QLUMN,66.5,66.4,24.0,642.0,2033.0,31.1,48.7,-10.1,330.9,53.0,38.7
2026-07-10,DCSES_ESR2,QLUMN,66.5,66.4,24.0,725.0,2032.0,31.0,42.9,-10.8,323.3,53.0,38.7
2026-07-10,DCSES_ESR3,QLUMN,63.5,63.4,24.0,346.0,1941.0,24.5,39.4,-11.3,298.1,53.0,38.7
2026-07-10,DCSES_ESR4,QLUMN,63.5,63.4,24.0,342.0,1941.0,24.7,40.0,-7.1,304.7,53.0,38.7
2026-07-10,DESN_ESS_ESR1,QSUE79,200.0,450.1,24.0,8842.0,12180.0,422.2,484.1,-13.5,898.1,53.0,38.7
2026-07-10,DGFS_ESR_ESR1,QTEN26,75.2,64.0,24.0,652.0,2014.0,240.3,284.3,4.5,34.4,53.0,38.7
2026-07-10,DIBOL_ESR1,QBEEP1,9.9,10.7,24.0,106.0,313.0,8.1,8.2,-1.1,141.1,53.0,38.7
2026-07-10,DICKNSON_ESR1,QSUE74,9.9,7.8,24.0,218.0,250.0,9.6,7.8,-1.6,47.9,53.0,38.7
2026-07-10,DKNS_ESS_ESR1,QSUE74,50.0,48.7,24.0,829.0,1497.0,53.9,67.4,2.9,236.9,53.0,38.7
2026-07-10,DKNS_ESS_ESR2,QSUE74,50.0,48.5,24.0,830.0,1492.0,52.7,65.6,2.8,234.0,53.0,38.7
2026-07-10,DKNS_ESS_ESR3,QSUE74,50.0,48.9,24.0,836.0,1500.0,53.1,66.1,3.1,233.0,53.0,38.7
2026-07-10,DKNS_ESS_ESR4,QSUE74,50.0,49.4,24.0,798.0,1515.0,52.4,66.3,4.4,242.6,53.0,38.7
2026-07-10,DPCRK_ESR1,QTEN26,7.3,15.1,24.0,413.0,410.0,18.1,18.1,-2.7,0.0,53.0,38.7
2026-07-10,DSWL_ESS_ESR1,QPHIL3,150.0,330.3,24.0,6252.0,8965.0,325.3,407.8,-12.9,1237.3,53.0,38.7
2026-07-10,EBNY_ESS_ESR1,QSUE52,200.0,458.5,24.0,7832.0,12374.0,464.4,543.2,-60.9,1816.1,53.0,38.7
2026-07-10,ELMCRK_ESR1,QMP2M1,9.9,25.9,24.0,585.0,676.0,19.3,12.2,-8.7,33.5,53.0,38.7
2026-07-10,ELM_ST_ESR1,QTEN26,10.1,24.7,24.0,474.0,660.0,23.8,26.8,-0.0,0.0,53.0,38.7
2026-07-10,ELM_ST_ESR2,QSYSO,9.9,18.0,24.0,422.0,502.0,18.4,20.2,-0.0,53.2,53.0,38.7
2026-07-10,ELSA_ESR1,QTEN24,9.9,10.6,24.0,-117.0,308.0,0.3,8.0,7.2,59.9,53.0,38.7
2026-07-10,ELZA_SLR_ESR1,QENE16,100.0,143.7,24.0,655.0,4150.0,69.4,138.8,44.8,668.9,53.0,38.7
2026-07-10,EMPCT_ESR1,QTEN24,9.9,13.1,24.0,142.0,363.0,7.6,9.3,0.9,46.2,53.0,38.7
2026-07-10,ENDPARKS_ESR1,QGRIE4,50.0,102.4,24.0,880.0,2807.0,113.8,128.9,-3.5,438.5,53.0,38.7
2026-07-10,ESCONDID_ESR1,QTEN30,9.9,13.4,24.0,0.0,375.0,0.0,-0.0,0.0,0.0,53.0,38.7
2026-07-10,ESTONIAN_ESR1,QENE14,101.6,162.6,24.0,3486.0,4620.0,167.3,191.5,-0.9,345.8,53.0,38.7
2026-07-10,EUNICE_ESR1,QTENSK,19.0,20.0,24.0,216.0,575.0,10.6,15.5,-0.1,189.1,53.0,38.7
2026-07-10,EVLN_ESS_ESR1,QSHE15,195.2,301.5,24.0,-780.0,8614.0,315.0,373.1,10.8,0.0,53.0,38.7
2026-07-10,E_HARRIS_ESR1,QTEN26,10.0,20.0,24.0,322.0,535.0,16.0,17.9,0.1,0.0,53.0,38.7
2026-07-10,FALFUR_ESR1,QBEEP1,9.9,10.7,24.0,130.0,313.0,6.4,9.5,2.2,105.6,53.0,38.7
2026-07-10,FALFUR_ESR2,QTEN30,10.0,12.6,24.0,6.0,345.0,5.9,12.2,6.8,102.4,53.0,38.7
2026-07-10,FAULKNER_ESR1,QBEEP1,9.9,10.7,24.0,-52.0,313.0,2.1,9.4,6.7,104.8,53.0,38.7
2026-07-10,FENCESLR_ESR1,QENE13,65.3,102.8,24.0,892.0,2927.0,63.3,86.9,-7.1,449.8,53.0,38.7
2026-07-10,FERD_ESS_ESR1,QCPSE,200.0,950.0,24.0,13719.0,21411.0,715.4,864.4,58.7,713.1,53.0,38.7
2026-07-10,FIVEWSLR_ESR1,QSUE61,220.0,250.0,24.0,2653.0,7486.0,180.7,265.5,27.4,743.8,53.0,38.7
2026-07-10,FLAT_TOP_ESR1,QSHEL2,9.1,14.6,24.0,327.0,414.0,14.6,15.6,-1.0,38.5,53.0,38.7
2026-07-10,FLAT_TOP_ESR2,QJPEM,9.9,17.1,24.0,370.0,480.0,15.1,17.2,-0.2,85.3,53.0,38.7
2026-07-10,FLOWERII_ESR1,QJPEM,100.0,195.8,24.0,3574.0,5403.0,151.5,175.6,-1.0,885.9,53.0,38.7
2026-07-10,FORTMA_ESR1,QTEN30,10.0,12.6,24.0,-154.0,371.0,5.1,10.8,4.8,89.2,53.0,38.7
2026-07-10,FRMRSVLW_ESR1,QBEEP1,9.9,10.7,24.0,110.0,313.0,8.1,8.0,-1.3,140.3,53.0,38.7
2026-07-10,FRMRSVLW_ESR2,QTEN26,6.0,14.7,24.0,192.0,393.0,10.3,13.1,1.0,58.8,53.0,38.7
2026-07-10,FTDUNCAN_ESR1,QTEN26,100.0,200.0,22.7,2348.0,5502.0,134.5,232.3,50.8,1338.8,53.0,38.7
2026-07-10,GAIA_SLR_ESR1,QTEN26,75.0,150.0,24.0,3092.0,4127.0,136.1,165.5,1.2,0.0,53.0,38.7
2026-07-10,GAMBIT_ESR1,QSUE23,100.0,148.0,24.0,1189.0,4251.0,149.5,188.2,-11.1,781.9,53.0,38.7
2026-07-10,GARCENO_ESR1,QTEN24,9.9,9.8,24.0,-152.0,290.0,0.2,9.9,9.8,42.6,53.0,38.7
2026-07-10,GEORSO_ESR1,QEDIS9,9.8,8.1,24.0,194.0,255.0,8.8,11.2,-0.0,26.1,53.0,38.7
2026-07-10,GIGA_ESS_ESR1,QSUE55,124.6,218.4,24.0,4937.0,6120.0,217.1,231.4,-20.7,1835.5,53.0,38.7
2026-07-10,GKS_BESS_ESR1,QTEN26,90.0,173.3,24.0,2158.0,4777.0,113.3,146.5,-6.1,361.2,53.0,38.7
2026-07-10,GODY_SLR_ESR1,QTEN26,17.4,188.5,24.0,-30.0,2654.0,63.2,166.0,80.5,0.0,53.0,38.7
2026-07-10,GOMZ_ESR1,QBEEP1,9.9,10.7,24.0,-32.0,313.0,2.2,8.3,5.8,115.3,53.0,38.7
2026-07-10,GOODWIN_ESR1,QTEN30,10.0,12.7,24.0,-56.0,359.0,3.8,7.0,2.0,72.1,53.0,38.7
2026-07-10,GRDNE_ESR1,QBEEP1,9.9,10.7,24.0,-54.0,313.0,2.2,9.7,6.8,105.3,53.0,38.7
2026-07-10,GRIZZLY_ESR1,QPRIO1,9.9,10.0,0.0,0.0,305.0,0.0,-0.0,0.0,0.0,53.0,38.7
2026-07-10,GZ_ESR1,QTEN30,10.0,12.7,24.0,297.0,373.0,10.7,4.3,-8.1,72.8,53.0,38.7
2026-07-10,HAMILTON_ESR1,QBEEP1,9.9,10.7,24.0,214.0,313.0,8.8,9.9,0.1,95.4,53.0,38.7
2026-07-10,HEADCAMP_ESR1,QTEN34,150.0,300.0,24.0,8514.0,8254.0,349.8,272.5,-113.0,0.0,53.0,38.7
2026-07-10,HEARN_RD_ESR1,QTEN30,10.0,12.7,24.0,255.0,370.0,12.2,14.2,0.0,0.0,53.0,38.7
2026-07-10,HEIGHTTN_ESR1,QSUE74,9.9,8.2,24.0,127.0,259.0,8.0,9.4,0.1,44.2,53.0,38.7
2026-07-10,HEN_ESR1,QECNR,150.0,298.9,24.0,1092.0,8231.0,478.6,581.6,-1.6,0.0,53.0,38.7
2026-07-10,HEN_ESR2,QECNR,81.6,282.6,23.9,-421.0,7174.0,1.4,18.1,-15.9,0.0,53.0,38.7
2026-07-10,HI_LONEB_ESR1,QENEL1,50.0,71.3,24.0,1058.0,2061.0,51.5,68.6,9.3,588.7,53.0,38.7
2026-07-10,HLY_ESR1,QHEI1,102.2,172.9,24.0,465.0,4870.0,114.2,164.1,-3.8,1470.9,53.0,38.7
2026-07-10,HLY_ESR2,QHEI1,101.8,167.9,24.0,500.0,4748.0,111.0,157.2,-7.1,1538.1,53.0,38.7
2026-07-10,HMNG_ESS_ESR1,QMEA8,99.8,211.0,24.0,4044.0,5759.0,180.8,209.7,-5.9,1282.5,53.0,38.7
2026-07-10,HOLCOMB_ESR1,QBEEP1,9.9,10.7,24.0,118.0,313.0,6.6,10.0,2.3,104.0,53.0,38.7
2026-07-10,HOUSEMTN_ESR1,QJPEM,60.0,127.5,24.0,2540.0,3478.0,109.2,139.2,1.4,598.4,53.0,38.7
2026-07-10,HRMS_SLR_ESR1,QTOT16,100.0,193.4,24.0,-648.0,5346.0,0.0,40.1,0.0,0.0,53.0,38.7
2026-07-10,HWY6_ESR1,QTEN26,9.9,24.7,24.0,408.0,659.0,25.7,28.7,0.0,0.0,53.0,38.7
2026-07-10,HYDR_ESS_ESR1,QSUE74,200.0,193.8,24.0,1446.0,5960.0,165.2,259.1,61.5,939.7,53.0,38.7
2026-07-10,INDL_ESR1,QECNR,9.9,4.3,24.0,76.0,153.0,3.8,5.0,-0.0,0.0,53.0,38.7
2026-07-10,INRT_W_ESR1,QFPL32,13.0,46.7,24.0,753.0,1171.0,32.1,41.2,-0.0,0.0,53.0,38.7
2026-07-10,JADE_SLR_ESR1,QIPLUM,78.1,143.7,24.0,-402.0,3999.0,50.3,167.2,96.5,516.8,53.0,38.7
2026-07-10,JADE_SLR_ESR2,QIPLUM,81.9,151.0,24.0,-411.0,4203.0,54.9,180.2,100.4,445.1,53.0,38.7
2026-07-10,JAG_SLR_ESR1,QLCRA,150.0,300.0,24.0,3601.0,8254.0,281.5,367.1,23.1,987.8,53.0,38.7
2026-07-10,JAG_SLR_ESR2,QMITS2,150.0,312.6,24.0,7005.0,8550.0,297.3,355.3,4.0,0.0,53.0,38.7
2026-07-10,JAR_ESR1,QHEI1,147.0,264.0,24.0,3062.0,7373.0,160.3,216.3,4.5,2179.3,53.0,38.7
2026-07-10,JAR_ESR2,QHEI1,157.0,291.0,24.0,3656.0,8090.0,179.6,227.4,3.3,2366.5,53.0,38.7
2026-07-10,JDKNS_ESR1,QBEEP1,9.9,10.7,24.0,-50.0,313.0,2.2,9.4,6.5,108.8,53.0,38.7
2026-07-10,JUNCTION_ESR1,QBEEP1,9.9,10.7,24.0,-171.0,313.0,1.1,9.4,7.8,149.0,53.0,38.7
2026-07-10,JUNORTH_ESR1,QTEN26,9.9,22.0,24.0,250.0,597.0,16.7,16.8,-2.1,0.0,53.0,38.7
2026-07-10,K0_ESR1,QSUE74,9.9,9.7,24.0,136.0,294.0,8.9,10.7,0.1,48.3,53.0,38.7
2026-07-10,KEG_ESR1,QEDF27,18.0,311.2,24.0,-553.0,2307.0,39.9,80.2,19.6,0.0,53.0,38.7
2026-07-10,LANTANA_ESR1,QTEN26,9.9,20.1,24.0,326.0,543.0,16.1,18.9,-0.0,0.0,53.0,38.7
2026-07-10,LBRA_ESS_ESR1,QSUE48,200.0,200.0,24.0,1341.0,6119.0,128.2,200.3,6.5,502.0,53.0,38.7
2026-07-10,LFSTH_ESR1,QBEEP1,9.9,10.7,24.0,95.0,313.0,8.1,8.7,-0.5,143.1,53.0,38.7
2026-07-10,LIGSW_ESR1,QPROLO,9.8,9.5,24.0,227.0,290.0,9.0,9.4,-1.3,118.7,53.0,38.7
2026-07-10,LILY_ESR1,QENEL5,50.0,71.8,24.0,448.0,2074.0,27.8,39.4,1.4,543.0,53.0,38.7
2026-07-10,LMO_ESR1,QSHEL2,99.9,243.5,24.0,3669.0,6514.0,241.3,304.1,4.4,672.0,53.0,38.7
2026-07-10,LONESTAR_ESR1,QBEEP1,9.9,10.7,24.0,-49.0,313.0,2.2,9.3,6.7,105.6,53.0,38.7
2026-07-10,LON_ESR1,QTEN26,174.0,348.0,24.0,5926.0,9584.0,308.1,331.7,-48.3,2298.9,53.0,38.7
2026-07-10,LOPENO_ESR1,QSUE74,9.9,9.8,24.0,-1.0,296.0,9.1,12.8,2.2,63.5,53.0,38.7
2026-07-10,LOWR_ESS_ESR1,QEDI10,60.0,115.4,24.0,2548.0,3192.0,114.8,131.2,6.7,780.4,53.0,38.7
2026-07-10,LUCKYBLU_ESR1,QBROO1,97.4,198.2,24.0,2617.0,5440.0,202.4,231.5,-9.3,823.6,53.0,38.7
2026-07-10,LYNX_ESS_ESR1,QSU101,76.8,250.0,24.0,-49.0,6337.0,156.1,142.4,-43.5,0.0,53.0,38.7
2026-07-10,L_463S_ESR1,QSUE74,9.9,7.3,24.0,91.0,233.0,7.1,8.6,0.4,52.0,53.0,38.7
2026-07-10,L_FRESNO_ESR1,QTEN24,9.9,11.1,24.0,96.0,319.0,4.5,7.7,2.7,66.7,53.0,38.7
2026-07-10,MADERO_ESR1,QTEN25,100.0,264.7,24.0,4779.0,6996.0,224.5,260.8,-7.5,185.5,53.0,38.7
2026-07-10,MADERO_ESR2,QTEN25,100.0,261.9,24.0,4772.0,6932.0,222.7,256.1,-7.0,184.7,53.0,38.7
2026-07-10,MAGNO_TN_ESR1,QSUE74,8.3,6.3,24.0,67.0,204.0,4.6,5.6,0.0,32.1,53.0,38.7
2026-07-10,MAINLAND_ESR1,QBEEP1,9.9,10.7,24.0,122.0,313.0,8.4,9.6,0.3,119.9,53.0,38.7
2026-07-10,MAYBERRY_ESR1,QTEN24,9.9,10.6,24.0,-75.0,309.0,1.4,9.2,7.0,48.1,53.0,38.7
2026-07-10,MAYBERRY_ESR2,QTEN24,9.9,11.9,24.0,-16.0,338.0,1.5,5.5,3.8,93.0,53.0,38.7
2026-07-10,MESQUITE_ESR1,QTEN26,10.0,19.8,24.0,449.0,540.0,19.1,21.9,-0.1,0.0,53.0,38.7
2026-07-10,MESQUITE_ESR2,QSYSO,9.9,15.0,24.0,-186.0,355.0,0.4,7.8,-2.1,0.0,53.0,38.7
2026-07-10,MIDP_SLR_ESR1,QTEN26,50.9,100.0,24.0,1258.0,2758.0,76.5,110.7,14.7,0.0,53.0,38.7
2026-07-10,MIDWY_ESR1,QPROLO,9.9,10.5,24.0,235.0,310.0,10.6,12.2,0.2,103.0,53.0,38.7
2026-07-10,MNWLE_ESR1,QBEEP1,9.9,10.7,24.0,300.0,313.0,8.1,1.7,-7.2,150.2,53.0,38.7
2026-07-10,MOORE_FL_ESR1,QTEN30,10.0,11.4,24.0,259.0,327.0,11.6,12.0,0.9,0.0,53.0,38.7
2026-07-10,MUENSTER_ESR1,QTEN30,10.0,12.6,24.0,256.0,371.0,11.6,11.6,-0.2,57.9,53.0,38.7
2026-07-10,MUSTNGCK_ESR1,QENE10,71.0,112.1,24.0,2612.0,3192.0,108.1,129.9,0.3,299.7,53.0,38.7
2026-07-10,MU_ESR1,QTEN26,9.9,19.5,24.0,261.0,537.0,16.2,17.4,-1.3,156.4,53.0,38.7
2026-07-10,MV_VALV4_ESR1,QBEEP1,9.9,10.7,24.0,103.0,313.0,6.0,9.9,2.7,98.6,53.0,38.7
2026-07-10,MYR_ESR1,QTOTL5,74.3,106.3,24.0,2304.0,3073.0,122.6,137.8,-6.1,371.3,53.0,38.7
2026-07-10,MYR_ESR2,QTOTL5,45.0,48.8,24.0,859.0,1472.0,51.9,64.8,0.9,237.5,53.0,38.7
2026-07-10,NCO_ESR1,QSHEL2,48.3,60.3,24.0,880.0,1777.0,47.2,60.4,-0.6,138.6,53.0,38.7
2026-07-10,NF_BRP_ESR1,QSUE74,100.5,107.9,24.0,573.0,3261.0,61.1,98.1,-0.0,164.7,53.0,38.7
2026-07-10,NOBLESLR_ESR1,QNGREN,61.4,51.2,24.0,590.0,1618.0,31.3,31.6,-1.0,167.2,53.0,38.7
2026-07-10,NOBLESLR_ESR2,QNGREN,62.5,54.4,24.0,1113.0,1704.0,57.7,67.6,1.0,372.5,53.0,38.7
2026-07-10,NWF_ESR1,QDUKER,5.7,0.6,24.0,-166.0,23.0,0.5,7.6,1.2,0.0,53.0,38.7
2026-07-10,N_ALAMO_ESR1,QTEN24,9.9,10.6,24.0,-145.0,308.0,0.2,9.6,9.2,50.8,53.0,38.7
2026-07-10,N_MERCED_ESR1,QTEN24,9.9,7.1,24.0,-99.0,223.0,0.1,6.4,4.7,38.5,53.0,38.7
2026-07-10,ODESW_ESR1,QSUE74,9.9,6.0,24.0,48.0,200.0,6.6,9.3,1.4,49.1,53.0,38.7
2026-07-10,OLNEYTN_ESR1,QBEEP1,9.9,10.7,24.0,-63.0,313.0,8.8,8.6,-1.5,122.9,53.0,38.7
2026-07-10,PAD1_ESS_ESR1,QCPSE,50.0,122.0,24.0,1708.0,3263.0,74.0,83.9,-4.6,45.0,53.0,38.7
2026-07-10,PAD2_ESS_ESR2,QCPSE,150.0,600.0,24.0,11433.0,14582.0,498.2,518.8,-45.8,76.4,53.0,38.7
2026-07-10,PALACIOS_ESR1,QTEN30,10.0,11.4,24.0,181.0,331.0,9.3,11.2,-0.2,0.0,53.0,38.7
2026-07-10,PALE_ESS_ESR1,QSUE74,200.0,190.3,24.0,2685.0,5870.0,194.3,262.1,13.2,944.3,53.0,38.7
2026-07-10,PALMVIEW_ESR1,QGRIDB,10.1,24.7,0.0,-17.0,638.0,0.0,0.7,-0.3,0.0,53.0,38.7
2026-07-10,PAULN_ESR1,QBEEP1,9.9,10.7,24.0,109.0,313.0,8.1,8.1,-1.6,139.8,53.0,38.7
2026-07-10,PAVLOV_ESR1,QBEEP1,9.9,10.7,24.0,155.0,313.0,7.7,10.4,1.2,105.1,53.0,38.7
2026-07-10,PAVO_ESS_ESR1,QSUE74,87.5,83.2,24.0,1118.0,2568.0,73.2,99.9,13.4,348.9,53.0,38.7
2026-07-10,PAVO_ESS_ESR2,QSUE74,87.5,84.7,24.0,1118.0,2605.0,74.6,102.8,14.3,341.1,53.0,38.7
2026-07-10,PEARSALL_ESR1,QTEN26,9.9,19.8,24.0,306.0,520.0,16.3,19.2,-0.0,63.6,53.0,38.7
2026-07-10,PHO_ESR1,QENE15,150.0,238.5,24.0,3319.0,6782.0,184.6,270.4,36.8,745.7,53.0,38.7
2026-07-10,PHO_ESR2,QENE15,150.0,238.3,24.0,2038.0,6777.0,146.0,265.1,73.8,812.3,53.0,38.7
2026-07-10,PINEFRST_ESR1,QTEN21,200.1,400.0,24.0,6844.0,11006.0,392.7,455.1,2.4,75.0,53.0,38.7
2026-07-10,PIN_BESS_ESR1,QTEN34,200.0,400.0,24.0,5962.0,11005.0,280.8,354.4,13.3,0.0,53.0,38.7
2026-07-10,PIRATE_ESR1,QTEN30,10.0,12.6,24.0,394.0,365.0,13.7,9.0,-5.0,69.2,53.0,38.7
2026-07-10,PLATINUM_ESR1,QSUE80,148.3,323.4,24.0,5182.0,8789.0,275.2,345.7,8.6,499.4,53.0,38.7
2026-07-10,PLATINUM_ESR2,QSUE80,151.7,314.6,24.0,4086.0,8611.0,238.0,325.9,13.5,507.2,53.0,38.7
2026-07-10,POTEETS_ESR1,QBEEP1,9.9,10.7,24.0,151.0,313.0,6.7,9.0,1.5,101.6,53.0,38.7
2026-07-10,PRCRK_ESR1,QTEN24,9.9,13.1,24.0,93.0,363.0,6.0,9.0,2.9,52.0,53.0,38.7
2026-07-10,PRTLAVS_ESR1,QSTEC3,3.7,3.0,24.0,-29.0,93.0,0.1,1.9,1.7,20.8,53.0,38.7
2026-07-10,PUEBLO_ESR1,QSUE74,8.3,7.4,24.0,52.0,228.0,5.9,8.4,0.4,50.1,53.0,38.7
2026-07-10,PUEBLO_ESR2,QSUE74,9.9,9.8,24.0,93.0,296.0,8.0,10.6,0.3,59.2,53.0,38.7
2026-07-10,PYOTE_ESR1,QJPEM,9.0,14.2,24.0,268.0,405.0,11.0,12.6,-0.1,99.3,53.0,38.7
2026-07-10,PYR_ESR1,QECNR,9.9,4.2,24.0,77.0,151.0,3.9,5.3,0.1,0.0,53.0,38.7
2026-07-10,PYR_ESR2,QECNR,14.9,13.6,24.0,207.0,422.0,9.9,12.6,-0.0,9.9,53.0,38.7
2026-07-10,PYR_ESR3,QECNR,15.1,13.6,24.0,243.0,423.0,11.3,14.1,0.0,8.9,53.0,38.7
2026-07-10,QTUM_SLR_ESR1,QTEN33,160.0,296.5,24.0,-137.0,8243.0,0.0,5.7,2.0,0.0,53.0,38.7
2026-07-10,QTUM_SLR_ESR2,QTEN33,160.0,288.5,24.0,-145.0,8052.0,0.0,6.0,-5.6,0.0,53.0,38.7
2026-07-10,QUEEN_BA_ESR1,QENEL2,50.0,72.0,24.0,754.0,2072.0,42.1,62.6,22.4,577.5,53.0,38.7
2026-07-10,RADN_SLR_ESR1,QIPRAD,78.1,141.0,17.4,2308.0,3935.0,142.2,166.2,1.4,493.7,53.0,38.7
2026-07-10,RADN_SLR_ESR2,QIPRAD,81.9,150.2,17.4,2460.0,4183.0,164.4,187.1,-2.6,507.6,53.0,38.7
2026-07-10,RBN_ESR1,QTEN19,100.0,120.2,24.0,164.0,3568.0,111.9,168.7,12.3,553.2,53.0,38.7
2026-07-10,RHA_ESR1,QTEN19,201.9,419.7,24.0,992.0,11482.0,354.9,438.6,0.0,0.0,53.0,38.7
2026-07-10,RIO_GRAN_ESR1,QTEN24,9.9,9.8,24.0,-158.0,290.0,0.2,10.1,5.8,33.6,53.0,38.7
2026-07-10,RIO_GRAN_ESR2,QPROLO,7.0,14.5,24.0,-121.0,376.0,3.9,14.1,9.8,105.0,53.0,38.7
2026-07-10,ROSELAND_ESR1,QENEL9,50.0,85.8,24.0,1974.0,2411.0,94.0,94.5,-16.7,317.1,53.0,38.7
2026-07-10,RPUBRDS_ESR1,QSHEL2,50.0,59.9,24.0,916.0,1779.0,56.3,75.3,-0.5,179.6,53.0,38.7
2026-07-10,RRANCHES_ESR1,QSUE51,150.0,345.8,24.0,5028.0,9325.0,276.1,318.3,-17.4,1468.7,53.0,38.7
2026-07-10,RRANCHES_ESR2,QSUE51,150.0,345.0,24.0,4923.0,9306.0,266.1,310.7,-17.4,1270.5,53.0,38.7
2026-07-10,RRC_WIND_ESR1,QFPL35,75.0,225.0,24.0,5360.0,5831.0,301.3,248.8,-82.2,0.0,53.0,38.7
2026-07-10,RRC_WIND_ESR2,QFPL35,75.0,225.0,24.0,5414.0,5831.0,300.6,245.9,-82.1,0.0,53.0,38.7
2026-07-10,RTLSNAKE_ESR1,QBEEP1,9.9,10.7,24.0,-50.0,313.0,2.2,9.4,6.9,101.7,53.0,38.7
2026-07-10,RUSSEKST_ESR1,QBEEP1,9.9,10.7,24.0,85.0,313.0,7.2,9.3,1.2,140.6,53.0,38.7
2026-07-10,RVRVLYS_ESR1,QSHEL2,50.4,114.3,24.0,1999.0,3090.0,144.9,170.6,-2.7,789.1,53.0,38.7
2026-07-10,RVRVLYS_ESR2,QSHEL2,50.4,114.3,24.0,1836.0,3090.0,136.2,158.3,-4.4,780.6,53.0,38.7
2026-07-10,SADLBACK_ESR1,QBEEP1,9.9,10.7,16.2,-47.0,313.0,2.1,9.0,6.4,89.3,53.0,38.7
2026-07-10,SANDLAKE_ESR1,QBEEP1,9.9,10.7,24.0,-39.0,313.0,2.2,8.8,6.3,108.3,53.0,38.7
2026-07-10,SBEAN_ESR1,QBEEP1,9.9,10.7,24.0,-40.0,313.0,2.1,8.7,6.3,109.8,53.0,38.7
2026-07-10,SEVNF_ES_ESR1,QTEN37,100.0,238.2,24.0,865.0,6392.0,135.9,234.4,47.1,801.1,53.0,38.7
2026-07-10,SE_EDINB_ESR1,QGRIDB,10.1,24.7,0.0,0.0,638.0,0.7,0.6,-1.2,0.0,53.0,38.7
2026-07-10,SGAL_BES_ESR1,QJPEM,100.0,195.0,24.0,4181.0,5384.0,179.9,224.7,-0.5,902.0,53.0,38.7
2026-07-10,SGAL_BES_ESR2,QJPEM2,100.0,203.0,24.0,4575.0,5573.0,193.4,233.0,4.6,874.4,53.0,38.7
2026-07-10,SGSA_ESR1,QAMA1,9.9,23.6,24.0,445.0,633.0,13.9,7.5,-9.6,66.8,53.0,38.7
2026-07-10,SHAMROCK_ESR1,QFPL40,99.3,297.9,24.0,5314.0,7721.0,260.0,174.2,-114.4,0.0,53.0,38.7
2026-07-10,SHEEPCRK_ESR1,QSUE70,135.0,172.9,24.0,1923.0,5082.0,146.2,209.1,2.9,644.9,53.0,38.7
2026-07-10,SLCNHLS_ESR1,QSHEL2,50.0,58.6,24.0,518.0,1745.0,47.7,69.8,1.9,247.5,53.0,38.7
2026-07-10,SLCNHLS_ESR2,QSHEL2,50.0,60.3,24.0,851.0,1790.0,54.9,75.0,-0.4,236.3,53.0,38.7
2026-07-10,SLK_BESS_ESR1,QTEN34,201.0,400.0,24.0,10509.0,11011.0,365.0,256.7,-126.7,0.0,53.0,38.7
2026-07-10,SMTH_ESS_ESR1,QSUE77,104.8,207.4,24.0,4230.0,5714.0,216.5,234.5,-12.3,1551.1,53.0,38.7
2026-07-10,SOLC_SLR_ESR1,QTEN33,160.0,312.0,24.0,-11.0,8614.0,0.0,0.6,-21.4,0.0,53.0,38.7
2026-07-10,SOLC_SLR_ESR2,QTEN33,160.0,320.0,24.0,-12.0,8804.0,0.1,0.6,-19.6,0.0,53.0,38.7
2026-07-10,SPTX12B_ESR1,QEDIS9,22.3,18.5,24.0,477.0,585.0,18.9,22.7,-0.1,30.3,53.0,38.7
2026-07-10,SP_ESR1,QTEN26,9.9,19.5,24.0,86.0,528.0,14.8,18.9,0.5,61.8,53.0,38.7
2026-07-10,STADIUM_ESR1,QTEN26,9.9,17.6,24.0,18.0,491.0,2.4,1.4,-0.9,0.0,53.0,38.7
2026-07-10,STAM_SLR_ESR1,QENE12,70.0,129.0,24.0,1574.0,3589.0,74.3,90.5,2.7,727.9,53.0,38.7
2026-07-10,STRG_SLR_ESR1,QECNR,96.6,192.9,24.0,769.0,5311.0,64.2,122.5,55.8,0.0,53.0,38.7
2026-07-10,SUNVASLR_ESR1,QSUE38,53.3,53.2,24.0,625.0,1629.0,37.3,50.0,1.3,156.8,53.0,38.7
2026-07-10,SUNVASLR_ESR2,QSUE38,46.7,46.8,24.0,507.0,1430.0,29.9,41.9,0.1,122.3,53.0,38.7
2026-07-10,SWEENY_ESR1,QSUE74,9.9,9.3,24.0,133.0,284.0,8.5,10.5,0.5,46.9,53.0,38.7
2026-07-10,SWOOSEII_ESR1,QMEA5,100.0,191.4,24.0,2738.0,5297.0,128.5,166.2,-4.1,1121.7,53.0,38.7
2026-07-10,SWTWR_ESR1,QTEN26,7.5,17.3,24.0,292.0,461.0,11.6,12.2,-1.7,19.5,53.0,38.7
2026-07-10,S_SNROSA_ESR1,QTEN24,9.9,10.9,24.0,-20.0,315.0,2.1,7.7,4.9,62.6,53.0,38.7
2026-07-10,TBWF_ESS_ESR1,QTEN29,150.0,342.0,24.0,357.0,9237.0,142.1,308.1,112.2,1503.3,53.0,38.7
2026-07-10,TDWLPR_1_ESR1,QMEA6,100.0,223.7,24.0,4658.0,6059.0,190.1,201.7,-18.4,1486.6,53.0,38.7
2026-07-10,TDWLPR_1_ESR2,QMEA6,100.0,216.1,24.0,4234.0,5880.0,179.9,201.8,-14.7,1385.1,53.0,38.7
2026-07-10,TNFS_ESR1,QSYSO,9.9,18.0,24.0,425.0,502.0,18.3,20.1,0.0,56.1,53.0,38.7
2026-07-10,TORT_ESS_ESR1,QSUE74,50.0,40.5,24.0,783.0,1285.0,41.3,51.3,-1.2,164.4,53.0,38.7
2026-07-10,TSECA_ES_ESR1,QTEN36,100.0,238.2,24.0,153.0,6392.0,103.5,221.8,75.0,593.6,53.0,38.7
2026-07-10,TURQBESS_ESR1,QHEI3,190.0,361.0,24.0,5012.0,10002.0,274.8,322.3,3.3,2473.4,53.0,38.7
2026-07-10,TV_ESR1,QAETE1,10.0,22.4,24.0,163.0,607.0,7.4,7.4,-1.3,114.9,53.0,38.7
2026-07-10,TYNAN_ESR1,QBEEP1,9.9,10.7,24.0,150.0,313.0,7.0,9.8,1.6,104.6,53.0,38.7
2026-07-10,UTOPIA_ESR1,QTEN30,9.9,12.7,24.0,268.0,373.0,12.3,14.5,-0.1,0.0,53.0,38.7
2026-07-10,VORTEX_ESR1,QENEL8,121.8,199.0,24.0,4277.0,5635.0,181.0,218.0,-6.0,640.8,53.0,38.7
2026-07-10,WAL_ESR1,QSUE92,200.0,400.0,24.0,9385.0,11005.0,450.8,496.3,-14.2,3018.2,53.0,38.7
2026-07-10,WCOLLOCL_ESR1,QHABIT,8.4,3.1,24.0,-9.0,112.0,0.1,0.6,-0.4,93.7,53.0,38.7
2026-07-10,WEIL_TRC_ESR1,QBEEP1,9.9,10.7,24.0,154.0,313.0,6.9,9.4,1.5,102.2,53.0,38.7
2026-07-10,WFTANK_ESR1,QTEN28,150.0,169.5,24.0,3641.0,5083.0,165.7,219.3,6.5,1511.3,53.0,38.7
2026-07-10,WIG_ESS_ESR1,QHEI1,120.0,187.0,24.0,2258.0,5334.0,138.8,179.8,-14.7,1721.7,53.0,38.7
2026-07-10,WOVER_ESR1,QTEN26,5.1,12.9,24.0,305.0,344.0,12.4,12.7,-1.4,4.9,53.0,38.7
2026-07-10,WR_ESR1,QAETEL,9.9,22.4,24.0,-71.0,605.0,2.1,8.0,4.8,145.1,53.0,38.7
2026-07-10,WZRD_ESS_ESR1,QTEN26,150.0,319.6,16.2,-5488.0,8714.0,0.9,348.4,-20.8,626.7,53.0,38.7
2026-07-10,W_HARLIN_ESR1,QTEN24,9.9,10.6,24.0,80.0,309.0,3.9,7.1,2.9,60.0,53.0,38.7
2026-07-10,X4_ESR1,QCPSE,10.0,8.5,24.0,178.0,268.0,9.0,10.2,-0.7,11.6,53.0,38.7
2026-07-10,Z0_ESR1,QTEN26,9.9,22.3,24.0,378.0,571.0,16.7,17.6,-0.7,0.0,53.0,38.7
2026-07-10,ZAPATA_ESR1,QSUE74,9.9,9.4,24.0,-14.0,287.0,8.6,12.9,2.5,61.7,53.0,38.7
2026-07-10,ZAPATA_ESR2,QSUE74,8.3,7.3,24.0,-48.0,227.0,5.9,9.6,2.5,51.2,53.0,38.7
2026-07-10,ZIER_SLR_ESR1,QTEN19,40.0,76.8,24.0,-34.0,2126.0,34.9,95.7,40.4,257.9,53.0,38.7
2026-07-09,ABINDUST_ESR1,QMP2M1,9.9,25.9,24.0,127.0,731.0,14.3,28.3,11.8,2.2,50.0,38.6
2026-07-09,ADL_ESR1,QTEN26,60.0,55.0,24.0,1019.0,1954.0,60.0,77.3,0.1,469.9,50.0,38.6
2026-07-09,AE_ESR1,QTEN26,9.9,19.5,24.0,330.0,597.0,16.6,18.7,-0.3,162.1,50.0,38.6
2026-07-09,ALAMO_ST_ESR1,QSYSO,9.9,18.0,24.0,256.0,561.0,17.6,20.2,0.0,13.5,50.0,38.6
2026-07-09,ALP_BESS_ESR1,QHEI1,100.3,161.3,24.0,2237.0,5157.0,120.1,166.5,5.5,1693.4,50.0,38.6
2026-07-09,ALVIN_ESR1,QSUE74,8.3,5.5,24.0,63.0,207.0,5.6,6.8,-0.0,43.0,50.0,38.6
2026-07-09,ANCHOR_ESR1,QENE11,34.0,44.1,24.0,174.0,1467.0,14.5,28.0,2.0,325.8,50.0,38.6
2026-07-09,ANCHOR_ESR2,QENE11,31.1,41.7,24.0,203.0,1379.0,17.9,34.1,7.9,341.6,50.0,38.6
2026-07-09,ANDMDSLR_ESR1,QIPLU2,81.9,148.0,24.0,3512.0,4622.0,147.8,167.6,4.9,945.3,50.0,38.6
2026-07-09,ANDMDSLR_ESR2,QIPLU2,78.1,144.5,24.0,3352.0,4487.0,154.1,174.1,8.0,912.3,50.0,38.6
2026-07-09,ANEM_ESS_ESR1,QSUE53,200.0,456.5,24.0,4956.0,13525.0,388.2,498.1,57.9,1415.1,50.0,38.6
2026-07-09,ANGLETON_ESR1,QSUE74,9.9,8.2,24.0,122.0,298.0,7.6,9.3,0.1,56.5,50.0,38.6
2026-07-09,ANG_SLR_ESR1,QTEN26,100.0,190.9,24.0,-2075.0,5891.0,22.2,217.3,141.3,677.6,50.0,38.6
2026-07-09,ANOL_ESS_ESR1,QESVEM,240.0,527.5,15.6,-8576.0,15770.0,0.2,621.8,-18.8,1045.0,50.0,38.6
2026-07-09,ANTL_ESS_ESR1,QSU100,70.0,169.6,24.0,3009.0,4948.0,149.6,183.4,7.1,391.2,50.0,38.6
2026-07-09,ARY_BESS_ESR1,QTEN32,20.0,180.0,24.0,901.0,2260.0,54.7,65.6,1.9,0.0,50.0,38.6
2026-07-09,AVIL_ESS_ESR1,QSU100,160.0,371.9,24.0,7118.0,10486.0,345.1,421.0,14.5,1071.6,50.0,38.6
2026-07-09,AZURE_ESR1,QENEL6,77.6,127.2,24.0,1700.0,4055.0,91.3,156.8,29.2,545.4,50.0,38.6
2026-07-09,BATCAVE_ESR1,QSUE74,100.5,107.9,24.0,524.0,3717.0,52.9,89.3,10.1,246.6,50.0,38.6
2026-07-09,BAY_CITY_ESR1,QTEN24,9.9,11.1,24.0,-36.0,322.0,2.4,10.3,6.9,56.1,50.0,38.6
2026-07-09,BCK_ESR1,QHEI5,123.5,304.0,15.8,5557.0,8835.0,269.1,325.8,6.1,0.0,50.0,38.6
2026-07-09,BCK_ESR2,QHEI5,126.5,320.3,15.8,5617.0,9243.0,274.6,335.1,10.0,0.0,50.0,38.6
2026-07-09,BCNV2_ES_ESR1,QSU115,7.6,300.0,24.0,-182.0,768.0,0.0,8.1,-0.4,0.0,50.0,38.6
2026-07-09,BCNV_ESS_ESR1,QSHE11,149.9,300.0,24.0,6090.0,9158.0,288.8,341.0,-0.9,977.1,50.0,38.6
2026-07-09,BELD_ESR1,QJPEM,6.0,9.6,24.0,226.0,311.0,9.1,10.4,-0.1,40.4,50.0,38.6
2026-07-09,BEXAR_ES_ESR1,QTEN32,100.0,100.0,24.0,-1203.0,3494.0,76.3,98.9,-0.6,1049.9,50.0,38.6
2026-07-09,BIG_STAR_ESR1,QECNR,80.0,108.0,24.0,2405.0,3566.0,110.2,128.3,0.1,0.0,50.0,38.6
2026-07-09,BKSL_ESS_ESR1,QESVEM,100.0,211.9,24.0,3219.0,6388.0,196.9,254.4,11.3,333.7,50.0,38.6
2026-07-09,BLACKSPR_ESR1,QBROO2,120.0,259.5,24.0,1322.0,7787.0,194.4,293.3,51.3,801.4,50.0,38.6
2026-07-09,BLSUMMIT_ESR1,QFPL12,30.0,9.7,24.0,40.0,407.0,4.8,9.3,-0.1,0.0,50.0,38.6
2026-07-09,BLSUMMIT_ESR2,QFPL48,150.0,450.0,24.0,9886.0,12405.0,469.9,547.2,0.0,0.0,50.0,38.6
2026-07-09,BLUEJAY_ESR1,QENEL7,50.0,86.2,24.0,1530.0,2719.0,73.3,90.7,-0.6,222.1,50.0,38.6
2026-07-09,BLVN_SLR_ESR1,QSHEL8,180.0,360.0,24.0,5608.0,10991.0,350.3,444.1,0.0,530.2,50.0,38.6
2026-07-09,BOCO_ESS_ESR1,QTEN28,150.2,365.0,24.0,8218.0,10641.0,318.5,399.2,3.1,1855.0,50.0,38.6
2026-07-09,BRAZORIA_ESR1,QSUE74,9.9,9.6,24.0,83.0,337.0,12.2,15.1,0.9,55.7,50.0,38.6
2026-07-09,BR_ARROW_ESR1,QECNR,48.3,93.5,24.0,2061.0,2875.0,84.0,97.7,1.8,50.7,50.0,38.6
2026-07-09,BR_ARROW_ESR2,QECNR,51.7,100.4,24.0,1989.0,3084.0,87.3,98.4,-1.0,0.0,50.0,38.6
2026-07-09,BYP_ESR1,QEXELO,201.3,450.0,24.0,10719.0,13405.0,466.8,548.6,0.0,0.0,50.0,38.6
2026-07-09,BYRDR_ES_ESR1,QHABIT,50.0,59.4,24.0,1027.0,2007.0,45.0,54.7,0.8,705.7,50.0,38.6
2026-07-09,CACH_ESS_ESR1,QSU100,200.0,467.1,24.0,8907.0,13757.0,424.7,522.5,18.9,866.7,50.0,38.6
2026-07-09,CAMWIND_ESR1,QTEN26,16.4,33.9,24.0,70.0,1029.0,20.9,33.7,10.2,76.3,50.0,38.6
2026-07-09,CARA_ESS_ESR1,QHEI8,98.3,196.7,24.0,3495.0,6004.0,166.4,206.6,1.5,1524.5,50.0,38.6
2026-07-09,CARN_ESS_ESR1,QSU100,150.0,336.5,24.0,6492.0,10014.0,311.6,365.4,-4.4,787.2,50.0,38.6
2026-07-09,CARRIZO_ESR1,QTEN30,10.0,12.6,24.0,174.0,422.0,13.8,17.4,2.0,43.6,50.0,38.6
2026-07-09,CARTWHL_ESR1,QECNR,150.0,284.8,24.0,6219.0,8794.0,263.2,311.5,0.9,0.0,50.0,38.6
2026-07-09,CASL_GAP_ESR1,QLUMN1,4.0,4.3,24.0,129.0,150.0,4.7,5.9,0.0,0.0,50.0,38.6
2026-07-09,CAST_ESS_ESR1,QSUE79,200.0,416.5,24.0,8258.0,12604.0,363.3,462.7,25.1,793.1,50.0,38.6
2026-07-09,CATARINA_ESR1,QBEEP1,9.9,10.7,24.0,214.0,325.0,8.3,9.0,-0.6,123.5,50.0,38.6
2026-07-09,CEDRVALE_ESR1,QBEEP1,9.9,10.7,24.0,210.0,325.0,8.1,9.2,-0.2,124.9,50.0,38.6
2026-07-09,CFLAT_ES_ESR1,QTEN26,100.0,44.6,24.0,985.0,1792.0,26.3,3.9,-26.9,0.0,50.0,38.6
2026-07-09,CHERRYCR_ESR1,QBEEP1,9.9,10.7,24.0,207.0,325.0,7.7,8.3,0.2,129.3,50.0,38.6
2026-07-09,CHIL_SLR_ESR1,QSUE88,150.0,323.2,24.0,4872.0,9707.0,339.1,389.4,-22.8,817.8,50.0,38.6
2026-07-09,CISC_ESR1,QBEEP1,9.9,10.7,24.0,-148.0,325.0,0.6,9.4,8.1,166.8,50.0,38.6
2026-07-09,CITRUSCY_ESR1,QPROLO,9.9,14.5,24.0,214.0,422.0,12.3,17.2,0.2,89.6,50.0,38.6
2026-07-09,CLO_ESR1,QMEA1,100.0,201.9,24.0,2501.0,6151.0,159.2,219.0,18.5,1320.0,50.0,38.6
2026-07-09,CLO_ESR2,QMEA1,100.0,201.4,24.0,2420.0,6140.0,157.1,219.0,24.3,1302.8,50.0,38.6
2026-07-09,CNLY_ESS_ESR1,QSUE76,117.6,225.9,24.0,4446.0,6957.0,322.5,347.2,-30.3,2611.3,50.0,38.6
2026-07-09,CNTRY_ESR1,QPROLO,6.0,13.5,24.0,-62.0,402.0,3.6,14.1,9.0,92.9,50.0,38.6
2026-07-09,CNTYRDS_ESR1,QTEN26,10.0,24.7,24.0,457.0,716.0,26.8,29.3,-0.8,0.0,50.0,38.6
2026-07-09,CORALSLR_ESR1,QNGRE1,48.4,58.3,24.0,560.0,1967.0,38.3,55.6,13.1,686.7,50.0,38.6
2026-07-09,CORALSLR_ESR2,QNGRE1,52.2,58.3,24.0,555.0,1996.0,38.3,56.7,13.5,719.4,50.0,38.6
2026-07-09,CORAZON_ESR1,QHEI4,200.0,254.0,24.0,2881.0,8482.0,185.5,244.4,8.8,2037.0,50.0,38.6
2026-07-09,COTULLA_ESR1,QGRIDB,10.1,24.4,12.0,-54.0,626.0,0.0,2.2,1.2,0.0,50.0,38.6
2026-07-09,COYOTSPR_ESR1,QBEEP1,9.9,10.7,24.0,212.0,325.0,8.1,9.0,-0.2,119.1,50.0,38.6
2026-07-09,CROSSETT_ESR1,QJPEM1,100.0,101.5,24.0,2186.0,3536.0,97.4,114.2,0.0,675.9,50.0,38.6
2026-07-09,CROSSETT_ESR2,QJPEM1,100.0,101.6,24.0,2151.0,3540.0,95.2,111.2,1.1,684.0,50.0,38.6
2026-07-09,CROSSTRL_ESR1,QGRIE4,57.0,113.6,24.0,1867.0,3470.0,96.9,114.6,-3.8,89.7,50.0,38.6
2026-07-09,CR_ESR1,QPROLO,9.8,20.1,24.0,396.0,524.0,18.2,22.0,0.1,129.6,50.0,38.6
2026-07-09,CS_ESR1,QTEN26,7.0,14.6,24.0,164.0,428.0,11.0,13.0,0.8,131.3,50.0,38.6
2026-07-09,CTW_ESR1,QTOTL5,150.0,193.6,24.0,3347.0,6449.0,164.4,246.6,16.4,390.9,50.0,38.6
2026-07-09,DAN_ESR1,QTOTL4,75.3,102.2,24.0,2337.0,3370.0,92.0,108.1,-2.8,196.7,50.0,38.6
2026-07-09,DAN_ESR2,QTOTL4,71.7,102.4,24.0,2288.0,3349.0,90.2,108.5,-0.7,197.6,50.0,38.6
2026-07-09,DA_ESR1,QSHE16,4.0,9.7,24.0,211.0,282.0,8.2,9.4,0.0,0.0,50.0,38.6
2026-07-09,DCSES_ESR1,QLUMN,66.5,66.4,24.0,148.0,2326.0,21.1,49.7,8.6,269.7,50.0,38.6
2026-07-09,DCSES_ESR2,QLUMN,66.5,66.4,24.0,133.0,2325.0,21.4,51.4,7.3,266.6,50.0,38.6
2026-07-09,DCSES_ESR3,QLUMN,63.5,63.4,24.0,117.0,2217.0,21.1,50.5,7.9,277.4,50.0,38.6
2026-07-09,DCSES_ESR4,QLUMN,63.5,63.4,24.0,-472.0,2217.0,79.4,113.4,8.6,128.6,50.0,38.6
2026-07-09,DESN_ESS_ESR1,QSUE79,200.0,450.1,22.0,6557.0,13383.0,402.9,513.7,33.1,910.6,50.0,38.6
2026-07-09,DGFS_ESR_ESR1,QTEN26,75.0,64.0,24.0,921.0,2311.0,71.8,104.1,-3.4,0.0,50.0,38.6
2026-07-09,DIBOL_ESR1,QBEEP1,9.9,10.7,24.0,106.0,325.0,7.7,9.2,0.5,154.0,50.0,38.6
2026-07-09,DICKNSON_ESR1,QSUE74,9.9,7.8,24.0,75.0,286.0,6.1,7.6,0.0,50.5,50.0,38.6
2026-07-09,DKNS_ESS_ESR1,QSUE74,50.0,47.3,21.0,1000.0,1670.0,52.2,62.8,0.6,236.6,50.0,38.6
2026-07-09,DKNS_ESS_ESR2,QSUE74,50.0,48.5,21.0,973.0,1706.0,52.2,63.7,0.7,236.6,50.0,38.6
2026-07-09,DKNS_ESS_ESR3,QSUE74,50.0,48.7,21.0,979.0,1710.0,52.2,63.2,0.7,246.1,50.0,38.6
2026-07-09,DKNS_ESS_ESR4,QSUE74,50.0,47.5,21.0,974.0,1677.0,52.2,63.8,0.9,244.9,50.0,38.6
2026-07-09,DPCRK_ESR1,QTEN26,7.4,15.0,24.0,274.0,440.0,12.4,11.8,2.5,0.0,50.0,38.6
2026-07-09,DSWL_ESS_ESR1,QPHIL3,150.0,334.0,24.0,7053.0,9955.0,352.5,445.0,7.8,1314.5,50.0,38.6
2026-07-09,EBNY_ESS_ESR1,QSUE52,200.0,458.5,24.0,6920.0,13570.0,374.3,480.5,13.3,1755.7,50.0,38.6
2026-07-09,ELMCRK_ESR1,QMP2M1,9.9,25.9,24.0,-28.0,699.0,12.1,27.7,14.4,6.8,50.0,38.6
2026-07-09,ELM_ST_ESR1,QTEN26,10.0,24.7,24.0,440.0,716.0,26.4,28.8,-0.8,0.0,50.0,38.6
2026-07-09,ELM_ST_ESR2,QSYSO,9.9,18.0,24.0,322.0,561.0,20.8,23.8,0.0,24.8,50.0,38.6
2026-07-09,ELSA_ESR1,QTEN24,9.9,10.6,24.0,190.0,308.0,8.1,10.9,3.3,44.2,50.0,38.6
2026-07-09,ELZA_SLR_ESR1,QENE16,100.0,129.9,24.0,1984.0,4320.0,93.1,123.8,14.1,484.3,50.0,38.6
2026-07-09,EMPCT_ESR1,QTEN24,10.0,13.1,24.0,87.0,357.0,7.4,8.0,-0.3,41.8,50.0,38.6
2026-07-09,ENDPARKS_ESR1,QGRIE4,50.0,102.4,23.0,452.0,3109.0,95.6,119.3,5.6,444.7,50.0,38.6
2026-07-09,ESCONDID_ESR1,QTEN30,9.9,13.4,24.0,0.0,443.0,0.0,-0.0,0.0,0.0,50.0,38.6
2026-07-09,ESTONIAN_ESR1,QENE14,101.6,165.0,24.0,4065.0,5266.0,167.4,186.7,1.1,398.1,50.0,38.6
2026-07-09,EUNICE_ESR1,QTENSK,19.0,20.0,24.0,177.0,559.0,10.4,15.9,0.0,220.3,50.0,38.6
2026-07-09,EVLN_ESS_ESR1,QSHE15,195.6,298.3,24.0,4056.0,9636.0,300.0,361.1,-10.0,0.0,50.0,38.6
2026-07-09,E_HARRIS_ESR1,QTEN26,10.0,20.1,24.0,330.0,541.0,16.4,18.7,-0.3,0.0,50.0,38.6
2026-07-09,FALFUR_ESR1,QBEEP1,9.9,10.7,24.0,182.0,325.0,8.6,10.5,0.5,102.9,50.0,38.6
2026-07-09,FALFUR_ESR2,QTEN30,10.0,12.6,24.0,208.0,329.0,11.2,13.9,-0.5,56.7,50.0,38.6
2026-07-09,FAULKNER_ESR1,QBEEP1,9.9,10.7,24.0,203.0,325.0,8.0,9.4,-0.2,121.9,50.0,38.6
2026-07-09,FENCESLR_ESR1,QENE13,62.7,99.0,24.0,1531.0,3177.0,54.3,44.1,1.7,420.4,50.0,38.6
2026-07-09,FERD_ESS_ESR1,QCPSE,200.0,950.0,24.0,19772.0,20944.0,711.7,521.5,-300.2,849.9,50.0,38.6
2026-07-09,FIVEWSLR_ESR1,QSUE61,220.0,250.0,24.0,2867.0,8520.0,204.7,265.6,4.2,858.7,50.0,38.6
2026-07-09,FLAT_TOP_ESR1,QSHEL2,8.5,14.6,24.0,292.0,461.0,14.5,17.8,0.8,37.9,50.0,38.6
2026-07-09,FLAT_TOP_ESR2,QJPEM,9.9,17.1,24.0,383.0,539.0,15.0,16.9,-0.2,79.1,50.0,38.6
2026-07-09,FLOWERII_ESR1,QJPEM,100.0,195.8,24.0,3815.0,6006.0,155.5,183.2,-0.8,669.6,50.0,38.6
2026-07-09,FORTMA_ESR1,QTEN30,10.0,12.6,24.0,167.0,420.0,10.2,5.8,-6.7,88.4,50.0,38.6
2026-07-09,FRMRSVLW_ESR1,QBEEP1,9.9,10.7,24.0,90.0,325.0,7.7,10.1,1.1,147.2,50.0,38.6
2026-07-09,FRMRSVLW_ESR2,QTEN26,6.0,14.7,24.0,178.0,427.0,10.9,12.8,-0.2,71.0,50.0,38.6
2026-07-09,FTDUNCAN_ESR1,QTEN26,100.0,191.9,24.0,3039.0,5913.0,213.3,280.6,14.9,744.5,50.0,38.6
2026-07-09,GAIA_SLR_ESR1,QTEN26,75.0,150.0,24.0,3120.0,4579.0,132.7,162.7,-0.1,0.0,50.0,38.6
2026-07-09,GAMBIT_ESR1,QSUE23,100.0,147.7,24.0,1586.0,4789.0,145.6,196.4,9.0,482.4,50.0,38.6
2026-07-09,GARCENO_ESR1,QTEN24,9.9,9.8,24.0,232.0,292.0,8.8,10.0,0.3,35.7,50.0,38.6
2026-07-09,GEORSO_ESR1,QEDIS9,9.8,8.1,24.0,84.0,291.0,10.7,13.1,-0.0,23.9,50.0,38.6
2026-07-09,GIGA_ESS_ESR1,QSUE55,116.7,206.9,24.0,4405.0,6487.0,254.8,251.4,-14.6,2068.2,50.0,38.6
2026-07-09,GKS_BESS_ESR1,QTEN26,94.4,148.9,24.0,2337.0,4723.0,121.9,151.4,14.0,159.9,50.0,38.6
2026-07-09,GODY_SLR_ESR1,QTEN26,46.9,176.1,16.9,572.0,4477.0,23.4,22.5,14.5,0.0,50.0,38.6
2026-07-09,GOMZ_ESR1,QBEEP1,9.9,10.7,24.0,187.0,325.0,7.4,8.7,0.3,130.4,50.0,38.6
2026-07-09,GOODWIN_ESR1,QTEN30,10.0,12.7,24.0,14.0,365.0,7.3,12.7,3.7,42.9,50.0,38.6
2026-07-09,GRDNE_ESR1,QBEEP1,9.9,10.7,24.0,228.0,325.0,8.6,9.3,-0.4,124.1,50.0,38.6
2026-07-09,GRIZZLY_ESR1,QPRIO1,9.9,10.0,0.0,0.0,349.0,0.0,-0.0,0.0,0.0,50.0,38.6
2026-07-09,GZ_ESR1,QTEN30,10.0,12.7,14.8,14.0,423.0,1.8,1.7,11.0,53.7,50.0,38.6
2026-07-09,HAMILTON_ESR1,QBEEP1,9.9,10.7,24.0,194.0,325.0,8.4,10.2,0.5,115.0,50.0,38.6
2026-07-09,HEADCAMP_ESR1,QTEN34,150.0,300.0,24.0,-486.0,9158.0,108.8,289.3,113.9,0.0,50.0,38.6
2026-07-09,HEARN_RD_ESR1,QTEN30,10.0,12.7,24.0,265.0,412.0,12.4,13.9,-0.0,0.0,50.0,38.6
2026-07-09,HEIGHTTN_ESR1,QSUE74,9.9,8.2,24.0,131.0,297.0,7.8,9.4,-0.0,50.9,50.0,38.6
2026-07-09,HEN_ESR1,QECNR,150.0,293.6,24.0,4809.0,9006.0,210.5,246.1,0.1,0.0,50.0,38.6
2026-07-09,HEN_ESR2,QECNR,149.2,284.1,23.8,2594.0,8778.0,166.9,80.7,-112.9,0.0,50.0,38.6
2026-07-09,HI_LONEB_ESR1,QENEL1,50.0,71.3,24.0,1321.0,2331.0,57.7,65.6,0.4,482.5,50.0,38.6
2026-07-09,HLY_ESR1,QHEI1,102.2,172.9,24.0,2473.0,5476.0,135.8,185.0,2.9,1867.9,50.0,38.6
2026-07-09,HLY_ESR2,QHEI1,101.8,167.9,24.0,2396.0,5344.0,139.6,193.5,8.7,1863.5,50.0,38.6
2026-07-09,HMNG_ESS_ESR1,QMEA8,99.8,211.0,24.0,3475.0,6365.0,176.3,216.4,1.4,1435.0,50.0,38.6
2026-07-09,HOLCOMB_ESR1,QBEEP1,9.9,10.7,24.0,295.0,325.0,7.9,1.7,-8.2,167.4,50.0,38.6
2026-07-09,HOUSEMTN_ESR1,QJPEM,60.0,127.5,24.0,2503.0,3843.0,113.8,139.6,-3.8,484.4,50.0,38.6
2026-07-09,HWY6_ESR1,QTEN26,9.9,24.7,24.0,375.0,715.0,29.3,32.1,-0.7,0.0,50.0,38.6
2026-07-09,HYDR_ESS_ESR1,QSUE74,200.0,195.5,23.0,3294.0,6862.0,226.6,279.3,2.6,1034.5,50.0,38.6
2026-07-09,INDL_ESR1,QECNR,9.9,4.3,24.0,83.0,174.0,3.8,5.1,0.1,0.0,50.0,38.6
2026-07-09,INRT_W_ESR1,QFPL32,13.0,46.7,24.0,741.0,1202.0,32.0,41.6,-0.4,0.0,50.0,38.6
2026-07-09,JADE_SLR_ESR1,QIPLUM,78.1,43.5,12.8,2265.0,1690.0,143.3,177.9,13.8,139.3,50.0,38.6
2026-07-09,JADE_SLR_ESR2,QIPLUM,81.9,155.8,24.0,2932.0,4813.0,148.7,183.7,6.1,266.7,50.0,38.6
2026-07-09,JAG_SLR_ESR1,QLCRA,150.0,300.0,24.0,2301.0,9158.0,232.9,341.3,66.2,547.8,50.0,38.6
2026-07-09,JAG_SLR_ESR2,QMITS2,150.0,304.4,24.0,7443.0,9262.0,294.6,348.8,-3.4,0.0,50.0,38.6
2026-07-09,JAR_ESR1,QHEI1,147.0,264.0,24.0,4715.0,8255.0,190.4,211.7,-2.8,2459.5,50.0,38.6
2026-07-09,JAR_ESR2,QHEI1,157.0,291.0,24.0,4675.0,9034.0,194.6,225.6,-3.0,2609.5,50.0,38.6
2026-07-09,JDKNS_ESR1,QBEEP1,9.9,10.7,24.0,229.0,325.0,8.6,9.0,-0.4,129.5,50.0,38.6
2026-07-09,JUNCTION_ESR1,QBEEP1,9.9,10.7,24.0,-70.0,325.0,8.3,9.7,0.6,129.2,50.0,38.6
2026-07-09,JUNORTH_ESR1,QTEN26,9.9,22.0,24.0,74.0,657.0,15.9,20.4,2.1,0.0,50.0,38.6
2026-07-09,K0_ESR1,QSUE74,9.9,9.7,24.0,115.0,327.0,8.2,10.6,0.3,50.2,50.0,38.6
2026-07-09,KEG_ESR1,QEDF27,18.0,311.2,24.0,3287.0,2034.0,96.7,12.6,61.7,0.0,50.0,38.6
2026-07-09,LANTANA_ESR1,QTEN26,10.0,20.1,24.0,292.0,578.0,16.8,19.1,0.3,0.0,50.0,38.6
2026-07-09,LBRA_ESS_ESR1,QSUE48,200.0,200.0,24.0,1808.0,6989.0,128.7,186.7,-0.3,514.8,50.0,38.6
2026-07-09,LFSTH_ESR1,QBEEP1,9.9,10.7,24.0,105.0,325.0,8.1,10.4,1.0,145.7,50.0,38.6
2026-07-09,LIGSW_ESR1,QPROLO,9.8,9.5,24.0,181.0,306.0,8.8,11.3,0.1,124.7,50.0,38.6
2026-07-09,LILY_ESR1,QENEL5,50.0,71.8,24.0,632.0,2345.0,29.7,36.1,0.3,602.6,50.0,38.6
2026-07-09,LMO_ESR1,QSHEL2,99.9,243.5,24.0,3723.0,7094.0,204.2,252.7,-1.3,760.9,50.0,38.6
2026-07-09,LONESTAR_ESR1,QBEEP1,9.9,10.7,24.0,208.0,325.0,8.2,9.3,-0.2,121.7,50.0,38.6
2026-07-09,LON_ESR1,QTEN26,174.0,348.0,24.0,5934.0,10657.0,292.4,304.4,-58.0,2332.6,50.0,38.6
2026-07-09,LOPENO_ESR1,QSUE74,9.9,9.8,24.0,104.0,328.0,7.7,9.2,-0.1,67.1,50.0,38.6
2026-07-09,LOWR_ESS_ESR1,QEDI10,60.0,115.4,24.0,2654.0,3554.0,118.4,129.3,-6.8,837.1,50.0,38.6
2026-07-09,LUCKYBLU_ESR1,QBROO1,97.4,198.5,24.0,4163.0,6035.0,197.5,240.5,0.5,611.0,50.0,38.6
2026-07-09,L_463S_ESR1,QSUE74,9.9,4.9,24.0,105.0,189.0,6.7,7.6,-0.1,51.3,50.0,38.6
2026-07-09,L_FRESNO_ESR1,QTEN24,9.9,11.1,24.0,173.0,318.0,7.7,10.5,3.8,49.9,50.0,38.6
2026-07-09,MADERO_ESR1,QTEN25,100.1,264.7,24.0,4759.0,7556.0,214.7,247.8,-8.2,133.4,50.0,38.6
2026-07-09,MADERO_ESR2,QTEN25,100.0,261.9,24.0,4556.0,7495.0,205.1,236.0,-11.2,180.0,50.0,38.6
2026-07-09,MAGNO_TN_ESR1,QSUE74,8.3,6.4,24.0,99.0,235.0,6.1,7.5,0.1,32.4,50.0,38.6
2026-07-09,MAINLAND_ESR1,QBEEP1,9.9,10.7,24.0,205.0,325.0,7.9,6.5,-3.0,145.2,50.0,38.6
2026-07-09,MAYBERRY_ESR1,QTEN24,9.9,10.6,24.0,233.0,308.0,9.0,10.5,2.2,39.1,50.0,38.6
2026-07-09,MAYBERRY_ESR2,QTEN24,9.9,11.9,24.0,26.0,333.0,5.3,13.0,7.0,65.7,50.0,38.6
2026-07-09,MESQUITE_ESR1,QTEN26,9.9,19.8,24.0,451.0,585.0,18.7,21.3,0.0,0.0,50.0,38.6
2026-07-09,MESQUITE_ESR2,QSYSO,9.9,19.5,24.0,25.0,558.0,1.8,0.4,-12.6,0.0,50.0,38.6
2026-07-09,MIDP_SLR_ESR1,QTEN26,50.0,90.0,24.0,2254.0,2813.0,92.9,118.8,3.0,0.0,50.0,38.6
2026-07-09,MIDWY_ESR1,QPROLO,9.9,10.5,24.0,258.0,331.0,10.4,11.8,-0.3,114.3,50.0,38.6
2026-07-09,MNWLE_ESR1,QBEEP1,9.9,10.7,24.0,-125.0,325.0,1.8,10.2,7.7,162.7,50.0,38.6
2026-07-09,MOORE_FL_ESR1,QTEN30,10.0,11.4,24.0,165.0,328.0,10.5,14.9,0.4,0.0,50.0,38.6
2026-07-09,MUENSTER_ESR1,QTEN30,10.0,12.6,24.0,200.0,421.0,9.5,12.8,2.8,46.6,50.0,38.6
2026-07-09,MUSTNGCK_ESR1,QENE10,71.0,106.8,22.6,2017.0,3460.0,98.4,127.0,3.6,186.7,50.0,38.6
2026-07-09,MU_ESR1,QTEN26,9.9,19.5,24.0,278.0,597.0,15.6,18.3,0.8,168.6,50.0,38.6
2026-07-09,MV_VALV4_ESR1,QBEEP1,9.9,10.7,24.0,283.0,325.0,8.5,3.8,-5.9,164.9,50.0,38.6
2026-07-09,MYR_ESR1,QTOTL5,74.3,102.3,24.0,2281.0,3366.0,94.1,114.4,6.0,640.3,50.0,38.6
2026-07-09,MYR_ESR2,QTOTL5,45.0,48.3,24.0,1311.0,1665.0,46.0,56.2,0.3,98.8,50.0,38.6
2026-07-09,NCO_ESR1,QSHEL2,50.0,61.2,24.0,925.0,2050.0,49.1,64.3,1.2,161.8,50.0,38.6
2026-07-09,NF_BRP_ESR1,QSUE74,100.5,106.2,24.0,-287.0,3671.0,145.9,194.1,-5.0,337.2,50.0,38.6
2026-07-09,NOBLESLR_ESR1,QNGREN,61.4,51.2,24.0,1035.0,1851.0,48.8,57.5,-0.5,321.8,50.0,38.6
2026-07-09,NOBLESLR_ESR2,QNGREN,62.5,54.4,24.0,1357.0,1955.0,57.4,56.3,-5.5,375.4,50.0,38.6
2026-07-09,N_ALAMO_ESR1,QTEN24,9.9,10.6,24.0,215.0,311.0,8.5,10.2,-0.2,46.5,50.0,38.6
2026-07-09,N_MERCED_ESR1,QTEN24,9.9,10.6,24.0,215.0,311.0,8.3,9.7,1.0,48.2,50.0,38.6
2026-07-09,ODESW_ESR1,QSUE74,9.9,6.1,24.0,113.0,224.0,7.1,8.8,0.1,44.3,50.0,38.6
2026-07-09,OLNEYTN_ESR1,QBEEP1,9.9,10.7,24.0,-48.0,325.0,8.8,8.8,-1.3,141.5,50.0,38.6
2026-07-09,PAD1_ESS_ESR1,QCPSE,50.0,122.0,24.0,1934.0,3553.0,77.1,61.9,-30.9,24.2,50.0,38.6
2026-07-09,PAD2_ESS_ESR2,QCPSE,150.0,600.0,24.0,8101.0,14690.0,379.8,494.1,39.8,91.0,50.0,38.6
2026-07-09,PALACIOS_ESR1,QTEN30,10.0,11.4,24.0,207.0,340.0,9.4,10.8,-0.0,0.0,50.0,38.6
2026-07-09,PALE_ESS_ESR1,QSUE74,200.0,195.2,24.0,3589.0,6854.0,194.0,257.7,3.5,890.0,50.0,38.6
2026-07-09,PALMVIEW_ESR1,QGRIDB,10.1,24.7,12.0,-15.0,631.0,0.6,1.3,-0.1,0.0,50.0,38.6
2026-07-09,PAULN_ESR1,QBEEP1,9.9,10.7,24.0,93.0,325.0,7.7,10.0,1.3,147.4,50.0,38.6
2026-07-09,PAVLOV_ESR1,QBEEP1,9.9,10.7,24.0,207.0,325.0,7.5,4.2,-5.1,166.3,50.0,38.6
2026-07-09,PAVO_ESS_ESR1,QSUE74,87.5,85.4,22.0,1574.0,2999.0,83.5,95.4,-1.4,334.1,50.0,38.6
2026-07-09,PAVO_ESS_ESR2,QSUE74,87.5,84.8,22.0,1626.0,2982.0,81.4,92.0,-1.5,321.3,50.0,38.6
2026-07-09,PEARSALL_ESR1,QTEN26,9.9,19.8,24.0,307.0,513.0,16.7,19.1,0.1,49.2,50.0,38.6
2026-07-09,PHO_ESR1,QENE15,150.0,244.0,24.0,5008.0,7785.0,230.2,272.3,-1.8,504.4,50.0,38.6
2026-07-09,PHO_ESR2,QENE15,150.0,247.8,24.0,4942.0,7882.0,230.2,277.6,-0.8,507.3,50.0,38.6
2026-07-09,PINEFRST_ESR1,QTEN21,200.0,400.0,24.0,6059.0,12212.0,396.7,465.3,-3.8,203.2,50.0,38.6
2026-07-09,PIN_BESS_ESR1,QTEN34,200.0,400.0,24.0,4862.0,12211.0,309.6,379.3,-0.3,0.0,50.0,38.6
2026-07-09,PIRATE_ESR1,QTEN30,10.0,12.6,24.0,43.0,396.0,11.3,17.0,0.7,62.2,50.0,38.6
2026-07-09,PLATINUM_ESR1,QSUE80,148.3,323.4,24.0,4842.0,9686.0,255.8,334.1,14.5,547.1,50.0,38.6
2026-07-09,PLATINUM_ESR2,QSUE80,151.7,329.3,24.0,4289.0,9873.0,247.7,320.6,5.9,560.6,50.0,38.6
2026-07-09,POTEETS_ESR1,QBEEP1,9.9,10.7,24.0,255.0,325.0,8.2,3.8,-5.6,165.5,50.0,38.6
2026-07-09,PRCRK_ESR1,QTEN24,9.9,13.1,24.0,144.0,356.0,8.3,9.0,-0.7,42.3,50.0,38.6
2026-07-09,PRTLAVS_ESR1,QSTEC3,2.5,2.2,24.0,-3.0,75.0,0.1,0.2,-0.6,21.6,50.0,38.6
2026-07-09,PUEBLO_ESR1,QSUE74,8.3,7.4,24.0,51.0,256.0,5.3,7.6,0.1,44.2,50.0,38.6
2026-07-09,PUEBLO_ESR2,QSUE74,9.9,9.8,24.0,89.0,328.0,7.0,9.4,-0.1,50.2,50.0,38.6
2026-07-09,PYOTE_ESR1,QJPEM,9.0,14.2,24.0,277.0,458.0,11.4,12.5,-0.5,97.2,50.0,38.6
2026-07-09,PYR_ESR1,QECNR,9.9,4.2,24.0,97.0,172.0,4.1,5.4,0.0,0.0,50.0,38.6
2026-07-09,PYR_ESR2,QECNR,15.1,13.6,24.0,223.0,485.0,9.7,12.7,0.1,17.3,50.0,38.6
2026-07-09,PYR_ESR3,QECNR,15.1,13.6,24.0,255.0,485.0,11.0,14.3,0.1,15.6,50.0,38.6
2026-07-09,QTUM_SLR_ESR1,QTEN33,160.0,300.3,24.0,-140.0,9298.0,0.0,6.2,-7.3,0.0,50.0,38.6
2026-07-09,QTUM_SLR_ESR2,QTEN33,160.0,288.5,24.0,-143.0,9013.0,0.0,6.3,-3.8,0.0,50.0,38.6
2026-07-09,QUEEN_BA_ESR1,QENEL2,50.0,72.0,24.0,733.0,2333.0,52.0,54.2,8.0,575.6,50.0,38.6
2026-07-09,RADN_SLR_ESR1,QIPRAD,78.1,141.0,24.0,3180.0,4403.0,154.0,165.2,-1.6,1035.9,50.0,38.6
2026-07-09,RADN_SLR_ESR2,QIPRAD,81.5,150.3,24.0,3140.0,4673.0,165.7,184.2,3.5,1127.0,50.0,38.6
2026-07-09,RBN_ESR1,QTEN19,100.0,124.4,22.5,1666.0,4172.0,109.7,155.7,-0.3,334.8,50.0,38.6
2026-07-09,RHA_ESR1,QTEN19,202.0,424.2,24.0,8583.0,12816.0,383.7,482.0,0.2,0.0,50.0,38.6
2026-07-09,RIO_GRAN_ESR1,QTEN24,9.9,9.8,24.0,280.0,292.0,9.2,7.1,-5.1,58.9,50.0,38.6
2026-07-09,RIO_GRAN_ESR2,QPROLO,7.0,14.5,24.0,241.0,368.0,11.7,14.3,0.6,77.4,50.0,38.6
2026-07-09,ROSELAND_ESR1,QENEL9,50.0,85.8,24.0,728.0,2709.0,55.9,93.5,15.1,301.4,50.0,38.6
2026-07-09,RPUBRDS_ESR1,QSHEL2,50.0,58.6,24.0,743.0,1983.0,57.5,79.1,1.6,174.7,50.0,38.6
2026-07-09,RRANCHES_ESR1,QSUE51,150.0,345.8,24.0,3050.0,10219.0,221.7,340.4,66.7,1172.4,50.0,38.6
2026-07-09,RRANCHES_ESR2,QSUE51,150.0,345.0,24.0,2903.0,10201.0,196.2,310.7,77.8,1003.3,50.0,38.6
2026-07-09,RRC_WIND_ESR1,QFPL35,75.0,225.0,24.0,-2154.0,6203.0,65.8,269.5,143.9,0.0,50.0,38.6
2026-07-09,RRC_WIND_ESR2,QFPL35,75.0,225.0,24.0,-1792.0,6203.0,73.0,260.0,129.8,0.0,50.0,38.6
2026-07-09,RTLSNAKE_ESR1,QBEEP1,9.9,10.7,24.0,207.0,325.0,7.9,8.9,-0.2,120.2,50.0,38.6
2026-07-09,RUSSEKST_ESR1,QBEEP1,9.9,10.7,24.0,167.0,325.0,8.4,8.4,-0.9,164.7,50.0,38.6
2026-07-09,RVRVLYS_ESR1,QSHEL2,50.2,114.3,24.0,1881.0,3388.0,131.6,158.9,0.6,782.4,50.0,38.6
2026-07-09,RVRVLYS_ESR2,QSHEL2,50.2,114.3,24.0,1655.0,3388.0,126.4,154.2,1.2,777.9,50.0,38.6
2026-07-09,SADLBACK_ESR1,QBEEP1,9.9,10.7,23.6,189.0,325.0,7.6,9.1,0.1,125.0,50.0,38.6
2026-07-09,SANDLAKE_ESR1,QBEEP1,9.9,10.7,24.0,216.0,325.0,8.0,8.7,-0.1,126.6,50.0,38.6
2026-07-09,SBEAN_ESR1,QBEEP1,9.9,10.7,24.0,199.0,325.0,7.6,8.6,0.1,123.6,50.0,38.6
2026-07-09,SEVNF_ES_ESR1,QTEN37,100.0,238.2,13.7,4472.0,6979.0,185.0,127.7,-88.1,629.8,50.0,38.6
2026-07-09,SE_EDINB_ESR1,QGRIDB,10.1,24.7,12.0,0.0,631.0,0.5,0.5,-0.8,0.0,50.0,38.6
2026-07-09,SGAL_BES_ESR1,QJPEM,100.0,195.0,24.0,3932.0,5987.0,173.3,214.2,-2.0,709.5,50.0,38.6
2026-07-09,SGAL_BES_ESR2,QJPEM2,100.0,203.0,24.0,4629.0,6178.0,200.8,224.4,-8.8,825.1,50.0,38.6
2026-07-09,SGSA_ESR1,QAMA1,9.9,23.6,24.0,-0.0,691.0,6.5,19.2,13.3,23.0,50.0,38.6
2026-07-09,SHAMROCK_ESR1,QFPL40,99.3,297.9,24.0,-1564.0,8211.0,156.2,352.5,116.2,0.0,50.0,38.6
2026-07-09,SHEEPCRK_ESR1,QSUE70,135.0,172.9,24.0,2519.0,5765.0,170.3,213.0,-6.0,790.7,50.0,38.6
2026-07-09,SLCNHLS_ESR1,QSHEL2,48.9,57.9,24.0,765.0,1957.0,43.3,61.4,-1.3,155.9,50.0,38.6
2026-07-09,SLCNHLS_ESR2,QSHEL2,50.0,59.9,24.0,1005.0,2021.0,53.1,77.1,1.6,200.3,50.0,38.6
2026-07-09,SLK_BESS_ESR1,QTEN34,122.3,400.0,24.0,-494.0,10675.0,110.6,108.8,-9.2,0.0,50.0,38.6
2026-07-09,SMTH_ESS_ESR1,QSUE77,105.3,207.4,24.0,3624.0,6353.0,214.1,238.1,-4.7,1801.8,50.0,38.6
2026-07-09,SOLC_SLR_ESR1,QTEN33,160.0,312.4,24.0,-80.0,9586.0,3.3,7.0,-12.0,0.0,50.0,38.6
2026-07-09,SOLC_SLR_ESR2,QTEN33,160.0,324.3,24.0,-94.0,9870.0,3.3,7.8,-14.3,0.0,50.0,38.6
2026-07-09,SPTX12B_ESR1,QEDIS9,22.3,18.5,24.0,378.0,669.0,18.2,22.8,-0.0,39.8,50.0,38.6
2026-07-09,SP_ESR1,QTEN26,9.9,19.7,24.0,314.0,563.0,15.7,15.2,-2.7,80.1,50.0,38.6
2026-07-09,STADIUM_ESR1,QTEN26,9.9,17.6,24.0,283.0,549.0,15.9,18.5,-0.2,0.0,50.0,38.6
2026-07-09,STAM_SLR_ESR1,QENE12,70.0,128.4,24.0,1721.0,3996.0,76.7,83.1,0.6,742.7,50.0,38.6
2026-07-09,STRG_SLR_ESR1,QECNR,95.0,186.5,24.0,2599.0,5719.0,116.5,114.8,4.8,0.0,50.0,38.6
2026-07-09,SUNVASLR_ESR1,QSUE38,53.3,53.2,24.0,427.0,1861.0,40.1,59.8,1.7,264.0,50.0,38.6
2026-07-09,SUNVASLR_ESR2,QSUE38,46.7,46.8,24.0,393.0,1633.0,35.7,50.3,1.9,233.3,50.0,38.6
2026-07-09,SWEENY_ESR1,QSUE74,9.9,9.2,24.0,152.0,312.0,8.1,9.9,0.0,42.5,50.0,38.6
2026-07-09,SWOOSEII_ESR1,QMEA5,100.0,191.4,24.0,2895.0,5899.0,122.0,161.6,1.8,1343.4,50.0,38.6
2026-07-09,SWTWR_ESR1,QTEN26,7.5,17.3,24.0,167.0,491.0,9.5,12.3,2.2,23.9,50.0,38.6
2026-07-09,S_SNROSA_ESR1,QTEN24,9.9,10.9,24.0,164.0,314.0,7.5,10.5,4.0,44.1,50.0,38.6
2026-07-09,TBWF_ESS_ESR1,QTEN29,150.0,342.3,24.0,3576.0,10142.0,242.2,298.3,6.8,1419.1,50.0,38.6
2026-07-09,TDWLPR_1_ESR1,QMEA6,100.0,223.7,24.0,3275.0,6661.0,164.3,213.0,11.1,1554.6,50.0,38.6
2026-07-09,TDWLPR_1_ESR2,QMEA6,100.1,216.1,24.0,3551.0,6487.0,170.9,210.5,9.9,1409.2,50.0,38.6
2026-07-09,TNFS_ESR1,QSYSO,9.9,18.0,24.0,346.0,561.0,24.7,27.7,0.0,32.3,50.0,38.6
2026-07-09,TORT_ESS_ESR1,QSUE74,50.0,40.4,24.0,654.0,1474.0,37.8,48.2,2.4,163.1,50.0,38.6
2026-07-09,TSECA_ES_ESR1,QTEN36,100.0,238.2,24.0,3424.0,6979.0,198.1,255.9,5.9,645.5,50.0,38.6
2026-07-09,TURQBESS_ESR1,QHEI3,190.0,361.0,22.6,3018.0,11146.0,281.8,344.5,15.8,2690.1,50.0,38.6
2026-07-09,TV_ESR1,QAETE1,10.0,22.4,24.0,108.0,667.0,8.9,13.3,3.1,109.1,50.0,38.6
2026-07-09,TYNAN_ESR1,QBEEP1,9.9,10.7,24.0,195.0,325.0,8.4,9.7,-0.1,119.3,50.0,38.6
2026-07-09,UTOPIA_ESR1,QTEN30,9.5,12.7,24.0,253.0,421.0,10.9,12.6,-0.2,0.0,50.0,38.6
2026-07-09,VORTEX_ESR1,QENEL8,121.8,195.0,24.0,4003.0,6241.0,169.8,214.5,6.0,621.2,50.0,38.6
2026-07-09,WAL_ESR1,QSUE92,200.0,400.0,24.0,8956.0,12212.0,424.6,466.4,-17.6,3380.8,50.0,38.6
2026-07-09,WCOLLOCL_ESR1,QHABIT,8.4,3.1,12.7,-23.0,128.0,0.1,0.8,4.4,54.7,50.0,38.6
2026-07-09,WEIL_TRC_ESR1,QBEEP1,9.9,10.7,24.0,188.0,325.0,8.6,10.2,0.4,102.1,50.0,38.6
2026-07-09,WFTANK_ESR1,QTEN28,150.0,173.0,24.0,3242.0,5891.0,172.1,218.0,-0.3,1207.5,50.0,38.6
2026-07-09,WIG_ESS_ESR1,QHEI1,120.0,187.0,24.0,2172.0,6016.0,139.7,194.3,2.8,1657.0,50.0,38.6
2026-07-09,WOVER_ESR1,QTEN26,5.2,12.9,24.0,182.0,375.0,9.7,12.4,1.5,10.7,50.0,38.6
2026-07-09,WR_ESR1,QAETEL,9.9,22.4,24.0,42.0,664.0,5.9,10.6,3.3,132.7,50.0,38.6
2026-07-09,WZRD_ESS_ESR1,QTEN26,150.2,318.7,24.0,9515.0,9606.0,307.7,173.7,-173.8,1491.7,50.0,38.6
2026-07-09,W_HARLIN_ESR1,QTEN24,9.9,10.6,24.0,165.0,308.0,7.5,10.5,3.7,43.6,50.0,38.6
2026-07-09,X4_ESR1,QCPSE,10.0,8.5,24.0,168.0,307.0,9.0,9.6,-1.2,8.2,50.0,38.6
2026-07-09,Z0_ESR1,QTEN26,9.9,23.9,24.0,353.0,582.0,20.5,24.8,2.6,0.0,50.0,38.6
2026-07-09,ZAPATA_ESR1,QSUE74,9.9,9.4,24.0,91.0,319.0,7.0,9.1,0.2,62.8,50.0,38.6
2026-07-09,ZAPATA_ESR2,QSUE74,8.3,7.3,24.0,76.0,254.0,5.8,7.5,0.0,56.2,50.0,38.6
2026-07-09,ZIER_SLR_ESR1,QTEN19,40.0,76.8,24.0,1398.0,2367.0,76.0,94.5,0.2,164.8,50.0,38.6
2026-07-08,ABINDUST_ESR1,QMP2M1,9.9,25.9,22.4,582.0,869.0,23.9,25.8,-0.2,8.0,83.6,68.7
2026-07-08,ADL_ESR1,QTEN26,60.0,55.0,24.0,1317.0,2714.0,60.0,77.4,0.5,562.0,83.6,68.7
2026-07-08,AE_ESR1,QTEN26,9.9,19.5,24.0,507.0,730.0,16.8,17.5,-1.7,113.1,83.6,68.7
2026-07-08,ALAMO_ST_ESR1,QSYSO,9.9,18.0,24.0,529.0,692.0,19.5,19.8,-2.3,26.1,83.6,68.7
2026-07-08,ALP_BESS_ESR1,QHEI1,100.3,165.7,24.0,3135.0,6581.0,123.5,158.8,-3.5,1475.3,83.6,68.7
2026-07-08,ALVIN_ESR1,QSUE74,8.3,5.5,24.0,76.0,302.0,5.8,7.1,0.0,42.7,83.6,68.7
2026-07-08,ANCHOR_ESR1,QENE11,35.2,46.0,24.0,520.0,1987.0,25.1,32.8,-2.1,385.7,83.6,68.7
2026-07-08,ANCHOR_ESR2,QENE11,33.6,44.5,24.0,662.0,1912.0,31.6,41.1,-5.0,328.4,83.6,68.7
2026-07-08,ANDMDSLR_ESR1,QIPLU2,81.9,148.0,24.0,3878.0,5705.0,170.3,173.1,-6.5,1088.7,83.6,68.7
2026-07-08,ANDMDSLR_ESR2,QIPLU2,78.1,144.5,24.0,4004.0,5530.0,209.5,215.6,-5.3,1101.7,83.6,68.7
2026-07-08,ANEM_ESS_ESR1,QSUE53,200.0,456.5,24.0,10995.0,16219.0,418.5,486.5,-69.2,1595.1,83.6,68.7
2026-07-08,ANGLETON_ESR1,QSUE74,9.9,8.2,24.0,163.0,422.0,7.7,8.9,-0.2,47.6,83.6,68.7
2026-07-08,ANG_SLR_ESR1,QTEN26,100.0,195.1,24.0,5484.0,7341.0,164.4,203.9,-15.3,613.8,83.6,68.7
2026-07-08,ANOL_ESS_ESR1,QESVEM,240.0,525.5,24.0,10615.0,18954.0,491.0,611.4,-8.4,1485.8,83.6,68.7
2026-07-08,ANTL_ESS_ESR1,QSU100,70.0,169.5,24.0,3287.0,5895.0,147.8,168.3,-5.6,240.1,83.6,68.7
2026-07-08,ARY_BESS_ESR1,QTEN32,20.0,180.0,24.0,1113.0,2305.0,41.6,37.4,-4.3,0.0,83.6,68.7
2026-07-08,AVIL_ESS_ESR1,QSU100,160.0,371.8,24.0,9662.0,12764.0,346.4,401.3,-5.6,766.2,83.6,68.7
2026-07-08,AZURE_ESR1,QENEL6,77.6,127.2,24.0,3219.0,5066.0,116.3,154.3,-2.6,382.7,83.6,68.7
2026-07-08,BATCAVE_ESR1,QSUE74,100.5,107.9,24.0,843.0,5010.0,68.1,99.6,-9.1,287.6,83.6,68.7
2026-07-08,BAY_CITY_ESR1,QTEN24,9.9,11.2,24.0,166.0,466.0,4.4,0.8,-9.3,86.3,83.6,68.7
2026-07-08,BCK_ESR1,QHEI5,123.5,311.6,24.0,6082.0,10675.0,266.6,320.8,0.5,0.0,83.6,68.7
2026-07-08,BCK_ESR2,QHEI5,126.5,320.3,24.0,6220.0,10960.0,273.1,328.9,-1.8,0.0,83.6,68.7
2026-07-08,BCNV2_ES_ESR1,QSU115,7.7,300.0,24.0,-201.0,850.0,0.0,7.6,1.6,0.0,83.6,68.7
2026-07-08,BCNV_ESS_ESR1,QSHE11,146.5,300.0,24.0,8209.0,11101.0,302.4,357.5,0.4,1002.0,83.6,68.7
2026-07-08,BELD_ESR1,QJPEM,6.0,9.6,24.0,293.0,388.0,10.1,11.9,0.1,44.0,83.6,68.7
2026-07-08,BEXAR_ES_ESR1,QTEN32,100.0,100.0,24.0,-1290.0,4771.0,65.8,88.2,-0.1,1244.5,83.6,68.7
2026-07-08,BIG_STAR_ESR1,QECNR,80.0,108.0,24.0,2496.0,4608.0,109.2,127.6,0.0,0.0,83.6,68.7
2026-07-08,BKSL_ESS_ESR1,QESVEM,100.0,212.5,24.0,4524.0,7750.0,196.9,224.0,-2.0,449.9,83.6,68.7
2026-07-08,BLACKSPR_ESR1,QBROO2,120.0,259.3,24.0,1750.0,9399.0,203.5,195.8,-41.6,615.9,83.6,68.7
2026-07-08,BLSUMMIT_ESR1,QFPL12,30.0,9.7,24.0,68.0,656.0,5.6,9.6,-0.1,0.0,83.6,68.7
2026-07-08,BLSUMMIT_ESR2,QFPL48,150.0,450.0,24.0,12850.0,14352.0,456.8,548.5,0.0,0.0,83.6,68.7
2026-07-08,BLUEJAY_ESR1,QENEL7,50.0,86.2,24.0,2047.0,3374.0,75.0,92.6,-0.6,377.5,83.6,68.7
2026-07-08,BLVN_SLR_ESR1,QSHEL8,180.0,360.0,24.0,7588.0,13434.0,358.2,447.3,0.0,466.2,83.6,68.7
2026-07-08,BOCO_ESS_ESR1,QTEN28,150.3,365.0,24.0,10752.0,12679.0,336.5,410.8,0.0,1707.5,83.6,68.7
2026-07-08,BRAZORIA_ESR1,QSUE74,9.9,9.4,24.0,173.0,457.0,13.9,14.5,-1.2,53.2,83.6,68.7
2026-07-08,BR_ARROW_ESR1,QECNR,48.3,94.1,24.0,2800.0,3539.0,89.8,101.9,-0.2,107.5,83.6,68.7
2026-07-08,BR_ARROW_ESR2,QECNR,51.7,100.4,24.0,1897.0,3780.0,87.6,101.6,1.0,0.0,83.6,68.7
2026-07-08,BYP_ESR1,QEXELO,200.8,450.0,24.0,12910.0,16099.0,465.3,572.9,0.0,0.0,83.6,68.7
2026-07-08,BYRDR_ES_ESR1,QHABIT,50.0,59.4,24.0,1009.0,2656.0,42.1,53.3,0.3,675.5,83.6,68.7
2026-07-08,CACH_ESS_ESR1,QSU100,200.0,463.2,24.0,11847.0,16369.0,461.8,534.5,-5.7,837.4,83.6,68.7
2026-07-08,CAMWIND_ESR1,QTEN26,16.5,32.1,24.0,1090.0,1208.0,37.3,24.2,-16.5,195.3,83.6,68.7
2026-07-08,CARA_ESS_ESR1,QHEI8,98.3,196.7,24.0,6650.0,7336.0,242.7,185.0,-96.0,1748.7,83.6,68.7
2026-07-08,CARN_ESS_ESR1,QSU100,150.0,336.4,24.0,8395.0,12030.0,407.6,448.7,-19.9,1099.2,83.6,68.7
2026-07-08,CARRIZO_ESR1,QTEN30,9.5,12.6,24.0,348.0,542.0,15.9,14.1,-3.7,60.4,83.6,68.7
2026-07-08,CARTWHL_ESR1,QECNR,150.0,284.8,24.0,6038.0,10801.0,266.2,310.5,-1.2,0.0,83.6,68.7
2026-07-08,CASL_GAP_ESR1,QLUMN1,3.9,4.3,24.0,117.0,199.0,4.7,5.9,0.0,0.0,83.6,68.7
2026-07-08,CAST_ESS_ESR1,QSUE79,200.0,416.5,24.0,9618.0,15303.0,425.1,499.2,-4.9,905.3,83.6,68.7
2026-07-08,CATARINA_ESR1,QBEEP1,9.9,10.7,24.0,257.0,465.0,7.9,9.5,0.6,126.6,83.6,68.7
2026-07-08,CEDRVALE_ESR1,QBEEP1,9.9,10.7,24.0,239.0,465.0,8.1,9.9,0.5,111.4,83.6,68.7
2026-07-08,CFLAT_ES_ESR1,QTEN26,100.0,45.5,24.0,-264.0,2777.0,0.0,12.4,-67.7,0.0,83.6,68.7
2026-07-08,CHERRYCR_ESR1,QBEEP1,9.9,10.7,24.0,267.0,465.0,8.2,8.6,-0.2,122.2,83.6,68.7
2026-07-08,CHIL_SLR_ESR1,QSUE88,150.0,323.1,23.4,4304.0,11724.0,273.8,383.3,18.8,746.4,83.6,68.7
2026-07-08,CISC_ESR1,QBEEP1,9.9,10.7,24.0,258.0,465.0,8.3,9.2,-0.0,136.8,83.6,68.7
2026-07-08,CITRUSCY_ESR1,QPROLO,9.9,21.1,24.0,841.0,695.0,18.1,4.0,-17.9,165.5,83.6,68.7
2026-07-08,CLO_ESR1,QMEA1,100.0,200.8,24.0,3491.0,7479.0,167.7,210.6,-3.8,1133.1,83.6,68.7
2026-07-08,CLO_ESR2,QMEA1,100.0,201.4,24.0,3694.0,7494.0,171.4,210.7,-7.9,1196.4,83.6,68.7
2026-07-08,CNLY_ESS_ESR1,QSUE76,105.8,200.5,12.2,3273.0,7609.0,216.6,272.4,27.9,1178.8,83.6,68.7
2026-07-08,CNTRY_ESR1,QPROLO,9.8,20.3,24.0,248.0,729.0,13.0,22.7,-0.1,98.0,83.6,68.7
2026-07-08,CNTYRDS_ESR1,QTEN26,9.9,24.7,24.0,342.0,850.0,25.9,30.8,1.2,0.0,83.6,68.7
2026-07-08,CORALSLR_ESR1,QNGRE1,48.4,58.3,24.0,1358.0,2598.0,50.4,59.7,3.4,575.1,83.6,68.7
2026-07-08,CORALSLR_ESR2,QNGRE1,52.2,58.3,24.0,1366.0,2669.0,51.7,60.1,2.6,428.9,83.6,68.7
2026-07-08,CORAZON_ESR1,QHEI4,200.0,254.0,24.0,6750.0,11094.0,341.7,311.7,-96.4,3116.6,83.6,68.7
2026-07-08,COYOTSPR_ESR1,QBEEP1,9.9,10.7,24.0,245.0,465.0,8.1,9.4,-0.2,111.4,83.6,68.7
2026-07-08,CROSSETT_ESR1,QJPEM1,100.0,101.5,24.0,3033.0,4815.0,95.4,103.6,0.0,741.6,83.6,68.7
2026-07-08,CROSSETT_ESR2,QJPEM1,100.0,101.7,24.0,3034.0,4819.0,93.5,99.1,-0.2,751.3,83.6,68.7
2026-07-08,CROSSTRL_ESR1,QGRIE4,57.0,113.8,24.0,2215.0,4247.0,88.2,114.8,-1.3,69.6,83.6,68.7
2026-07-08,CR_ESR1,QPROLO,9.8,20.1,24.0,527.0,677.0,18.8,22.0,0.0,123.0,83.6,68.7
2026-07-08,CS_ESR1,QTEN26,7.0,14.6,24.0,343.0,529.0,11.7,13.5,-0.0,116.5,83.6,68.7
2026-07-08,CTW_ESR1,QTOTL5,150.0,201.8,24.0,5783.0,8625.0,198.5,246.9,1.3,351.0,83.6,68.7
2026-07-08,DAN_ESR1,QTOTL4,75.3,102.2,24.0,2796.0,4351.0,89.7,108.9,1.8,187.8,83.6,68.7
2026-07-08,DAN_ESR2,QTOTL4,71.7,102.4,24.0,2799.0,4280.0,89.7,108.5,0.8,188.3,83.6,68.7
2026-07-08,DA_ESR1,QSHE16,4.0,9.5,24.0,296.0,332.0,8.3,8.8,-1.3,2.4,83.6,68.7
2026-07-08,DCSES_ESR1,QLUMN,66.5,66.4,24.0,516.0,3170.0,28.9,38.6,-7.7,435.7,83.6,68.7
2026-07-08,DCSES_ESR2,QLUMN,66.5,66.4,24.0,471.0,3170.0,27.6,38.7,-8.0,433.4,83.6,68.7
2026-07-08,DCSES_ESR3,QLUMN,63.5,63.4,24.0,-66.0,3027.0,87.1,114.3,-6.5,242.6,83.6,68.7
2026-07-08,DCSES_ESR4,QLUMN,63.5,63.4,24.0,859.0,3027.0,27.7,25.7,-6.7,412.4,83.6,68.7
2026-07-08,DESN_ESS_ESR1,QSUE79,200.0,451.1,24.0,11088.0,16097.0,464.8,545.4,-5.3,939.6,83.6,68.7
2026-07-08,DGFS_ESR_ESR1,QTEN26,75.3,64.0,24.0,1583.0,3258.0,78.3,102.2,-0.1,74.0,83.6,68.7
2026-07-08,DIBOL_ESR1,QBEEP1,9.9,10.7,24.0,236.0,465.0,7.9,8.9,0.1,145.4,83.6,68.7
2026-07-08,DICKNSON_ESR1,QSUE74,9.9,7.8,24.0,108.0,411.0,6.6,8.0,-0.0,52.6,83.6,68.7
2026-07-08,DKNS_ESS_ESR1,QSUE74,50.0,48.7,24.0,1064.0,2348.0,104.7,117.2,-0.8,262.8,83.6,68.7
2026-07-08,DKNS_ESS_ESR2,QSUE74,50.0,49.8,24.0,1124.0,2380.0,105.0,116.6,-0.6,270.4,83.6,68.7
2026-07-08,DKNS_ESS_ESR3,QSUE74,50.0,50.5,24.0,1116.0,2401.0,104.4,116.0,-0.7,268.8,83.6,68.7
2026-07-08,DKNS_ESS_ESR4,QSUE74,50.0,49.8,24.0,1098.0,2379.0,106.1,118.1,-1.0,265.6,83.6,68.7
2026-07-08,DPCRK_ESR1,QTEN26,7.5,7.9,24.0,65.0,364.0,7.3,14.8,0.1,0.0,83.6,68.7
2026-07-08,DSWL_ESS_ESR1,QPHIL3,150.0,321.0,24.0,5936.0,11675.0,301.8,388.0,6.0,999.4,83.6,68.7
2026-07-08,EBNY_ESS_ESR1,QSUE52,200.0,458.5,24.0,9120.0,16264.0,394.7,474.4,-1.9,1743.5,83.6,68.7
2026-07-08,ELMCRK_ESR1,QMP2M1,9.9,25.9,18.1,205.0,838.0,8.1,7.8,-2.0,2.8,83.6,68.7
2026-07-08,ELM_ST_ESR1,QTEN26,10.0,24.7,24.0,330.0,853.0,24.7,29.3,1.2,0.0,83.6,68.7
2026-07-08,ELM_ST_ESR2,QSYSO,9.9,18.0,24.0,486.0,693.0,17.7,20.2,0.0,22.4,83.6,68.7
2026-07-08,ELSA_ESR1,QTEN24,9.9,10.6,24.0,137.0,452.0,4.0,0.9,-10.8,79.2,83.6,68.7
2026-07-08,ELZA_SLR_ESR1,QENE16,100.0,127.0,24.0,1857.0,5539.0,81.4,114.0,-11.9,470.5,83.6,68.7
2026-07-08,EMPCT_ESR1,QTEN24,9.9,13.1,24.0,451.0,507.0,8.3,1.0,-12.4,83.3,83.6,68.7
2026-07-08,ENDPARKS_ESR1,QGRIE4,50.0,102.4,24.0,1379.0,3785.0,138.2,160.6,-8.5,428.9,83.6,68.7
2026-07-08,ESTONIAN_ESR1,QENE14,101.6,165.0,24.0,4897.0,6591.0,169.9,194.6,-0.7,384.2,83.6,68.7
2026-07-08,EUNICE_ESR1,QTENSK,19.0,20.0,24.0,178.0,839.0,11.3,16.8,0.3,174.3,83.6,68.7
2026-07-08,EVLN_ESS_ESR1,QSHE15,193.1,295.5,24.0,8887.0,12056.0,292.6,371.4,-0.2,0.0,83.6,68.7
2026-07-08,E_HARRIS_ESR1,QTEN26,10.0,20.1,24.0,597.0,691.0,18.7,15.1,-6.8,0.0,83.6,68.7
2026-07-08,FALFUR_ESR1,QBEEP1,9.9,10.7,24.0,412.0,465.0,8.3,1.3,-9.3,158.8,83.6,68.7
2026-07-08,FALFUR_ESR2,QTEN30,10.0,12.6,24.0,277.0,484.0,8.4,4.2,-9.3,100.5,83.6,68.7
2026-07-08,FAULKNER_ESR1,QBEEP1,9.9,10.7,24.0,243.0,465.0,8.0,9.2,-0.3,117.8,83.6,68.7
2026-07-08,FENCESLR_ESR1,QENE13,65.3,99.3,24.0,464.0,4053.0,59.2,97.9,-1.3,296.6,83.6,68.7
2026-07-08,FERD_ESS_ESR1,QCPSE,200.0,950.0,24.0,4637.0,22543.0,454.8,649.4,133.4,0.0,83.6,68.7
2026-07-08,FIVEWSLR_ESR1,QSUE61,220.0,250.0,24.0,5051.0,11365.0,225.7,286.2,-4.7,989.1,83.6,68.7
2026-07-08,FLAT_TOP_ESR1,QSHEL2,8.8,14.8,24.0,402.0,584.0,13.7,16.7,0.1,39.2,83.6,68.7
2026-07-08,FLAT_TOP_ESR2,QJPEM,9.9,17.1,24.0,484.0,669.0,15.4,18.2,0.1,88.0,83.6,68.7
2026-07-08,FLOWERII_ESR1,QJPEM,100.0,195.9,24.0,4992.0,7355.0,153.3,182.6,-0.3,857.1,83.6,68.7
2026-07-08,FORTMA_ESR1,QTEN30,10.0,12.6,24.0,-36.0,551.0,5.8,10.7,3.9,100.0,83.6,68.7
2026-07-08,FRMRSVLW_ESR1,QBEEP1,9.9,10.7,24.0,234.0,465.0,8.2,9.3,-0.1,138.5,83.6,68.7
2026-07-08,FRMRSVLW_ESR2,QTEN26,6.0,14.7,24.0,345.0,509.0,11.8,13.1,-0.4,69.4,83.6,68.7
2026-07-08,FTDUNCAN_ESR1,QTEN26,100.0,201.1,24.0,3074.0,7486.0,142.9,181.2,-18.7,1456.7,83.6,68.7
2026-07-08,GAIA_SLR_ESR1,QTEN26,75.0,150.0,24.0,4706.0,5596.0,141.1,168.0,0.2,0.0,83.6,68.7
2026-07-08,GAMBIT_ESR1,QSUE23,100.0,147.7,18.7,2228.0,6092.0,131.7,156.4,-8.8,415.2,83.6,68.7
2026-07-08,GARCENO_ESR1,QTEN24,9.9,9.8,24.0,198.0,434.0,5.1,0.9,-10.0,71.4,83.6,68.7
2026-07-08,GEORSO_ESR1,QEDIS9,9.8,8.1,24.0,233.0,415.0,12.6,15.2,0.0,63.8,83.6,68.7
2026-07-08,GIGA_ESS_ESR1,QSUE55,108.7,205.2,24.0,4448.0,7796.0,253.2,267.8,-10.4,2225.9,83.6,68.7
2026-07-08,GKS_BESS_ESR1,QTEN26,91.9,163.0,24.0,3025.0,6270.0,96.6,93.4,-49.4,434.2,83.6,68.7
2026-07-08,GODY_SLR_ESR1,QTEN26,47.1,176.1,24.0,4687.0,5013.0,140.1,126.0,-37.1,0.0,83.6,68.7
2026-07-08,GOMZ_ESR1,QBEEP1,9.9,10.7,24.0,229.0,465.0,7.7,9.4,0.5,114.0,83.6,68.7
2026-07-08,GOODWIN_ESR1,QTEN30,10.0,12.7,24.0,283.0,510.0,7.2,2.8,-8.9,102.8,83.6,68.7
2026-07-08,GRDNE_ESR1,QBEEP1,9.9,10.7,24.0,238.0,465.0,8.4,10.2,0.0,110.2,83.6,68.7
2026-07-08,GRIZZLY_ESR1,QPRIO1,9.9,10.0,0.0,0.0,475.0,0.0,-0.0,0.0,0.0,83.6,68.7
2026-07-08,HAMILTON_ESR1,QBEEP1,9.9,10.7,24.0,243.0,465.0,8.5,7.8,-2.1,137.1,83.6,68.7
2026-07-08,HEADCAMP_ESR1,QTEN34,150.0,300.0,24.0,7372.0,11009.0,253.9,309.1,-0.7,0.0,83.6,68.7
2026-07-08,HEARN_RD_ESR1,QTEN30,10.0,12.7,24.0,428.0,546.0,16.6,18.7,-0.5,0.0,83.6,68.7
2026-07-08,HEIGHTTN_ESR1,QSUE74,9.9,8.2,24.0,158.0,422.0,8.1,9.6,-0.0,44.9,83.6,68.7
2026-07-08,HEN_ESR1,QECNR,150.0,279.6,24.0,5386.0,10670.0,364.1,406.2,-1.0,0.0,83.6,68.7
2026-07-08,HEN_ESR2,QECNR,151.0,280.1,23.8,-5699.0,10701.0,45.5,267.7,177.6,0.0,83.6,68.7
2026-07-08,HI_LONEB_ESR1,QENEL1,50.8,64.4,24.0,1588.0,2814.0,110.7,126.8,0.5,341.1,83.6,68.7
2026-07-08,HLY_ESR1,QHEI1,102.2,172.9,24.0,2612.0,6813.0,125.8,169.0,0.7,1670.8,83.6,68.7
2026-07-08,HLY_ESR2,QHEI1,101.8,167.9,24.0,2616.0,6673.0,125.6,168.6,2.3,1622.6,83.6,68.7
2026-07-08,HMNG_ESS_ESR1,QMEA8,99.8,211.0,24.0,4442.0,7709.0,176.4,221.3,2.3,1252.0,83.6,68.7
2026-07-08,HOLCOMB_ESR1,QBEEP1,9.9,10.7,24.0,64.0,452.0,1.9,1.1,-1.1,175.0,83.6,68.7
2026-07-08,HOUSEMTN_ESR1,QJPEM,60.0,127.5,24.0,3292.0,4650.0,110.0,143.4,5.5,532.4,83.6,68.7
2026-07-08,HWY6_ESR1,QTEN26,9.9,24.7,24.0,439.0,850.0,28.2,32.8,1.2,0.0,83.6,68.7
2026-07-08,HYDR_ESS_ESR1,QSUE74,200.0,194.4,24.0,4744.0,9376.0,198.2,234.6,-2.9,802.9,83.6,68.7
2026-07-08,INDL_ESR1,QECNR,9.9,4.2,24.0,61.0,265.0,3.8,4.9,-0.0,0.0,83.6,68.7
2026-07-08,INRT_W_ESR1,QFPL32,13.0,46.7,24.0,885.0,1359.0,32.2,41.3,0.4,0.0,83.6,68.7
2026-07-08,JADE_SLR_ESR2,QIPLUM,81.9,155.6,24.0,3937.0,5903.0,145.3,168.4,-3.6,156.7,83.6,68.7
2026-07-08,JAG_SLR_ESR1,QLCRA,150.0,300.0,24.0,7435.0,11191.0,270.6,313.4,-13.2,990.8,83.6,68.7
2026-07-08,JAG_SLR_ESR2,QMITS2,150.0,301.4,24.0,10051.0,11223.0,298.3,356.8,2.9,0.0,83.6,68.7
2026-07-08,JAR_ESR1,QHEI1,147.0,264.0,24.0,5307.0,10198.0,178.3,200.0,-8.6,2303.1,83.6,68.7
2026-07-08,JAR_ESR2,QHEI1,157.0,291.0,24.0,5797.0,11124.0,197.2,212.0,2.0,2487.5,83.6,68.7
2026-07-08,JDKNS_ESR1,QBEEP1,9.9,10.7,24.0,233.0,465.0,8.3,10.5,0.3,109.1,83.6,68.7
2026-07-08,JUNCTION_ESR1,QBEEP1,9.9,10.7,24.0,253.0,465.0,7.2,1.8,-8.9,153.1,83.6,68.7
2026-07-08,JUNORTH_ESR1,QTEN26,9.9,22.0,24.0,477.0,790.0,24.5,23.9,-3.8,0.0,83.6,68.7
2026-07-08,K0_ESR1,QSUE74,9.9,9.7,24.0,157.0,457.0,8.2,10.1,-0.2,45.8,83.6,68.7
2026-07-08,KEG_ESR1,QEDF27,18.0,311.2,24.0,-3245.0,2086.0,21.5,178.2,-31.6,0.0,83.6,68.7
2026-07-08,LANTANA_ESR1,QTEN26,9.9,20.1,24.0,413.0,727.0,23.7,26.9,-0.1,0.0,83.6,68.7
2026-07-08,LAURELES_ESR1,QTEN30,10.0,11.4,24.0,25.0,506.0,5.0,6.8,0.5,12.3,83.6,68.7
2026-07-08,LBRA_ESS_ESR1,QSUE48,200.0,200.0,24.0,2139.0,9543.0,131.4,198.3,-1.0,614.8,83.6,68.7
2026-07-08,LFSTH_ESR1,QBEEP1,9.9,10.7,24.0,259.0,465.0,8.5,8.8,-0.9,140.2,83.6,68.7
2026-07-08,LIGSW_ESR1,QPROLO,9.8,9.5,24.0,218.0,441.0,8.8,10.6,-0.6,123.7,83.6,68.7
2026-07-08,LILY_ESR1,QENEL5,50.0,71.7,24.0,898.0,2993.0,36.1,40.7,-1.7,606.2,83.6,68.7
2026-07-08,LMO_ESR1,QSHEL2,99.9,243.5,24.0,4955.0,8447.0,195.3,242.6,-0.3,767.0,83.6,68.7
2026-07-08,LONESTAR_ESR1,QBEEP1,9.9,10.7,24.0,239.0,465.0,8.1,9.7,0.0,111.4,83.6,68.7
2026-07-08,LON_ESR1,QTEN26,176.0,348.0,24.0,8287.0,13043.0,251.8,259.6,-51.9,2129.1,83.6,68.7
2026-07-08,LOPENO_ESR1,QSUE74,9.9,9.8,24.0,8.0,458.0,9.3,11.1,-0.4,69.1,83.6,68.7
2026-07-08,LOWR_ESS_ESR1,QEDI10,60.0,109.3,24.0,2766.0,4203.0,123.9,138.0,8.3,851.9,83.6,68.7
2026-07-08,LUCKYBLU_ESR1,QBROO1,102.0,198.1,24.0,5233.0,7447.0,212.7,245.6,-5.2,781.0,83.6,68.7
2026-07-08,LYNX_ESS_ESR1,QSU101,75.4,250.0,24.0,-1513.0,7391.0,131.0,181.2,33.0,0.0,83.6,68.7
2026-07-08,L_463S_ESR1,QSUE74,9.9,4.9,24.0,48.0,284.0,5.8,7.6,-0.0,48.6,83.6,68.7
2026-07-08,L_FRESNO_ESR1,QTEN24,9.9,11.2,24.0,84.0,466.0,2.9,1.0,-10.9,89.6,83.6,68.7
2026-07-08,MADERO_ESR1,QTEN25,100.0,265.4,24.0,7952.0,8921.0,318.9,254.4,-110.2,389.6,83.6,68.7
2026-07-08,MADERO_ESR2,QTEN25,100.0,261.5,24.0,8072.0,8839.0,318.3,243.7,-108.9,387.2,83.6,68.7
2026-07-08,MAGNO_TN_ESR1,QSUE74,8.3,6.4,24.0,154.0,337.0,6.5,6.2,-0.1,33.4,83.6,68.7
2026-07-08,MAINLAND_ESR1,QBEEP1,9.9,10.7,24.0,146.0,465.0,5.6,9.4,2.7,145.6,83.6,68.7
2026-07-08,MAYBERRY_ESR1,QTEN24,9.9,10.6,24.0,25.0,452.0,1.6,1.0,-10.7,61.1,83.6,68.7
2026-07-08,MAYBERRY_ESR2,QTEN24,9.9,11.9,24.0,216.0,483.0,5.3,0.9,-12.1,109.8,83.6,68.7
2026-07-08,MESQUITE_ESR1,QTEN26,9.9,19.8,24.0,586.0,728.0,18.4,21.5,-0.2,0.0,83.6,68.7
2026-07-08,MIDP_SLR_ESR1,QTEN26,50.0,90.0,24.0,2744.0,3475.0,85.7,111.0,-1.3,0.0,83.6,68.7
2026-07-08,MIDWY_ESR1,QPROLO,9.9,10.5,24.0,265.0,468.0,10.0,11.7,-0.2,106.8,83.6,68.7
2026-07-08,MNWLE_ESR1,QBEEP1,9.9,10.7,24.0,8.0,465.0,8.6,9.4,-0.5,113.8,83.6,68.7
2026-07-08,MOORE_FL_ESR1,QTEN30,10.0,11.4,24.0,444.0,475.0,12.2,7.1,-3.6,0.0,83.6,68.7
2026-07-08,MUENSTER_ESR1,QTEN30,10.0,12.6,24.0,378.0,552.0,11.1,5.3,-5.5,76.3,83.6,68.7
2026-07-08,MUSTNGCK_ESR1,QENE10,71.0,112.1,24.0,3840.0,4523.0,114.9,130.1,-6.0,437.4,83.6,68.7
2026-07-08,MU_ESR1,QTEN26,9.9,19.5,24.0,441.0,731.0,16.7,18.6,-1.0,108.8,83.6,68.7
2026-07-08,MV_VALV4_ESR1,QBEEP1,9.9,10.7,24.0,149.0,465.0,3.1,0.8,-3.0,173.4,83.6,68.7
2026-07-08,MYR_ESR1,QTOTL5,74.3,93.9,24.0,2679.0,4108.0,94.7,105.7,-4.0,607.8,83.6,68.7
2026-07-08,MYR_ESR2,QTOTL5,45.0,48.3,24.0,1863.0,2242.0,45.6,46.0,-8.9,78.5,83.6,68.7
2026-07-08,NCO_ESR1,QSHEL2,50.0,61.2,24.0,1450.0,2704.0,52.0,61.8,-4.2,185.4,83.6,68.7
2026-07-08,NF_BRP_ESR1,QSUE74,100.5,107.9,24.0,832.0,5010.0,63.1,107.5,5.5,236.9,83.6,68.7
2026-07-08,NOBLESLR_ESR1,QNGREN,61.4,51.2,23.6,1044.0,2627.0,49.3,53.6,0.5,328.0,83.6,68.7
2026-07-08,NOBLESLR_ESR2,QNGREN,62.5,54.4,23.6,1016.0,2741.0,50.3,57.6,5.5,359.6,83.6,68.7
2026-07-08,NWF_ESR1,QDUKER,3.1,0.5,24.0,-152.0,41.0,0.0,5.8,-0.3,0.0,83.6,68.7
2026-07-08,N_ALAMO_ESR1,QTEN24,9.9,10.6,24.0,85.0,452.0,2.9,0.8,-9.2,78.6,83.6,68.7
2026-07-08,N_MERCED_ESR1,QTEN24,9.9,10.6,24.0,108.0,452.0,3.3,0.8,-9.1,81.6,83.6,68.7
2026-07-08,ODESW_ESR1,QSUE74,9.9,5.8,24.0,114.0,318.0,6.6,7.9,-0.1,38.1,83.6,68.7
2026-07-08,OLNEYTN_ESR1,QBEEP1,9.9,10.7,23.8,59.0,465.0,9.0,4.0,-6.3,131.8,83.6,68.7
2026-07-08,PAD1_ESS_ESR1,QCPSE,50.0,122.0,24.0,608.0,4231.0,42.1,57.7,3.2,262.4,83.6,68.7
2026-07-08,PAD2_ESS_ESR2,QCPSE,150.0,600.0,24.0,8581.0,16279.0,342.3,396.7,-18.0,256.2,83.6,68.7
2026-07-08,PALACIOS_ESR1,QTEN30,10.0,11.4,24.0,298.0,484.0,9.5,11.3,-0.0,0.0,83.6,68.7
2026-07-08,PALE_ESS_ESR1,QSUE74,200.0,200.2,24.0,5451.0,9548.0,245.2,263.6,-26.1,840.7,83.6,68.7
2026-07-08,PALMVIEW_ESR1,QGRIDB,10.1,24.7,24.0,-75.0,783.0,0.8,4.9,2.6,0.0,83.6,68.7
2026-07-08,PAULN_ESR1,QBEEP1,9.9,10.7,23.3,251.0,465.0,8.4,8.8,-0.6,132.7,83.6,68.7
2026-07-08,PAVLOV_ESR1,QBEEP1,9.9,10.7,24.0,59.0,465.0,3.5,5.5,1.4,166.3,83.6,68.7
2026-07-08,PAVO_ESS_ESR1,QSUE74,87.5,85.4,22.6,1874.0,4113.0,97.5,113.1,-1.2,376.3,83.6,68.7
2026-07-08,PAVO_ESS_ESR2,QSUE74,87.5,85.5,22.0,2034.0,4114.0,97.2,107.9,-2.9,354.7,83.6,68.7
2026-07-08,PEARSALL_ESR1,QTEN26,9.9,19.8,24.0,461.0,668.0,17.2,19.4,0.1,79.3,83.6,68.7
2026-07-08,PHO_ESR1,QENE15,150.0,244.0,24.0,6960.0,9743.0,277.4,325.7,-1.4,724.8,83.6,68.7
2026-07-08,PHO_ESR2,QENE15,150.0,247.8,24.0,7678.0,9841.0,250.5,290.1,-1.3,740.4,83.6,68.7
2026-07-08,PINEFRST_ESR1,QTEN21,200.0,400.0,24.0,10278.0,14922.0,417.9,494.2,-5.4,68.2,83.6,68.7
2026-07-08,PIN_BESS_ESR1,QTEN34,200.0,400.0,24.0,10197.0,14922.0,344.1,409.5,-12.1,0.0,83.6,68.7
2026-07-08,PIRATE_ESR1,QTEN30,10.0,12.6,24.0,315.0,537.0,14.7,12.5,-3.8,83.6,83.6,68.7
2026-07-08,PLATINUM_ESR1,QSUE80,148.3,323.4,24.0,6272.0,11682.0,293.6,351.0,-18.5,543.2,83.6,68.7
2026-07-08,PLATINUM_ESR2,QSUE80,151.7,325.5,24.0,5135.0,11828.0,265.3,324.0,-12.8,545.9,83.6,68.7
2026-07-08,POTEETS_ESR1,QBEEP1,9.9,10.7,24.0,-18.0,465.0,3.1,9.4,5.8,139.7,83.6,68.7
2026-07-08,PRCRK_ESR1,QTEN24,9.9,13.1,24.0,436.0,507.0,8.3,1.0,-10.8,79.7,83.6,68.7
2026-07-08,PRTLAVS_ESR1,QSTEC3,3.9,3.2,24.0,-3.0,158.0,0.1,0.2,-0.5,29.8,83.6,68.7
2026-07-08,PUEBLO_ESR1,QSUE74,8.3,7.4,24.0,80.0,362.0,6.3,8.5,0.0,42.6,83.6,68.7
2026-07-08,PUEBLO_ESR2,QSUE74,9.9,9.8,24.0,119.0,458.0,8.2,10.7,0.1,50.1,83.6,68.7
2026-07-08,PYOTE_ESR1,QJPEM,9.0,14.5,24.0,331.0,583.0,11.3,13.9,0.4,103.7,83.6,68.7
2026-07-08,PYR_ESR1,QECNR,9.9,4.2,24.0,72.0,265.0,4.2,5.3,-0.1,0.0,83.6,68.7
2026-07-08,PYR_ESR2,QECNR,15.1,13.6,24.0,161.0,676.0,9.6,12.7,0.1,69.5,83.6,68.7
2026-07-08,PYR_ESR3,QECNR,15.1,13.6,24.0,219.0,676.0,10.9,13.9,-0.1,62.5,83.6,68.7
2026-07-08,QTUM_SLR_ESR1,QTEN33,160.0,300.3,24.0,-153.0,11434.0,0.0,5.8,0.4,0.0,83.6,68.7
2026-07-08,QTUM_SLR_ESR2,QTEN33,160.0,284.8,24.0,-158.0,11036.0,0.0,6.0,-0.6,0.0,83.6,68.7
2026-07-08,QUEEN_BA_ESR1,QENEL2,50.0,72.0,24.0,1134.0,2988.0,99.0,122.8,-6.8,348.5,83.6,68.7
2026-07-08,RADN_SLR_ESR1,QIPRAD,78.1,141.1,24.0,4486.0,5440.0,157.1,138.6,-32.8,1194.0,83.6,68.7
2026-07-08,RADN_SLR_ESR2,QIPRAD,81.9,150.4,24.0,4314.0,5767.0,274.2,298.2,-2.7,1082.9,83.6,68.7
2026-07-08,RBN_ESR1,QTEN19,100.0,124.4,24.0,849.0,5477.0,137.4,190.3,3.2,406.0,83.6,68.7
2026-07-08,RHA_ESR1,QTEN19,200.6,424.2,24.0,11525.0,15496.0,351.2,351.1,-79.0,0.0,83.6,68.7
2026-07-08,RIO_GRAN_ESR1,QTEN24,9.9,9.8,24.0,247.0,434.0,6.3,1.5,-3.5,87.1,83.6,68.7
2026-07-08,RIO_GRAN_ESR2,QPROLO,7.0,14.5,24.0,505.0,477.0,12.6,4.6,-10.2,104.3,83.6,68.7
2026-07-08,ROSELAND_ESR1,QENEL9,50.0,85.8,24.0,1708.0,3364.0,74.6,92.4,-0.1,330.2,83.6,68.7
2026-07-08,RPUBRDS_ESR1,QSHEL2,50.0,59.9,24.0,1041.0,2671.0,57.2,75.9,-1.2,178.8,83.6,68.7
2026-07-08,RRANCHES_ESR1,QSUE51,150.4,345.8,14.9,5748.0,12252.0,259.4,293.3,-15.7,730.4,83.6,68.7
2026-07-08,RRANCHES_ESR2,QSUE51,150.5,345.0,14.9,5354.0,12237.0,256.7,303.7,-25.1,709.1,83.6,68.7
2026-07-08,RRC_WIND_ESR1,QFPL35,75.0,225.0,24.0,3721.0,7176.0,200.0,283.0,34.6,0.0,83.6,68.7
2026-07-08,RRC_WIND_ESR2,QFPL35,75.0,225.0,24.0,3680.0,7176.0,185.1,254.2,48.3,0.0,83.6,68.7
2026-07-08,RTLSNAKE_ESR1,QBEEP1,9.9,10.7,24.0,249.0,465.0,8.0,9.1,-0.3,116.2,83.6,68.7
2026-07-08,RUSSEKST_ESR1,QBEEP1,9.9,10.7,24.0,104.0,465.0,8.8,5.7,-3.8,139.1,83.6,68.7
2026-07-08,RVRVLYS_ESR1,QSHEL2,50.0,114.3,24.0,2615.0,4059.0,136.3,168.5,-0.8,735.1,83.6,68.7
2026-07-08,RVRVLYS_ESR2,QSHEL2,50.1,114.3,24.0,2429.0,4062.0,129.1,159.5,-2.0,743.7,83.6,68.7
2026-07-08,SADLBACK_ESR1,QBEEP1,9.9,10.7,24.0,233.0,465.0,7.9,9.7,0.4,111.8,83.6,68.7
2026-07-08,SANDLAKE_ESR1,QBEEP1,9.9,10.7,24.0,262.0,465.0,8.0,8.4,-0.3,122.1,83.6,68.7
2026-07-08,SBEAN_ESR1,QBEEP1,9.9,10.7,24.0,226.0,465.0,7.7,9.1,0.5,109.2,83.6,68.7
2026-07-08,SEVNF_ES_ESR1,QTEN37,100.0,238.2,24.0,1852.0,8331.0,130.5,120.3,-48.1,745.9,83.6,68.7
2026-07-08,SE_EDINB_ESR1,QGRIDB,10.1,24.7,24.0,0.0,783.0,0.5,0.6,-0.8,0.0,83.6,68.7
2026-07-08,SGAL_BES_ESR1,QJPEM,100.0,195.0,24.0,4649.0,7334.0,173.2,220.9,2.6,806.5,83.6,68.7
2026-07-08,SGAL_BES_ESR2,QJPEM2,100.0,203.1,24.0,5220.0,7531.0,190.2,229.7,6.2,896.5,83.6,68.7
2026-07-08,SGSA_ESR1,QAMA1,9.9,23.6,24.0,489.0,825.0,16.1,16.6,-3.5,14.3,83.6,68.7
2026-07-08,SHAMROCK_ESR1,QFPL40,99.3,297.9,24.0,17.0,9501.0,150.8,351.9,164.5,0.0,83.6,68.7
2026-07-08,SHEEPCRK_ESR1,QSUE70,135.0,172.9,24.0,3514.0,7527.0,157.4,195.8,-1.2,434.9,83.6,68.7
2026-07-08,SLCNHLS_ESR1,QSHEL2,48.8,59.7,24.0,785.0,2645.0,51.7,79.2,0.9,167.8,83.6,68.7
2026-07-08,SLCNHLS_ESR2,QSHEL2,49.4,54.1,24.0,977.0,2488.0,54.6,74.3,-1.5,143.8,83.6,68.7
2026-07-08,SLK_BESS_ESR1,QTEN34,122.0,400.0,24.0,-334.0,12221.0,65.6,97.4,11.9,0.0,83.6,68.7
2026-07-08,SMTH_ESS_ESR1,QSUE77,104.3,207.0,24.0,4683.0,7745.0,219.0,242.3,-7.2,1948.7,83.6,68.7
2026-07-08,SOLC_SLR_ESR1,QTEN33,160.0,288.0,24.0,-2296.0,11116.0,4.1,98.9,91.7,0.0,83.6,68.7
2026-07-08,SOLC_SLR_ESR2,QTEN33,160.0,318.9,24.0,-3022.0,11909.0,2.6,128.3,106.9,0.0,83.6,68.7
2026-07-08,SPTX12B_ESR1,QEDIS9,22.3,18.5,24.0,626.0,950.0,18.5,22.6,-0.0,133.9,83.6,68.7
2026-07-08,SP_ESR1,QTEN26,9.9,19.7,24.0,446.0,708.0,16.6,15.2,-5.9,76.7,83.6,68.7
2026-07-08,STADIUM_ESR1,QTEN26,9.9,17.6,24.0,453.0,680.0,15.5,13.6,-5.6,0.0,83.6,68.7
2026-07-08,STAM_SLR_ESR1,QENE12,70.0,124.7,24.0,1791.0,4830.0,80.8,97.7,0.4,743.1,83.6,68.7
2026-07-08,STRG_SLR_ESR1,QECNR,79.4,179.6,24.0,2304.0,6412.0,108.2,130.2,-2.8,0.0,83.6,68.7
2026-07-08,SUNVASLR_ESR1,QSUE38,53.3,53.2,24.0,720.0,2542.0,50.9,66.6,-0.6,197.0,83.6,68.7
2026-07-08,SUNVASLR_ESR2,QSUE38,46.7,46.8,24.0,675.0,2230.0,45.4,58.0,-0.8,169.8,83.6,68.7
2026-07-08,SWEENY_ESR1,QSUE74,9.9,9.2,24.0,183.0,440.0,9.3,11.0,-0.1,43.6,83.6,68.7
2026-07-08,SWOOSEII_ESR1,QMEA5,100.0,191.4,24.0,3271.0,7240.0,128.4,171.7,-5.4,1239.6,83.6,68.7
2026-07-08,SWTWR_ESR1,QTEN26,7.5,17.3,24.0,301.0,598.0,10.4,12.2,-0.0,21.7,83.6,68.7
2026-07-08,S_SNROSA_ESR1,QTEN24,9.9,10.9,24.0,119.0,459.0,3.6,1.0,-11.1,85.7,83.6,68.7
2026-07-08,TBWF_ESS_ESR1,QTEN29,150.0,342.4,24.0,8731.0,12165.0,428.5,392.3,-132.5,1298.3,83.6,68.7
2026-07-08,TDWLPR_1_ESR1,QMEA6,100.0,222.0,24.0,4819.0,7967.0,173.0,197.0,-0.8,1404.8,83.6,68.7
2026-07-08,TDWLPR_1_ESR2,QMEA6,100.2,216.1,24.0,4034.0,7837.0,162.7,197.8,-0.9,1279.2,83.6,68.7
2026-07-08,TNFS_ESR1,QSYSO,9.9,18.0,24.0,463.0,692.0,18.3,20.1,-0.5,19.5,83.6,68.7
2026-07-08,TORT_ESS_ESR1,QSUE74,50.0,39.3,24.0,917.0,2066.0,41.6,51.8,0.1,144.6,83.6,68.7
2026-07-08,TSECA_ES_ESR1,QTEN36,100.0,238.2,24.0,3097.0,8331.0,211.1,228.9,-36.1,631.6,83.6,68.7
2026-07-08,TURQBESS_ESR1,QHEI3,190.0,361.0,24.0,8248.0,13690.0,299.0,341.7,-3.0,2653.6,83.6,68.7
2026-07-08,TV_ESR1,QAETE1,10.0,22.4,24.0,456.0,801.0,12.7,9.0,-6.5,114.6,83.6,68.7
2026-07-08,TYNAN_ESR1,QBEEP1,9.9,10.7,24.0,382.0,465.0,7.8,1.7,-7.6,162.1,83.6,68.7
2026-07-08,UTOPIA_ESR1,QTEN30,9.9,12.7,24.0,264.0,552.0,12.3,13.4,-0.0,0.0,83.6,68.7
2026-07-08,VORTEX_ESR1,QENEL8,121.8,201.0,24.0,5387.0,7986.0,176.5,182.9,0.0,554.5,83.6,68.7
2026-07-08,WAL_ESR1,QSUE92,200.0,400.0,24.0,9873.0,14922.0,558.5,595.6,-15.2,4468.4,83.6,68.7
2026-07-08,WCOLLOCL_ESR1,QHABIT,6.9,4.2,8.1,-14.0,237.0,0.0,0.6,-3.8,27.0,83.6,68.7
2026-07-08,WEIL_TRC_ESR1,QBEEP1,9.9,10.7,24.0,407.0,465.0,8.2,1.4,-9.3,159.0,83.6,68.7
2026-07-08,WFTANK_ESR1,QTEN28,150.2,169.5,24.0,7023.0,7732.0,237.1,111.5,-165.9,2707.0,83.6,68.7
2026-07-08,WIG_ESS_ESR1,QHEI1,120.0,187.0,24.0,3344.0,7577.0,136.5,172.0,-10.5,1872.3,83.6,68.7
2026-07-08,WOVER_ESR1,QTEN26,5.3,12.9,24.0,212.0,448.0,10.5,13.5,1.3,8.7,83.6,68.7
2026-07-08,WR_ESR1,QAETEL,9.9,22.4,24.0,434.0,798.0,11.1,8.1,-4.6,124.3,83.6,68.7
2026-07-08,WZRD_ESS_ESR1,QTEN26,150.2,318.1,15.3,6123.0,11615.0,140.2,107.0,-54.4,1364.0,83.6,68.7
2026-07-08,W_HARLIN_ESR1,QTEN24,9.9,10.6,24.0,90.0,452.0,3.0,0.9,-10.2,67.9,83.6,68.7
2026-07-08,X4_ESR1,QCPSE,10.0,8.5,24.0,74.0,433.0,7.1,9.8,0.8,11.1,83.6,68.7
2026-07-08,Z0_ESR1,QTEN26,9.9,24.0,24.0,544.0,736.0,23.5,25.4,0.1,0.0,83.6,68.7
2026-07-08,ZAPATA_ESR1,QSUE74,9.9,9.4,24.0,38.0,448.0,9.4,10.6,-0.8,68.3,83.6,68.7
2026-07-08,ZAPATA_ESR2,QSUE74,8.3,7.3,24.0,47.0,361.0,7.2,8.3,-0.1,57.2,83.6,68.7
2026-07-08,ZIER_SLR_ESR1,QTEN19,40.0,79.6,24.0,2151.0,2975.0,72.4,95.5,0.5,191.1,83.6,68.7
2026-07-07,ABINDUST_ESR1,QMP2M1,9.9,25.9,24.0,318.0,590.0,20.5,22.4,0.2,0.0,46.0,25.9
2026-07-07,ADL_ESR1,QTEN26,60.0,54.3,24.0,615.0,1974.0,59.4,76.9,0.1,494.2,46.0,25.9
2026-07-07,AE_ESR1,QTEN26,9.9,19.5,15.7,350.0,529.0,16.8,11.4,-6.8,77.6,46.0,25.9
2026-07-07,ALAMO_ST_ESR1,QSYSO,9.9,18.0,24.0,130.0,509.0,16.3,21.1,2.0,41.8,46.0,25.9
2026-07-07,ALP_BESS_ESR1,QHEI1,100.3,170.4,24.0,1015.0,4970.0,128.7,171.8,1.0,1429.6,46.0,25.9
2026-07-07,ALVIN_ESR1,QSUE74,8.3,5.5,24.0,17.0,219.0,6.2,7.4,0.1,54.9,46.0,25.9
2026-07-07,ANCHOR_ESR1,QENE11,35.2,43.7,24.0,373.0,1444.0,24.1,25.2,0.4,317.7,46.0,25.9
2026-07-07,ANCHOR_ESR2,QENE11,36.0,51.4,24.0,784.0,1613.0,44.0,40.5,-15.4,341.9,46.0,25.9
2026-07-07,ANDMDSLR_ESR1,QIPLU2,81.9,148.0,24.0,3165.0,4202.0,187.1,170.0,-35.2,911.8,46.0,25.9
2026-07-07,ANDMDSLR_ESR2,QIPLU2,78.1,144.6,24.0,2183.0,4059.0,216.1,240.1,3.1,789.6,46.0,25.9
2026-07-07,ANEM_ESS_ESR1,QSUE53,200.0,456.5,24.0,2787.0,11503.0,391.4,478.8,10.1,1662.2,46.0,25.9
2026-07-07,ANGLETON_ESR1,QSUE74,9.9,8.3,24.0,-88.0,310.0,10.0,13.9,1.7,64.5,46.0,25.9
2026-07-07,ANG_SLR_ESR1,QTEN26,100.0,194.4,24.0,1253.0,5337.0,149.0,211.7,14.6,614.9,46.0,25.9
2026-07-07,ANOL_ESS_ESR1,QESVEM,240.0,525.5,24.0,4518.0,13522.0,487.0,624.7,13.7,1132.1,46.0,25.9
2026-07-07,ANTL_ESS_ESR1,QSU100,70.0,169.5,24.0,2345.0,4137.0,178.6,182.9,-20.6,429.2,46.0,25.9
2026-07-07,ARY_BESS_ESR1,QTEN32,20.0,180.0,24.0,-1536.0,1567.0,13.9,60.7,-4.7,0.0,46.0,25.9
2026-07-07,AVIL_ESS_ESR1,QSU100,160.0,371.8,24.0,4562.0,8421.0,372.4,409.4,-19.9,1164.0,46.0,25.9
2026-07-07,AZURE_ESR1,QENEL6,77.6,127.2,24.0,1259.0,3769.0,120.1,151.7,-6.5,430.1,46.0,25.9
2026-07-07,BATCAVE_ESR1,QSUE74,100.5,107.9,24.0,12.0,3727.0,57.5,94.5,0.9,341.6,46.0,25.9
2026-07-07,BAY_CITY_ESR1,QTEN24,9.9,11.2,24.0,-36.0,240.0,0.1,1.6,1.4,100.2,46.0,25.9
2026-07-07,BCK_ESR1,QHEI5,123.5,311.6,24.0,3547.0,7440.0,277.4,327.2,-8.2,0.0,46.0,25.9
2026-07-07,BCK_ESR2,QHEI5,126.5,320.3,24.0,3651.0,7634.0,284.1,334.3,-6.5,0.0,46.0,25.9
2026-07-07,BCNV2_ES_ESR1,QSU115,150.0,300.0,12.5,-4622.0,8089.0,104.5,265.3,133.7,0.0,46.0,25.9
2026-07-07,BCNV_ESS_ESR1,QSHE11,146.5,300.0,24.0,4351.0,8032.0,295.0,344.4,-1.2,839.1,46.0,25.9
2026-07-07,BELD_ESR1,QJPEM,6.0,9.8,24.0,128.0,302.0,9.0,10.8,0.2,42.8,46.0,25.9
2026-07-07,BEXAR_ES_ESR1,QTEN32,100.0,100.0,24.0,-1409.0,3530.0,68.1,97.4,2.7,1335.5,46.0,25.9
2026-07-07,BIG_STAR_ESR1,QECNR,80.0,108.0,24.0,1795.0,3461.0,110.6,125.6,-0.5,0.0,46.0,25.9
2026-07-07,BKSL_ESS_ESR1,QESVEM,100.0,203.9,24.0,2245.0,5444.0,187.1,209.2,0.5,495.7,46.0,25.9
2026-07-07,BLACKSPR_ESR1,QBROO2,120.0,259.4,24.0,4987.0,6720.0,295.1,297.5,-39.9,1434.0,46.0,25.9
2026-07-07,BLSUMMIT_ESR1,QFPL12,30.0,9.7,24.0,-27.0,470.0,5.3,10.5,-0.2,0.0,46.0,25.9
2026-07-07,BLSUMMIT_ESR2,QFPL48,150.0,450.0,24.0,6508.0,9810.0,453.2,530.2,0.0,0.0,46.0,25.9
2026-07-07,BLUEJAY_ESR1,QENEL7,50.0,86.2,24.0,1160.0,2497.0,80.7,93.3,-2.8,286.2,46.0,25.9
2026-07-07,BLVN_SLR_ESR1,QSHEL8,180.0,360.0,24.0,4688.0,9705.0,353.0,443.6,0.0,975.3,46.0,25.9
2026-07-07,BOCO_ESS_ESR1,QTEN28,150.3,365.0,24.0,4799.0,8896.0,335.8,411.7,0.0,1658.9,46.0,25.9
2026-07-07,BRAZORIA_ESR1,QSUE74,9.9,9.6,24.0,24.0,342.0,10.6,13.0,1.0,74.4,46.0,25.9
2026-07-07,BR_ARROW_ESR1,QECNR,48.3,93.5,24.0,1347.0,2562.0,86.3,96.8,-0.7,130.1,46.0,25.9
2026-07-07,BR_ARROW_ESR2,QECNR,51.7,100.4,24.0,1427.0,2747.0,89.4,100.2,-0.6,0.0,46.0,25.9
2026-07-07,BYP_ESR1,QEXELO,202.0,450.0,24.0,11840.0,11479.0,602.4,567.1,-100.5,0.0,46.0,25.9
2026-07-07,BYRDR_ES_ESR1,QHABIT,50.0,59.4,24.0,457.0,1987.0,40.2,50.7,0.9,637.7,46.0,25.9
2026-07-07,CACH_ESS_ESR1,QSU100,200.0,463.1,24.0,5903.0,11579.0,583.0,675.5,1.8,1585.7,46.0,25.9
2026-07-07,CAMWIND_ESR1,QTEN26,16.5,32.5,24.0,406.0,886.0,28.3,29.0,-3.4,237.5,46.0,25.9
2026-07-07,CARA_ESS_ESR1,QHEI8,98.3,196.7,24.0,-2293.0,5301.0,106.5,243.2,92.4,1707.8,46.0,25.9
2026-07-07,CARN_ESS_ESR1,QSU100,150.0,336.4,24.0,2871.0,8552.0,312.0,377.5,9.9,1094.9,46.0,25.9
2026-07-07,CARRIZO_ESR1,QTEN30,9.5,12.6,24.0,254.0,407.0,15.1,12.9,-4.1,101.3,46.0,25.9
2026-07-07,CARTWHL_ESR1,QECNR,150.0,284.8,24.0,4293.0,7880.0,267.1,313.0,0.5,0.0,46.0,25.9
2026-07-07,CASL_GAP_ESR1,QLUMN1,3.9,4.3,24.0,68.0,149.0,4.7,6.0,0.0,0.0,46.0,25.9
2026-07-07,CAST_ESS_ESR1,QSUE79,200.0,412.7,24.0,4770.0,10951.0,403.7,462.1,-11.7,1053.8,46.0,25.9
2026-07-07,CATARINA_ESR1,QBEEP1,9.9,10.7,24.0,245.0,264.0,8.5,4.6,-5.9,159.8,46.0,25.9
2026-07-07,CEDRVALE_ESR1,QBEEP1,9.9,10.7,24.0,245.0,264.0,7.8,3.8,-5.9,163.5,46.0,25.9
2026-07-07,CFLAT_ES_ESR1,QTEN26,100.0,182.2,24.0,-2910.0,5115.0,174.6,321.2,93.2,0.0,46.0,25.9
2026-07-07,CHERRYCR_ESR1,QBEEP1,9.9,10.7,24.0,240.0,264.0,7.8,4.0,-4.4,164.2,46.0,25.9
2026-07-07,CHIL_SLR_ESR1,QSUE88,150.0,323.1,24.0,1956.0,8385.0,305.0,388.1,4.6,979.3,46.0,25.9
2026-07-07,CISC_ESR1,QBEEP1,9.9,10.7,24.0,153.0,264.0,8.6,8.9,-1.5,135.8,46.0,25.9
2026-07-07,CITRUSCY_ESR1,QPROLO,9.9,21.0,24.0,-317.0,386.0,4.1,19.5,11.1,118.3,46.0,25.9
2026-07-07,CLO_ESR1,QMEA1,100.0,199.5,24.0,1908.0,5385.0,166.2,212.6,2.2,1178.5,46.0,25.9
2026-07-07,CLO_ESR2,QMEA1,100.0,201.4,24.0,1727.0,5411.0,164.2,216.5,5.7,1172.5,46.0,25.9
2026-07-07,CNLY_ESS_ESR1,QSUE76,111.9,211.2,9.2,-40.0,5861.0,25.3,27.9,-5.9,308.0,46.0,25.9
2026-07-07,CNTRY_ESR1,QPROLO,9.8,14.0,24.0,401.0,332.0,20.7,18.9,1.2,84.2,46.0,25.9
2026-07-07,CNTYRDS_ESR1,QTEN26,9.9,24.7,24.0,287.0,593.0,24.0,26.5,-0.7,0.0,46.0,25.9
2026-07-07,CORALSLR_ESR1,QNGRE1,48.4,58.3,24.0,877.0,1947.0,55.0,57.8,-0.4,550.7,46.0,25.9
2026-07-07,CORALSLR_ESR2,QNGRE1,52.2,58.3,24.0,827.0,1993.0,54.9,59.6,-0.4,589.9,46.0,25.9
2026-07-07,CORAZON_ESR1,QHEI4,200.0,254.0,24.0,-2318.0,8334.0,141.0,285.2,87.3,2969.9,46.0,25.9
2026-07-07,COYOTSPR_ESR1,QBEEP1,9.9,10.7,24.0,232.0,264.0,7.2,3.3,-5.8,165.5,46.0,25.9
2026-07-07,CROSSETT_ESR1,QJPEM1,100.0,101.5,24.0,1066.0,3567.0,83.7,104.1,-1.0,391.1,46.0,25.9
2026-07-07,CROSSETT_ESR2,QJPEM1,100.0,101.7,24.0,1027.0,3570.0,80.8,100.9,-0.7,393.1,46.0,25.9
2026-07-07,CROSSTRL_ESR1,QGRIE4,57.0,114.0,24.0,745.0,3073.0,86.2,102.7,-0.4,154.1,46.0,25.9
2026-07-07,CR_ESR1,QPROLO,9.8,20.1,24.0,233.0,386.0,19.3,22.4,-0.0,108.8,46.0,25.9
2026-07-07,CS_ESR1,QTEN26,7.0,14.6,24.0,307.0,360.0,11.8,7.7,-5.1,129.7,46.0,25.9
2026-07-07,CTW_ESR1,QTOTL5,150.0,193.2,24.0,2337.0,6319.0,188.7,236.7,0.9,173.1,46.0,25.9
2026-07-07,DAN_ESR1,QTOTL4,75.3,102.2,24.0,1321.0,3270.0,90.3,110.1,0.5,188.8,46.0,25.9
2026-07-07,DAN_ESR2,QTOTL4,71.7,102.4,24.0,1176.0,3219.0,85.4,107.1,2.3,181.1,46.0,25.9
2026-07-07,DA_ESR1,QSHE16,4.0,9.7,24.0,93.0,236.0,7.7,9.4,1.3,2.6,46.0,25.9
2026-07-07,DCSES_ESR1,QLUMN,66.5,66.4,24.0,26.0,2347.0,22.6,36.9,-3.2,437.5,46.0,25.9
2026-07-07,DCSES_ESR2,QLUMN,66.5,66.4,24.0,30.0,2347.0,22.5,36.7,-3.2,435.8,46.0,25.9
2026-07-07,DCSES_ESR3,QLUMN,63.5,63.4,24.0,90.0,2242.0,21.9,33.2,-5.3,416.0,46.0,25.9
2026-07-07,DCSES_ESR4,QLUMN,63.5,63.4,24.0,586.0,2242.0,23.5,19.9,-3.4,413.4,46.0,25.9
2026-07-07,DESN_ESS_ESR1,QSUE79,200.0,451.2,24.0,5107.0,11437.0,441.3,522.8,6.3,1310.0,46.0,25.9
2026-07-07,DGFS_ESR_ESR1,QTEN26,75.2,64.0,24.0,399.0,2374.0,73.3,97.0,-0.0,103.1,46.0,25.9
2026-07-07,DIBOL_ESR1,QBEEP1,9.9,10.7,24.0,140.0,264.0,8.1,8.7,-0.6,135.0,46.0,25.9
2026-07-07,DICKNSON_ESR1,QSUE74,9.9,7.8,24.0,20.0,297.0,6.8,8.4,0.0,66.1,46.0,25.9
2026-07-07,DKNS_ESS_ESR1,QSUE74,50.0,48.7,24.0,642.0,1732.0,82.9,94.2,-0.1,398.4,46.0,25.9
2026-07-07,DKNS_ESS_ESR2,QSUE74,50.0,49.8,24.0,658.0,1760.0,85.5,96.6,-1.3,414.7,46.0,25.9
2026-07-07,DKNS_ESS_ESR3,QSUE74,50.0,50.4,24.0,595.0,1774.0,84.8,97.8,0.1,409.1,46.0,25.9
2026-07-07,DKNS_ESS_ESR4,QSUE74,50.0,49.8,24.0,620.0,1759.0,84.8,96.9,-0.9,408.8,46.0,25.9
2026-07-07,DPCRK_ESR1,QTEN26,8.5,17.1,24.0,178.0,410.0,13.5,15.9,0.1,0.0,46.0,25.9
2026-07-07,DSWL_ESS_ESR1,QPHIL3,150.0,321.3,24.0,3983.0,8362.0,317.5,381.1,-5.5,1175.0,46.0,25.9
2026-07-07,EBNY_ESS_ESR1,QSUE52,200.0,458.5,24.0,-1105.0,11532.0,384.7,522.3,48.9,353.2,46.0,25.9
2026-07-07,ELMCRK_ESR1,QMP2M1,9.9,25.9,24.0,219.0,539.0,13.4,14.5,-0.8,0.0,46.0,25.9
2026-07-07,ELM_ST_ESR1,QTEN26,10.2,24.7,24.0,274.0,600.0,23.5,26.5,-0.7,0.0,46.0,25.9
2026-07-07,ELM_ST_ESR2,QSYSO,9.9,18.0,24.0,336.0,509.0,14.6,11.1,-5.5,55.6,46.0,25.9
2026-07-07,ELSA_ESR1,QTEN24,9.9,10.6,24.0,2.0,236.0,0.2,0.1,0.0,105.6,46.0,25.9
2026-07-07,ELZA_SLR_ESR1,QENE16,100.0,116.9,24.0,884.0,3902.0,82.1,100.8,-6.9,403.3,46.0,25.9
2026-07-07,EMPCT_ESR1,QTEN24,9.9,13.1,24.0,-83.0,255.0,0.1,3.3,4.0,100.2,46.0,25.9
2026-07-07,ENDPARKS_ESR1,QGRIE4,50.1,102.4,24.0,843.0,2729.0,89.2,103.7,-2.6,370.9,46.0,25.9
2026-07-07,ESTONIAN_ESR1,QENE14,101.6,164.3,24.0,2935.0,4897.0,186.3,188.7,-21.6,439.4,46.0,25.9
2026-07-07,EUNICE_ESR1,QTENSK,19.0,20.0,24.0,215.0,392.0,13.9,13.2,-5.6,248.6,46.0,25.9
2026-07-07,EVLN_ESS_ESR1,QSHE15,192.0,292.3,24.0,4062.0,8950.0,285.8,346.0,3.2,0.0,46.0,25.9
2026-07-07,E_HARRIS_ESR1,QTEN26,9.9,20.1,24.0,-93.0,409.0,7.3,15.7,7.0,0.0,46.0,25.9
2026-07-07,FALFUR_ESR1,QBEEP1,9.9,10.7,24.0,-65.0,264.0,0.4,3.4,2.6,179.3,46.0,25.9
2026-07-07,FALFUR_ESR2,QTEN30,10.0,12.6,24.0,-14.0,209.0,3.4,4.4,0.3,135.8,46.0,25.9
2026-07-07,FAULKNER_ESR1,QBEEP1,9.9,10.7,24.0,237.0,264.0,7.7,3.9,-5.4,165.1,46.0,25.9
2026-07-07,FENCESLR_ESR1,QENE13,64.4,105.7,24.0,1346.0,3130.0,73.0,68.7,-22.0,567.6,46.0,25.9
2026-07-07,FERD_ESS_ESR1,QCPSE,200.0,950.0,24.0,2807.0,15385.0,446.0,640.5,103.3,1107.8,46.0,25.9
2026-07-07,FIVEWSLR_ESR1,QSUE61,220.0,250.0,24.0,1536.0,8483.0,206.8,265.8,2.3,1078.3,46.0,25.9
2026-07-07,FLAT_TOP_ESR1,QSHEL2,8.4,13.1,24.0,178.0,394.0,12.5,13.7,-0.1,44.0,46.0,25.9
2026-07-07,FLAT_TOP_ESR2,QJPEM,9.9,17.1,24.0,217.0,495.0,14.6,16.8,0.0,82.1,46.0,25.9
2026-07-07,FLOWERII_ESR1,QJPEM,100.0,195.9,24.0,2185.0,5336.0,157.6,187.2,2.4,534.6,46.0,25.9
2026-07-07,FORTMA_ESR1,QTEN30,10.0,12.6,24.0,283.0,414.0,10.5,5.4,-6.3,113.4,46.0,25.9
2026-07-07,FRMRSVLW_ESR1,QBEEP1,9.9,10.7,24.0,120.0,264.0,8.2,9.4,0.3,117.8,46.0,25.9
2026-07-07,FRMRSVLW_ESR2,QTEN26,6.0,14.7,24.0,259.0,357.0,11.9,9.5,-3.8,111.9,46.0,25.9
2026-07-07,FTDUNCAN_ESR1,QTEN26,100.0,201.1,16.3,772.0,5406.0,90.5,117.2,-1.1,896.5,46.0,25.9
2026-07-07,GAIA_SLR_ESR1,QTEN26,75.0,150.0,24.0,1833.0,4044.0,134.3,164.1,-0.2,0.0,46.0,25.9
2026-07-07,GAMBIT_ESR1,QSUE23,100.0,147.6,24.0,631.0,4542.0,127.2,176.5,5.9,531.5,46.0,25.9
2026-07-07,GARCENO_ESR1,QTEN24,9.9,9.8,24.0,-39.0,229.0,0.1,1.7,1.3,90.0,46.0,25.9
2026-07-07,GEORSO_ESR1,QEDIS9,9.8,8.1,24.0,68.0,298.0,8.1,10.6,0.1,10.3,46.0,25.9
2026-07-07,GIGA_ESS_ESR1,QSUE55,108.3,200.0,20.0,2065.0,5609.0,239.7,293.6,23.5,1605.8,46.0,25.9
2026-07-07,GKS_BESS_ESR1,QTEN26,85.6,156.0,24.0,-1648.0,4371.0,48.0,140.3,52.3,218.1,46.0,25.9
2026-07-07,GODY_SLR_ESR1,QTEN26,46.9,161.0,17.8,-1221.0,3269.0,2.2,44.6,39.4,0.0,46.0,25.9
2026-07-07,GOMZ_ESR1,QBEEP1,9.9,10.7,24.0,226.0,264.0,7.1,3.4,-5.9,163.7,46.0,25.9
2026-07-07,GOODWIN_ESR1,QTEN30,10.0,12.7,24.0,73.0,277.0,4.3,3.4,2.0,101.8,46.0,25.9
2026-07-07,GRDNE_ESR1,QBEEP1,9.9,10.7,24.0,254.0,264.0,7.8,3.4,-5.7,166.9,46.0,25.9
2026-07-07,GRIZZLY_ESR1,QPRIO1,9.9,10.0,0.0,0.0,352.0,0.0,-0.0,0.0,0.0,46.0,25.9
2026-07-07,HAMILTON_ESR1,QBEEP1,9.9,10.7,24.0,218.0,264.0,6.9,3.0,-4.5,174.3,46.0,25.9
2026-07-07,HEADCAMP_ESR1,QTEN34,150.1,300.0,24.0,2475.0,7427.0,235.2,285.9,-0.4,0.0,46.0,25.9
2026-07-07,HEARN_RD_ESR1,QTEN30,10.0,12.7,24.0,185.0,383.0,12.3,13.6,0.5,0.0,46.0,25.9
2026-07-07,HEIGHTTN_ESR1,QSUE74,9.9,8.2,24.0,51.0,307.0,8.7,10.3,0.1,66.0,46.0,25.9
2026-07-07,HEN_ESR1,QECNR,150.0,279.6,24.0,4424.0,7806.0,266.0,299.8,0.1,0.0,46.0,25.9
2026-07-07,HEN_ESR2,QECNR,150.5,266.7,23.5,-65.0,653.0,7.1,9.7,-11.6,0.0,46.0,25.9
2026-07-07,HI_LONEB_ESR1,QENEL1,50.0,61.8,24.0,668.0,2046.0,53.3,63.2,-0.5,465.4,46.0,25.9
2026-07-07,HLY_ESR1,QHEI1,102.2,172.9,24.0,927.0,5051.0,118.7,169.1,-6.8,1354.2,46.0,25.9
2026-07-07,HLY_ESR2,QHEI1,101.8,167.9,24.0,983.0,4961.0,118.6,167.4,-6.1,1280.0,46.0,25.9
2026-07-07,HMNG_ESS_ESR1,QMEA8,99.9,222.0,24.0,2199.0,5669.0,182.4,229.2,0.1,1176.6,46.0,25.9
2026-07-07,HOLCOMB_ESR1,QBEEP1,9.9,10.7,24.0,-81.0,264.0,0.4,4.1,3.2,177.0,46.0,25.9
2026-07-07,HOUSEMTN_ESR1,QJPEM,60.0,127.5,24.0,1232.0,3332.0,113.3,140.9,0.4,494.9,46.0,25.9
2026-07-07,HV_ESR1,QTEN30,9.0,12.7,0.8,-1.0,408.0,0.0,0.0,0.0,1.2,46.0,25.9
2026-07-07,HWY6_ESR1,QTEN26,9.9,24.7,24.0,264.0,593.0,22.5,25.5,-0.7,0.0,46.0,25.9
2026-07-07,HYDR_ESS_ESR1,QSUE74,200.0,192.6,24.0,1843.0,6874.0,189.3,227.3,-3.6,957.8,46.0,25.9
2026-07-07,INDL_ESR1,QECNR,9.9,4.2,24.0,69.0,193.0,2.2,0.3,-3.0,0.0,46.0,25.9
2026-07-07,INRT_W_ESR1,QFPL32,13.0,46.7,24.0,371.0,926.0,32.0,41.1,-0.1,0.0,46.0,25.9
2026-07-07,JADE_SLR_ESR1,QIPLUM,28.0,144.2,24.0,-475.0,2706.0,0.0,14.9,0.0,0.0,46.0,25.9
2026-07-07,JADE_SLR_ESR2,QIPLUM,81.9,155.6,24.0,2252.0,4315.0,148.1,176.0,-2.3,172.8,46.0,25.9
2026-07-07,JAG_SLR_ESR1,QLCRA,150.0,300.0,24.0,3590.0,8087.0,283.7,342.8,14.8,949.8,46.0,25.9
2026-07-07,JAG_SLR_ESR2,QMITS2,150.0,300.0,24.0,4042.0,8087.0,293.7,340.2,-5.1,0.0,46.0,25.9
2026-07-07,JAR_ESR1,QHEI1,147.0,264.0,24.0,2423.0,7505.0,175.9,212.7,2.4,2233.6,46.0,25.9
2026-07-07,JAR_ESR2,QHEI1,157.0,291.0,24.0,2347.0,8146.0,178.3,225.0,-8.6,2279.3,46.0,25.9
2026-07-07,JDKNS_ESR1,QBEEP1,9.9,10.7,24.0,241.0,264.0,7.6,3.5,-5.6,166.9,46.0,25.9
2026-07-07,JUNCTION_ESR1,QBEEP1,9.9,10.7,24.0,-43.0,264.0,0.4,2.4,1.7,180.1,46.0,25.9
2026-07-07,JUNORTH_ESR1,QTEN26,9.9,22.0,24.0,121.0,562.0,21.7,27.4,3.2,0.0,46.0,25.9
2026-07-07,K0_ESR1,QSUE74,9.9,9.7,24.0,60.0,305.0,8.5,10.3,0.2,61.6,46.0,25.9
2026-07-07,KEG_ESR1,QEDF27,18.4,311.2,24.0,3973.0,1316.0,112.5,8.2,-131.2,0.0,46.0,25.9
2026-07-07,LANTANA_ESR1,QTEN26,9.9,20.1,24.0,183.0,461.0,15.8,17.6,-0.1,0.0,46.0,25.9
2026-07-07,LBRA_ESS_ESR1,QSUE48,200.0,200.0,24.0,184.0,7060.0,122.5,186.2,-0.6,635.3,46.0,25.9
2026-07-07,LFSTH_ESR1,QBEEP1,9.9,10.7,24.0,142.0,264.0,8.1,8.6,-0.5,136.9,46.0,25.9
2026-07-07,LIGSW_ESR1,QPROLO,9.8,9.5,24.0,75.0,269.0,10.7,14.9,1.5,119.5,46.0,25.9
2026-07-07,LILY_ESR1,QENEL5,50.0,71.7,24.0,1008.0,2247.0,43.2,32.5,-18.1,507.1,46.0,25.9
2026-07-07,LMO_ESR1,QSHEL2,99.9,243.5,24.0,2532.0,5923.0,201.4,255.4,0.8,837.3,46.0,25.9
2026-07-07,LONESTAR_ESR1,QBEEP1,9.9,10.7,24.0,239.0,264.0,7.6,3.6,-5.6,164.4,46.0,25.9
2026-07-07,LON_ESR1,QTEN26,174.0,348.0,24.0,1675.0,9381.0,173.1,217.0,-26.3,2406.4,46.0,25.9
2026-07-07,LOPENO_ESR1,QSUE74,9.9,9.8,24.0,14.0,307.0,9.5,11.6,0.5,83.2,46.0,25.9
2026-07-07,LOWR_ESS_ESR1,QEDI10,58.5,109.3,24.0,710.0,3048.0,103.3,120.8,5.4,98.5,46.0,25.9
2026-07-07,LUCKYBLU_ESR1,QBROO1,97.4,198.1,24.0,4194.0,5296.0,189.6,150.1,-70.0,1185.5,46.0,25.9
2026-07-07,LYNX_ESS_ESR1,QSU101,75.5,250.0,24.0,-1138.0,4841.0,66.5,99.1,64.1,0.0,46.0,25.9
2026-07-07,L_463S_ESR1,QSUE74,9.9,7.3,24.0,44.0,253.0,8.6,10.2,0.0,69.6,46.0,25.9
2026-07-07,L_FRESNO_ESR1,QTEN24,9.9,11.2,24.0,-19.0,241.0,0.1,0.9,0.7,116.6,46.0,25.9
2026-07-07,MADERO_ESR1,QTEN25,100.0,265.4,24.0,-2296.0,6168.0,95.6,240.0,104.0,376.2,46.0,25.9
2026-07-07,MADERO_ESR2,QTEN25,100.0,253.2,24.0,-2628.0,6034.0,87.1,239.7,103.9,380.9,46.0,25.9
2026-07-07,MAGNO_TN_ESR1,QSUE74,8.3,4.5,24.0,12.0,190.0,5.0,6.3,0.2,45.2,46.0,25.9
2026-07-07,MAINLAND_ESR1,QBEEP1,9.9,10.7,24.0,199.0,264.0,7.7,5.3,-4.1,161.2,46.0,25.9
2026-07-07,MAYBERRY_ESR1,QTEN24,9.9,10.6,24.0,-20.0,236.0,0.1,1.0,0.8,93.3,46.0,25.9
2026-07-07,MAYBERRY_ESR2,QTEN24,9.9,11.9,24.0,1.0,247.0,0.2,0.1,0.0,135.7,46.0,25.9
2026-07-07,MESQUITE_ESR1,QTEN26,9.9,19.8,24.0,211.0,491.0,18.6,20.8,0.2,0.0,46.0,25.9
2026-07-07,MIDP_SLR_ESR1,QTEN26,50.0,93.2,24.0,1027.0,2601.0,86.8,111.2,2.2,0.0,46.0,25.9
2026-07-07,MIDWY_ESR1,QPROLO,9.9,10.5,24.0,138.0,280.0,10.2,12.3,0.5,111.9,46.0,25.9
2026-07-07,MNWLE_ESR1,QBEEP1,9.9,10.7,24.0,167.0,264.0,8.5,8.2,-1.3,137.7,46.0,25.9
2026-07-07,MOORE_FL_ESR1,QTEN30,9.0,11.4,24.0,-27.0,240.0,5.5,10.4,3.6,0.0,46.0,25.9
2026-07-07,MUENSTER_ESR1,QTEN30,10.0,12.6,24.0,-79.0,414.0,6.5,13.0,2.5,81.7,46.0,25.9
2026-07-07,MUSTNGCK_ESR1,QENE10,71.0,112.1,24.0,2908.0,3377.0,151.0,130.8,-40.6,428.7,46.0,25.9
2026-07-07,MU_ESR1,QTEN26,9.9,19.5,24.0,383.0,530.0,16.8,13.1,-6.1,169.5,46.0,25.9
2026-07-07,MV_VALV4_ESR1,QBEEP1,9.9,10.7,24.0,-79.0,264.0,0.4,4.0,2.7,178.4,46.0,25.9
2026-07-07,MYR_ESR1,QTOTL5,74.3,93.9,24.0,1317.0,3087.0,81.0,91.5,-1.6,505.2,46.0,25.9
2026-07-07,MYR_ESR2,QTOTL5,45.0,48.3,24.0,197.0,1676.0,37.0,56.4,9.2,0.0,46.0,25.9
2026-07-07,NCO_ESR1,QSHEL2,50.0,61.4,24.0,414.0,2008.0,50.5,65.5,1.2,172.1,46.0,25.9
2026-07-07,NF_BRP_ESR1,QSUE74,100.5,107.9,24.0,-77.0,3727.0,57.5,95.2,-2.3,370.1,46.0,25.9
2026-07-07,NOBLESLR_ESR1,QNGREN,61.4,51.2,24.0,656.0,1909.0,52.8,59.7,-0.8,352.1,46.0,25.9
2026-07-07,NOBLESLR_ESR2,QNGREN,62.5,54.4,24.0,616.0,2002.0,55.2,65.0,1.1,371.3,46.0,25.9
2026-07-07,N_ALAMO_ESR1,QTEN24,9.9,10.6,24.0,-14.0,236.0,0.2,0.8,0.6,99.9,46.0,25.9
2026-07-07,N_MERCED_ESR1,QTEN24,9.9,10.6,24.0,-13.0,236.0,0.1,0.7,0.5,100.0,46.0,25.9
2026-07-07,ODESW_ESR1,QSUE74,9.9,6.1,24.0,56.0,224.0,10.2,12.0,0.0,64.1,46.0,25.9
2026-07-07,OLNEYTN_ESR1,QBEEP1,9.9,10.7,24.0,-184.0,264.0,0.6,8.7,7.3,142.9,46.0,25.9
2026-07-07,PAD1_ESS_ESR1,QCPSE,50.0,122.0,24.0,-924.0,2965.0,39.2,97.4,42.5,486.5,46.0,25.9
2026-07-07,PAD2_ESS_ESR2,QCPSE,150.0,600.0,24.0,1949.0,11134.0,335.5,467.6,62.3,84.8,46.0,25.9
2026-07-07,PALACIOS_ESR1,QTEN30,10.0,11.4,24.0,132.0,272.0,10.1,12.3,0.3,0.0,46.0,25.9
2026-07-07,PALE_ESS_ESR1,QSUE74,200.0,201.0,24.0,1780.0,7083.0,303.2,371.2,24.1,1435.5,46.0,25.9
2026-07-07,PALMVIEW_ESR1,QGRIDB,10.1,24.7,24.0,50.0,455.0,1.7,0.2,-3.0,0.0,46.0,25.9
2026-07-07,PAULN_ESR1,QBEEP1,9.9,10.7,24.0,144.0,264.0,8.1,8.6,-0.6,132.4,46.0,25.9
2026-07-07,PAVLOV_ESR1,QBEEP1,9.9,10.7,24.0,31.0,264.0,5.0,7.8,0.1,153.4,46.0,25.9
2026-07-07,PAVO_ESS_ESR1,QSUE74,87.5,86.7,24.0,1332.0,3070.0,108.4,111.5,-6.6,633.7,46.0,25.9
2026-07-07,PAVO_ESS_ESR2,QSUE74,87.5,85.5,24.0,1068.0,3038.0,103.4,112.5,-2.5,564.0,46.0,25.9
2026-07-07,PEARSALL_ESR1,QTEN26,9.9,19.8,24.0,479.0,366.0,21.6,14.0,-11.2,98.4,46.0,25.9
2026-07-07,PHO_ESR1,QENE15,150.0,250.5,24.0,6467.0,7362.0,313.4,272.1,-82.2,919.8,46.0,25.9
2026-07-07,PHO_ESR2,QENE15,150.0,247.0,24.0,7641.0,7304.0,333.5,258.5,-121.3,1026.5,46.0,25.9
2026-07-07,PINEFRST_ESR1,QTEN21,200.0,400.0,24.0,6792.0,10785.0,490.3,496.7,-70.7,280.9,46.0,25.9
2026-07-07,PIN_BESS_ESR1,QTEN34,200.7,400.0,24.0,1732.0,10794.0,243.9,306.4,13.0,0.0,46.0,25.9
2026-07-07,PIRATE_ESR1,QTEN30,10.0,12.6,24.0,143.0,350.0,13.1,13.9,-0.6,94.5,46.0,25.9
2026-07-07,PLATINUM_ESR1,QSUE80,148.3,323.4,24.0,1774.0,8339.0,268.8,354.4,15.9,841.0,46.0,25.9
2026-07-07,PLATINUM_ESR2,QSUE80,151.7,322.8,19.1,1813.0,8430.0,265.0,353.3,17.6,797.4,46.0,25.9
2026-07-07,POTEETS_ESR1,QBEEP1,9.9,10.7,24.0,150.0,264.0,6.1,4.6,-5.8,157.3,46.0,25.9
2026-07-07,PRCRK_ESR1,QTEN24,9.9,13.1,24.0,-42.0,255.0,0.1,1.9,1.9,99.8,46.0,25.9
2026-07-07,PUEBLO_ESR1,QSUE74,8.3,7.4,24.0,30.0,248.0,5.9,7.6,-0.1,51.8,46.0,25.9
2026-07-07,PUEBLO_ESR2,QSUE74,9.9,9.8,24.0,55.0,307.0,7.8,9.9,-0.0,65.9,46.0,25.9
2026-07-07,PYOTE_ESR1,QJPEM,9.0,14.5,24.0,156.0,440.0,10.9,12.7,0.3,90.6,46.0,25.9
2026-07-07,PYR_ESR1,QECNR,9.9,4.2,24.0,79.0,193.0,2.4,0.2,-3.0,0.0,46.0,25.9
2026-07-07,PYR_ESR2,QECNR,15.1,13.6,24.0,125.0,495.0,9.3,11.9,-0.2,17.5,46.0,25.9
2026-07-07,PYR_ESR3,QECNR,15.1,13.6,24.0,139.0,495.0,10.2,12.9,-0.0,15.7,46.0,25.9
2026-07-07,QTUM_SLR_ESR1,QTEN33,160.0,296.5,24.0,-183.0,8300.0,0.0,5.7,-5.6,0.0,46.0,25.9
2026-07-07,QTUM_SLR_ESR2,QTEN33,160.0,284.8,24.0,-191.0,8131.0,0.0,6.0,-3.9,0.0,46.0,25.9
2026-07-07,QUEEN_BA_ESR1,QENEL2,50.0,73.9,24.0,528.0,2253.0,54.4,71.5,5.8,521.1,46.0,25.9
2026-07-07,RADN_SLR_ESR1,QIPRAD,78.1,141.1,24.0,1488.0,3999.0,117.1,130.7,-7.2,994.2,46.0,25.9
2026-07-07,RADN_SLR_ESR2,QIPRAD,81.9,150.3,24.0,3301.0,4228.0,215.2,224.3,-21.5,736.7,46.0,25.9
2026-07-07,RBN_ESR1,QTEN19,100.0,122.3,24.0,672.0,4060.0,126.0,163.3,-7.6,556.8,46.0,25.9
2026-07-07,RHA_ESR1,QTEN19,202.0,447.4,24.0,4982.0,11446.0,359.0,468.9,15.2,0.0,46.0,25.9
2026-07-07,RIO_GRAN_ESR1,QTEN24,9.9,9.8,24.0,-281.0,229.0,0.1,11.3,9.1,45.2,46.0,25.9
2026-07-07,RIO_GRAN_ESR2,QPROLO,7.0,14.5,24.0,-201.0,253.0,2.5,12.1,6.8,54.7,46.0,25.9
2026-07-07,ROSELAND_ESR1,QENEL9,50.0,85.8,24.0,776.0,2489.0,76.6,94.4,-1.0,267.9,46.0,25.9
2026-07-07,RPUBRDS_ESR1,QSHEL2,50.0,61.0,24.0,412.0,2030.0,52.2,69.5,0.3,201.9,46.0,25.9
2026-07-07,RRANCHES_ESR1,QSUE51,150.0,345.8,24.0,2383.0,8667.0,268.9,349.1,22.2,1060.2,46.0,25.9
2026-07-07,RRANCHES_ESR2,QSUE51,150.0,345.0,19.8,522.0,8659.0,249.7,321.8,31.9,900.8,46.0,25.9
2026-07-07,RRC_WIND_ESR1,QFPL35,75.0,225.0,24.0,3808.0,4906.0,247.8,273.7,0.0,0.0,46.0,25.9
2026-07-07,RRC_WIND_ESR2,QFPL35,75.1,225.0,24.0,3105.0,4908.0,220.6,260.9,0.0,0.0,46.0,25.9
2026-07-07,RTLSNAKE_ESR1,QBEEP1,9.9,10.7,24.0,237.0,264.0,7.6,3.6,-5.6,165.5,46.0,25.9
2026-07-07,RUSSEKST_ESR1,QBEEP1,9.9,10.7,24.0,-144.0,264.0,4.1,10.5,5.4,132.2,46.0,25.9
2026-07-07,RVRVLYS_ESR1,QSHEL2,51.8,114.3,24.0,1307.0,2910.0,143.1,166.8,-0.2,716.7,46.0,25.9
2026-07-07,RVRVLYS_ESR2,QSHEL2,50.4,114.3,24.0,1246.0,2885.0,134.3,155.0,0.5,707.6,46.0,25.9
2026-07-07,SADLBACK_ESR1,QBEEP1,9.9,10.7,24.0,226.0,264.0,7.6,4.2,-5.4,161.5,46.0,25.9
2026-07-07,SANDLAKE_ESR1,QBEEP1,9.9,10.7,23.0,252.0,264.0,7.7,3.4,-5.2,163.6,46.0,25.9
2026-07-07,SBEAN_ESR1,QBEEP1,9.9,10.7,24.0,220.0,264.0,7.1,3.6,-6.1,164.5,46.0,25.9
2026-07-07,SEVNF_ES_ESR1,QTEN37,100.0,238.2,24.0,-1724.0,5865.0,161.8,272.0,58.0,1480.6,46.0,25.9
2026-07-07,SE_EDINB_ESR1,QGRIDB,10.1,24.7,24.0,-1.0,455.0,0.7,0.7,-0.9,0.0,46.0,25.9
2026-07-07,SGAL_BES_ESR1,QJPEM,100.0,197.5,24.0,2168.0,5359.0,180.3,221.1,-0.5,606.7,46.0,25.9
2026-07-07,SGAL_BES_ESR2,QJPEM2,100.0,203.1,24.0,2460.0,5433.0,197.9,232.7,-0.3,563.2,46.0,25.9
2026-07-07,SGSA_ESR1,QAMA1,9.9,23.6,24.0,112.0,581.0,15.8,18.7,4.6,5.6,46.0,25.9
2026-07-07,SHAMROCK_ESR1,QFPL40,99.3,297.9,24.0,3610.0,6494.0,287.2,351.9,-2.3,0.0,46.0,25.9
2026-07-07,SHEEPCRK_ESR1,QSUE70,135.0,172.9,24.0,103.0,5656.0,134.5,202.6,7.1,734.9,46.0,25.9
2026-07-07,SLCNHLS_ESR1,QSHEL2,50.0,61.2,24.0,394.0,2031.0,54.1,71.4,-2.7,192.4,46.0,25.9
2026-07-07,SLCNHLS_ESR2,QSHEL2,50.0,59.5,24.0,195.0,1999.0,50.1,73.4,-0.4,181.7,46.0,25.9
2026-07-07,SLK_BESS_ESR1,QTEN34,60.3,400.0,24.0,-1254.0,4699.0,30.1,69.9,19.4,0.0,46.0,25.9
2026-07-07,SMTH_ESS_ESR1,QSUE77,104.5,207.0,24.0,1896.0,5618.0,215.3,254.9,12.5,2043.5,46.0,25.9
2026-07-07,SOLC_SLR_ESR1,QTEN33,160.0,212.2,24.0,-135.0,6847.0,0.0,4.2,61.9,0.0,46.0,25.9
2026-07-07,SOLC_SLR_ESR2,QTEN33,160.0,318.9,24.0,-192.0,8612.0,0.0,6.0,-0.4,0.0,46.0,25.9
2026-07-07,SPTX12B_ESR1,QEDIS9,22.3,18.5,24.0,188.0,684.0,18.0,22.7,0.0,22.6,46.0,25.9
2026-07-07,SP_ESR1,QTEN26,9.9,19.7,24.0,72.0,457.0,15.1,19.2,1.6,64.7,46.0,25.9
2026-07-07,STADIUM_ESR1,QTEN26,9.9,17.6,24.0,211.0,498.0,10.7,3.0,-9.9,3.3,46.0,25.9
2026-07-07,STAM_SLR_ESR1,QENE12,70.0,116.0,24.0,1577.0,3420.0,91.0,88.6,-25.6,543.5,46.0,25.9
2026-07-07,STRG_SLR_ESR1,QECNR,79.4,179.6,24.0,1940.0,4589.0,114.9,129.4,-2.9,0.0,46.0,25.9
2026-07-07,SUNVASLR_ESR1,QSUE38,53.3,53.2,24.0,357.0,1880.0,39.0,45.9,-3.9,249.0,46.0,25.9
2026-07-07,SUNVASLR_ESR2,QSUE38,46.7,46.8,24.0,175.0,1650.0,32.3,42.8,-3.0,207.0,46.0,25.9
2026-07-07,SWEENY_ESR1,QSUE74,9.9,9.1,24.0,65.0,293.0,8.7,10.2,0.1,57.6,46.0,25.9
2026-07-07,SWOOSEII_ESR1,QMEA5,100.0,191.4,24.0,1453.0,5275.0,128.4,169.7,2.3,1282.6,46.0,25.9
2026-07-07,SWTWR_ESR1,QTEN26,7.5,17.3,24.0,143.0,398.0,9.9,11.5,-0.0,25.9,46.0,25.9
2026-07-07,S_SNROSA_ESR1,QTEN24,9.9,10.9,24.0,-3.0,238.0,0.1,0.2,-0.0,112.1,46.0,25.9
2026-07-07,TBWF_ESS_ESR1,QTEN29,150.0,342.4,24.0,-406.0,8627.0,110.3,165.3,-8.8,643.4,46.0,25.9
2026-07-07,TDWLPR_1_ESR1,QMEA6,100.1,216.2,24.0,1836.0,5603.0,165.5,219.7,3.6,1322.2,46.0,25.9
2026-07-07,TDWLPR_1_ESR2,QMEA6,100.6,216.1,24.0,2205.0,5613.0,175.9,221.4,6.1,1132.3,46.0,25.9
2026-07-07,TNFS_ESR1,QSYSO,9.9,18.0,24.0,446.0,509.0,23.0,21.0,-4.6,54.4,46.0,25.9
2026-07-07,TORT_ESS_ESR1,QSUE74,50.0,39.4,24.0,40.0,1498.0,66.1,82.6,1.1,320.4,46.0,25.9
2026-07-07,TURQBESS_ESR1,QHEI3,190.0,356.1,24.0,3919.0,9915.0,277.6,332.7,4.5,2325.7,46.0,25.9
2026-07-07,TV_ESR1,QAETE1,10.0,22.4,24.0,306.0,570.0,14.6,12.8,-5.2,132.4,46.0,25.9
2026-07-07,TYNAN_ESR1,QBEEP1,9.9,10.7,24.0,-79.0,264.0,1.4,5.9,3.0,170.2,46.0,25.9
2026-07-07,UTOPIA_ESR1,QTEN30,9.9,12.7,24.0,181.0,415.0,12.1,14.5,0.0,0.0,46.0,25.9
2026-07-07,VORTEX_ESR1,QENEL8,121.8,200.0,24.0,2247.0,5921.0,184.7,219.1,-10.0,581.2,46.0,25.9
2026-07-07,WAL_ESR1,QSUE92,200.0,400.0,24.0,5402.0,10785.0,443.4,497.1,17.6,4016.8,46.0,25.9
2026-07-07,WCOLLOCL_ESR1,QHABIT,8.4,3.1,24.0,-28.0,146.0,0.0,1.0,-0.5,103.2,46.0,25.9
2026-07-07,WFTANK_ESR1,QTEN28,150.0,166.7,24.0,-4765.0,5723.0,9.6,222.5,164.4,2072.5,46.0,25.9
2026-07-07,WIG_ESS_ESR1,QHEI1,120.0,187.0,22.8,818.0,5667.0,126.6,190.2,10.3,1614.2,46.0,25.9
2026-07-07,WOVER_ESR1,QTEN26,5.3,12.9,24.0,186.0,316.0,11.8,13.5,-0.2,0.5,46.0,25.9
2026-07-07,WR_ESR1,QAETEL,9.9,22.4,24.0,179.0,547.0,5.3,1.6,-4.5,161.3,46.0,25.9
2026-07-07,WZRD_ESS_ESR1,QTEN26,150.1,319.3,24.0,723.0,8338.0,217.7,348.0,86.8,1375.0,46.0,25.9
2026-07-07,W_HARLIN_ESR1,QTEN24,9.9,10.6,24.0,-88.0,236.0,0.1,3.8,2.1,90.0,46.0,25.9
2026-07-07,X4_ESR1,QCPSE,10.0,8.5,24.0,97.0,315.0,8.1,9.1,-0.7,12.9,46.0,25.9
2026-07-07,Z0_ESR1,QTEN26,9.9,16.2,24.0,490.0,341.0,19.8,11.8,0.3,0.0,46.0,25.9
2026-07-07,ZAPATA_ESR1,QSUE74,9.9,9.4,24.0,-6.0,299.0,8.0,10.4,0.8,75.8,46.0,25.9
2026-07-07,ZAPATA_ESR2,QSUE74,9.9,9.5,24.0,-40.0,301.0,7.6,11.0,0.1,71.4,46.0,25.9
2026-07-07,ZIER_SLR_ESR1,QTEN19,40.0,79.8,24.0,1476.0,2154.0,79.8,77.2,-20.4,301.9,46.0,25.9
2026-07-06,ABINDUST_ESR1,QMP2M1,9.9,25.9,24.0,986.0,624.0,26.0,9.2,-18.6,37.4,57.6,37.0
2026-07-06,ADL_ESR1,QTEN26,60.0,55.2,24.0,2215.0,1875.0,56.6,11.9,-57.8,701.6,57.6,37.0
2026-07-06,AE_ESR1,QTEN26,9.9,19.5,24.0,327.0,533.0,8.6,2.6,-6.9,165.9,57.6,37.0
2026-07-06,ALAMO_ST_ESR1,QSYSO,9.9,18.0,24.0,682.0,506.0,23.9,11.4,-14.7,50.3,57.6,37.0
2026-07-06,ALP_BESS_ESR1,QHEI1,100.3,169.6,24.0,1496.0,4890.0,142.3,200.7,9.9,1411.9,57.6,37.0
2026-07-06,ALVIN_ESR1,QSUE74,8.3,5.5,24.0,31.0,201.0,6.6,8.0,-0.0,45.8,57.6,37.0
2026-07-06,ANCHOR_ESR1,QENE11,32.7,35.7,24.0,365.0,1160.0,11.6,6.1,-16.1,355.5,57.6,37.0
2026-07-06,ANCHOR_ESR2,QENE11,36.0,50.0,24.0,564.0,1531.0,16.4,7.1,-17.1,470.5,57.6,37.0
2026-07-06,ANDMDSLR_ESR1,QIPLU2,81.9,151.5,24.0,4832.0,4233.0,112.0,11.9,-108.2,804.3,57.6,37.0
2026-07-06,ANDMDSLR_ESR2,QIPLU2,78.1,144.6,24.0,5807.0,4052.0,254.8,163.4,-111.2,791.8,57.6,37.0
2026-07-06,ANEM_ESS_ESR1,QSUE53,200.0,456.5,24.0,8664.0,11843.0,417.3,401.9,-110.7,1659.1,57.6,37.0
2026-07-06,ANGLETON_ESR1,QSUE74,9.9,8.2,24.0,104.0,287.0,8.7,10.0,-1.6,59.7,57.6,37.0
2026-07-06,ANG_SLR_ESR1,QTEN26,100.0,192.7,24.0,6115.0,5309.0,163.9,49.4,-147.5,874.9,57.6,37.0
2026-07-06,ANOL_ESS_ESR1,QESVEM,240.0,497.8,24.0,8709.0,13361.0,511.4,532.2,-18.2,1240.6,57.6,37.0
2026-07-06,ANTL_ESS_ESR1,QSU100,70.0,169.5,24.0,3072.0,4308.0,184.8,179.3,-32.3,440.6,57.6,37.0
2026-07-06,ARY_BESS_ESR1,QTEN32,20.0,180.0,24.0,342.0,1848.0,46.6,57.6,21.4,0.0,57.6,37.0
2026-07-06,AVIL_ESS_ESR1,QSU100,160.0,371.6,24.0,5203.0,8760.0,384.3,437.4,-12.3,1104.1,57.6,37.0
2026-07-06,AZURE_ESR1,QENEL6,77.6,121.2,24.0,4609.0,3476.0,109.4,19.3,-103.3,845.7,57.6,37.0
2026-07-06,BATCAVE_ESR1,QSUE74,100.5,107.9,24.0,430.0,3534.0,58.4,87.3,-4.0,303.1,57.6,37.0
2026-07-06,BAY_CITY_ESR1,QTEN24,9.9,11.2,24.0,74.0,261.0,1.4,0.1,-1.3,82.8,57.6,37.0
2026-07-06,BCK_ESR1,QHEI5,123.5,311.6,24.0,3975.0,7811.0,263.2,322.9,11.3,0.0,57.6,37.0
2026-07-06,BCK_ESR2,QHEI5,126.5,320.3,24.0,4014.0,8019.0,268.7,331.4,10.4,0.0,57.6,37.0
2026-07-06,BCNV_ESS_ESR1,QSHE11,148.0,300.0,24.0,11865.0,8135.0,273.0,19.9,-284.2,1471.5,57.6,37.0
2026-07-06,BELD_ESR1,QJPEM,7.0,9.8,24.0,280.0,303.0,12.5,10.5,-4.0,66.0,57.6,37.0
2026-07-06,BEXAR_ES_ESR1,QTEN32,100.0,100.0,24.0,-238.0,3332.0,46.2,63.4,-1.6,1212.8,57.6,37.0
2026-07-06,BIG_STAR_ESR1,QECNR,80.0,108.0,24.0,4774.0,3336.0,108.8,10.6,-98.5,0.0,57.6,37.0
2026-07-06,BKSL_ESS_ESR1,QESVEM,100.0,210.9,24.0,6626.0,5626.0,311.6,211.1,-139.8,779.6,57.6,37.0
2026-07-06,BLACKSPR_ESR1,QBROO2,120.0,259.2,24.0,6719.0,6857.0,260.2,144.6,-147.7,1657.2,57.6,37.0
2026-07-06,BLSUMMIT_ESR1,QFPL12,30.0,8.9,24.0,-4.0,382.0,10.1,13.9,-0.8,0.0,57.6,37.0
2026-07-06,BLSUMMIT_ESR2,QFPL48,150.0,450.0,24.0,8853.0,10669.0,477.1,538.0,-7.9,0.0,57.6,37.0
2026-07-06,BLUEJAY_ESR1,QENEL7,50.0,86.2,24.0,2970.0,2469.0,71.3,14.6,-66.9,589.2,57.6,37.0
2026-07-06,BLVN_SLR_ESR1,QSHEL8,180.0,360.0,24.0,14733.0,9792.0,354.4,46.7,-345.8,1762.7,57.6,37.0
2026-07-06,BOCO_ESS_ESR1,QTEN28,150.3,365.0,24.0,6101.0,9267.0,440.8,395.5,-119.8,964.3,57.6,37.0
2026-07-06,BRAZORIA_ESR1,QSUE74,9.9,9.6,24.0,85.0,323.0,10.3,12.2,0.0,58.3,57.6,37.0
2026-07-06,BR_ARROW_ESR1,QECNR,48.3,93.5,24.0,3925.0,2572.0,86.4,5.3,-91.7,133.0,57.6,37.0
2026-07-06,BR_ARROW_ESR2,QECNR,51.7,100.4,24.0,3812.0,2758.0,87.1,7.0,-90.7,0.0,57.6,37.0
2026-07-06,BYP_ESR1,QEXELO,200.0,450.0,24.0,10101.0,11749.0,602.0,534.7,-137.5,0.0,57.6,37.0
2026-07-06,BYRDR_ES_ESR1,QHABIT,50.0,59.0,24.0,473.0,1889.0,44.9,60.0,4.7,602.6,57.6,37.0
2026-07-06,CACH_ESS_ESR1,QSU100,200.0,470.6,24.0,10016.0,12080.0,492.3,474.0,-89.3,1299.8,57.6,37.0
2026-07-06,CAMWIND_ESR1,QTEN26,16.4,32.1,24.0,155.0,884.0,20.5,21.1,-4.2,149.0,57.6,37.0
2026-07-06,CARA_ESS_ESR1,QHEI8,98.3,196.7,23.0,2214.0,5349.0,152.0,176.5,-12.6,855.6,57.6,37.0
2026-07-06,CARN_ESS_ESR1,QSU100,150.0,337.3,24.0,6302.0,8797.0,359.8,351.6,-68.2,1302.1,57.6,37.0
2026-07-06,CARRIZO_ESR1,QTEN30,10.0,12.6,24.0,44.0,399.0,15.0,13.7,-1.7,105.7,57.6,37.0
2026-07-06,CARTWHL_ESR1,QECNR,150.0,284.8,24.0,12025.0,7887.0,273.1,21.3,-280.4,0.0,57.6,37.0
2026-07-06,CASL_GAP_ESR1,QLUMN1,3.9,4.5,24.0,-8.0,146.0,0.0,0.3,-0.0,0.0,57.6,37.0
2026-07-06,CAST_ESS_ESR1,QSUE79,200.0,416.5,24.0,6555.0,11163.0,404.4,481.4,4.9,888.3,57.6,37.0
2026-07-06,CATARINA_ESR1,QBEEP1,9.9,10.7,24.0,90.0,270.0,3.1,1.4,-2.3,147.3,57.6,37.0
2026-07-06,CEDRVALE_ESR1,QBEEP1,9.9,10.7,24.0,31.0,270.0,2.9,4.1,0.4,144.3,57.6,37.0
2026-07-06,CFLAT_ES_ESR1,QTEN26,100.0,200.0,24.0,2696.0,5395.0,143.1,164.5,-4.4,0.0,57.6,37.0
2026-07-06,CHERRYCR_ESR1,QBEEP1,9.9,10.7,24.0,93.0,270.0,3.9,3.5,-0.4,143.9,57.6,37.0
2026-07-06,CHIL_SLR_ESR1,QSUE88,150.0,323.1,24.0,4963.0,8556.0,297.3,323.8,-40.1,881.2,57.6,37.0
2026-07-06,CISC_ESR1,QBEEP1,9.9,10.7,24.0,320.0,270.0,6.9,0.4,-7.0,143.2,57.6,37.0
2026-07-06,CITRUSCY_ESR1,QPROLO,9.9,21.0,24.0,572.0,422.0,12.5,1.1,-13.7,174.8,57.6,37.0
2026-07-06,CLO_ESR1,QMEA1,100.0,201.9,24.0,7029.0,5473.0,189.0,76.7,-146.5,1796.9,57.6,37.0
2026-07-06,CLO_ESR2,QMEA1,100.0,195.4,24.0,7062.0,5359.0,186.6,70.3,-140.6,1779.3,57.6,37.0
2026-07-06,CNLY_ESS_ESR1,QSUE76,112.9,212.8,24.0,4866.0,5908.0,297.6,274.0,-86.5,2166.7,57.6,37.0
2026-07-06,CNTRY_ESR1,QPROLO,9.8,13.6,24.0,527.0,379.0,11.0,0.1,-13.6,92.2,57.6,37.0
2026-07-06,CNTYRDS_ESR1,QTEN26,9.9,24.7,24.0,641.0,621.0,45.5,35.9,-13.1,0.0,57.6,37.0
2026-07-06,CORALSLR_ESR1,QNGRE1,48.4,58.3,24.0,1086.0,1863.0,54.4,55.3,-4.3,581.1,57.6,37.0
2026-07-06,CORALSLR_ESR2,QNGRE1,52.2,58.3,24.0,1069.0,1896.0,54.4,55.8,-4.8,640.8,57.6,37.0
2026-07-06,CORAZON_ESR1,QHEI4,200.0,254.0,24.0,3072.0,8002.0,211.2,268.6,14.0,2459.5,57.6,37.0
2026-07-06,COYOTSPR_ESR1,QBEEP1,9.9,10.7,24.0,30.0,270.0,2.6,3.5,0.3,139.2,57.6,37.0
2026-07-06,CROSSETT_ESR1,QJPEM1,100.0,101.5,24.0,2564.0,3369.0,122.0,100.7,-52.0,816.7,57.6,37.0
2026-07-06,CROSSETT_ESR2,QJPEM1,100.0,101.7,24.0,2527.0,3373.0,117.8,95.7,-52.3,911.8,57.6,37.0
2026-07-06,CROSSTRL_ESR1,QGRIE4,57.0,114.0,24.0,933.0,3101.0,87.1,112.9,3.9,0.0,57.6,37.0
2026-07-06,CR_ESR1,QPROLO,9.8,20.1,24.0,754.0,411.0,17.4,1.6,-18.4,150.3,57.6,37.0
2026-07-06,CS_ESR1,QTEN26,7.0,14.6,24.0,257.0,367.0,7.0,1.8,-6.2,141.8,57.6,37.0
2026-07-06,CTW_ESR1,QTOTL5,150.0,168.8,24.0,6965.0,5462.0,184.3,46.4,-156.2,648.2,57.6,37.0
2026-07-06,DAN_ESR1,QTOTL4,75.3,102.2,24.0,3731.0,3151.0,98.0,22.3,-82.5,456.3,57.6,37.0
2026-07-06,DAN_ESR2,QTOTL4,71.7,102.4,24.0,3812.0,3107.0,99.9,23.3,-83.4,462.1,57.6,37.0
2026-07-06,DA_ESR1,QSHE16,4.0,9.5,24.0,293.0,243.0,10.5,5.1,-7.4,6.9,57.6,37.0
2026-07-06,DCSES_ESR1,QLUMN,66.5,66.4,24.0,196.0,2215.0,32.7,42.0,-5.6,315.8,57.6,37.0
2026-07-06,DCSES_ESR2,QLUMN,66.5,66.4,24.0,223.0,2215.0,33.0,41.5,-5.7,313.9,57.6,37.0
2026-07-06,DCSES_ESR3,QLUMN,63.5,60.4,24.0,152.0,2037.0,32.2,41.7,-0.3,288.4,57.6,37.0
2026-07-06,DCSES_ESR4,QLUMN,63.5,63.4,24.0,665.0,2115.0,34.2,29.0,-4.0,296.2,57.6,37.0
2026-07-06,DESN_ESS_ESR1,QSUE79,200.0,451.4,24.0,7278.0,11756.0,437.3,516.3,2.1,879.3,57.6,37.0
2026-07-06,DGFS_ESR_ESR1,QTEN26,75.2,64.0,24.0,1723.0,2216.0,100.4,82.6,-39.3,298.2,57.6,37.0
2026-07-06,DIBOL_ESR1,QBEEP1,9.9,10.7,24.0,340.0,270.0,7.4,0.5,-7.4,141.3,57.6,37.0
2026-07-06,DICKNSON_ESR1,QSUE74,9.9,7.8,24.0,40.0,275.0,7.7,9.3,-0.1,60.1,57.6,37.0
2026-07-06,DKNS_ESS_ESR1,QSUE74,50.0,46.9,24.0,602.0,1586.0,54.5,62.7,-1.6,249.7,57.6,37.0
2026-07-06,DKNS_ESS_ESR2,QSUE74,50.0,48.7,24.0,600.0,1633.0,55.1,63.7,-0.6,259.8,57.6,37.0
2026-07-06,DKNS_ESS_ESR3,QSUE74,50.0,49.5,24.0,657.0,1653.0,55.7,63.8,-1.8,259.1,57.6,37.0
2026-07-06,DKNS_ESS_ESR4,QSUE74,50.0,48.8,24.0,585.0,1634.0,55.0,64.2,-0.7,259.1,57.6,37.0
2026-07-06,DPCRK_ESR1,QTEN26,8.5,17.3,24.0,347.0,422.0,16.2,15.7,-2.9,0.0,57.6,37.0
2026-07-06,DSWL_ESS_ESR1,QPHIL3,150.0,329.0,24.0,8778.0,8655.0,405.9,318.9,-179.7,1398.6,57.6,37.0
2026-07-06,EBNY_ESS_ESR1,QSUE52,200.0,458.5,24.0,8747.0,11876.0,425.9,421.4,-110.9,1552.9,57.6,37.0
2026-07-06,ELMCRK_ESR1,QMP2M1,9.9,25.9,24.0,630.0,570.0,19.4,10.1,2.9,0.0,57.6,37.0
2026-07-06,ELM_ST_ESR1,QTEN26,10.1,24.7,24.0,674.0,623.0,42.1,31.7,-8.3,0.0,57.6,37.0
2026-07-06,ELM_ST_ESR2,QSYSO,9.9,18.0,24.0,315.0,507.0,15.6,12.2,-5.2,64.0,57.6,37.0
2026-07-06,ELSA_ESR1,QTEN24,9.9,10.6,24.0,4.0,253.0,0.3,0.1,-0.0,86.1,57.6,37.0
2026-07-06,ELZA_SLR_ESR1,QENE16,75.6,100.5,24.0,1652.0,3120.0,54.1,29.2,-86.4,785.7,57.6,37.0
2026-07-06,EMPCT_ESR1,QTEN24,9.9,13.1,24.0,99.0,288.0,1.9,0.2,-2.9,77.8,57.6,37.0
2026-07-06,ENDPARKS_ESR1,QGRIE4,50.1,102.4,24.0,281.0,2762.0,41.3,56.9,-2.6,0.0,57.6,37.0
2026-07-06,ESTONIAN_ESR1,QENE14,101.6,164.3,24.0,6101.0,4801.0,145.5,26.2,-121.8,1266.6,57.6,37.0
2026-07-06,EUNICE_ESR1,QTENSK,19.0,20.0,24.0,-14.0,453.0,4.9,8.2,-1.6,358.8,57.6,37.0
2026-07-06,EVLN_ESS_ESR1,QSHE15,194.4,314.0,24.0,12190.0,9138.0,293.6,39.4,-261.5,0.0,57.6,37.0
2026-07-06,E_HARRIS_ESR1,QTEN26,10.0,20.1,24.0,696.0,432.0,16.4,1.9,-15.7,0.0,57.6,37.0
2026-07-06,FALFUR_ESR1,QBEEP1,9.9,10.7,24.0,117.0,270.0,2.6,0.5,-2.6,148.7,57.6,37.0
2026-07-06,FALFUR_ESR2,QTEN30,10.0,12.6,24.0,119.0,264.0,6.8,5.0,-2.4,129.2,57.6,37.0
2026-07-06,FAULKNER_ESR1,QBEEP1,9.9,10.7,24.0,34.0,270.0,2.9,4.0,0.3,144.9,57.6,37.0
2026-07-06,FENCESLR_ESR1,QENE13,64.4,106.0,24.0,1689.0,3081.0,41.3,7.5,-43.1,903.5,57.6,37.0
2026-07-06,FERD_ESS_ESR1,QCPSE,200.0,950.0,24.0,3428.0,18185.0,474.7,586.2,28.8,315.4,57.6,37.0
2026-07-06,FIVEWSLR_ESR1,QSUE61,220.0,250.0,24.0,3679.0,8078.0,225.3,246.3,-44.2,917.6,57.6,37.0
2026-07-06,FLAT_TOP_ESR1,QSHEL2,8.4,13.1,24.0,504.0,376.0,12.0,2.3,-9.6,65.3,57.6,37.0
2026-07-06,FLAT_TOP_ESR2,QJPEM,9.9,17.3,24.0,410.0,493.0,18.3,16.4,-4.9,109.6,57.6,37.0
2026-07-06,FLOWERII_ESR1,QJPEM,100.0,195.9,24.0,4520.0,5366.0,192.7,156.9,-79.4,1093.2,57.6,37.0
2026-07-06,FORTMA_ESR1,QTEN30,10.0,12.6,24.0,-18.0,397.0,6.9,8.7,0.4,76.3,57.6,37.0
2026-07-06,FRMRSVLW_ESR1,QBEEP1,9.9,10.7,24.0,363.0,270.0,8.2,0.7,-8.8,137.4,57.6,37.0
2026-07-06,FRMRSVLW_ESR2,QTEN26,6.0,14.7,24.0,257.0,372.0,7.4,2.5,-5.8,108.8,57.6,37.0
2026-07-06,FTDUNCAN_ESR1,QTEN26,100.0,204.5,24.0,3936.0,5516.0,114.4,69.7,-93.6,1766.2,57.6,37.0
2026-07-06,GAIA_SLR_ESR1,QTEN26,75.0,150.0,21.4,5503.0,4080.0,132.3,17.0,-148.0,0.0,57.6,37.0
2026-07-06,GAMBIT_ESR1,QSUE23,100.0,147.3,24.0,2677.0,4398.0,153.7,151.6,-37.9,532.4,57.6,37.0
2026-07-06,GARCENO_ESR1,QTEN24,9.9,9.8,24.0,71.0,242.0,1.4,0.2,-1.3,67.6,57.6,37.0
2026-07-06,GEORSO_ESR1,QEDIS9,9.8,8.1,24.0,150.0,278.0,11.0,13.4,-0.1,14.8,57.6,37.0
2026-07-06,GIGA_ESS_ESR1,QSUE55,104.6,196.0,24.0,5136.0,5446.0,356.6,322.3,-63.3,1928.8,57.6,37.0
2026-07-06,GKS_BESS_ESR1,QTEN26,83.0,144.3,24.0,2622.0,4078.0,99.3,76.8,-47.0,309.4,57.6,37.0
2026-07-06,GODY_SLR_ESR1,QTEN26,46.9,161.0,24.0,5060.0,3644.0,144.9,28.5,-112.5,0.0,57.6,37.0
2026-07-06,GOMZ_ESR1,QBEEP1,9.9,10.7,24.0,38.0,270.0,2.9,3.9,0.5,144.7,57.6,37.0
2026-07-06,GOODWIN_ESR1,QTEN30,8.3,12.7,24.0,-6.0,288.0,0.3,0.6,0.0,76.8,57.6,37.0
2026-07-06,GRDNE_ESR1,QBEEP1,9.9,10.7,24.0,2.0,270.0,2.9,5.4,1.9,140.6,57.6,37.0
2026-07-06,GRIZZLY_ESR1,QPRIO1,9.9,10.0,0.0,0.0,332.0,0.0,-0.0,0.0,0.0,57.6,37.0
2026-07-06,HAMILTON_ESR1,QBEEP1,9.9,10.7,24.0,78.0,270.0,2.5,1.0,-1.9,148.1,57.6,37.0
2026-07-06,HEADCAMP_ESR1,QTEN34,150.0,300.0,24.0,9979.0,8160.0,430.7,280.1,-213.7,0.0,57.6,37.0
2026-07-06,HEARN_RD_ESR1,QTEN30,10.0,12.7,24.0,447.0,368.0,11.4,2.8,-10.2,0.0,57.6,37.0
2026-07-06,HEIGHTTN_ESR1,QSUE74,9.9,8.2,24.0,84.0,286.0,8.7,10.2,-0.4,57.8,57.6,37.0
2026-07-06,HEN_ESR1,QECNR,150.0,279.8,24.0,8520.0,7796.0,366.4,291.1,-102.2,0.0,57.6,37.0
2026-07-06,HEN_ESR2,QECNR,148.5,266.7,23.6,-23.0,1345.0,8.3,10.0,-11.6,0.0,57.6,37.0
2026-07-06,HI_LONEB_ESR1,QENEL1,46.8,60.0,24.0,2080.0,1885.0,51.9,14.7,-48.2,925.1,57.6,37.0
2026-07-06,HLY_ESR1,QHEI1,102.2,172.9,24.0,1367.0,4984.0,125.0,183.0,12.6,1502.3,57.6,37.0
2026-07-06,HLY_ESR2,QHEI1,101.8,167.9,24.0,1486.0,4878.0,124.0,175.5,8.7,1496.0,57.6,37.0
2026-07-06,HMNG_ESS_ESR1,QMEA8,99.8,222.0,24.0,7986.0,5812.0,187.0,35.1,-194.2,1863.5,57.6,37.0
2026-07-06,HOLCOMB_ESR1,QBEEP1,9.9,10.7,24.0,-79.0,270.0,2.9,9.2,5.7,117.2,57.6,37.0
2026-07-06,HOUSEMTN_ESR1,QJPEM,60.0,127.5,24.0,3381.0,3393.0,152.2,126.1,-64.6,789.0,57.6,37.0
2026-07-06,HWY6_ESR1,QTEN26,9.9,24.7,24.0,698.0,621.0,45.2,36.0,-12.5,0.0,57.6,37.0
2026-07-06,HYDR_ESS_ESR1,QSUE74,200.0,194.8,24.0,3267.0,6529.0,220.6,225.7,-37.1,890.5,57.6,37.0
2026-07-06,INDL_ESR1,QECNR,9.9,4.2,24.0,27.0,171.0,1.0,0.9,-1.2,0.0,57.6,37.0
2026-07-06,INRT_W_ESR1,QFPL32,13.0,46.8,24.0,454.0,1041.0,42.5,52.4,-0.2,0.0,57.6,37.0
2026-07-06,JADE_SLR_ESR1,QIPLUM,77.6,144.3,24.0,4969.0,4006.0,145.2,74.2,-92.2,436.3,57.6,37.0
2026-07-06,JADE_SLR_ESR2,QIPLUM,81.9,155.7,24.0,5309.0,4318.0,150.3,64.3,-106.9,458.5,57.6,37.0
2026-07-06,JAG_SLR_ESR1,QLCRA,150.0,300.0,24.0,11146.0,8160.0,520.6,346.6,-232.6,707.2,57.6,37.0
2026-07-06,JAG_SLR_ESR2,QMITS2,150.0,300.0,24.0,4763.0,8160.0,283.1,339.1,-4.3,0.0,57.6,37.0
2026-07-06,JAR_ESR1,QHEI1,147.0,234.5,20.0,4089.0,6880.0,199.1,194.6,12.4,1407.0,57.6,37.0
2026-07-06,JAR_ESR2,QHEI1,157.0,291.0,24.0,3331.0,8127.0,224.2,274.3,11.0,2303.7,57.6,37.0
2026-07-06,JDKNS_ESR1,QBEEP1,9.9,10.7,24.0,25.0,270.0,2.9,4.8,1.4,139.4,57.6,37.0
2026-07-06,JUNCTION_ESR1,QBEEP1,9.9,10.7,24.0,68.0,270.0,2.0,1.1,-1.4,149.2,57.6,37.0
2026-07-06,JUNORTH_ESR1,QTEN26,9.9,22.0,24.0,699.0,577.0,19.1,5.7,-15.3,0.0,57.6,37.0
2026-07-06,K0_ESR1,QSUE74,9.9,9.7,24.0,31.0,294.0,9.0,11.5,1.0,32.4,57.6,37.0
2026-07-06,KEG_ESR1,QEDF27,18.4,275.7,24.0,-2149.0,1608.0,86.3,218.3,144.4,0.0,57.6,37.0
2026-07-06,LANTANA_ESR1,QTEN26,10.0,20.1,24.0,645.0,459.0,23.2,11.5,-13.3,0.0,57.6,37.0
2026-07-06,LAURELES_ESR1,QTEN30,10.0,11.4,24.0,18.0,281.0,5.7,6.9,-0.0,9.5,57.6,37.0
2026-07-06,LBRA_ESS_ESR1,QSUE48,200.0,200.0,24.0,1144.0,6669.0,123.6,169.9,-5.7,589.8,57.6,37.0
2026-07-06,LFSTH_ESR1,QBEEP1,9.9,10.7,24.0,337.0,270.0,7.3,0.5,-7.3,157.9,57.6,37.0
2026-07-06,LIGSW_ESR1,QPROLO,9.8,9.6,24.0,353.0,264.0,8.0,0.3,-9.6,198.2,57.6,37.0
2026-07-06,LILY_ESR1,QENEL5,50.0,71.7,24.0,345.0,2174.0,10.4,4.6,-9.8,656.0,57.6,37.0
2026-07-06,LMO_ESR1,QSHEL2,99.9,243.5,24.0,4545.0,6175.0,344.8,332.7,-88.3,1586.5,57.6,37.0
2026-07-06,LONESTAR_ESR1,QBEEP1,9.9,10.7,24.0,27.0,270.0,2.9,4.4,0.8,143.4,57.6,37.0
2026-07-06,LON_ESR1,QTEN26,174.0,348.0,24.0,1281.0,9465.0,131.4,170.2,-19.2,2590.9,57.6,37.0
2026-07-06,LOPENO_ESR1,QSUE74,9.9,9.8,24.0,16.0,295.0,10.3,13.7,1.5,56.6,57.6,37.0
2026-07-06,LOWR_ESS_ESR1,QEDI10,58.5,106.3,24.0,1813.0,2990.0,106.8,118.3,0.7,84.4,57.6,37.0
2026-07-06,LUCKYBLU_ESR1,QBROO1,102.0,198.2,24.0,4432.0,5445.0,183.2,112.8,-96.9,1154.9,57.6,37.0
2026-07-06,L_463S_ESR1,QSUE74,9.9,7.4,24.0,60.0,244.0,12.3,14.4,-0.0,80.6,57.6,37.0
2026-07-06,L_FRESNO_ESR1,QTEN24,9.9,11.1,24.0,33.0,260.0,0.7,0.1,-0.5,102.5,57.6,37.0
2026-07-06,MADERO_ESR1,QTEN25,100.0,265.4,24.0,2727.0,6541.0,201.5,257.0,18.2,268.0,57.6,37.0
2026-07-06,MADERO_ESR2,QTEN25,100.0,262.2,24.0,2517.0,6488.0,191.8,249.9,18.9,245.8,57.6,37.0
2026-07-06,MAGNO_TN_ESR1,QSUE74,5.5,4.4,15.7,49.0,155.0,4.5,5.3,-0.2,21.2,57.6,37.0
2026-07-06,MAINLAND_ESR1,QBEEP1,9.9,10.7,24.0,193.0,270.0,4.2,0.6,-4.3,146.9,57.6,37.0
2026-07-06,MAYBERRY_ESR1,QTEN24,9.9,10.6,24.0,35.0,253.0,0.8,0.2,-0.6,73.6,57.6,37.0
2026-07-06,MAYBERRY_ESR2,QTEN24,9.9,11.9,24.0,2.0,272.0,0.2,0.1,-0.0,133.6,57.6,37.0
2026-07-06,MESQUITE_ESR1,QTEN26,9.9,20.0,24.0,781.0,500.0,19.3,3.2,-19.4,0.0,57.6,37.0
2026-07-06,MIDP_SLR_ESR1,QTEN26,48.0,90.0,24.0,3253.0,2503.0,87.1,28.4,-81.4,0.0,57.6,37.0
2026-07-06,MIDWY_ESR1,QPROLO,9.9,10.5,22.8,263.0,282.0,9.8,8.1,0.8,149.2,57.6,37.0
2026-07-06,MNWLE_ESR1,QBEEP1,9.9,10.7,24.0,315.0,270.0,6.8,0.5,-7.0,142.6,57.6,37.0
2026-07-06,MOORE_FL_ESR1,QTEN30,8.9,11.4,24.0,172.0,261.0,9.2,9.6,-2.0,0.0,57.6,37.0
2026-07-06,MUENSTER_ESR1,QTEN30,9.5,12.6,24.0,285.0,391.0,9.7,4.4,-5.8,79.0,57.6,37.0
2026-07-06,MUSTNGCK_ESR1,QENE10,71.0,112.1,24.0,2589.0,3300.0,63.2,15.9,-60.1,924.2,57.6,37.0
2026-07-06,MU_ESR1,QTEN26,9.9,19.5,24.0,363.0,533.0,9.9,3.3,-8.6,119.8,57.6,37.0
2026-07-06,MV_VALV4_ESR1,QBEEP1,9.9,10.7,24.0,107.0,270.0,2.6,0.8,-2.7,148.7,57.6,37.0
2026-07-06,MYR_ESR1,QTOTL5,74.3,98.0,17.1,1524.0,3055.0,82.4,97.3,-6.7,182.6,57.6,37.0
2026-07-06,MYR_ESR2,QTOTL5,48.4,48.3,17.1,1971.0,1597.0,43.1,4.2,-43.8,95.3,57.6,37.0
2026-07-06,NCO_ESR1,QSHEL2,50.0,61.8,24.0,2019.0,1946.0,49.6,14.6,-39.2,324.0,57.6,37.0
2026-07-06,NF_BRP_ESR1,QSUE74,100.5,105.8,24.0,318.0,3482.0,54.8,86.1,-5.7,310.1,57.6,37.0
2026-07-06,NOBLESLR_ESR1,QNGREN,61.4,51.2,24.0,886.0,1780.0,52.9,57.6,-0.4,323.0,57.6,37.0
2026-07-06,NOBLESLR_ESR2,QNGREN,62.5,54.4,24.0,1042.0,1874.0,57.8,59.3,-6.6,348.0,57.6,37.0
2026-07-06,NWF_ESR1,QDUKER,10.0,0.8,24.0,-185.0,36.0,0.0,5.8,-0.7,6.7,57.6,37.0
2026-07-06,N_ALAMO_ESR1,QTEN24,9.9,10.6,24.0,40.0,253.0,0.9,0.1,-0.6,83.6,57.6,37.0
2026-07-06,N_MERCED_ESR1,QTEN24,9.9,10.6,24.0,12.0,253.0,0.4,0.2,-0.2,75.4,57.6,37.0
2026-07-06,ODESW_ESR1,QSUE74,9.9,6.1,24.0,69.0,213.0,9.3,10.3,-0.6,58.0,57.6,37.0
2026-07-06,OLNEYTN_ESR1,QBEEP1,9.9,10.7,24.0,308.0,270.0,6.7,0.5,-7.4,141.9,57.6,37.0
2026-07-06,PAD1_ESS_ESR1,QCPSE,50.0,122.0,24.0,576.0,3093.0,71.3,85.2,-6.6,92.8,57.6,37.0
2026-07-06,PAD2_ESS_ESR2,QCPSE,150.0,600.0,24.0,6606.0,12687.0,388.5,371.4,-83.4,219.4,57.6,37.0
2026-07-06,PALACIOS_ESR1,QTEN30,10.0,11.4,24.0,368.0,282.0,8.3,0.4,-7.8,0.0,57.6,37.0
2026-07-06,PALE_ESS_ESR1,QSUE74,200.0,195.6,24.0,3011.0,6550.0,188.6,212.0,-22.0,641.2,57.6,37.0
2026-07-06,PAULN_ESR1,QBEEP1,9.9,10.7,24.0,341.0,270.0,7.4,0.4,-7.5,141.1,57.6,37.0
2026-07-06,PAVLOV_ESR1,QBEEP1,9.9,10.7,24.0,173.0,270.0,3.7,0.5,-4.8,147.3,57.6,37.0
2026-07-06,PAVO_ESS_ESR1,QSUE74,87.5,85.9,24.0,885.0,2873.0,126.9,141.2,0.3,706.2,57.6,37.0
2026-07-06,PAVO_ESS_ESR2,QSUE74,87.5,82.9,24.0,928.0,2795.0,122.4,135.0,-1.5,711.6,57.6,37.0
2026-07-06,PEARSALL_ESR1,QTEN26,9.9,19.8,24.0,276.0,408.0,12.2,6.7,-8.3,129.7,57.6,37.0
2026-07-06,PHO_ESR1,QENE15,150.0,249.3,24.0,6096.0,7226.0,146.9,32.2,-147.1,1922.7,57.6,37.0
2026-07-06,PHO_ESR2,QENE15,150.0,246.8,24.0,4190.0,7174.0,108.2,34.4,-103.4,1609.5,57.6,37.0
2026-07-06,PINEFRST_ESR1,QTEN21,200.1,400.0,24.0,13732.0,10880.0,318.8,39.0,-303.6,104.8,57.6,37.0
2026-07-06,PIN_BESS_ESR1,QTEN34,201.5,400.0,24.0,15700.0,10891.0,404.8,109.6,-318.5,0.0,57.6,37.0
2026-07-06,PIRATE_ESR1,QTEN30,10.0,12.6,24.0,137.0,343.0,10.0,8.2,-2.7,84.8,57.6,37.0
2026-07-06,PLATINUM_ESR1,QSUE80,148.3,323.4,24.0,6195.0,8526.0,328.0,308.9,-91.7,940.0,57.6,37.0
2026-07-06,PLATINUM_ESR2,QSUE80,151.7,324.2,24.0,5251.0,8609.0,295.2,281.6,-77.2,888.7,57.6,37.0
2026-07-06,POTEETS_ESR1,QBEEP1,9.9,10.7,24.0,136.0,270.0,3.2,0.8,-3.1,147.7,57.6,37.0
2026-07-06,PRCRK_ESR1,QTEN24,9.9,13.1,24.0,73.0,288.0,1.4,0.1,-1.8,77.5,57.6,37.0
2026-07-06,PRTLAVS_ESR1,QSTEC3,3.4,2.2,24.0,-38.0,73.0,0.1,1.0,0.8,21.1,57.6,37.0
2026-07-06,PUEBLO_ESR1,QSUE74,8.3,7.4,24.0,52.0,237.0,5.4,6.9,-0.7,46.0,57.6,37.0
2026-07-06,PUEBLO_ESR2,QSUE74,9.9,9.8,24.0,100.0,295.0,9.2,9.8,-1.7,76.7,57.6,37.0
2026-07-06,PYOTE_ESR1,QJPEM,9.0,14.5,24.0,315.0,431.0,13.9,12.0,-4.9,118.8,57.6,37.0
2026-07-06,PYR_ESR1,QECNR,9.9,4.2,24.0,29.0,171.0,1.0,0.9,-1.0,0.0,57.6,37.0
2026-07-06,PYR_ESR2,QECNR,15.1,13.6,24.0,259.0,464.0,10.1,9.0,-3.7,36.1,57.6,37.0
2026-07-06,PYR_ESR3,QECNR,15.1,13.6,24.0,298.0,464.0,10.9,9.1,-4.2,32.5,57.6,37.0
2026-07-06,QTUM_SLR_ESR1,QTEN33,160.0,296.5,24.0,-232.0,8281.0,0.0,7.3,122.1,0.0,57.6,37.0
2026-07-06,QTUM_SLR_ESR2,QTEN33,160.0,281.0,24.0,-282.0,7999.0,0.0,9.0,100.7,0.0,57.6,37.0
2026-07-06,QUEEN_BA_ESR1,QENEL2,50.0,77.6,24.0,2348.0,2263.0,65.9,29.5,-52.9,995.5,57.6,37.0
2026-07-06,RADN_SLR_ESR1,QIPRAD,78.1,141.1,24.0,1571.0,3977.0,96.0,118.2,-0.8,999.9,57.6,37.0
2026-07-06,RADN_SLR_ESR2,QIPRAD,81.9,150.6,24.0,1964.0,4217.0,187.0,229.3,13.9,1008.0,57.6,37.0
2026-07-06,RBN_ESR1,QTEN19,100.0,123.7,24.0,778.0,3922.0,93.0,136.6,2.7,311.2,57.6,37.0
2026-07-06,RHA_ESR1,QTEN19,202.0,438.3,24.0,14477.0,11553.0,349.4,98.8,-276.3,0.0,57.6,37.0
2026-07-06,RIO_GRAN_ESR1,QTEN24,9.9,9.8,24.0,43.0,242.0,0.9,0.1,-10.3,61.6,57.6,37.0
2026-07-06,RIO_GRAN_ESR2,QPROLO,7.0,14.5,24.0,443.0,290.0,9.7,0.9,-10.3,94.6,57.6,37.0
2026-07-06,ROSELAND_ESR1,QENEL9,50.0,85.8,24.0,2942.0,2460.0,70.8,13.6,-70.1,657.8,57.6,37.0
2026-07-06,RPUBRDS_ESR1,QSHEL2,50.0,58.8,24.0,2314.0,1885.0,60.6,20.4,-44.3,327.0,57.6,37.0
2026-07-06,RRANCHES_ESR1,QSUE51,150.0,345.8,24.0,6190.0,8939.0,278.3,245.0,-87.2,1149.0,57.6,37.0
2026-07-06,RRANCHES_ESR2,QSUE51,150.0,345.0,24.0,5878.0,8926.0,258.8,228.0,-81.2,1036.9,57.6,37.0
2026-07-06,RRC_WIND_ESR1,QFPL35,75.0,225.0,24.0,6145.0,5335.0,265.5,242.5,-48.4,0.0,57.6,37.0
2026-07-06,RRC_WIND_ESR2,QFPL35,70.1,225.0,24.0,6191.0,5282.0,283.2,250.8,-70.1,0.0,57.6,37.0
2026-07-06,RTLSNAKE_ESR1,QBEEP1,9.9,10.7,24.0,28.0,270.0,2.9,4.3,0.7,144.2,57.6,37.0
2026-07-06,RUSSEKST_ESR1,QBEEP1,9.9,10.7,24.0,115.0,270.0,7.8,3.1,-7.4,110.6,57.6,37.0
2026-07-06,RVRVLYS_ESR1,QSHEL2,50.5,114.3,24.0,2462.0,2972.0,163.7,155.8,-40.6,1028.2,57.6,37.0
2026-07-06,RVRVLYS_ESR2,QSHEL2,50.0,114.3,24.0,2404.0,2964.0,149.5,134.5,-40.8,985.6,57.6,37.0
2026-07-06,SADLBACK_ESR1,QBEEP1,9.9,10.7,24.0,49.0,270.0,3.3,4.3,-0.0,143.9,57.6,37.0
2026-07-06,SANDLAKE_ESR1,QBEEP1,9.9,10.7,22.5,37.0,270.0,2.9,4.0,0.7,131.0,57.6,37.0
2026-07-06,SBEAN_ESR1,QBEEP1,9.9,10.7,24.0,31.0,270.0,2.9,4.1,0.8,143.7,57.6,37.0
2026-07-06,SEVNF_ES_ESR1,QTEN37,100.0,228.2,22.7,2085.0,5937.0,197.2,156.3,-65.1,883.9,57.6,37.0
2026-07-06,SE_EDINB_ESR1,QGRIDB,10.1,24.7,23.6,-459.0,501.0,0.5,15.4,13.3,0.0,57.6,37.0
2026-07-06,SGAL_BES_ESR1,QJPEM,100.0,197.6,24.0,5809.0,5396.0,231.0,172.8,-100.7,1342.7,57.6,37.0
2026-07-06,SGAL_BES_ESR2,QJPEM2,100.0,203.1,24.0,6923.0,5493.0,252.2,164.0,-113.2,1447.6,57.6,37.0
2026-07-06,SGSA_ESR1,QAMA1,9.9,23.6,24.0,517.0,603.0,12.1,0.9,-18.7,25.0,57.6,37.0
2026-07-06,SHAMROCK_ESR1,QFPL40,99.4,297.9,24.0,7237.0,7063.0,362.7,355.4,-63.3,0.0,57.6,37.0
2026-07-06,SHEEPCRK_ESR1,QSUE70,135.0,172.9,24.0,330.0,5434.0,119.4,177.1,-4.0,512.0,57.6,37.0
2026-07-06,SLCNHLS_ESR1,QSHEL2,50.0,56.7,24.0,1984.0,1827.0,49.2,16.0,-39.0,297.1,57.6,37.0
2026-07-06,SLCNHLS_ESR2,QSHEL2,50.0,59.2,24.0,2172.0,1894.0,51.1,13.4,-45.1,338.4,57.6,37.0
2026-07-06,SLK_BESS_ESR1,QTEN34,1.0,400.0,24.0,-5.0,122.0,0.1,0.3,-12.8,0.0,57.6,37.0
2026-07-06,SMTH_ESS_ESR1,QSUE77,105.1,207.0,24.0,2626.0,5664.0,235.1,262.3,5.3,2079.1,57.6,37.0
2026-07-06,SOLC_SLR_ESR1,QTEN33,160.0,212.2,24.0,-126.0,6593.0,0.0,4.0,83.7,0.0,57.6,37.0
2026-07-06,SOLC_SLR_ESR2,QTEN33,160.0,76.9,24.0,-196.0,3028.0,0.0,6.2,142.6,0.0,57.6,37.0
2026-07-06,SPTX12B_ESR1,QEDIS9,22.3,18.5,24.0,353.0,639.0,18.3,22.6,0.1,14.0,57.6,37.0
2026-07-06,SP_ESR1,QTEN26,9.9,19.7,24.0,404.0,466.0,9.8,1.7,-12.3,98.4,57.6,37.0
2026-07-06,STADIUM_ESR1,QTEN26,9.9,17.6,24.0,-408.0,494.0,2.0,19.2,16.6,0.0,57.6,37.0
2026-07-06,STAM_SLR_ESR1,QENE12,70.0,124.1,24.0,2065.0,3521.0,48.2,6.8,-58.4,904.3,57.6,37.0
2026-07-06,STRG_SLR_ESR1,QECNR,79.4,179.6,24.0,4949.0,4717.0,111.8,10.3,-124.7,0.0,57.6,37.0
2026-07-06,SUNVASLR_ESR1,QSUE38,53.3,53.2,24.0,219.0,1774.0,36.5,53.6,0.0,204.3,57.6,37.0
2026-07-06,SUNVASLR_ESR2,QSUE38,46.7,46.8,24.0,232.0,1557.0,31.4,44.3,-0.3,178.4,57.6,37.0
2026-07-06,SWEENY_ESR1,QSUE74,9.9,9.3,24.0,118.0,285.0,8.9,10.2,-0.4,54.4,57.6,37.0
2026-07-06,SWOOSEII_ESR1,QMEA5,100.0,191.4,24.0,1976.0,5286.0,109.5,139.7,-24.3,1455.8,57.6,37.0
2026-07-06,SWTWR_ESR1,QTEN26,7.5,17.3,24.0,143.0,414.0,10.4,12.2,0.0,33.7,57.6,37.0
2026-07-06,S_SNROSA_ESR1,QTEN24,9.9,10.9,24.0,-5.0,258.0,0.2,0.4,0.1,94.9,57.6,37.0
2026-07-06,TBWF_ESS_ESR1,QTEN29,150.0,342.0,24.0,2578.0,8876.0,80.0,42.8,-86.6,254.9,57.6,37.0
2026-07-06,TDWLPR_1_ESR1,QMEA6,100.0,226.7,24.0,7865.0,5895.0,195.3,60.8,-169.9,1905.1,57.6,37.0
2026-07-06,TDWLPR_1_ESR2,QMEA6,100.0,216.1,24.0,7474.0,5716.0,185.3,59.1,-165.1,1843.4,57.6,37.0
2026-07-06,TNFS_ESR1,QSYSO,9.9,18.0,24.0,411.0,506.0,14.9,10.4,-6.5,69.0,57.6,37.0
2026-07-06,TORT_ESS_ESR1,QSUE74,50.0,39.8,24.0,188.0,1399.0,59.7,74.6,-1.8,287.3,57.6,37.0
2026-07-06,TSECA_ES_ESR1,QTEN36,100.0,238.2,24.0,1359.0,6087.0,59.1,41.9,-39.6,120.9,57.6,37.0
2026-07-06,TURQBESS_ESR1,QHEI3,190.0,361.0,24.0,5251.0,9996.0,279.4,314.7,-23.6,2718.0,57.6,37.0
2026-07-06,TV_ESR1,QAETE1,10.0,22.4,24.0,136.0,585.0,4.0,1.7,-7.4,141.4,57.6,37.0
2026-07-06,TYNAN_ESR1,QBEEP1,9.9,10.7,24.0,173.0,270.0,3.9,0.8,-3.7,147.2,57.6,37.0
2026-07-06,UTOPIA_ESR1,QTEN30,9.9,12.7,24.0,465.0,399.0,11.9,2.7,-8.7,0.0,57.6,37.0
2026-07-06,VERT_ESS_ESR1,QNRGTX,200.8,247.9,24.0,-497.0,7860.0,0.0,17.5,-71.7,0.0,57.6,37.0
2026-07-06,VORTEX_ESR1,QENEL8,121.8,200.0,24.0,6740.0,5817.0,166.3,35.3,-164.0,1543.2,57.6,37.0
2026-07-06,WAL_ESR1,QSUE92,200.0,400.0,24.0,8220.0,10882.0,602.4,596.3,-55.9,4464.5,57.6,37.0
2026-07-06,WCOLLOCL_ESR1,QHABIT,8.4,3.1,24.0,-21.0,128.0,0.1,0.9,0.0,97.1,57.6,37.0
2026-07-06,WFTANK_ESR1,QTEN28,151.0,165.7,24.0,3722.0,5416.0,269.3,230.0,-89.6,1126.9,57.6,37.0
2026-07-06,WIG_ESS_ESR1,QHEI1,120.0,187.0,24.0,2040.0,5526.0,150.3,202.4,5.3,1720.0,57.6,37.0
2026-07-06,WOVER_ESR1,QTEN26,5.3,12.9,24.0,265.0,330.0,11.5,9.8,-3.9,8.9,57.6,37.0
2026-07-06,WR_ESR1,QAETEL,9.9,22.4,24.0,-1.0,548.0,0.8,1.3,-0.5,138.3,57.6,37.0
2026-07-06,WZRD_ESS_ESR1,QTEN26,150.0,319.3,24.0,6176.0,8491.0,180.5,98.7,-114.1,1748.0,57.6,37.0
2026-07-06,W_HARLIN_ESR1,QTEN24,9.9,10.6,24.0,33.0,253.0,0.7,0.2,-2.3,90.8,57.6,37.0
2026-07-06,X4_ESR1,QCPSE,10.0,8.5,24.0,33.0,294.0,8.7,10.4,-0.1,13.2,57.6,37.0
2026-07-06,Z0_ESR1,QTEN26,9.9,16.2,24.0,377.0,363.0,13.5,8.1,0.0,0.0,57.6,37.0
2026-07-06,ZAPATA_ESR1,QSUE74,9.9,8.2,24.0,251.0,263.0,11.3,7.5,-5.3,97.3,57.6,37.0
2026-07-06,ZAPATA_ESR2,QSUE74,9.9,9.5,24.0,238.0,289.0,11.6,9.0,-5.0,94.9,57.6,37.0
2026-07-06,ZIER_SLR_ESR1,QTEN19,40.0,80.0,24.0,1525.0,2176.0,57.7,36.7,-36.1,433.3,57.6,37.0
2026-07-05,ABINDUST_ESR1,QMP2M1,9.9,25.9,24.0,-330.0,720.0,3.9,24.9,18.8,26.1,59.9,43.6
2026-07-05,ADL_ESR1,QTEN26,60.0,56.4,24.0,-1488.0,2158.0,0.0,77.0,57.0,408.1,59.9,43.6
2026-07-05,AE_ESR1,QTEN26,9.9,19.5,24.0,-150.0,597.0,2.0,11.1,7.4,154.6,59.9,43.6
2026-07-05,ALAMO_ST_ESR1,QSYSO,9.9,18.0,24.0,-138.0,566.0,13.6,30.7,14.7,54.5,59.9,43.6
2026-07-05,ALP_BESS_ESR1,QHEI1,100.3,166.5,24.0,1248.0,5374.0,129.7,164.8,-5.6,1394.8,59.9,43.6
2026-07-05,ALVIN_ESR1,QSUE74,8.3,5.5,24.0,0.0,232.0,7.5,8.4,-0.2,48.9,59.9,43.6
2026-07-05,ANCHOR_ESR1,QENE11,32.7,40.8,24.0,-617.0,1432.0,0.6,30.1,20.3,255.4,59.9,43.6
2026-07-05,ANCHOR_ESR2,QENE11,36.0,50.0,24.0,-877.0,1699.0,0.7,44.4,33.7,322.8,59.9,43.6
2026-07-05,ANDMDSLR_ESR1,QIPLU2,81.9,151.5,24.0,-4403.0,4738.0,1.5,151.7,133.1,1194.4,59.9,43.6
2026-07-05,ANDMDSLR_ESR2,QIPLU2,78.1,144.7,24.0,-3828.0,4524.0,76.4,206.3,108.3,1115.7,59.9,43.6
2026-07-05,ANEM_ESS_ESR1,QSUE53,200.0,456.5,24.0,-1059.0,13356.0,240.0,440.3,176.0,1526.6,59.9,43.6
2026-07-05,ANGLETON_ESR1,QSUE74,9.9,8.2,24.0,32.0,325.0,9.1,10.3,-0.2,68.0,59.9,43.6
2026-07-05,ANG_SLR_ESR1,QTEN26,100.0,192.3,24.0,-2798.0,5935.0,22.7,198.8,130.7,730.1,59.9,43.6
2026-07-05,ANOL_ESS_ESR1,QESVEM,205.3,425.4,24.0,5436.0,12850.0,382.9,494.9,8.2,1138.1,59.9,43.6
2026-07-05,ANTL_ESS_ESR1,QSU100,70.0,169.5,24.0,440.0,4871.0,121.0,199.5,50.7,368.2,59.9,43.6
2026-07-05,ARY_BESS_ESR1,QTEN32,20.0,8.5,24.0,-277.0,404.0,0.0,9.7,-0.0,0.0,59.9,43.6
2026-07-05,AVIL_ESS_ESR1,QSU100,160.0,371.5,24.0,2912.0,10443.0,324.3,399.5,25.9,929.2,59.9,43.6
2026-07-05,AZURE_ESR1,QENEL6,77.6,126.6,24.0,-2874.0,4105.0,0.2,150.4,111.1,672.9,59.9,43.6
2026-07-05,BATCAVE_ESR1,QSUE74,100.5,106.2,24.0,-196.0,3926.0,54.2,90.7,4.5,259.8,59.9,43.6
2026-07-05,BAY_CITY_ESR1,QTEN24,9.9,11.2,24.0,-14.0,347.0,0.2,1.1,0.8,79.3,59.9,43.6
2026-07-05,BCK_ESR1,QHEI5,123.5,315.5,24.0,563.0,8923.0,264.5,315.5,-8.3,0.0,59.9,43.6
2026-07-05,BCK_ESR2,QHEI5,126.5,320.3,24.0,418.0,9084.0,270.0,328.7,-1.2,0.0,59.9,43.6
2026-07-05,BCNV_ESS_ESR1,QSHE11,148.1,300.0,24.0,-4810.0,9114.0,29.6,307.3,220.1,1290.8,59.9,43.6
2026-07-05,BELD_ESR1,QJPEM,6.0,9.8,24.0,89.0,323.0,6.8,11.6,3.8,48.6,59.9,43.6
2026-07-05,BEXAR_ES_ESR1,QTEN32,100.0,100.0,24.0,-2042.0,3758.0,7.5,121.5,71.3,809.7,59.9,43.6
2026-07-05,BIG_STAR_ESR1,QECNR,80.0,108.0,24.0,-2341.0,3701.0,1.5,129.4,99.2,0.0,59.9,43.6
2026-07-05,BKSL_ESS_ESR1,QESVEM,100.0,210.9,24.0,-1739.0,6320.0,51.7,228.5,143.9,817.4,59.9,43.6
2026-07-05,BLACKSPR_ESR1,QBROO2,120.0,259.3,24.0,-4758.0,7714.0,28.1,304.9,222.3,1073.1,59.9,43.6
2026-07-05,BLSUMMIT_ESR1,QFPL12,30.0,9.7,24.0,-33.0,488.0,4.9,9.5,1.0,0.0,59.9,43.6
2026-07-05,BLSUMMIT_ESR2,QFPL48,150.0,450.0,24.0,3050.0,12088.0,446.6,517.1,8.0,0.0,59.9,43.6
2026-07-05,BLUEJAY_ESR1,QENEL7,50.0,86.2,24.0,-1576.0,2752.0,3.0,92.5,71.8,409.0,59.9,43.6
2026-07-05,BLVN_SLR_ESR1,QSHEL8,180.0,360.0,24.0,-7906.0,10979.0,49.2,506.3,345.9,1271.8,59.9,43.6
2026-07-05,BOCO_ESS_ESR1,QTEN28,150.1,365.0,24.0,1186.0,10478.0,218.5,395.5,119.8,1732.3,59.9,43.6
2026-07-05,BRAZORIA_ESR1,QSUE74,9.9,9.6,23.7,32.0,363.0,9.5,10.9,0.1,49.6,59.9,43.6
2026-07-05,BR_ARROW_ESR1,QECNR,48.3,93.8,24.0,-1954.0,2886.0,0.1,101.2,92.0,149.1,59.9,43.6
2026-07-05,BR_ARROW_ESR2,QECNR,51.7,100.4,24.0,-1949.0,3088.0,0.1,103.8,94.7,0.0,59.9,43.6
2026-07-05,BYP_ESR1,QEXELO,200.0,450.0,24.0,-2999.0,13232.0,181.9,561.6,260.8,0.0,59.9,43.6
2026-07-05,BYRDR_ES_ESR1,QHABIT,50.0,59.0,24.0,554.0,2105.0,43.1,49.3,-5.1,515.5,59.9,43.6
2026-07-05,CACH_ESS_ESR1,QSU100,200.0,466.0,24.0,2521.0,13548.0,379.3,539.5,85.5,1030.2,59.9,43.6
2026-07-05,CAMWIND_ESR1,QTEN26,16.4,32.1,24.0,-432.0,986.0,8.8,20.7,10.4,223.8,59.9,43.6
2026-07-05,CARA_ESS_ESR1,QHEI8,97.4,196.7,24.0,1804.0,5977.0,118.9,159.9,2.3,0.0,59.9,43.6
2026-07-05,CARN_ESS_ESR1,QSU100,150.0,337.9,24.0,-1981.0,9926.0,301.5,439.1,85.4,1105.5,59.9,43.6
2026-07-05,CARRIZO_ESR1,QTEN30,9.5,12.6,24.0,-313.0,435.0,7.7,15.7,6.1,87.7,59.9,43.6
2026-07-05,CARTWHL_ESR1,QECNR,150.0,284.9,24.0,-5830.0,8828.0,0.3,322.0,281.7,0.0,59.9,43.6
2026-07-05,CASL_GAP_ESR1,QLUMN1,4.0,4.5,24.0,133.0,164.0,5.6,5.6,-0.8,0.0,59.9,43.6
2026-07-05,CAST_ESS_ESR1,QSUE79,200.0,416.7,24.0,6491.0,12536.0,393.0,470.2,7.6,807.2,59.9,43.6
2026-07-05,CATARINA_ESR1,QBEEP1,9.9,10.7,24.0,-140.0,348.0,1.4,9.9,7.9,119.8,59.9,43.6
2026-07-05,CEDRVALE_ESR1,QBEEP1,9.9,10.7,24.0,-11.0,348.0,5.3,11.0,4.8,120.7,59.9,43.6
2026-07-05,CFLAT_ES_ESR1,QTEN26,100.0,200.0,24.0,1442.0,6081.0,49.8,8.6,-49.6,0.0,59.9,43.6
2026-07-05,CHERRYCR_ESR1,QBEEP1,9.9,10.7,24.0,-0.0,348.0,5.4,10.7,4.8,120.2,59.9,43.6
2026-07-05,CHIL_SLR_ESR1,QSUE88,150.0,310.6,24.0,1431.0,9362.0,255.3,365.2,37.5,821.1,59.9,43.6
2026-07-05,CISC_ESR1,QBEEP1,9.9,10.7,24.0,-193.0,348.0,0.3,10.2,9.1,116.7,59.9,43.6
2026-07-05,CITRUSCY_ESR1,QPROLO,9.9,21.0,24.0,-67.0,543.0,0.2,3.8,2.6,160.3,59.9,43.6
2026-07-05,CLO_ESR1,QMEA1,100.0,201.9,24.0,-2182.0,6135.0,33.4,203.8,141.7,1464.6,59.9,43.6
2026-07-05,CLO_ESR2,QMEA1,100.0,194.3,24.0,-2193.0,5977.0,33.0,203.1,141.3,1343.1,59.9,43.6
2026-07-05,CNLY_ESS_ESR1,QSUE76,119.9,212.8,24.0,-2016.0,6740.0,261.1,370.4,67.0,3107.8,59.9,43.6
2026-07-05,CNTRY_ESR1,QPROLO,6.0,13.6,24.0,-267.0,398.0,0.0,14.1,12.5,77.6,59.9,43.6
2026-07-05,CNTYRDS_ESR1,QTEN26,10.1,24.7,24.0,-66.0,707.0,22.1,38.9,12.9,0.0,59.9,43.6
2026-07-05,CORALSLR_ESR1,QNGRE1,48.4,58.3,24.0,911.0,2072.0,50.2,55.8,0.8,643.1,59.9,43.6
2026-07-05,CORALSLR_ESR2,QNGRE1,52.2,58.3,24.0,854.0,2121.0,51.3,59.3,1.1,691.9,59.9,43.6
2026-07-05,CORAZON_ESR1,QHEI4,200.0,254.0,24.0,2253.0,8869.0,201.3,252.2,-9.8,2510.5,59.9,43.6
2026-07-05,COYOTSPR_ESR1,QBEEP1,9.9,10.7,24.0,-25.0,348.0,5.3,11.4,5.4,109.3,59.9,43.6
2026-07-05,CROSSETT_ESR1,QJPEM1,100.0,101.5,24.0,369.0,3798.0,56.9,117.0,52.0,639.8,59.9,43.6
2026-07-05,CROSSETT_ESR2,QJPEM1,100.0,101.7,24.0,352.0,3802.0,55.5,114.8,51.6,647.3,59.9,43.6
2026-07-05,CROSSTRL_ESR1,QGRIE4,57.0,114.0,24.0,871.0,3474.0,86.0,110.3,-1.7,324.6,59.9,43.6
2026-07-05,CR_ESR1,QPROLO,9.8,20.1,24.0,-377.0,532.0,1.3,20.9,18.0,140.0,59.9,43.6
2026-07-05,CS_ESR1,QTEN26,7.0,14.6,24.0,-206.0,431.0,1.4,11.6,9.7,120.3,59.9,43.6
2026-07-05,CTW_ESR1,QTOTL5,150.0,185.3,24.0,-4075.0,6527.0,11.4,237.6,152.5,1615.1,59.9,43.6
2026-07-05,DAN_ESR1,QTOTL4,75.3,106.3,24.0,-1673.0,3597.0,9.2,114.8,84.8,861.0,59.9,43.6
2026-07-05,DAN_ESR2,QTOTL4,71.7,102.4,24.0,-1532.0,3455.0,9.1,106.3,80.8,832.7,59.9,43.6
2026-07-05,DA_ESR1,QSHE16,4.0,9.6,24.0,-95.0,277.0,2.4,9.4,7.0,9.9,59.9,43.6
2026-07-05,DCSES_ESR1,QLUMN,66.5,66.4,24.0,-737.0,2498.0,13.6,54.5,19.6,254.5,59.9,43.6
2026-07-05,DCSES_ESR2,QLUMN,66.5,66.4,24.0,-720.0,2498.0,13.6,53.6,19.6,253.8,59.9,43.6
2026-07-05,DCSES_ESR3,QLUMN,61.4,57.4,24.0,-707.0,2208.0,10.4,47.7,16.7,233.0,59.9,43.6
2026-07-05,DCSES_ESR4,QLUMN,63.5,63.4,24.0,-236.0,2385.0,11.8,31.7,13.5,258.2,59.9,43.6
2026-07-05,DESN_ESS_ESR1,QSUE79,200.0,451.4,24.0,6695.0,13253.0,437.5,518.5,1.5,798.2,59.9,43.6
2026-07-05,DGFS_ESR_ESR1,QTEN26,75.0,64.0,24.0,-1062.0,2522.0,48.3,111.4,34.3,187.6,59.9,43.6
2026-07-05,DIBOL_ESR1,QBEEP1,9.9,10.7,24.0,-192.0,348.0,0.1,9.5,8.2,125.1,59.9,43.6
2026-07-05,DICKNSON_ESR1,QSUE74,9.9,7.8,24.0,18.0,315.0,8.3,9.6,-0.1,66.2,59.9,43.6
2026-07-05,DKNS_ESS_ESR1,QSUE74,50.0,46.1,24.0,150.0,1773.0,61.1,72.1,2.3,241.4,59.9,43.6
2026-07-05,DKNS_ESS_ESR2,QSUE74,50.0,48.2,24.0,127.0,1830.0,61.5,73.3,2.6,239.8,59.9,43.6
2026-07-05,DKNS_ESS_ESR3,QSUE74,50.0,49.1,24.0,119.0,1854.0,61.5,74.1,2.4,238.4,59.9,43.6
2026-07-05,DKNS_ESS_ESR4,QSUE74,50.0,48.4,24.0,94.0,1835.0,61.2,74.6,2.4,236.3,59.9,43.6
2026-07-05,DPCRK_ESR1,QTEN26,8.5,17.3,24.0,-30.0,506.0,13.6,19.0,2.8,0.0,59.9,43.6
2026-07-05,DSWL_ESS_ESR1,QPHIL3,150.0,325.3,24.0,-2091.0,9667.0,212.1,456.5,180.1,1341.6,59.9,43.6
2026-07-05,EBNY_ESS_ESR1,QSUE52,200.0,458.5,24.0,2392.0,13397.0,291.3,436.8,76.2,1600.6,59.9,43.6
2026-07-05,ELMCRK_ESR1,QMP2M1,9.9,25.9,24.0,-262.0,688.0,1.4,16.8,0.0,0.9,59.9,43.6
2026-07-05,ELM_ST_ESR1,QTEN26,8.0,16.5,24.0,14.0,498.0,22.3,34.7,8.6,0.0,59.9,43.6
2026-07-05,ELM_ST_ESR2,QSYSO,9.9,18.0,24.0,389.0,566.0,17.2,16.0,-2.4,62.6,59.9,43.6
2026-07-05,ELSA_ESR1,QTEN24,9.9,10.6,24.0,-30.0,334.0,0.3,2.2,1.9,73.3,59.9,43.6
2026-07-05,ELZA_SLR_ESR1,QENE16,75.6,104.5,24.0,-2125.0,3556.0,0.1,97.1,95.8,583.8,59.9,43.6
2026-07-05,EMPCT_ESR1,QTEN24,9.9,13.1,24.0,-161.0,383.0,0.1,8.8,11.3,51.5,59.9,43.6
2026-07-05,ENDPARKS_ESR1,QGRIE4,50.0,102.4,24.0,-141.0,3097.0,69.2,76.9,-8.8,556.9,59.9,43.6
2026-07-05,ESTONIAN_ESR1,QENE14,101.6,149.6,24.0,-3756.0,4999.0,4.9,185.8,143.9,631.0,59.9,43.6
2026-07-05,EUNICE_ESR1,QTENSK,19.0,20.0,24.0,-114.0,610.0,3.0,10.3,2.2,335.1,59.9,43.6
2026-07-05,EVLN_ESS_ESR1,QSHE15,193.2,339.2,24.0,-6765.0,10775.0,18.6,421.4,309.9,0.0,59.9,43.6
2026-07-05,E_HARRIS_ESR1,QTEN26,9.9,20.1,24.0,-304.0,549.0,2.1,18.8,14.7,0.0,59.9,43.6
2026-07-05,FALFUR_ESR2,QTEN30,10.0,12.6,24.0,-41.0,357.0,0.7,2.0,0.6,125.7,59.9,43.6
2026-07-05,FAULKNER_ESR1,QBEEP1,9.9,10.7,24.0,-7.0,348.0,5.2,10.7,4.7,120.7,59.9,43.6
2026-07-05,FENCESLR_ESR1,QENE13,64.4,106.0,24.0,-1324.0,3430.0,0.7,70.7,64.1,498.9,59.9,43.6
2026-07-05,FERD_ESS_ESR1,QCPSE,200.0,950.0,24.0,9678.0,19694.0,470.9,450.6,-109.8,999.8,59.9,43.6
2026-07-05,FIVEWSLR_ESR1,QSUE61,220.0,250.0,24.0,-56.0,9028.0,196.6,297.0,43.1,864.8,59.9,43.6
2026-07-05,FLAT_TOP_ESR1,QSHEL2,7.0,13.3,24.0,-13.0,412.0,10.9,21.2,6.9,49.5,59.9,43.6
2026-07-05,FLAT_TOP_ESR2,QJPEM,9.9,17.3,24.0,189.0,550.0,11.5,18.1,4.9,103.8,59.9,43.6
2026-07-05,FLOWERII_ESR1,QJPEM,100.0,195.9,24.0,1207.0,6009.0,103.0,184.6,79.1,883.3,59.9,43.6
2026-07-05,FORTMA_ESR1,QTEN30,10.0,12.6,16.3,-102.0,441.0,1.6,7.1,3.8,51.2,59.9,43.6
2026-07-05,FRMRSVLW_ESR1,QBEEP1,9.9,10.7,24.0,-173.0,348.0,0.1,8.6,7.9,126.0,59.9,43.6
2026-07-05,FRMRSVLW_ESR2,QTEN26,6.0,14.7,24.0,-200.0,421.0,1.8,12.8,9.6,74.8,59.9,43.6
2026-07-05,FTDUNCAN_ESR1,QTEN26,100.0,204.5,24.0,-1069.0,6188.0,67.2,203.1,98.8,1777.3,59.9,43.6
2026-07-05,GAIA_SLR_ESR1,QTEN26,75.0,150.0,24.0,-2873.0,4572.0,3.9,167.2,148.2,0.0,59.9,43.6
2026-07-05,GAMBIT_ESR1,QSUE23,100.0,147.4,24.0,-792.0,4910.0,92.0,164.6,38.2,649.4,59.9,43.6
2026-07-05,GARCENO_ESR1,QTEN24,9.9,9.8,24.0,1.0,315.0,0.2,0.2,-0.0,67.3,59.9,43.6
2026-07-05,GEORSO_ESR1,QEDIS9,9.8,8.1,24.0,15.0,317.0,9.8,12.3,0.2,17.0,59.9,43.6
2026-07-05,GIGA_ESS_ESR1,QSUE55,109.2,198.3,24.0,-1070.0,6233.0,163.3,258.0,69.5,1732.5,59.9,43.6
2026-07-05,GKS_BESS_ESR1,QTEN26,73.7,142.6,24.0,-635.0,4404.0,45.4,126.7,42.4,478.4,59.9,43.6
2026-07-05,GODY_SLR_ESR1,QTEN26,38.8,145.9,24.0,-2267.0,3529.0,10.1,136.5,115.0,0.0,59.9,43.6
2026-07-05,GOMZ_ESR1,QBEEP1,9.9,10.7,24.0,8.0,348.0,5.2,9.8,4.2,123.5,59.9,43.6
2026-07-05,GOODWIN_ESR1,QTEN30,8.3,12.7,4.5,-28.0,372.0,0.5,1.7,0.6,27.6,59.9,43.6
2026-07-05,GRDNE_ESR1,QBEEP1,9.9,10.7,24.0,64.0,348.0,6.8,10.3,2.5,122.0,59.9,43.6
2026-07-05,GRIZZLY_ESR1,QPRIO1,9.9,10.0,0.0,0.0,375.0,0.0,-0.0,0.0,0.0,59.9,43.6
2026-07-05,HAMILTON_ESR1,QBEEP1,9.9,10.7,24.0,-163.0,348.0,1.2,10.5,8.3,118.3,59.9,43.6
2026-07-05,HEADCAMP_ESR1,QTEN34,150.0,300.0,24.0,-3069.0,9143.0,174.3,457.1,213.7,0.0,59.9,43.6
2026-07-05,HEARN_RD_ESR1,QTEN30,10.0,12.7,24.0,-183.0,428.0,2.2,14.2,10.2,0.0,59.9,43.6
2026-07-05,HEIGHTTN_ESR1,QSUE74,9.9,8.3,24.0,37.0,329.0,8.6,9.9,0.2,55.0,59.9,43.6
2026-07-05,HEN_ESR1,QECNR,150.0,279.8,24.0,-1405.0,8720.0,144.8,302.4,113.9,0.0,59.9,43.6
2026-07-05,HEN_ESR2,QECNR,148.5,260.5,23.9,74.0,930.0,9.2,9.3,-15.3,0.0,59.9,43.6
2026-07-05,HI_LONEB_ESR1,QENEL1,46.8,60.0,24.0,-632.0,2095.0,15.5,68.3,48.2,553.9,59.9,43.6
2026-07-05,HLY_ESR1,QHEI1,102.2,172.9,24.0,793.0,5550.0,121.2,176.9,2.0,1386.0,59.9,43.6
2026-07-05,HLY_ESR2,QHEI1,101.8,167.9,24.0,997.0,5430.0,123.8,174.6,2.7,1366.9,59.9,43.6
2026-07-05,HMNG_ESS_ESR1,QMEA8,99.8,222.0,24.0,-3540.0,6547.0,12.6,221.4,186.7,1611.3,59.9,43.6
2026-07-05,HOLCOMB_ESR1,QBEEP1,9.9,10.7,24.0,171.0,348.0,5.8,1.4,-8.8,113.2,59.9,43.6
2026-07-05,HOUSEMTN_ESR1,QJPEM,60.0,127.6,24.0,132.0,3814.0,65.8,147.9,58.9,747.6,59.9,43.6
2026-07-05,HWY6_ESR1,QTEN26,9.9,24.7,24.0,-132.0,704.0,18.9,35.0,12.4,0.0,59.9,43.6
2026-07-05,HYDR_ESS_ESR1,QSUE74,200.0,194.6,24.0,-181.0,7370.0,169.0,254.8,39.5,761.1,59.9,43.6
2026-07-05,INDL_ESR1,QECNR,9.9,4.2,24.0,-118.0,202.0,0.7,5.6,4.1,0.0,59.9,43.6
2026-07-05,INRT_W_ESR1,QFPL32,13.0,46.7,24.0,122.0,1155.0,32.0,40.7,0.5,0.0,59.9,43.6
2026-07-05,JADE_SLR_ESR1,QIPLUM,77.6,144.4,24.0,-1632.0,4498.0,52.5,166.9,83.4,403.6,59.9,43.6
2026-07-05,JADE_SLR_ESR2,QIPLUM,81.9,155.8,24.0,-2236.0,4828.0,42.9,181.2,106.6,395.0,59.9,43.6
2026-07-05,JAG_SLR_ESR1,QLCRA,150.0,300.0,24.0,-5573.0,9143.0,58.4,348.9,239.3,751.2,59.9,43.6
2026-07-05,JAG_SLR_ESR2,QMITS2,150.0,300.0,24.0,2046.0,9143.0,290.6,349.7,-1.3,0.0,59.9,43.6
2026-07-05,JAR_ESR1,QHEI1,117.5,226.1,24.0,2018.0,6977.0,129.0,163.3,1.2,1669.3,59.9,43.6
2026-07-05,JAR_ESR2,QHEI1,157.0,291.0,24.0,2964.0,9089.0,193.7,232.5,7.4,2222.2,59.9,43.6
2026-07-05,JDKNS_ESR1,QBEEP1,9.9,10.7,24.0,44.0,348.0,6.3,10.1,3.1,122.4,59.9,43.6
2026-07-05,JUNCTION_ESR1,QBEEP1,9.9,10.7,24.0,-116.0,348.0,1.7,9.1,7.0,128.6,59.9,43.6
2026-07-05,JUNORTH_ESR1,QTEN26,9.9,22.0,24.0,-409.0,650.0,3.0,19.5,14.3,0.0,59.9,43.6
2026-07-05,K0_ESR1,QSUE74,9.9,9.7,24.0,84.0,346.0,11.1,11.2,-1.3,57.2,59.9,43.6
2026-07-05,LANTANA_ESR1,QTEN26,10.0,20.1,24.0,-268.0,588.0,2.9,16.8,11.9,0.0,59.9,43.6
2026-07-05,LBRA_ESS_ESR1,QSUE48,200.0,200.0,24.0,-675.0,7520.0,120.2,189.2,3.7,487.1,59.9,43.6
2026-07-05,LFSTH_ESR1,QBEEP1,9.9,10.7,24.0,-201.0,348.0,0.1,10.1,8.9,122.0,59.9,43.6
2026-07-05,LIGSW_ESR1,QPROLO,9.8,6.8,24.0,-213.0,267.0,0.1,9.5,8.6,124.5,59.9,43.6
2026-07-05,LILY_ESR1,QENEL5,50.0,71.7,24.0,-631.0,2414.0,0.6,35.3,29.5,539.4,59.9,43.6
2026-07-05,LMO_ESR1,QSHEL2,100.0,243.5,24.0,-1645.0,6986.0,269.4,405.7,89.6,2217.4,59.9,43.6
2026-07-05,LONESTAR_ESR1,QBEEP1,9.9,10.7,24.0,7.0,348.0,5.5,10.4,4.3,120.9,59.9,43.6
2026-07-05,LON_ESR1,QTEN26,174.0,348.0,24.0,-2987.0,10606.0,151.1,330.4,123.0,2373.6,59.9,43.6
2026-07-05,LOPENO_ESR1,QSUE74,9.9,9.8,24.0,100.0,347.0,10.6,9.8,-2.3,70.4,59.9,43.6
2026-07-05,LOWR_ESS_ESR1,QEDI10,52.0,97.2,24.0,460.0,3027.0,98.8,110.7,0.1,93.0,59.9,43.6
2026-07-05,LUCKYBLU_ESR1,QBROO1,102.0,221.1,24.0,-4189.0,6572.0,25.2,266.6,170.4,1041.2,59.9,43.6
2026-07-05,L_463S_ESR1,QSUE74,9.9,7.3,24.0,8.0,277.0,10.2,11.6,-0.1,58.4,59.9,43.6
2026-07-05,L_FRESNO_ESR1,QTEN24,9.9,11.1,24.0,4.0,345.0,0.3,0.2,0.0,100.1,59.9,43.6
2026-07-05,MADERO_ESR1,QTEN25,100.3,265.4,24.0,2088.0,7422.0,181.7,227.4,4.4,138.3,59.9,43.6
2026-07-05,MADERO_ESR2,QTEN25,100.0,262.2,24.0,2174.0,7355.0,182.3,225.6,4.0,138.1,59.9,43.6
2026-07-05,MAGNO_TN_ESR1,QSUE74,5.5,4.5,24.0,7.0,179.0,5.7,6.7,0.1,34.0,59.9,43.6
2026-07-05,MAINLAND_ESR1,QBEEP1,9.9,10.7,24.0,-28.0,306.0,0.4,1.7,0.7,149.2,59.9,43.6
2026-07-05,MAYBERRY_ESR1,QTEN24,9.9,10.6,24.0,3.0,334.0,0.2,0.2,-0.1,70.6,59.9,43.6
2026-07-05,MAYBERRY_ESR2,QTEN24,9.9,11.9,24.0,4.0,362.0,0.2,0.1,-0.0,123.9,59.9,43.6
2026-07-05,MESQUITE_ESR1,QTEN26,9.9,19.8,24.0,-358.0,590.0,1.7,20.0,16.1,0.0,59.9,43.6
2026-07-05,MIDP_SLR_ESR1,QTEN26,50.0,90.0,24.0,-1880.0,2838.0,8.6,113.4,77.5,0.0,59.9,43.6
2026-07-05,MIDWY_ESR1,QPROLO,9.9,10.5,23.7,147.0,353.0,7.1,11.0,-1.3,123.2,59.9,43.6
2026-07-05,MNWLE_ESR1,QBEEP1,9.9,10.7,24.0,-209.0,348.0,0.1,10.3,8.4,119.3,59.9,43.6
2026-07-05,MOORE_FL_ESR1,QTEN30,7.0,11.4,4.3,-51.0,326.0,0.5,2.6,1.3,0.0,59.9,43.6
2026-07-05,MUENSTER_ESR1,QTEN30,9.5,12.6,24.0,-203.0,434.0,6.0,14.7,6.7,66.1,59.9,43.6
2026-07-05,MUSTNGCK_ESR1,QENE10,71.0,112.1,24.0,-2578.0,3672.0,0.0,134.7,101.9,561.9,59.9,43.6
2026-07-05,MU_ESR1,QTEN26,9.9,19.5,24.0,-194.0,597.0,1.9,12.5,9.4,168.3,59.9,43.6
2026-07-05,MYR_ESR1,QTOTL5,74.8,102.2,24.0,1499.0,3490.0,87.4,118.7,15.4,614.4,59.9,43.6
2026-07-05,MYR_ESR2,QTOTL5,45.0,48.3,24.0,-741.0,1779.0,2.0,43.0,33.1,548.9,59.9,43.6
2026-07-05,NCO_ESR1,QSHEL2,23.6,44.1,24.0,-1575.0,1408.0,1.9,60.6,40.7,162.8,59.9,43.6
2026-07-05,NF_BRP_ESR1,QSUE74,100.5,105.8,24.0,-512.0,3917.0,49.8,95.3,8.5,290.5,59.9,43.6
2026-07-05,NOBLESLR_ESR1,QNGREN,61.2,51.2,24.0,975.0,2029.0,52.8,55.9,-0.3,329.1,59.9,43.6
2026-07-05,NOBLESLR_ESR2,QNGREN,62.5,54.4,24.0,967.0,2134.0,53.0,57.8,1.3,366.3,59.9,43.6
2026-07-05,NWF_ESR1,QDUKER,10.8,1.6,24.0,-187.0,88.0,0.0,6.6,-1.9,28.4,59.9,43.6
2026-07-05,N_ALAMO_ESR1,QTEN24,9.9,10.6,24.0,-15.0,334.0,0.3,1.4,1.1,76.9,59.9,43.6
2026-07-05,N_MERCED_ESR1,QTEN24,9.9,10.6,24.0,5.0,334.0,0.3,0.2,-0.0,74.2,59.9,43.6
2026-07-05,ODESW_ESR1,QSUE74,9.9,6.0,24.0,11.0,238.0,7.3,9.3,0.6,37.9,59.9,43.6
2026-07-05,OLNEYTN_ESR1,QBEEP1,9.9,10.7,24.0,-203.0,348.0,0.1,9.7,8.9,125.3,59.9,43.6
2026-07-05,PAD1_ESS_ESR1,QCPSE,50.0,122.0,24.0,836.0,3498.0,68.3,89.1,2.5,85.4,59.9,43.6
2026-07-05,PAD2_ESS_ESR2,QCPSE,150.0,600.0,24.0,3753.0,13949.0,295.8,374.0,1.0,159.2,59.9,43.6
2026-07-05,PALACIOS_ESR1,QTEN30,7.5,11.4,24.0,-150.0,343.0,0.6,8.6,7.4,0.0,59.9,43.6
2026-07-05,PALE_ESS_ESR1,QSUE74,200.0,191.1,24.0,290.0,7275.0,165.3,235.8,18.9,608.2,59.9,43.6
2026-07-05,PAULN_ESR1,QBEEP1,9.9,10.7,24.0,-197.0,348.0,0.1,9.9,9.0,117.9,59.9,43.6
2026-07-05,PAVLOV_ESR1,QBEEP1,9.9,10.7,24.0,-23.0,311.0,0.6,2.2,1.2,148.5,59.9,43.6
2026-07-05,PAVO_ESS_ESR1,QSUE74,87.5,84.4,24.0,294.0,3204.0,90.2,112.4,7.3,456.8,59.9,43.6
2026-07-05,PAVO_ESS_ESR2,QSUE74,87.5,83.2,24.0,322.0,3173.0,89.4,112.2,6.5,460.8,59.9,43.6
2026-07-05,PEARSALL_ESR1,QTEN26,9.9,19.8,24.0,-305.0,526.0,3.8,15.7,9.6,133.4,59.9,43.6
2026-07-05,PHO_ESR1,QENE15,150.0,248.9,24.0,-4852.0,8034.0,2.0,237.6,191.0,1513.7,59.9,43.6
2026-07-05,PHO_ESR2,QENE15,150.0,240.9,24.0,-4522.0,7850.0,1.8,224.5,181.6,1452.3,59.9,43.6
2026-07-05,PINEFRST_ESR1,QTEN21,200.0,400.0,24.0,-10079.0,12191.0,1.2,455.0,374.6,225.4,59.9,43.6
2026-07-05,PIN_BESS_ESR1,QTEN34,200.0,400.0,24.0,-9195.0,12191.0,13.8,408.3,311.2,0.0,59.9,43.6
2026-07-05,PIRATE_ESR1,QTEN30,10.0,12.6,24.0,-190.0,416.0,5.7,9.8,2.8,85.2,59.9,43.6
2026-07-05,PLATINUM_ESR1,QSUE80,148.3,323.4,24.0,176.0,9594.0,208.7,354.7,89.7,755.7,59.9,43.6
2026-07-05,PLATINUM_ESR2,QSUE80,151.7,316.0,24.0,248.0,9508.0,200.8,334.1,73.3,725.2,59.9,43.6
2026-07-05,POTEETS_ESR1,QBEEP1,9.9,10.7,24.0,-94.0,348.0,0.9,6.7,5.6,132.7,59.9,43.6
2026-07-05,PRCRK_ESR1,QTEN24,9.9,13.1,24.0,-181.0,383.0,0.2,9.9,11.2,49.6,59.9,43.6
2026-07-05,PRTLAVS_ESR1,QSTEC3,2.5,2.2,24.0,-0.0,79.0,0.1,0.2,-0.0,21.8,59.9,43.6
2026-07-05,PUEBLO_ESR1,QSUE74,8.3,7.4,24.0,-103.0,272.0,5.9,9.7,2.3,41.0,59.9,43.6
2026-07-05,PUEBLO_ESR2,QSUE74,9.9,9.8,24.0,-140.0,347.0,6.8,12.1,3.3,50.0,59.9,43.6
2026-07-05,PYOTE_ESR1,QJPEM,9.0,14.5,24.0,104.0,475.0,8.0,13.4,4.7,104.9,59.9,43.6
2026-07-05,PYR_ESR1,QECNR,9.9,4.2,24.0,-125.0,202.0,0.7,6.0,4.0,0.0,59.9,43.6
2026-07-05,PYR_ESR2,QECNR,15.1,13.6,24.0,-87.0,527.0,5.9,12.4,4.3,15.5,59.9,43.6
2026-07-05,PYR_ESR3,QECNR,15.1,13.6,24.0,-94.0,527.0,6.2,13.0,4.8,13.9,59.9,43.6
2026-07-05,QTUM_SLR_ESR1,QTEN33,160.0,300.4,24.0,-163.0,9342.0,0.0,5.8,-0.1,0.0,59.9,43.6
2026-07-05,QTUM_SLR_ESR2,QTEN33,160.0,284.7,24.0,-174.0,9011.0,0.0,6.1,0.7,0.0,59.9,43.6
2026-07-05,QUEEN_BA_ESR1,QENEL2,50.0,77.6,24.0,-51.0,2538.0,42.7,96.0,50.6,553.1,59.9,43.6
2026-07-05,RADN_SLR_ESR1,QIPRAD,78.1,141.2,24.0,-47.0,4446.0,108.4,108.6,-22.6,1265.9,59.9,43.6
2026-07-05,RADN_SLR_ESR2,QIPRAD,81.9,150.6,24.0,393.0,4716.0,194.7,183.2,-33.8,1522.1,59.9,43.6
2026-07-05,RBN_ESR1,QTEN19,100.0,123.7,24.0,230.0,4355.0,102.6,156.3,6.1,300.8,59.9,43.6
2026-07-05,RHA_ESR1,QTEN19,200.0,438.3,24.0,-4835.0,12991.0,79.7,472.8,313.4,0.0,59.9,43.6
2026-07-05,RIO_GRAN_ESR1,QTEN24,9.9,9.8,24.0,2.0,315.0,0.2,0.2,0.1,70.2,59.9,43.6
2026-07-05,RIO_GRAN_ESR2,QPROLO,7.0,14.5,24.0,-19.0,375.0,0.2,1.2,0.2,100.7,59.9,43.6
2026-07-05,ROSELAND_ESR1,QENEL9,50.0,85.8,24.0,-2335.0,2742.0,0.2,96.4,80.0,345.2,59.9,43.6
2026-07-05,RPUBRDS_ESR1,QSHEL2,50.0,58.8,24.0,-1336.0,2104.0,1.9,71.4,44.0,231.7,59.9,43.6
2026-07-05,RRANCHES_ESR1,QSUE51,150.0,345.8,24.0,-202.0,10087.0,154.9,288.2,104.3,1076.8,59.9,43.6
2026-07-05,RRANCHES_ESR2,QSUE51,150.0,345.0,24.0,-58.0,10070.0,151.2,270.0,88.2,955.8,59.9,43.6
2026-07-05,RRC_WIND_ESR1,QFPL35,75.0,225.0,24.0,-376.0,6044.0,173.9,278.2,51.3,0.0,59.9,43.6
2026-07-05,RRC_WIND_ESR2,QFPL35,70.0,225.0,24.0,-532.0,5914.0,155.8,266.8,72.8,0.0,59.9,43.6
2026-07-05,RTLSNAKE_ESR1,QBEEP1,9.9,10.7,24.0,-5.0,348.0,5.5,11.0,4.7,117.2,59.9,43.6
2026-07-05,RUSSEKST_ESR1,QBEEP1,9.9,10.7,24.0,-55.0,348.0,3.6,9.9,5.7,126.8,59.9,43.6
2026-07-05,RVRVLYS_ESR1,QSHEL2,50.5,114.3,24.0,-720.0,3354.0,103.9,161.8,42.4,902.4,59.9,43.6
2026-07-05,RVRVLYS_ESR2,QSHEL2,49.6,104.6,24.0,-778.0,3136.0,90.3,146.2,40.8,833.5,59.9,43.6
2026-07-05,SADLBACK_ESR1,QBEEP1,9.9,10.7,24.0,-4.0,348.0,5.2,10.4,4.2,122.2,59.9,43.6
2026-07-05,SANDLAKE_ESR1,QBEEP1,9.9,10.7,24.0,11.0,348.0,5.4,10.2,4.0,122.3,59.9,43.6
2026-07-05,SBEAN_ESR1,QBEEP1,9.9,10.7,24.0,-4.0,348.0,5.2,10.4,5.0,120.0,59.9,43.6
2026-07-05,SEVNF_ES_ESR1,QTEN37,100.0,228.2,24.0,234.0,6676.0,172.3,220.2,-0.4,1260.9,59.9,43.6
2026-07-05,SE_EDINB_ESR1,QGRIDB,10.1,16.5,24.0,-125.0,496.0,0.0,4.1,3.0,0.0,59.9,43.6
2026-07-05,SGAL_BES_ESR1,QJPEM,100.0,197.6,24.0,-337.0,6045.0,118.1,264.6,103.6,1179.8,59.9,43.6
2026-07-05,SGAL_BES_ESR2,QJPEM2,100.0,203.1,24.0,-446.0,6160.0,120.2,276.8,120.4,1178.2,59.9,43.6
2026-07-05,SGSA_ESR1,QAMA1,9.9,23.6,24.0,73.0,681.0,1.9,0.8,-1.9,97.3,59.9,43.6
2026-07-05,SHAMROCK_ESR1,QFPL40,99.4,297.9,24.0,15.0,8005.0,224.8,347.9,61.9,0.0,59.9,43.6
2026-07-05,SHEEPCRK_ESR1,QSUE70,135.0,172.9,24.0,-752.0,6022.0,132.2,200.1,3.8,507.2,59.9,43.6
2026-07-05,SLCNHLS_ESR1,QSHEL2,50.0,56.4,24.0,-1408.0,2046.0,1.7,72.4,42.8,220.4,59.9,43.6
2026-07-05,SLCNHLS_ESR2,QSHEL2,50.0,58.8,24.0,-1452.0,2105.0,2.6,75.3,44.8,246.5,59.9,43.6
2026-07-05,SMTH_ESS_ESR1,QSUE77,104.5,207.2,24.0,2.0,6335.0,215.6,227.4,-9.0,1556.1,59.9,43.6
2026-07-05,SOLC_SLR_ESR1,QTEN33,160.0,212.2,24.0,-120.0,7312.0,0.0,4.1,-0.0,0.0,59.9,43.6
2026-07-05,SOLC_SLR_ESR2,QTEN33,160.0,76.9,24.0,-162.0,3545.0,0.0,5.7,-0.1,0.0,59.9,43.6
2026-07-05,SPTX12B_ESR1,QEDIS9,22.3,18.5,24.0,109.0,729.0,19.6,23.6,0.0,14.5,59.9,43.6
2026-07-05,SP_ESR1,QTEN26,9.9,19.7,24.0,-366.0,570.0,1.4,18.2,16.2,73.0,59.9,43.6
2026-07-05,STADIUM_ESR1,QTEN26,9.9,19.8,24.0,62.0,603.0,15.6,21.1,0.0,0.0,59.9,43.6
2026-07-05,STAM_SLR_ESR1,QENE12,70.0,128.4,24.0,-1705.0,4024.0,6.4,95.9,84.4,816.7,59.9,43.6
2026-07-05,STRG_SLR_ESR1,QECNR,79.4,179.6,24.0,-2474.0,5284.0,0.6,134.8,128.0,0.0,59.9,43.6
2026-07-05,SUNVASLR_ESR1,QSUE38,53.3,53.2,24.0,-378.0,2001.0,37.0,55.9,3.1,184.7,59.9,43.6
2026-07-05,SUNVASLR_ESR2,QSUE38,46.7,46.8,24.0,-272.0,1756.0,36.6,51.7,2.6,181.9,59.9,43.6
2026-07-05,SWEENY_ESR1,QSUE74,9.9,9.3,24.0,46.0,334.0,9.8,11.1,0.0,58.7,59.9,43.6
2026-07-05,SWOOSEII_ESR1,QMEA5,100.0,191.4,24.0,2307.0,5916.0,113.4,134.1,24.9,1470.1,59.9,43.6
2026-07-05,SWTWR_ESR1,QTEN26,7.4,17.3,24.0,66.0,488.0,10.6,12.2,-0.0,38.4,59.9,43.6
2026-07-05,S_SNROSA_ESR1,QTEN24,9.9,10.9,24.0,4.0,341.0,0.2,0.1,-0.1,92.4,59.9,43.6
2026-07-05,TBWF_ESS_ESR1,QTEN29,150.0,342.0,24.0,-1023.0,10014.0,257.8,500.4,183.4,555.6,59.9,43.6
2026-07-05,TDWLPR_1_ESR1,QMEA6,100.0,226.7,24.0,-2487.0,6650.0,33.6,226.9,172.8,1517.5,59.9,43.6
2026-07-05,TDWLPR_1_ESR2,QMEA6,100.0,216.1,24.0,-2159.0,6431.0,33.8,209.4,159.7,1485.2,59.9,43.6
2026-07-05,TNFS_ESR1,QSYSO,9.9,18.0,24.0,58.0,566.0,16.7,30.8,11.5,49.8,59.9,43.6
2026-07-05,TORT_ESS_ESR1,QSUE74,50.0,40.7,24.0,-77.0,1628.0,77.1,90.7,0.3,264.2,59.9,43.6
2026-07-05,TSECA_ES_ESR1,QTEN36,100.0,238.2,24.0,-3312.0,6878.0,84.1,288.5,150.0,643.8,59.9,43.6
2026-07-05,TURQBESS_ESR1,QHEI3,190.0,361.0,24.0,3484.0,11185.0,324.3,374.4,-1.3,2884.5,59.9,43.6
2026-07-05,TV_ESR1,QAETE1,10.0,22.4,24.0,-253.0,659.0,0.7,14.1,18.6,117.2,59.9,43.6
2026-07-05,TYNAN_ESR1,QBEEP1,9.9,10.7,24.0,-42.0,348.0,0.6,3.2,1.9,147.3,59.9,43.6
2026-07-05,UTOPIA_ESR1,QTEN30,9.5,12.7,24.0,-145.0,438.0,2.1,12.8,8.6,0.0,59.9,43.6
2026-07-05,VERT_ESS_ESR1,QNRGTX,137.4,262.4,24.0,-721.0,8118.0,0.0,25.4,-7.8,0.0,59.9,43.6
2026-07-05,VORTEX_ESR1,QENEL8,121.8,195.0,24.0,-4901.0,6360.0,2.5,225.9,183.0,881.0,59.9,43.6
2026-07-05,WAL_ESR1,QSUE92,200.0,400.0,24.0,-2666.0,12191.0,326.2,430.3,62.4,3668.9,59.9,43.6
2026-07-05,WCOLLOCL_ESR1,QHABIT,8.4,3.1,24.0,-32.0,152.0,0.1,1.1,0.1,91.6,59.9,43.6
2026-07-05,WFTANK_ESR1,QTEN28,150.0,165.7,24.0,868.0,6055.0,156.7,223.0,17.4,1599.5,59.9,43.6
2026-07-05,WIG_ESS_ESR1,QHEI1,120.0,187.0,24.0,796.0,6148.0,179.3,243.5,6.5,1549.6,59.9,43.6
2026-07-05,WOVER_ESR1,QTEN26,4.9,12.9,24.0,-46.0,362.0,9.4,14.4,3.0,14.3,59.9,43.6
2026-07-05,WR_ESR1,QAETEL,9.9,22.4,24.0,-165.0,656.0,1.2,9.5,6.9,138.5,59.9,43.6
2026-07-05,WZRD_ESS_ESR1,QTEN26,150.1,318.9,24.0,-1243.0,9536.0,61.7,216.7,126.2,1519.6,59.9,43.6
2026-07-05,W_HARLIN_ESR1,QTEN24,9.9,10.6,24.0,5.0,334.0,0.2,0.1,-0.0,86.6,59.9,43.6
2026-07-05,X4_ESR1,QCPSE,10.0,8.5,24.0,54.0,335.0,8.0,10.4,0.5,19.2,59.9,43.6
2026-07-05,ZAPATA_ESR1,QSUE74,9.6,8.2,24.0,5.0,302.0,13.1,15.3,0.7,99.7,59.9,43.6
2026-07-05,ZAPATA_ESR2,QSUE74,9.9,9.5,24.0,-67.0,339.0,10.7,15.5,3.4,85.6,59.9,43.6
2026-07-05,ZIER_SLR_ESR1,QTEN19,40.0,79.7,24.0,-1233.0,2431.0,20.8,97.7,57.7,235.8,59.9,43.6
2026-07-04,ABINDUST_ESR1,QMP2M1,9.9,25.9,24.0,616.0,1012.0,17.1,19.5,-0.0,6.2,62.0,53.2
2026-07-04,ADL_ESR1,QTEN26,60.0,56.4,24.0,2311.0,2689.0,61.6,65.3,-13.0,320.5,62.0,53.2
2026-07-04,AE_ESR1,QTEN26,9.9,19.5,24.0,235.0,823.0,8.6,14.8,4.5,157.3,62.0,53.2
2026-07-04,ALAMO_ST_ESR1,QSYSO,9.9,18.0,24.0,675.0,773.0,19.8,19.9,-2.9,50.4,62.0,53.2
2026-07-04,ALP_BESS_ESR1,QHEI1,100.3,167.5,24.0,3742.0,7295.0,120.7,165.9,-1.4,1182.7,62.0,53.2
2026-07-04,ALVIN_ESR1,QSUE74,8.3,5.5,24.0,78.0,275.0,6.7,8.2,-0.0,50.0,62.0,53.2
2026-07-04,ANCHOR_ESR1,QENE11,35.2,41.3,24.0,650.0,1910.0,20.6,29.6,-1.0,249.7,62.0,53.2
2026-07-04,ANCHOR_ESR2,QENE11,36.0,51.8,24.0,1134.0,2317.0,32.7,40.7,-1.3,286.5,62.0,53.2
2026-07-04,ANDMDSLR_ESR1,QIPLU2,81.9,151.5,24.0,5376.0,6484.0,139.7,102.3,-49.6,1095.0,62.0,53.2
2026-07-04,ANDMDSLR_ESR2,QIPLU2,78.1,144.7,24.0,5273.0,6193.0,216.6,243.4,2.6,654.7,62.0,53.2
2026-07-04,ANEM_ESS_ESR1,QSUE53,200.0,456.5,24.0,9870.0,18752.0,356.4,429.9,-54.4,1502.4,62.0,53.2
2026-07-04,ANGLETON_ESR1,QSUE74,9.9,8.2,24.0,153.0,397.0,8.8,10.5,0.0,64.7,62.0,53.2
2026-07-04,ANG_SLR_ESR1,QTEN26,100.0,198.3,24.0,5067.0,8376.0,143.9,187.4,-8.8,716.7,62.0,53.2
2026-07-04,ANOL_ESS_ESR1,QESVEM,240.0,519.8,24.0,13160.0,21572.0,401.2,602.4,-3.1,1340.7,62.0,53.2
2026-07-04,ANTL_ESS_ESR1,QSU100,70.0,169.5,24.0,3571.0,6881.0,156.9,183.0,0.7,425.3,62.0,53.2
2026-07-04,ARY_BESS_ESR1,QTEN32,20.0,8.5,24.0,-256.0,454.0,0.0,9.8,-0.0,0.0,62.0,53.2
2026-07-04,AVIL_ESS_ESR1,QSU100,160.0,371.5,24.0,8945.0,14305.0,339.5,398.8,4.5,840.3,62.0,53.2
2026-07-04,AZURE_ESR1,QENEL6,77.6,126.9,24.0,3927.0,5547.0,113.1,141.4,-3.5,462.1,62.0,53.2
2026-07-04,BATCAVE_ESR1,QSUE74,100.5,103.2,24.0,917.0,4860.0,55.5,91.9,-0.9,312.0,62.0,53.2
2026-07-04,BAY_CITY_ESR1,QTEN24,9.9,11.2,24.0,37.0,439.0,0.8,0.2,-0.7,83.4,62.0,53.2
2026-07-04,BCK_ESR1,QHEI5,123.5,315.5,24.0,8388.0,12644.0,269.2,328.4,12.6,0.0,62.0,53.2
2026-07-04,BCK_ESR2,QHEI5,126.5,320.3,24.0,8762.0,12871.0,273.6,324.0,5.0,0.0,62.0,53.2
2026-07-04,BCNV_ESS_ESR1,QSHE11,149.9,300.0,24.0,8751.0,12650.0,234.9,190.1,-90.3,1406.9,62.0,53.2
2026-07-04,BELD_ESR1,QJPEM,6.0,9.8,24.0,441.0,435.0,13.1,10.8,-4.0,64.6,62.0,53.2
2026-07-04,BEXAR_ES_ESR1,QTEN32,100.0,100.0,24.0,3627.0,4726.0,97.0,110.9,-8.3,594.6,62.0,53.2
2026-07-04,BIG_STAR_ESR1,QECNR,80.0,108.0,24.0,4202.0,4887.0,110.2,129.0,0.3,0.0,62.0,53.2
2026-07-04,BKSL_ESS_ESR1,QESVEM,100.0,210.9,24.0,7447.0,8797.0,196.1,229.3,-3.3,631.0,62.0,53.2
2026-07-04,BLACKSPR_ESR1,QBROO2,120.0,281.1,24.0,8461.0,11491.0,258.0,326.8,0.2,893.2,62.0,53.2
2026-07-04,BLSUMMIT_ESR1,QFPL12,30.0,9.7,24.0,90.0,537.0,5.0,9.6,0.1,0.0,62.0,53.2
2026-07-04,BLSUMMIT_ESR2,QFPL48,150.7,450.0,24.0,16206.0,17159.0,468.4,543.6,0.0,0.0,62.0,53.2
2026-07-04,BLUEJAY_ESR1,QENEL7,50.0,86.2,24.0,2832.0,3732.0,75.6,93.1,4.5,261.0,62.0,53.2
2026-07-04,BLVN_SLR_ESR1,QSHEL8,180.0,360.0,24.0,14087.0,15194.0,359.7,351.9,-76.4,1073.8,62.0,53.2
2026-07-04,BOCO_ESS_ESR1,QTEN28,150.2,365.0,24.0,11121.0,14807.0,337.1,412.7,0.0,1548.5,62.0,53.2
2026-07-04,BRAZORIA_ESR1,QSUE74,9.9,9.5,24.0,177.0,453.0,9.9,11.7,-0.0,55.0,62.0,53.2
2026-07-04,BR_ARROW_ESR1,QECNR,48.3,93.5,24.0,3146.0,3965.0,87.4,101.0,-0.3,147.3,62.0,53.2
2026-07-04,BR_ARROW_ESR2,QECNR,51.7,100.4,24.0,3456.0,4254.0,89.9,103.9,-0.3,0.0,62.0,53.2
2026-07-04,BYP_ESR1,QEXELO,200.5,450.0,24.0,12249.0,18542.0,461.1,565.6,0.0,0.0,62.0,53.2
2026-07-04,BYRDR_ES_ESR1,QHABIT,50.0,59.4,24.0,1206.0,2741.0,43.5,55.6,-0.6,571.3,62.0,53.2
2026-07-04,CACH_ESS_ESR1,QSU100,200.0,467.0,24.0,13866.0,19097.0,465.0,541.6,-0.1,950.7,62.0,53.2
2026-07-04,CAMWIND_ESR1,QTEN26,16.4,32.5,24.0,170.0,1374.0,16.7,23.1,6.2,208.3,62.0,53.2
2026-07-04,CARA_ESS_ESR1,QHEI8,97.7,196.7,24.0,3454.0,8282.0,128.3,155.1,-5.2,0.0,62.0,53.2
2026-07-04,CARN_ESS_ESR1,QSU100,150.0,337.4,24.0,7630.0,13898.0,351.5,409.0,-3.1,746.6,62.0,53.2
2026-07-04,CARRIZO_ESR1,QTEN30,10.0,12.6,24.0,212.0,579.0,15.9,16.8,-1.9,82.8,62.0,53.2
2026-07-04,CARTWHL_ESR1,QECNR,150.0,284.8,24.0,10476.0,12118.0,271.0,315.2,-0.4,0.0,62.0,53.2
2026-07-04,CASL_GAP_ESR1,QLUMN1,3.9,4.3,24.0,62.0,203.0,4.1,5.5,0.8,0.0,62.0,53.2
2026-07-04,CAST_ESS_ESR1,QSUE79,200.0,416.8,24.0,12637.0,17431.0,416.4,485.2,-7.6,862.7,62.0,53.2
2026-07-04,CATARINA_ESR1,QBEEP1,9.9,10.7,24.0,330.0,438.0,8.0,6.5,-2.6,113.3,62.0,53.2
2026-07-04,CEDRVALE_ESR1,QBEEP1,9.9,10.7,24.0,379.0,438.0,7.5,0.6,-8.3,134.5,62.0,53.2
2026-07-04,CFLAT_ES_ESR1,QTEN26,100.0,200.0,24.0,3830.0,8410.0,106.8,171.8,30.2,0.0,62.0,53.2
2026-07-04,CHERRYCR_ESR1,QBEEP1,9.9,10.7,24.0,388.0,438.0,7.6,0.2,-8.2,136.0,62.0,53.2
2026-07-04,CHIL_SLR_ESR1,QSUE88,150.0,323.1,24.0,5838.0,13425.0,306.5,381.6,-1.8,840.6,62.0,53.2
2026-07-04,CISC_ESR1,QBEEP1,9.9,10.7,24.0,375.0,438.0,7.7,1.0,-9.2,127.7,62.0,53.2
2026-07-04,CITRUSCY_ESR1,QPROLO,9.9,21.0,24.0,103.0,742.0,2.4,1.4,-2.2,179.9,62.0,53.2
2026-07-04,CLO_ESR1,QMEA1,100.0,201.9,24.0,6528.0,8498.0,164.7,121.3,-76.8,1703.5,62.0,53.2
2026-07-04,CLO_ESR2,QMEA1,100.0,194.4,24.0,6558.0,8236.0,165.9,121.4,-76.1,1651.9,62.0,53.2
2026-07-04,CNLY_ESS_ESR1,QSUE76,120.4,227.1,24.0,6428.0,9677.0,328.1,374.1,2.9,2863.9,62.0,53.2
2026-07-04,CNTRY_ESR1,QPROLO,9.8,20.3,24.0,313.0,804.0,12.8,21.8,-0.9,91.4,62.0,53.2
2026-07-04,CNTYRDS_ESR1,QTEN26,9.9,24.7,24.0,577.0,997.0,23.0,25.8,-0.0,0.0,62.0,53.2
2026-07-04,CORALSLR_ESR1,QNGRE1,48.4,58.3,24.0,1922.0,2690.0,51.8,58.9,2.4,555.8,62.0,53.2
2026-07-04,CORALSLR_ESR2,QNGRE1,52.2,58.3,24.0,1907.0,2718.0,51.2,58.7,2.9,612.6,62.0,53.2
2026-07-04,CORAZON_ESR1,QHEI4,200.0,254.0,24.0,3902.0,11624.0,198.9,265.8,9.4,2436.2,62.0,53.2
2026-07-04,COYOTSPR_ESR1,QBEEP1,9.9,10.7,24.0,371.0,438.0,7.3,0.5,-8.4,131.3,62.0,53.2
2026-07-04,CROSSETT_ESR1,QJPEM1,100.0,101.5,24.0,3851.0,4787.0,107.5,101.8,-29.0,768.9,62.0,53.2
2026-07-04,CROSSETT_ESR2,QJPEM1,100.0,101.7,24.0,3866.0,4794.0,108.7,100.0,-27.3,886.0,62.0,53.2
2026-07-04,CROSSTRL_ESR1,QGRIE4,57.0,114.0,24.0,2580.0,4807.0,86.6,107.2,-1.2,32.9,62.0,53.2
2026-07-04,CR_ESR1,QPROLO,9.8,20.1,24.0,630.0,722.0,18.7,22.1,0.0,118.8,62.0,53.2
2026-07-04,CS_ESR1,QTEN26,7.0,14.6,24.0,350.0,592.0,9.6,10.9,-0.3,119.0,62.0,53.2
2026-07-04,CTW_ESR1,QTOTL5,150.0,185.3,24.0,4832.0,8518.0,181.0,243.1,2.4,1581.0,62.0,53.2
2026-07-04,DAN_ESR1,QTOTL4,75.3,106.3,24.0,3251.0,4773.0,97.5,101.0,-14.7,810.8,62.0,53.2
2026-07-04,DAN_ESR2,QTOTL4,71.7,102.4,24.0,2913.0,4590.0,90.5,98.9,-9.2,782.6,62.0,53.2
2026-07-04,DA_ESR1,QSHE16,4.0,9.5,24.0,299.0,386.0,8.4,7.8,-1.9,4.8,62.0,53.2
2026-07-04,DCSES_ESR1,QLUMN,66.5,66.4,24.0,816.0,3140.0,31.5,49.3,-2.5,200.8,62.0,53.2
2026-07-04,DCSES_ESR2,QLUMN,66.5,66.4,24.0,794.0,3140.0,31.5,49.5,-0.9,199.6,62.0,53.2
2026-07-04,DCSES_ESR3,QLUMN,61.4,57.4,24.0,628.0,2742.0,26.2,44.5,-1.4,178.6,62.0,53.2
2026-07-04,DCSES_ESR4,QLUMN,63.5,63.4,24.0,913.0,2998.0,25.4,32.9,0.1,197.1,62.0,53.2
2026-07-04,DESN_ESS_ESR1,QSUE79,200.0,451.5,24.0,13371.0,18587.0,448.9,524.2,-5.4,918.9,62.0,53.2
2026-07-04,DGFS_ESR_ESR1,QTEN26,75.1,64.0,24.0,1850.0,3090.0,87.5,112.1,-0.4,131.2,62.0,53.2
2026-07-04,DIBOL_ESR1,QBEEP1,9.9,10.7,24.0,399.0,438.0,8.0,0.6,-8.2,134.6,62.0,53.2
2026-07-04,DICKNSON_ESR1,QSUE74,9.9,7.8,24.0,96.0,383.0,6.9,8.6,0.0,59.5,62.0,53.2
2026-07-04,DKNS_ESS_ESR1,QSUE74,50.0,46.3,24.0,947.0,2212.0,58.3,67.6,-1.8,258.9,62.0,53.2
2026-07-04,DKNS_ESS_ESR2,QSUE74,50.0,47.8,24.0,959.0,2273.0,60.1,68.7,0.3,230.5,62.0,53.2
2026-07-04,DKNS_ESS_ESR3,QSUE74,50.0,49.6,24.0,1062.0,2345.0,63.2,70.9,-2.2,264.4,62.0,53.2
2026-07-04,DKNS_ESS_ESR4,QSUE74,50.0,49.2,24.0,1037.0,2328.0,61.2,69.6,0.6,230.0,62.0,53.2
2026-07-04,DPCRK_ESR1,QTEN26,8.5,17.3,24.0,582.0,685.0,16.3,18.7,0.0,0.0,62.0,53.2
2026-07-04,DSWL_ESS_ESR1,QPHIL3,150.0,329.6,24.0,10764.0,13638.0,320.7,392.1,-10.5,1128.5,62.0,53.2
2026-07-04,EBNY_ESS_ESR1,QSUE52,200.0,458.5,24.0,11627.0,18818.0,363.3,448.0,2.4,1604.5,62.0,53.2
2026-07-04,ELMCRK_ESR1,QMP2M1,9.9,25.9,24.0,565.0,951.0,16.0,17.9,-0.2,7.7,62.0,53.2
2026-07-04,ELM_ST_ESR1,QTEN26,8.0,16.5,24.0,395.0,692.0,20.1,22.7,-0.0,0.0,62.0,53.2
2026-07-04,ELM_ST_ESR2,QSYSO,9.9,18.0,24.0,-23.0,772.0,4.8,20.2,13.1,57.4,62.0,53.2
2026-07-04,ELSA_ESR1,QTEN24,9.9,10.6,24.0,38.0,422.0,2.6,0.8,-1.6,76.4,62.0,53.2
2026-07-04,ELZA_SLR_ESR1,QENE16,79.0,106.8,24.0,1966.0,4832.0,65.1,95.1,-2.6,447.5,62.0,53.2
2026-07-04,EMPCT_ESR1,QTEN24,9.9,13.1,24.0,413.0,494.0,8.4,0.8,-11.6,65.7,62.0,53.2
2026-07-04,ENDPARKS_ESR1,QGRIE4,50.3,102.4,24.0,1602.0,4299.0,87.8,103.6,2.3,417.8,62.0,53.2
2026-07-04,ESTONIAN_ESR1,QENE14,101.6,154.3,24.0,5235.0,6836.0,156.2,182.3,0.2,302.2,62.0,53.2
2026-07-04,EUNICE_ESR1,QTENSK,19.0,20.0,24.0,107.0,783.0,5.0,9.3,-0.6,316.6,62.0,53.2
2026-07-04,EVLN_ESS_ESR1,QSHE15,193.2,341.2,24.0,9659.0,14712.0,340.8,369.6,-60.3,0.0,62.0,53.2
2026-07-04,E_HARRIS_ESR1,QTEN26,9.9,20.1,24.0,655.0,740.0,16.8,10.1,-8.8,0.0,62.0,53.2
2026-07-04,FALFUR_ESR2,QTEN30,10.0,12.6,24.0,-33.0,464.0,1.0,3.0,1.3,128.3,62.0,53.2
2026-07-04,FAULKNER_ESR1,QBEEP1,9.9,10.7,24.0,353.0,438.0,7.0,0.8,-8.1,135.4,62.0,53.2
2026-07-04,FENCESLR_ESR1,QENE13,64.6,106.0,24.0,2264.0,4631.0,61.2,74.9,-0.1,320.0,62.0,53.2
2026-07-04,FERD_ESS_ESR1,QCPSE,200.0,948.0,24.0,10444.0,28621.0,460.5,650.3,140.6,687.3,62.0,53.2
2026-07-04,FIVEWSLR_ESR1,QSUE61,220.0,250.0,24.0,3724.0,11609.0,199.7,259.1,-2.9,830.3,62.0,53.2
2026-07-04,FLAT_TOP_ESR1,QSHEL2,7.0,13.3,24.0,449.0,567.0,15.7,11.6,-5.5,55.7,62.0,53.2
2026-07-04,FLAT_TOP_ESR2,QJPEM,9.9,17.1,24.0,699.0,740.0,20.8,16.8,-6.9,110.9,62.0,53.2
2026-07-04,FLOWERII_ESR1,QJPEM,100.0,195.9,24.0,7255.0,8290.0,214.5,175.2,-96.4,1090.5,62.0,53.2
2026-07-04,FORTMA_ESR1,QTEN30,10.0,12.6,24.0,61.0,577.0,6.6,10.5,3.5,90.7,62.0,53.2
2026-07-04,FRMRSVLW_ESR1,QBEEP1,9.9,10.7,24.0,384.0,438.0,7.7,0.7,-7.9,135.5,62.0,53.2
2026-07-04,FRMRSVLW_ESR2,QTEN26,9.9,14.7,24.0,355.0,654.0,10.6,13.5,0.6,62.9,62.0,53.2
2026-07-04,FTDUNCAN_ESR1,QTEN26,100.0,205.3,24.0,4901.0,8610.0,118.4,113.6,-59.0,1767.7,62.0,53.2
2026-07-04,GAIA_SLR_ESR1,QTEN26,75.0,150.0,24.0,5233.0,6329.0,135.7,166.3,-0.1,0.0,62.0,53.2
2026-07-04,GAMBIT_ESR1,QSUE23,100.0,147.8,24.0,3019.0,6560.0,135.5,169.0,-1.0,571.1,62.0,53.2
2026-07-04,GARCENO_ESR1,QTEN24,9.9,9.8,24.0,1.0,398.0,0.2,0.2,-0.0,73.0,62.0,53.2
2026-07-04,GEORSO_ESR1,QEDIS9,9.8,8.1,24.0,161.0,390.0,8.5,10.8,-0.1,12.8,62.0,53.2
2026-07-04,GIGA_ESS_ESR1,QSUE55,112.3,197.9,24.0,5564.0,8508.0,201.3,218.8,-12.1,1472.5,62.0,53.2
2026-07-04,GKS_BESS_ESR1,QTEN26,73.4,143.3,24.0,2692.0,6090.0,93.0,141.5,10.3,365.7,62.0,53.2
2026-07-04,GODY_SLR_ESR1,QTEN26,50.9,176.1,24.0,4283.0,6306.0,125.6,154.5,-28.9,0.0,62.0,53.2
2026-07-04,GOMZ_ESR1,QBEEP1,9.9,10.7,24.0,361.0,438.0,7.1,0.5,-7.7,136.9,62.0,53.2
2026-07-04,GOODWIN_ESR1,QTEN30,8.3,12.7,0.2,1.0,484.0,0.5,0.5,-0.3,0.0,62.0,53.2
2026-07-04,GRDNE_ESR1,QBEEP1,9.9,10.7,24.0,364.0,438.0,7.2,0.6,-7.1,138.5,62.0,53.2
2026-07-04,GRIZZLY_ESR1,QPRIO1,9.9,10.0,0.0,0.0,472.0,0.0,-0.0,0.0,0.0,62.0,53.2
2026-07-04,HAMILTON_ESR1,QBEEP1,9.9,10.7,24.0,396.0,438.0,8.4,2.1,-7.2,131.5,62.0,53.2
2026-07-04,HEADCAMP_ESR1,QTEN34,150.0,300.0,24.0,6852.0,12651.0,238.3,289.2,-0.7,0.0,62.0,53.2
2026-07-04,HEARN_RD_ESR1,QTEN30,10.0,12.7,24.0,463.0,561.0,12.4,13.8,-0.0,0.0,62.0,53.2
2026-07-04,HEIGHTTN_ESR1,QSUE74,9.9,8.3,24.0,146.0,403.0,8.9,10.5,0.0,57.6,62.0,53.2
2026-07-04,HEN_ESR1,QECNR,150.0,279.8,24.0,9772.0,11943.0,262.4,302.2,0.6,0.0,62.0,53.2
2026-07-04,HEN_ESR2,QECNR,148.5,260.5,23.7,-11.0,1137.0,8.1,9.3,-18.2,0.0,62.0,53.2
2026-07-04,HI_LONEB_ESR1,QENEL1,50.0,66.9,24.0,1827.0,3032.0,56.1,66.8,-0.1,508.8,62.0,53.2
2026-07-04,HLY_ESR1,QHEI1,102.2,172.9,24.0,4729.0,7513.0,124.2,159.4,-10.5,1331.6,62.0,53.2
2026-07-04,HLY_ESR2,QHEI1,101.8,167.9,24.0,4801.0,7330.0,139.8,175.0,-11.4,1386.1,62.0,53.2
2026-07-04,HMNG_ESS_ESR1,QMEA8,99.8,222.0,24.0,7648.0,9165.0,175.9,115.1,-109.1,1774.0,62.0,53.2
2026-07-04,HOUSEMTN_ESR1,QJPEM,60.0,127.6,24.0,5106.0,5313.0,162.2,134.8,-62.6,856.7,62.0,53.2
2026-07-04,HWY6_ESR1,QTEN26,9.9,24.7,24.0,544.0,997.0,28.5,31.7,-0.0,0.0,62.0,53.2
2026-07-04,HYDR_ESS_ESR1,QSUE74,200.0,190.6,24.0,4399.0,9065.0,181.9,216.7,-5.1,655.1,62.0,53.2
2026-07-04,INDL_ESR1,QECNR,9.9,4.2,24.0,130.0,227.0,3.9,4.0,-1.3,0.0,62.0,53.2
2026-07-04,INRT_W_ESR1,QFPL32,13.0,46.5,24.0,1099.0,1637.0,31.3,41.4,-0.4,0.0,62.0,53.2
2026-07-04,JADE_SLR_ESR1,QIPLUM,77.6,144.4,24.0,4501.0,6152.0,137.0,153.6,-9.6,288.0,62.0,53.2
2026-07-04,JADE_SLR_ESR2,QIPLUM,81.9,155.7,24.0,4966.0,6632.0,148.0,161.6,-15.1,278.2,62.0,53.2
2026-07-04,JAG_SLR_ESR1,QLCRA,150.0,300.0,24.0,8135.0,12650.0,322.7,387.2,0.0,737.9,62.0,53.2
2026-07-04,JAG_SLR_ESR2,QMITS2,150.0,300.0,24.0,9552.0,12650.0,289.9,350.8,0.5,0.0,62.0,53.2
2026-07-04,JAR_ESR1,QHEI1,117.5,224.3,24.0,5089.0,9536.0,142.0,170.0,4.3,1757.0,62.0,53.2
2026-07-04,JAR_ESR2,QHEI1,157.0,291.0,24.0,7273.0,12436.0,197.9,235.1,-0.6,2209.4,62.0,53.2
2026-07-04,JDKNS_ESR1,QBEEP1,9.9,10.7,24.0,361.0,438.0,7.2,0.8,-7.2,138.0,62.0,53.2
2026-07-04,JUNCTION_ESR1,QBEEP1,9.9,10.7,24.0,342.0,438.0,7.1,1.4,-6.4,138.3,62.0,53.2
2026-07-04,JUNORTH_ESR1,QTEN26,9.9,22.0,24.0,573.0,910.0,15.8,6.4,-12.3,0.0,62.0,53.2
2026-07-04,K0_ESR1,QSUE74,9.9,9.7,24.0,181.0,441.0,8.9,10.8,0.1,59.8,62.0,53.2
2026-07-04,LANTANA_ESR1,QTEN26,10.0,20.1,24.0,-80.0,806.0,28.4,33.2,1.2,0.0,62.0,53.2
2026-07-04,LBRA_ESS_ESR1,QSUE48,200.0,200.0,24.0,2307.0,9455.0,123.1,193.2,0.6,676.5,62.0,53.2
2026-07-04,LFSTH_ESR1,QBEEP1,9.9,10.7,24.0,296.0,438.0,6.4,1.2,-9.0,135.5,62.0,53.2
2026-07-04,LIGSW_ESR1,QPROLO,6.0,6.8,24.0,210.0,315.0,6.2,7.4,-0.6,84.2,62.0,53.2
2026-07-04,LILY_ESR1,QENEL5,50.0,71.7,24.0,1192.0,3210.0,30.0,35.6,-1.1,459.9,62.0,53.2
2026-07-04,LMO_ESR1,QSHEL2,99.9,243.5,24.0,6791.0,9871.0,364.3,388.6,-24.6,2321.4,62.0,53.2
2026-07-04,LONESTAR_ESR1,QBEEP1,9.9,10.7,24.0,367.0,438.0,7.2,0.5,-8.2,134.6,62.0,53.2
2026-07-04,LON_ESR1,QTEN26,174.0,348.0,24.0,6833.0,14727.0,232.6,255.0,-44.8,2300.9,62.0,53.2
2026-07-04,LOPENO_ESR1,QSUE74,9.9,9.8,24.0,100.0,444.0,8.9,10.6,0.1,71.6,62.0,53.2
2026-07-04,LOWR_ESS_ESR1,QEDI10,53.9,100.2,24.0,2601.0,4279.0,98.5,113.6,-1.1,81.6,62.0,53.2
2026-07-04,LUCKYBLU_ESR1,QBROO1,102.0,221.1,24.0,8259.0,9175.0,217.5,176.5,-73.4,985.5,62.0,53.2
2026-07-04,L_463S_ESR1,QSUE74,9.9,7.4,24.0,135.0,351.0,9.1,10.8,-0.1,64.6,62.0,53.2
2026-07-04,L_FRESNO_ESR1,QTEN24,9.9,11.1,24.0,7.0,437.0,0.3,0.1,-0.1,102.9,62.0,53.2
2026-07-04,MADERO_ESR1,QTEN25,100.0,265.4,24.0,5407.0,10516.0,214.8,157.6,-94.7,313.3,62.0,53.2
2026-07-04,MADERO_ESR2,QTEN25,100.0,262.2,24.0,5346.0,10426.0,209.7,150.4,-95.2,317.5,62.0,53.2
2026-07-04,MAGNO_TN_ESR1,QSUE74,5.5,4.5,24.0,47.0,219.0,5.3,7.0,0.7,30.3,62.0,53.2
2026-07-04,MAINLAND_ESR1,QBEEP1,9.9,10.7,24.0,35.0,438.0,1.0,0.5,-0.9,150.8,62.0,53.2
2026-07-04,MAYBERRY_ESR1,QTEN24,9.9,10.6,24.0,2.0,422.0,0.2,0.2,-0.1,75.6,62.0,53.2
2026-07-04,MAYBERRY_ESR2,QTEN24,9.9,11.9,24.0,3.0,462.0,0.2,0.1,-0.0,126.8,62.0,53.2
2026-07-04,MESQUITE_ESR1,QTEN26,9.9,19.8,24.0,308.0,801.0,17.7,19.3,-0.1,0.0,62.0,53.2
2026-07-04,MIDP_SLR_ESR1,QTEN26,50.0,90.0,24.0,2963.0,3868.0,81.1,113.4,3.5,0.0,62.0,53.2
2026-07-04,MIDWY_ESR1,QPROLO,9.9,10.5,24.0,361.0,447.0,10.0,11.2,-0.3,118.6,62.0,53.2
2026-07-04,MNWLE_ESR1,QBEEP1,9.9,10.7,24.0,389.0,438.0,7.8,0.6,-8.4,133.6,62.0,53.2
2026-07-04,MOORE_FL_ESR1,QTEN30,9.5,11.4,19.3,59.0,445.0,9.7,9.4,-3.3,0.0,62.0,53.2
2026-07-04,MUENSTER_ESR1,QTEN30,9.4,12.6,24.0,352.0,570.0,9.0,6.6,-2.2,75.4,62.0,53.2
2026-07-04,MUSTNGCK_ESR1,QENE10,71.0,112.1,24.0,3939.0,4933.0,108.8,122.8,-3.7,436.5,62.0,53.2
2026-07-04,MU_ESR1,QTEN26,9.9,19.5,24.0,350.0,824.0,10.4,13.1,0.8,182.3,62.0,53.2
2026-07-04,MYR_ESR1,QTOTL5,74.3,102.2,17.6,2943.0,4608.0,79.2,89.9,-3.9,535.4,62.0,53.2
2026-07-04,MYR_ESR2,QTOTL5,71.7,48.3,17.6,1009.0,2414.0,28.2,36.9,-10.1,445.4,62.0,53.2
2026-07-04,NCO_ESR1,QSHEL2,47.0,56.4,24.0,1488.0,2576.0,46.2,59.0,-1.8,178.6,62.0,53.2
2026-07-04,NF_BRP_ESR1,QSUE74,100.5,102.5,24.0,1259.0,4830.0,54.5,93.5,-0.1,244.7,62.0,53.2
2026-07-04,NOBLESLR_ESR1,QNGREN,61.4,51.2,24.0,1968.0,2481.0,52.3,54.2,0.9,334.4,62.0,53.2
2026-07-04,NOBLESLR_ESR2,QNGREN,62.5,54.4,24.0,2003.0,2618.0,56.0,60.1,3.7,372.3,62.0,53.2
2026-07-04,NWF_ESR1,QDUKER,11.5,1.8,24.0,-209.0,109.0,0.8,8.4,-0.4,50.3,62.0,53.2
2026-07-04,N_ALAMO_ESR1,QTEN24,9.9,10.6,24.0,24.0,422.0,1.0,0.2,-0.8,78.8,62.0,53.2
2026-07-04,N_MERCED_ESR1,QTEN24,9.9,10.6,24.0,6.0,422.0,0.4,0.2,-0.2,84.1,62.0,53.2
2026-07-04,ODESW_ESR1,QSUE74,9.9,6.1,24.0,19.0,297.0,12.1,17.4,0.7,46.2,62.0,53.2
2026-07-04,OLNEYTN_ESR1,QBEEP1,9.9,10.7,24.0,395.0,438.0,7.9,0.5,-9.0,130.8,62.0,53.2
2026-07-04,PAD1_ESS_ESR1,QCPSE,50.0,122.0,24.0,1664.0,4944.0,70.1,91.7,2.1,101.4,62.0,53.2
2026-07-04,PAD2_ESS_ESR2,QCPSE,150.0,600.0,24.0,11081.0,19925.0,372.9,381.4,-55.7,274.2,62.0,53.2
2026-07-04,PALACIOS_ESR1,QTEN30,7.5,11.4,24.0,210.0,446.0,6.9,7.6,-0.6,0.0,62.0,53.2
2026-07-04,PALE_ESS_ESR1,QSUE74,200.0,193.2,24.0,6104.0,9173.0,221.2,190.4,-59.8,877.7,62.0,53.2
2026-07-04,PAULN_ESR1,QBEEP1,9.9,10.7,24.0,328.0,438.0,6.8,1.1,-9.0,126.3,62.0,53.2
2026-07-04,PAVLOV_ESR1,QBEEP1,9.9,10.7,24.0,63.0,401.0,1.5,0.6,-1.2,149.6,62.0,53.2
2026-07-04,PAVO_ESS_ESR1,QSUE74,87.5,83.6,24.0,1919.0,3976.0,93.9,107.0,1.2,410.0,62.0,53.2
2026-07-04,PAVO_ESS_ESR2,QSUE74,87.5,83.5,24.0,1991.0,3972.0,94.7,106.4,1.4,414.5,62.0,53.2
2026-07-04,PEARSALL_ESR1,QTEN26,9.9,19.8,24.0,204.0,711.0,11.9,22.3,9.0,101.4,62.0,53.2
2026-07-04,PHO_ESR1,QENE15,150.0,248.9,24.0,5162.0,10853.0,190.4,271.0,37.8,748.2,62.0,53.2
2026-07-04,PHO_ESR2,QENE15,150.0,235.3,24.0,4635.0,10365.0,178.7,262.1,47.5,691.0,62.0,53.2
2026-07-04,PINEFRST_ESR1,QTEN21,200.0,400.0,22.3,13459.0,16868.0,388.3,435.0,-22.7,44.8,62.0,53.2
2026-07-04,PIN_BESS_ESR1,QTEN34,201.8,400.0,24.0,10070.0,16880.0,302.0,347.2,-2.4,0.0,62.0,53.2
2026-07-04,PIRATE_ESR1,QTEN30,10.0,12.6,24.0,50.0,541.0,5.7,5.6,-0.3,92.0,62.0,53.2
2026-07-04,PLATINUM_ESR1,QSUE80,148.3,323.4,24.0,7927.0,13403.0,286.2,337.5,-16.5,566.5,62.0,53.2
2026-07-04,PLATINUM_ESR2,QSUE80,151.7,316.0,24.0,6951.0,13216.0,268.3,325.9,-16.9,615.3,62.0,53.2
2026-07-04,POTEETS_ESR1,QBEEP1,9.9,10.7,24.0,273.0,438.0,5.5,0.6,-5.9,144.2,62.0,53.2
2026-07-04,PRCRK_ESR1,QTEN24,9.9,13.1,24.0,439.0,494.0,9.0,1.1,-11.0,56.8,62.0,53.2
2026-07-04,PRTLAVS_ESR1,QSTEC3,2.7,2.2,24.0,-3.0,100.0,0.1,0.2,-0.7,19.9,62.0,53.2
2026-07-04,PUEBLO_ESR1,QSUE74,8.3,7.4,24.0,161.0,344.0,6.8,7.5,-1.6,39.9,62.0,53.2
2026-07-04,PUEBLO_ESR2,QSUE74,9.9,9.8,24.0,211.0,443.0,8.9,9.4,-1.7,45.6,62.0,53.2
2026-07-04,PYOTE_ESR1,QJPEM,9.0,14.5,24.0,523.0,640.0,15.9,12.3,-6.0,111.0,62.0,53.2
2026-07-04,PYR_ESR1,QECNR,9.9,4.2,24.0,155.0,227.0,4.6,4.3,-1.4,0.0,62.0,53.2
2026-07-04,PYR_ESR2,QECNR,15.1,13.6,24.0,346.0,651.0,9.8,12.5,0.1,15.9,62.0,53.2
2026-07-04,PYR_ESR3,QECNR,15.1,13.6,24.0,385.0,651.0,10.6,13.4,0.1,14.3,62.0,53.2
2026-07-04,QTUM_SLR_ESR1,QTEN33,160.0,296.7,24.0,-186.0,12678.0,0.0,6.8,0.5,0.0,62.0,53.2
2026-07-04,QTUM_SLR_ESR2,QTEN33,160.0,284.7,24.0,-187.0,12257.0,0.0,6.9,0.4,0.0,62.0,53.2
2026-07-04,QUEEN_BA_ESR1,QENEL2,50.0,77.6,24.0,1972.0,3400.0,63.4,74.0,2.3,493.0,62.0,53.2
2026-07-04,RADN_SLR_ESR1,QIPRAD,78.1,141.2,24.0,3805.0,6061.0,128.5,86.5,-54.4,1370.4,62.0,53.2
2026-07-04,RADN_SLR_ESR2,QIPRAD,81.9,150.6,24.0,4811.0,6445.0,173.6,172.0,-15.4,1642.1,62.0,53.2
2026-07-04,RBN_ESR1,QTEN19,100.0,123.7,24.0,2324.0,5688.0,99.2,144.5,-3.5,313.6,62.0,53.2
2026-07-04,RHA_ESR1,QTEN19,202.0,447.4,24.0,10447.0,18484.0,368.5,429.1,-28.3,0.0,62.0,53.2
2026-07-04,RIO_GRAN_ESR1,QTEN24,9.9,9.8,24.0,3.0,398.0,0.2,0.1,-0.1,73.3,62.0,53.2
2026-07-04,RIO_GRAN_ESR2,QPROLO,9.9,14.5,24.0,-12.0,533.0,0.3,0.9,-0.1,102.5,62.0,53.2
2026-07-04,ROSELAND_ESR1,QENEL9,50.0,85.8,24.0,2543.0,3717.0,76.9,90.6,-8.0,274.7,62.0,53.2
2026-07-04,RPUBRDS_ESR1,QSHEL2,50.0,59.2,24.0,1692.0,2738.0,59.1,78.2,-0.2,177.6,62.0,53.2
2026-07-04,RRANCHES_ESR1,QSUE51,150.0,345.8,24.0,8182.0,14177.0,238.4,269.0,-23.9,1058.1,62.0,53.2
2026-07-04,RRANCHES_ESR2,QSUE51,150.0,345.0,24.0,7590.0,14151.0,221.9,268.4,-12.0,945.7,62.0,53.2
2026-07-04,RRC_WIND_ESR1,QFPL35,75.1,225.0,24.0,7728.0,8576.0,231.9,277.5,0.0,0.0,62.0,53.2
2026-07-04,RRC_WIND_ESR2,QFPL35,70.0,225.0,24.0,7442.0,8422.0,220.1,262.8,0.0,0.0,62.0,53.2
2026-07-04,RTLSNAKE_ESR1,QBEEP1,9.9,10.7,24.0,363.0,438.0,7.1,0.5,-8.4,134.4,62.0,53.2
2026-07-04,RUSSEKST_ESR1,QBEEP1,9.9,10.7,24.0,352.0,438.0,7.4,2.5,-5.4,135.1,62.0,53.2
2026-07-04,RVRVLYS_ESR1,QSHEL2,50.0,114.3,24.0,3044.0,4696.0,140.0,165.3,-1.2,935.1,62.0,53.2
2026-07-04,RVRVLYS_ESR2,QSHEL2,49.7,104.6,24.0,2726.0,4366.0,128.1,152.8,-1.0,907.4,62.0,53.2
2026-07-04,SADLBACK_ESR1,QBEEP1,9.9,10.7,24.0,356.0,438.0,7.0,0.6,-7.8,136.4,62.0,53.2
2026-07-04,SANDLAKE_ESR1,QBEEP1,9.9,10.7,23.0,365.0,438.0,7.1,0.4,-7.7,131.9,62.0,53.2
2026-07-04,SBEAN_ESR1,QBEEP1,9.9,10.7,24.0,358.0,438.0,7.1,0.6,-8.9,131.3,62.0,53.2
2026-07-04,SEVNF_ES_ESR1,QTEN37,100.0,228.2,24.0,-784.0,9373.0,142.1,194.5,6.2,1401.6,62.0,53.2
2026-07-04,SE_EDINB_ESR1,QGRIDB,10.1,24.7,24.0,-15.0,873.0,0.0,0.6,-0.4,0.0,62.0,53.2
2026-07-04,SGAL_BES_ESR1,QJPEM,100.0,200.3,24.0,7754.0,8444.0,252.1,210.6,-94.9,1275.7,62.0,53.2
2026-07-04,SGAL_BES_ESR2,QJPEM2,100.0,203.1,24.0,8965.0,8539.0,283.1,209.2,-114.5,1365.6,62.0,53.2
2026-07-04,SGSA_ESR1,QAMA1,9.9,23.6,24.0,10.0,875.0,1.1,0.8,-0.6,83.7,62.0,53.2
2026-07-04,SHAMROCK_ESR1,QFPL40,99.3,297.9,24.0,9811.0,11347.0,286.2,341.0,0.5,0.0,62.0,53.2
2026-07-04,SHEEPCRK_ESR1,QSUE70,135.0,172.9,24.0,3021.0,7901.0,139.1,188.0,-11.9,505.9,62.0,53.2
2026-07-04,SLCNHLS_ESR1,QSHEL2,50.0,59.2,24.0,1343.0,2741.0,49.8,76.3,2.6,227.9,62.0,53.2
2026-07-04,SLCNHLS_ESR2,QSHEL2,50.0,58.8,24.0,1467.0,2721.0,51.5,74.6,2.1,225.5,62.0,53.2
2026-07-04,SMTH_ESS_ESR1,QSUE77,108.2,215.1,24.0,6289.0,9086.0,199.8,240.5,5.7,1539.2,62.0,53.2
2026-07-04,SOLC_SLR_ESR1,QTEN33,160.0,212.2,24.0,-111.0,9634.0,0.0,4.0,-0.2,0.0,62.0,53.2
2026-07-04,SOLC_SLR_ESR2,QTEN33,160.0,76.9,24.0,-153.0,4057.0,0.0,5.7,-0.1,0.0,62.0,53.2
2026-07-04,SPTX12B_ESR1,QEDIS9,22.3,18.5,24.0,379.0,894.0,18.5,22.7,-0.1,17.8,62.0,53.2
2026-07-04,SP_ESR1,QTEN26,9.9,19.7,24.0,526.0,764.0,14.4,14.4,-3.0,73.2,62.0,53.2
2026-07-04,STADIUM_ESR1,QTEN26,9.9,19.8,24.0,354.0,835.0,17.7,20.1,-0.1,0.0,62.0,53.2
2026-07-04,STAM_SLR_ESR1,QENE12,70.0,128.4,24.0,2657.0,5498.0,77.2,96.1,0.1,561.4,62.0,53.2
2026-07-04,STRG_SLR_ESR1,QECNR,79.4,179.6,24.0,4505.0,7420.0,118.5,132.1,-0.6,0.0,62.0,53.2
2026-07-04,SUNVASLR_ESR1,QSUE38,53.3,53.2,24.0,567.0,2517.0,36.3,51.8,1.2,200.8,62.0,53.2
2026-07-04,SUNVASLR_ESR2,QSUE38,46.7,46.8,24.0,455.0,2209.0,30.5,43.8,0.9,175.9,62.0,53.2
2026-07-04,SWEENY_ESR1,QSUE74,9.9,9.3,24.0,163.0,425.0,10.4,12.3,0.1,60.7,62.0,53.2
2026-07-04,SWOOSEII_ESR1,QMEA5,100.0,191.4,24.0,2976.0,8138.0,94.0,164.5,-8.5,1228.0,62.0,53.2
2026-07-04,SWTWR_ESR1,QTEN26,7.4,17.3,24.0,382.0,673.0,10.4,12.3,0.0,28.6,62.0,53.2
2026-07-04,S_SNROSA_ESR1,QTEN24,9.9,10.9,24.0,-2.0,431.0,0.2,0.3,0.1,93.6,62.0,53.2
2026-07-04,TBWF_ESS_ESR1,QTEN29,150.0,342.0,24.0,6707.0,14053.0,219.8,231.5,-58.0,624.1,62.0,53.2
2026-07-04,TDWLPR_1_ESR1,QMEA6,100.0,226.7,24.0,8621.0,9329.0,196.6,116.0,-114.2,1794.2,62.0,53.2
2026-07-04,TDWLPR_1_ESR2,QMEA6,100.0,216.1,24.0,8027.0,8977.0,181.7,117.3,-96.4,1733.8,62.0,53.2
2026-07-04,TNFS_ESR1,QSYSO,9.9,18.0,24.0,630.0,772.0,18.1,20.7,-0.2,34.8,62.0,53.2
2026-07-04,TORT_ESS_ESR1,QSUE74,50.0,41.1,24.0,850.0,1995.0,48.0,55.3,2.5,273.5,62.0,53.2
2026-07-04,TSECA_ES_ESR1,QTEN36,100.0,238.2,24.0,5300.0,9700.0,223.3,241.5,-59.3,646.1,62.0,53.2
2026-07-04,TURQBESS_ESR1,QHEI3,190.0,361.0,24.0,9610.0,15361.0,271.2,311.1,-2.1,2828.6,62.0,53.2
2026-07-04,TV_ESR1,QAETE1,10.0,22.4,24.0,467.0,924.0,11.2,6.2,-7.9,107.9,62.0,53.2
2026-07-04,TYNAN_ESR1,QBEEP1,9.9,10.7,24.0,126.0,438.0,2.5,0.4,-2.5,151.4,62.0,53.2
2026-07-04,UTOPIA_ESR1,QTEN30,9.5,12.7,24.0,392.0,578.0,11.0,13.0,0.1,0.0,62.0,53.2
2026-07-04,VERT_ESS_ESR1,QNRGTX,142.2,293.8,24.0,-694.0,12309.0,0.0,26.2,-2.6,0.0,62.0,53.2
2026-07-04,VORTEX_ESR1,QENEL8,121.8,200.0,24.0,5986.0,8737.0,179.5,213.2,-10.0,545.2,62.0,53.2
2026-07-04,WAL_ESR1,QSUE92,200.0,400.0,24.0,12499.0,16868.0,378.3,433.1,-1.2,3402.8,62.0,53.2
2026-07-04,WCOLLOCL_ESR1,QHABIT,8.4,3.1,24.0,-24.0,169.0,0.1,1.2,0.4,94.1,62.0,53.2
2026-07-04,WFTANK_ESR1,QTEN28,150.0,165.7,24.0,489.0,7736.0,118.3,229.8,61.2,1978.2,62.0,53.2
2026-07-04,WIG_ESS_ESR1,QHEI1,120.0,187.0,24.0,4898.0,8247.0,136.7,179.7,-4.5,1602.7,62.0,53.2
2026-07-04,WOVER_ESR1,QTEN26,5.2,12.9,24.0,422.0,523.0,11.0,12.7,0.2,1.3,62.0,53.2
2026-07-04,WR_ESR1,QAETEL,9.9,22.4,24.0,315.0,920.0,7.9,4.9,-4.3,136.7,62.0,53.2
2026-07-04,WZRD_ESS_ESR1,QTEN26,150.2,318.9,24.0,8413.0,13285.0,184.0,116.2,-93.5,1724.0,62.0,53.2
2026-07-04,W_HARLIN_ESR1,QTEN24,9.9,10.6,24.0,7.0,422.0,0.3,0.1,-0.0,90.2,62.0,53.2
2026-07-04,X4_ESR1,QCPSE,10.0,8.5,24.0,147.0,411.0,8.5,10.1,0.0,18.6,62.0,53.2
2026-07-04,ZAPATA_ESR1,QSUE74,9.9,9.4,24.0,-70.0,430.0,8.3,14.8,3.4,75.9,62.0,53.2
2026-07-04,ZAPATA_ESR2,QSUE74,9.9,9.5,24.0,48.0,432.0,7.9,10.8,0.9,69.1,62.0,53.2
2026-07-04,ZIER_SLR_ESR1,QTEN19,40.0,79.9,24.0,2996.0,3371.0,77.5,68.2,-27.6,371.9,62.0,53.2
2026-07-03,ABINDUST_ESR1,QMP2M1,9.9,25.9,24.0,472.0,653.0,17.7,18.4,-1.8,34.1,38.0,31.2
2026-07-03,ADL_ESR1,QTEN26,60.0,58.7,24.0,1514.0,1674.0,48.0,11.3,-46.4,486.3,38.0,31.2
2026-07-03,AE_ESR1,QTEN26,9.9,19.5,24.0,381.0,533.0,13.1,4.3,-10.5,172.6,38.0,31.2
2026-07-03,ALAMO_ST_ESR1,QSYSO,9.9,18.0,24.0,484.0,497.0,22.4,20.4,-4.7,38.5,38.0,31.2
2026-07-03,ALP_BESS_ESR1,QHEI1,100.3,168.3,24.0,2442.0,4677.0,125.8,167.3,-1.7,1340.7,38.0,31.2
2026-07-03,ALVIN_ESR1,QSUE74,8.3,5.5,24.0,34.0,159.0,6.3,8.1,0.0,43.2,38.0,31.2
2026-07-03,ANCHOR_ESR1,QENE11,35.2,41.9,24.0,400.0,1187.0,19.3,28.3,-5.3,313.3,38.0,31.2
2026-07-03,ANCHOR_ESR2,QENE11,36.0,52.7,24.0,798.0,1478.0,31.6,36.6,-5.5,346.1,38.0,31.2
2026-07-03,ANDMDSLR_ESR1,QIPLU2,81.9,151.5,24.0,1226.0,4177.0,101.9,188.0,64.2,572.9,38.0,31.2
2026-07-03,ANDMDSLR_ESR2,QIPLU2,78.1,144.6,24.0,3387.0,3987.0,152.0,177.2,0.9,298.4,38.0,31.2
2026-07-03,ANEM_ESS_ESR1,QSUE53,200.0,456.5,24.0,7261.0,12201.0,361.2,420.1,-29.0,1607.0,38.0,31.2
2026-07-03,ANGLETON_ESR1,QSUE74,9.9,8.3,24.0,97.0,237.0,8.3,9.9,-0.0,58.7,38.0,31.2
2026-07-03,ANG_SLR_ESR1,QTEN26,100.0,204.8,24.0,3500.0,5579.0,143.4,136.7,-59.0,839.4,38.0,31.2
2026-07-03,ANOL_ESS_ESR1,QESVEM,240.0,520.5,24.0,11721.0,14047.0,492.8,617.3,5.8,1519.5,38.0,31.2
2026-07-03,ANTL_ESS_ESR1,QSU100,70.0,169.5,24.0,2712.0,4477.0,188.1,207.0,-9.6,492.5,38.0,31.2
2026-07-03,ARY_BESS_ESR1,QTEN32,20.0,8.5,24.0,-482.0,250.0,0.0,42.3,3.4,0.0,38.0,31.2
2026-07-03,AVIL_ESS_ESR1,QSU100,160.0,371.4,24.0,6407.0,9006.0,346.5,406.9,4.1,735.5,38.0,31.2
2026-07-03,AZURE_ESR1,QENEL6,77.6,126.9,24.0,2716.0,3533.0,107.7,120.2,-26.5,592.9,38.0,31.2
2026-07-03,BATCAVE_ESR1,QSUE74,100.5,106.6,24.0,619.0,3032.0,53.0,88.2,0.2,229.0,38.0,31.2
2026-07-03,BAY_CITY_ESR1,QTEN24,9.9,11.2,24.0,0.0,238.0,0.2,0.2,-0.0,82.8,38.0,31.2
2026-07-03,BCK_ESR1,QHEI5,123.5,315.5,24.0,6320.0,8240.0,279.1,327.7,0.0,0.0,38.0,31.2
2026-07-03,BCK_ESR2,QHEI5,126.5,320.3,24.0,6540.0,8383.0,284.2,329.1,0.0,0.0,38.0,31.2
2026-07-03,BCNV_ESS_ESR1,QSHE11,149.9,300.0,24.0,3767.0,8198.0,149.2,76.0,-101.0,1684.9,38.0,31.2
2026-07-03,BELD_ESR1,QJPEM,6.0,9.8,24.0,103.0,274.0,5.7,10.7,3.9,66.5,38.0,31.2
2026-07-03,BEXAR_ES_ESR1,QTEN32,100.0,100.0,24.0,2827.0,2851.0,85.5,18.8,-63.2,948.0,38.0,31.2
2026-07-03,BIG_STAR_ESR1,QECNR,80.0,108.0,24.0,2554.0,3041.0,108.2,130.9,5.2,0.0,38.0,31.2
2026-07-03,BKSL_ESS_ESR1,QESVEM,100.0,210.9,24.0,5246.0,5720.0,196.4,231.2,0.8,650.0,38.0,31.2
2026-07-03,BLACKSPR_ESR1,QBROO2,120.0,281.5,24.0,6563.0,7486.0,276.0,248.3,-69.1,1119.9,38.0,31.2
2026-07-03,BLSUMMIT_ESR1,QFPL12,30.0,9.7,24.0,18.0,288.0,4.8,9.5,-0.1,0.0,38.0,31.2
2026-07-03,BLSUMMIT_ESR2,QFPL48,150.0,450.0,24.0,11112.0,11195.0,483.0,561.3,0.0,0.0,38.0,31.2
2026-07-03,BLUEJAY_ESR1,QENEL7,50.0,86.2,24.0,2256.0,2390.0,78.4,66.1,-24.7,351.3,38.0,31.2
2026-07-03,BLVN_SLR_ESR1,QSHEL8,180.0,360.0,24.0,6655.0,9844.0,303.3,253.2,-106.6,1475.6,38.0,31.2
2026-07-03,BOCO_ESS_ESR1,QTEN28,150.2,365.0,24.0,8184.0,9636.0,328.7,400.6,0.0,1560.5,38.0,31.2
2026-07-03,BRAZORIA_ESR1,QSUE74,9.9,9.6,24.0,109.0,275.0,8.9,10.4,-0.0,46.4,38.0,31.2
2026-07-03,BR_ARROW_ESR1,QECNR,48.3,93.8,24.0,2197.0,2571.0,87.3,101.6,0.3,97.7,38.0,31.2
2026-07-03,BR_ARROW_ESR2,QECNR,51.7,100.4,24.0,2259.0,2752.0,90.5,104.8,-0.5,0.0,38.0,31.2
2026-07-03,BYP_ESR1,QEXELO,200.1,450.0,24.0,10884.0,12071.0,473.7,568.0,0.0,0.0,38.0,31.2
2026-07-03,BYRDR_ES_ESR1,QHABIT,50.0,59.4,24.0,825.0,1681.0,38.5,49.3,3.0,611.6,38.0,31.2
2026-07-03,CACH_ESS_ESR1,QSU100,200.0,470.7,24.0,8934.0,12505.0,458.6,537.3,-2.4,839.9,38.0,31.2
2026-07-03,CAMWIND_ESR1,QTEN26,16.4,32.5,24.0,300.0,888.0,22.1,20.0,-7.7,189.0,38.0,31.2
2026-07-03,CARA_ESS_ESR1,QHEI8,98.3,196.7,24.0,2587.0,5375.0,104.7,110.0,-9.4,0.0,38.0,31.2
2026-07-03,CARN_ESS_ESR1,QSU100,150.0,323.6,24.0,5717.0,8741.0,345.1,381.3,-17.5,891.0,38.0,31.2
2026-07-03,CARRIZO_ESR1,QTEN30,10.0,12.6,24.0,197.0,357.0,14.3,10.4,-5.7,90.8,38.0,31.2
2026-07-03,CARTWHL_ESR1,QECNR,150.0,284.8,24.0,6938.0,7827.0,269.5,315.8,-1.1,0.0,38.0,31.2
2026-07-03,CASL_GAP_ESR1,QLUMN1,4.0,4.3,24.0,101.0,124.0,4.2,0.8,-3.5,0.0,38.0,31.2
2026-07-03,CAST_ESS_ESR1,QSUE79,200.0,416.8,24.0,6098.0,11324.0,415.7,490.4,-0.0,871.2,38.0,31.2
2026-07-03,CATARINA_ESR1,QBEEP1,9.9,10.7,24.0,188.0,257.0,5.7,0.6,-6.0,143.7,38.0,31.2
2026-07-03,CFLAT_ES_ESR1,QTEN26,100.0,200.0,24.0,5681.0,5455.0,166.4,18.4,-161.2,0.0,38.0,31.2
2026-07-03,CHIL_SLR_ESR1,QSUE88,150.0,323.1,24.0,4341.0,8732.0,369.5,439.0,-3.9,902.5,38.0,31.2
2026-07-03,CITRUSCY_ESR1,QPROLO,9.9,21.2,24.0,1.0,389.0,0.5,0.6,-0.7,188.5,38.0,31.2
2026-07-03,CLO_ESR1,QMEA1,100.0,201.9,24.0,1048.0,5511.0,92.4,175.8,59.4,1747.6,38.0,31.2
2026-07-03,CLO_ESR2,QMEA1,100.0,201.4,24.0,999.0,5500.0,91.9,180.4,56.4,1728.9,38.0,31.2
2026-07-03,CNLY_ESS_ESR1,QSUE76,120.2,227.5,24.0,4195.0,6253.0,337.7,388.8,8.6,2386.4,38.0,31.2
2026-07-03,CNTRY_ESR1,QPROLO,9.8,20.3,24.0,575.0,382.0,17.8,2.7,-18.6,146.2,38.0,31.2
2026-07-03,CNTYRDS_ESR1,QTEN26,10.0,24.7,24.0,371.0,649.0,24.2,25.9,-1.0,0.0,38.0,31.2
2026-07-03,CORALSLR_ESR1,QNGRE1,48.4,58.3,24.0,1344.0,1652.0,56.4,59.2,-0.7,585.1,38.0,31.2
2026-07-03,CORALSLR_ESR2,QNGRE1,52.2,58.3,24.0,1335.0,1657.0,57.0,59.9,-2.0,622.0,38.0,31.2
2026-07-03,CORAZON_ESR1,QHEI4,200.0,254.0,24.0,-954.0,7175.0,208.3,266.5,12.0,2399.0,38.0,31.2
2026-07-03,CROSSETT_ESR1,QJPEM1,100.0,101.5,24.0,1576.0,2892.0,70.7,108.1,27.0,736.7,38.0,31.2
2026-07-03,CROSSETT_ESR2,QJPEM1,100.0,101.7,24.0,1541.0,2897.0,68.6,106.6,26.5,858.1,38.0,31.2
2026-07-03,CROSSTRL_ESR1,QGRIE4,57.0,114.0,24.0,1394.0,3116.0,84.8,106.3,2.9,49.1,38.0,31.2
2026-07-03,CR_ESR1,QPROLO,9.8,20.4,24.0,556.0,389.0,17.1,2.2,-19.1,143.0,38.0,31.2
2026-07-03,CS_ESR1,QTEN26,7.0,14.6,24.0,292.0,381.0,10.1,2.7,-8.6,138.4,38.0,31.2
2026-07-03,CTW_ESR1,QTOTL5,150.0,183.3,24.0,2871.0,5188.0,179.1,228.7,-0.2,1078.4,38.0,31.2
2026-07-03,DAN_ESR1,QTOTL4,75.3,106.3,24.0,1714.0,2988.0,85.6,112.6,11.8,717.3,38.0,31.2
2026-07-03,DAN_ESR2,QTOTL4,71.7,102.4,24.0,1383.0,2875.0,83.6,115.8,13.6,581.6,38.0,31.2
2026-07-03,DA_ESR1,QSHE16,4.0,9.5,24.0,197.0,251.0,6.8,4.2,-3.8,12.4,38.0,31.2
2026-07-03,DCSES_ESR1,QLUMN,66.5,66.4,24.0,718.0,1893.0,30.5,18.4,-30.3,244.5,38.0,31.2
2026-07-03,DCSES_ESR2,QLUMN,66.5,66.4,24.0,704.0,1893.0,30.4,18.9,-32.4,245.1,38.0,31.2
2026-07-03,DCSES_ESR3,QLUMN,61.4,57.4,24.0,598.0,1641.0,25.6,17.1,-25.7,216.1,38.0,31.2
2026-07-03,DCSES_ESR4,QLUMN,63.5,63.4,24.0,962.0,1808.0,27.6,3.7,-26.2,234.9,38.0,31.2
2026-07-03,DESN_ESS_ESR1,QSUE79,200.0,451.6,24.0,6783.0,12095.0,439.1,522.5,-1.7,870.3,38.0,31.2
2026-07-03,DGFS_ESR_ESR1,QTEN26,75.1,64.0,24.0,1650.0,1836.0,102.6,108.3,-20.8,103.7,38.0,31.2
2026-07-03,DICKNSON_ESR1,QSUE74,9.9,7.8,24.0,69.0,225.0,7.1,8.5,-0.0,55.2,38.0,31.2
2026-07-03,DKNS_ESS_ESR1,QSUE74,50.0,46.3,24.0,861.0,1324.0,70.3,80.5,1.7,204.7,38.0,31.2
2026-07-03,DKNS_ESS_ESR2,QSUE74,50.0,47.8,24.0,840.0,1364.0,68.6,80.5,-0.4,199.1,38.0,31.2
2026-07-03,DKNS_ESS_ESR3,QSUE74,50.0,48.5,24.0,885.0,1383.0,73.8,85.0,2.2,211.6,38.0,31.2
2026-07-03,DKNS_ESS_ESR4,QSUE74,50.0,46.7,24.0,887.0,1335.0,69.8,78.8,-0.7,204.6,38.0,31.2
2026-07-03,DPCRK_ESR1,QTEN26,8.7,17.6,24.0,405.0,438.0,16.3,18.9,0.0,0.0,38.0,31.2
2026-07-03,DSWL_ESS_ESR1,QPHIL3,150.0,333.0,24.0,6380.0,8947.0,311.5,401.9,9.3,1225.2,38.0,31.2
2026-07-03,EBNY_ESS_ESR1,QSUE52,200.0,458.5,24.0,7579.0,12244.0,374.3,448.5,-9.5,1502.3,38.0,31.2
2026-07-03,ELMCRK_ESR1,QMP2M1,9.9,25.9,24.0,435.0,581.0,17.0,17.2,-2.2,26.4,38.0,31.2
2026-07-03,ELM_ST_ESR1,QTEN26,8.0,16.5,24.0,154.0,449.0,14.9,16.9,-0.2,0.0,38.0,31.2
2026-07-03,ELM_ST_ESR2,QSYSO,9.9,18.0,24.0,610.0,497.0,24.7,19.2,-8.7,36.1,38.0,31.2
2026-07-03,ELSA_ESR1,QTEN24,9.9,10.6,24.0,-35.0,232.0,1.0,5.7,4.5,61.7,38.0,31.2
2026-07-03,ELZA_SLR_ESR1,QENE16,83.6,116.6,24.0,1183.0,3278.0,63.2,103.0,-21.7,406.4,38.0,31.2
2026-07-03,EMPCT_ESR1,QTEN24,9.9,13.1,24.0,-12.0,258.0,0.1,1.8,1.8,72.3,38.0,31.2
2026-07-03,ENDPARKS_ESR1,QGRIE4,50.0,102.4,24.0,731.0,2788.0,59.3,71.4,-1.0,362.9,38.0,31.2
2026-07-03,ESTONIAN_ESR1,QENE14,101.6,154.3,24.0,4067.0,4318.0,158.1,181.4,-0.4,401.5,38.0,31.2
2026-07-03,EUNICE_ESR1,QTENSK,19.0,20.0,24.0,27.0,401.0,4.6,8.4,-1.2,334.1,38.0,31.2
2026-07-03,EVLN_ESS_ESR1,QSHE15,193.0,336.8,24.0,6100.0,9333.0,293.4,225.2,-108.8,0.0,38.0,31.2
2026-07-03,E_HARRIS_ESR1,QTEN26,10.0,20.1,24.0,-47.0,420.0,21.4,25.6,0.2,0.0,38.0,31.2
2026-07-03,FALFUR_ESR2,QTEN30,10.0,12.6,24.0,20.0,224.0,2.5,2.9,-0.3,117.1,38.0,31.2
2026-07-03,FENCESLR_ESR1,QENE13,64.8,106.2,24.0,1383.0,2956.0,59.6,73.9,-0.2,393.8,38.0,31.2
2026-07-03,FERD_ESS_ESR1,QCPSE,200.0,950.0,24.0,6300.0,17823.0,406.8,469.1,-65.8,573.9,38.0,31.2
2026-07-03,FIVEWSLR_ESR1,QSUE61,220.0,250.0,24.0,3385.0,7092.0,218.9,299.3,0.8,777.7,38.0,31.2
2026-07-03,FLAT_TOP_ESR1,QSHEL2,7.1,13.1,20.7,134.0,361.0,10.2,10.9,-0.6,37.1,38.0,31.2
2026-07-03,FLAT_TOP_ESR2,QJPEM,9.9,17.3,24.0,143.0,479.0,8.4,17.3,7.5,116.0,38.0,31.2
2026-07-03,FLOWERII_ESR1,QJPEM,100.0,195.9,24.0,1450.0,5366.0,83.7,174.0,80.4,1229.7,38.0,31.2
2026-07-03,FORTMA_ESR1,QTEN30,10.0,12.6,24.0,251.0,356.0,8.8,2.1,-7.6,117.0,38.0,31.2
2026-07-03,FRMRSVLW_ESR2,QTEN26,6.0,14.7,24.0,278.0,387.0,11.4,8.3,-4.6,101.5,38.0,31.2
2026-07-03,FTDUNCAN_ESR1,QTEN26,100.0,205.7,24.0,3047.0,5600.0,94.3,29.5,-73.8,2016.1,38.0,31.2
2026-07-03,GAIA_SLR_ESR1,QTEN26,75.0,150.0,24.0,3507.0,4099.0,135.4,165.2,-0.1,0.0,38.0,31.2
2026-07-03,GAMBIT_ESR1,QSUE23,100.0,147.8,24.0,2217.0,4140.0,126.2,161.4,2.3,509.4,38.0,31.2
2026-07-03,GARCENO_ESR1,QTEN24,9.9,9.8,24.0,-0.0,223.0,0.1,0.2,-0.0,65.2,38.0,31.2
2026-07-03,GEORSO_ESR1,QEDIS9,9.8,8.1,24.0,101.0,231.0,8.2,10.7,0.1,12.7,38.0,31.2
2026-07-03,GIGA_ESS_ESR1,QSUE55,108.9,199.3,24.0,4333.0,5496.0,243.2,189.0,-85.6,1558.7,38.0,31.2
2026-07-03,GKS_BESS_ESR1,QTEN26,82.3,152.1,24.0,3089.0,4183.0,98.2,18.9,-119.8,560.0,38.0,31.2
2026-07-03,GODY_SLR_ESR1,QTEN26,50.9,189.4,24.0,2759.0,4280.0,133.2,171.4,13.7,0.0,38.0,31.2
2026-07-03,GOODWIN_ESR1,QTEN30,8.9,12.7,10.9,-10.0,274.0,0.6,1.4,-1.4,49.9,38.0,31.2
2026-07-03,GRIZZLY_ESR1,QPRIO1,9.9,10.0,0.0,0.0,285.0,0.0,-0.0,0.0,0.0,38.0,31.2
2026-07-03,HAMILTON_ESR1,QBEEP1,9.9,10.7,24.0,45.0,186.0,1.7,0.7,-1.5,147.3,38.0,31.2
2026-07-03,HEADCAMP_ESR1,QTEN34,150.0,300.0,24.0,6176.0,8199.0,259.8,287.1,-36.7,0.0,38.0,31.2
2026-07-03,HEARN_RD_ESR1,QTEN30,10.0,12.7,24.0,369.0,353.0,11.9,3.1,-10.0,0.0,38.0,31.2
2026-07-03,HEIGHTTN_ESR1,QSUE74,9.9,8.3,24.0,91.0,238.0,8.8,10.6,0.0,49.2,38.0,31.2
2026-07-03,HEN_ESR1,QECNR,150.0,279.8,24.0,6563.0,7703.0,260.7,297.7,-0.9,0.0,38.0,31.2
2026-07-03,HEN_ESR2,QECNR,148.6,260.5,24.0,84.0,969.0,8.8,5.5,-21.9,0.0,38.0,31.2
2026-07-03,HI_LONEB_ESR1,QENEL1,50.0,66.9,24.0,1384.0,1885.0,57.8,69.1,-5.0,603.4,38.0,31.2
2026-07-03,HLY_ESR1,QHEI1,102.2,172.9,24.0,1941.0,4803.0,130.1,192.1,9.9,1528.7,38.0,31.2
2026-07-03,HLY_ESR2,QHEI1,101.8,167.9,24.0,1945.0,4673.0,124.0,180.2,8.3,1549.0,38.0,31.2
2026-07-03,HMNG_ESS_ESR1,QMEA8,99.8,222.0,24.0,1303.0,5963.0,87.5,155.8,39.7,1988.0,38.0,31.2
2026-07-03,HOUSEMTN_ESR1,QJPEM,60.0,127.6,24.0,822.0,3456.0,62.0,125.7,37.9,937.0,38.0,31.2
2026-07-03,HWY6_ESR1,QTEN26,9.9,24.7,24.0,357.0,648.0,30.7,32.9,-1.0,0.0,38.0,31.2
2026-07-03,HYDR_ESS_ESR1,QSUE74,200.0,192.8,24.0,3417.0,5504.0,191.3,234.8,4.8,754.2,38.0,31.2
2026-07-03,INDL_ESR1,QECNR,9.9,4.2,24.0,60.0,126.0,2.1,0.4,-2.9,0.0,38.0,31.2
2026-07-03,INRT_W_ESR1,QFPL32,13.0,46.7,24.0,725.0,1071.0,32.0,41.1,-0.1,0.0,38.0,31.2
2026-07-03,JADE_SLR_ESR1,QIPLUM,77.6,144.3,24.0,3038.0,3972.0,129.0,165.7,10.0,306.1,38.0,31.2
2026-07-03,JADE_SLR_ESR2,QIPLUM,81.9,155.7,24.0,3193.0,4281.0,136.1,179.5,15.2,305.7,38.0,31.2
2026-07-03,JAG_SLR_ESR1,QLCRA,150.0,300.0,24.0,6352.0,8199.0,311.8,353.5,-21.6,865.0,38.0,31.2
2026-07-03,JAG_SLR_ESR2,QMITS2,150.0,301.0,24.0,7535.0,8222.0,293.9,349.2,-0.3,0.0,38.0,31.2
2026-07-03,JAR_ESR1,QHEI1,117.5,227.4,24.0,2674.0,6237.0,140.2,166.4,-2.9,1837.0,38.0,31.2
2026-07-03,JAR_ESR2,QHEI1,157.0,291.0,24.0,4068.0,8017.0,195.3,231.0,-2.0,2317.8,38.0,31.2
2026-07-03,JUNCTION_ESR1,QBEEP1,9.9,10.7,24.0,-25.0,257.0,2.8,2.2,-1.1,141.7,38.0,31.2
2026-07-03,JUNORTH_ESR1,QTEN26,9.9,22.0,24.0,-267.0,592.0,13.0,19.9,-0.9,0.0,38.0,31.2
2026-07-03,K0_ESR1,QSUE74,9.9,9.7,24.0,116.0,273.0,9.2,11.1,0.0,56.2,38.0,31.2
2026-07-03,LANTANA_ESR1,QTEN26,9.9,20.1,24.0,316.0,513.0,15.4,16.4,-1.4,0.0,38.0,31.2
2026-07-03,LAURELES_ESR1,QTEN30,10.0,11.4,24.0,30.0,309.0,4.0,8.5,3.1,29.7,38.0,31.2
2026-07-03,LBRA_ESS_ESR1,QSUE48,200.0,200.0,23.7,1411.0,5702.0,128.1,196.0,1.5,584.7,38.0,31.2
2026-07-03,LIGSW_ESR1,QPROLO,6.0,6.8,24.0,117.0,192.0,6.0,8.1,0.1,84.6,38.0,31.2
2026-07-03,LILY_ESR1,QENEL5,50.0,71.8,24.0,760.0,2016.0,28.6,34.1,-0.8,477.4,38.0,31.2
2026-07-03,LMO_ESR1,QSHEL2,99.8,243.5,24.0,3117.0,6424.0,289.9,361.4,12.4,2358.5,38.0,31.2
2026-07-03,LON_ESR1,QTEN26,174.0,348.0,24.0,3857.0,9530.0,307.5,363.0,-2.5,2075.6,38.0,31.2
2026-07-03,LOPENO_ESR1,QSUE74,9.9,9.8,24.0,58.0,275.0,9.4,11.2,0.3,75.7,38.0,31.2
2026-07-03,LOWR_ESS_ESR1,QEDI10,53.6,100.2,24.0,1834.0,2762.0,96.5,114.0,0.5,68.0,38.0,31.2
2026-07-03,LUCKYBLU_ESR1,QBROO1,102.0,221.1,24.0,3897.0,5967.0,139.2,75.4,-91.0,1322.1,38.0,31.2
2026-07-03,L_463S_ESR1,QSUE74,9.9,7.3,24.0,98.0,209.0,8.7,10.3,0.0,58.6,38.0,31.2
2026-07-03,L_FRESNO_ESR1,QTEN24,9.9,11.1,24.0,4.0,237.0,0.2,0.1,-0.0,99.5,38.0,31.2
2026-07-03,MADERO_ESR1,QTEN25,100.0,265.4,24.0,1673.0,6866.0,130.8,237.4,65.9,269.3,38.0,31.2
2026-07-03,MADERO_ESR2,QTEN25,100.0,262.2,24.0,1636.0,6804.0,128.7,236.6,64.9,267.2,38.0,31.2
2026-07-03,MAGNO_TN_ESR1,QSUE74,8.3,6.4,24.0,61.0,184.0,5.4,7.2,-0.8,26.7,38.0,31.2
2026-07-03,MAYBERRY_ESR1,QTEN24,9.9,10.6,24.0,2.0,232.0,0.2,0.2,-0.0,69.9,38.0,31.2
2026-07-03,MAYBERRY_ESR2,QTEN24,9.9,12.0,24.0,2.0,247.0,0.2,0.1,-0.0,123.5,38.0,31.2
2026-07-03,MESQUITE_ESR1,QTEN26,10.0,19.8,24.0,345.0,513.0,17.0,10.3,-9.5,0.0,38.0,31.2
2026-07-03,MIDP_SLR_ESR1,QTEN26,50.0,90.0,24.0,2157.0,2487.0,85.6,112.5,-0.4,0.0,38.0,31.2
2026-07-03,MIDWY_ESR1,QPROLO,9.9,10.5,24.0,248.0,272.0,10.3,11.5,-0.0,119.8,38.0,31.2
2026-07-03,MOORE_FL_ESR1,QTEN30,9.5,11.4,24.0,96.0,241.0,6.5,6.6,-1.0,0.0,38.0,31.2
2026-07-03,MUENSTER_ESR1,QTEN30,9.0,12.6,24.0,108.0,354.0,4.7,6.0,0.5,60.0,38.0,31.2
2026-07-03,MUSTNGCK_ESR1,QENE10,71.0,112.1,24.0,3037.0,3129.0,101.8,57.7,-64.6,610.6,38.0,31.2
2026-07-03,MU_ESR1,QTEN26,9.9,19.5,24.0,310.0,534.0,11.7,5.3,-8.4,138.8,38.0,31.2
2026-07-03,MYR_ESR1,QTOTL5,74.4,102.2,24.0,2328.0,2875.0,92.8,110.8,-2.0,577.3,38.0,31.2
2026-07-03,MYR_ESR2,QTOTL5,71.7,109.2,24.0,1453.0,3058.0,85.5,119.9,16.0,680.3,38.0,31.2
2026-07-03,NCO_ESR1,QSHEL2,41.9,58.2,24.0,1208.0,1635.0,37.6,8.5,-32.4,246.4,38.0,31.2
2026-07-03,NF_BRP_ESR1,QSUE74,100.5,105.8,24.0,456.0,3011.0,54.0,92.6,0.4,213.4,38.0,31.2
2026-07-03,NOBLESLR_ESR1,QNGREN,61.4,51.2,24.0,1297.0,1471.0,53.7,56.5,-0.2,332.7,38.0,31.2
2026-07-03,NOBLESLR_ESR2,QNGREN,62.5,54.4,24.0,1366.0,1558.0,57.1,60.8,-0.2,359.4,38.0,31.2
2026-07-03,NWF_ESR1,QDUKER,11.5,1.8,24.0,-193.0,55.0,0.9,9.7,0.0,48.2,38.0,31.2
2026-07-03,N_ALAMO_ESR1,QTEN24,9.9,10.6,24.0,-4.0,232.0,0.5,1.7,1.2,70.5,38.0,31.2
2026-07-03,N_MERCED_ESR1,QTEN24,9.9,10.6,24.0,0.0,232.0,0.2,0.2,-0.0,78.4,38.0,31.2
2026-07-03,ODESW_ESR1,QSUE74,9.9,5.9,24.0,96.0,170.0,8.3,9.7,-0.7,40.0,38.0,31.2
2026-07-03,PAD1_ESS_ESR1,QCPSE,50.0,122.0,24.0,1513.0,3217.0,78.6,87.0,-10.9,103.6,38.0,31.2
2026-07-03,PAD2_ESS_ESR2,QCPSE,150.0,600.0,24.0,8955.0,12902.0,342.1,281.9,-118.2,139.8,38.0,31.2
2026-07-03,PALACIOS_ESR1,QTEN30,7.5,11.4,24.0,187.0,264.0,6.2,1.7,-5.9,0.0,38.0,31.2
2026-07-03,PALE_ESS_ESR1,QSUE74,200.0,190.3,24.0,1756.0,5436.0,161.8,267.7,59.0,860.2,38.0,31.2
2026-07-03,PAVO_ESS_ESR1,QSUE74,87.5,84.3,24.0,1709.0,2405.0,100.7,112.8,0.0,396.7,38.0,31.2
2026-07-03,PAVO_ESS_ESR2,QSUE74,87.5,84.0,24.0,1739.0,2397.0,97.1,109.9,0.4,393.2,38.0,31.2
2026-07-03,PEARSALL_ESR1,QTEN26,9.9,19.8,24.0,448.0,379.0,15.5,8.2,-11.2,84.6,38.0,31.2
2026-07-03,PHO_ESR1,QENE15,150.0,238.8,24.0,4723.0,6660.0,222.9,159.1,-101.2,909.9,38.0,31.2
2026-07-03,PHO_ESR2,QENE15,150.0,246.9,24.0,4793.0,6870.0,221.5,157.6,-115.4,939.2,38.0,31.2
2026-07-03,PINEFRST_ESR1,QTEN21,200.0,400.0,24.0,6970.0,10932.0,356.8,392.6,-31.3,27.5,38.0,31.2
2026-07-03,PIN_BESS_ESR1,QTEN34,200.0,400.0,24.0,6827.0,10932.0,269.1,188.3,-122.6,0.0,38.0,31.2
2026-07-03,PIRATE_ESR1,QTEN30,10.0,12.6,24.0,72.0,340.0,6.5,5.3,-2.1,104.4,38.0,31.2
2026-07-03,PLATINUM_ESR1,QSUE80,148.3,323.4,24.0,6058.0,8719.0,315.5,353.1,-30.1,652.0,38.0,31.2
2026-07-03,PLATINUM_ESR2,QSUE80,151.7,326.9,24.0,5655.0,8834.0,294.7,328.9,-33.7,699.7,38.0,31.2
2026-07-03,PRCRK_ESR1,QTEN24,9.9,13.1,24.0,-3.0,258.0,0.3,0.5,0.2,75.2,38.0,31.2
2026-07-03,PRTLAVS_ESR1,QSTEC3,3.7,3.1,24.0,-2.0,85.0,0.1,0.2,-0.6,24.7,38.0,31.2
2026-07-03,PUEBLO_ESR1,QSUE74,8.3,7.4,24.0,94.0,209.0,6.4,7.8,-0.1,48.3,38.0,31.2
2026-07-03,PUEBLO_ESR2,QSUE74,9.9,9.8,24.0,105.0,275.0,7.0,9.1,0.1,51.7,38.0,31.2
2026-07-03,PYOTE_ESR1,QJPEM,9.0,14.5,24.0,85.0,405.0,5.8,12.4,5.8,119.2,38.0,31.2
2026-07-03,PYR_ESR1,QECNR,9.9,4.2,24.0,60.0,126.0,2.1,0.5,-2.6,0.0,38.0,31.2
2026-07-03,PYR_ESR2,QECNR,15.1,13.6,24.0,218.0,389.0,9.9,12.9,0.1,11.5,38.0,31.2
2026-07-03,PYR_ESR3,QECNR,15.1,13.6,24.0,249.0,389.0,10.9,13.5,0.0,10.3,38.0,31.2
2026-07-03,QTUM_SLR_ESR1,QTEN33,160.0,296.7,24.0,-132.0,8173.0,0.0,5.8,-0.0,0.0,38.0,31.2
2026-07-03,QTUM_SLR_ESR2,QTEN33,160.0,280.8,24.0,-141.0,7780.0,0.0,6.2,-0.2,0.0,38.0,31.2
2026-07-03,QUEEN_BA_ESR1,QENEL2,50.0,77.5,24.0,1807.0,2161.0,65.2,45.9,-33.7,824.0,38.0,31.2
2026-07-03,RADN_SLR_ESR1,QIPRAD,78.1,141.2,24.0,64.0,3900.0,104.7,168.0,52.6,1381.1,38.0,31.2
2026-07-03,RADN_SLR_ESR2,QIPRAD,81.9,150.7,24.0,2759.0,4155.0,230.2,281.0,26.9,1376.7,38.0,31.2
2026-07-03,RBN_ESR1,QTEN19,100.0,123.7,24.0,1595.0,3500.0,97.4,144.0,-2.7,279.3,38.0,31.2
2026-07-03,RHA_ESR1,QTEN19,202.0,447.0,24.0,10046.0,12006.0,355.7,114.7,-284.1,0.0,38.0,31.2
2026-07-03,RIO_GRAN_ESR1,QTEN24,9.9,9.8,24.0,5.0,223.0,0.3,0.0,-0.0,70.5,38.0,31.2
2026-07-03,RIO_GRAN_ESR2,QPROLO,9.9,14.5,24.0,-11.0,272.0,0.2,0.8,-0.2,114.8,38.0,31.2
2026-07-03,ROSELAND_ESR1,QENEL9,50.0,86.1,24.0,1882.0,2388.0,73.3,83.5,-7.6,437.6,38.0,31.2
2026-07-03,RPUBRDS_ESR1,QSHEL2,50.0,59.2,24.0,1133.0,1679.0,55.9,75.0,-0.3,177.7,38.0,31.2
2026-07-03,RRANCHES_ESR1,QSUE51,150.0,345.8,24.0,5153.0,9224.0,226.3,257.4,-24.3,1219.9,38.0,31.2
2026-07-03,RRANCHES_ESR2,QSUE51,150.0,345.0,24.0,5302.0,9207.0,223.5,233.2,-43.1,1048.3,38.0,31.2
2026-07-03,RRC_WIND_ESR1,QFPL35,75.1,225.0,24.0,5807.0,5600.0,252.8,269.5,-18.2,0.0,38.0,31.2
2026-07-03,RRC_WIND_ESR2,QFPL35,70.1,225.0,24.0,5321.0,5555.0,231.2,261.2,-8.3,0.0,38.0,31.2
2026-07-03,RUSSEKST_ESR1,QBEEP1,9.9,10.7,24.0,55.0,257.0,3.0,1.4,-1.9,146.3,38.0,31.2
2026-07-03,RVRVLYS_ESR1,QSHEL2,50.0,114.3,24.0,2390.0,3055.0,160.0,127.2,-63.6,1092.1,38.0,31.2
2026-07-03,RVRVLYS_ESR2,QSHEL2,50.0,114.3,24.0,2050.0,3055.0,151.6,130.2,-62.3,1077.4,38.0,31.2
2026-07-03,SEVNF_ES_ESR1,QTEN37,100.0,228.2,24.0,231.0,6098.0,52.5,80.2,4.2,795.6,38.0,31.2
2026-07-03,SE_EDINB_ESR1,QGRIDB,10.1,24.7,24.0,-11.0,475.0,0.0,0.5,-0.4,0.0,38.0,31.2
2026-07-03,SGAL_BES_ESR1,QJPEM,100.0,200.3,24.0,1449.0,5474.0,104.9,204.1,57.5,1387.7,38.0,31.2
2026-07-03,SGAL_BES_ESR2,QJPEM2,100.0,203.2,24.0,1562.0,5540.0,110.2,202.1,62.4,1499.6,38.0,31.2
2026-07-03,SGSA_ESR1,QAMA1,9.9,23.6,24.0,2.0,513.0,0.9,0.9,-0.3,75.0,38.0,31.2
2026-07-03,SHAMROCK_ESR1,QFPL40,99.3,297.9,24.0,6606.0,7411.0,297.8,346.5,0.4,0.0,38.0,31.2
2026-07-03,SHEEPCRK_ESR1,QSUE70,135.0,172.9,24.0,417.0,4882.0,155.1,221.1,3.3,671.5,38.0,31.2
2026-07-03,SLCNHLS_ESR1,QSHEL2,50.0,59.5,24.0,1626.0,1684.0,54.0,15.8,-46.9,305.5,38.0,31.2
2026-07-03,SLCNHLS_ESR2,QSHEL2,50.0,58.6,24.0,1607.0,1659.0,53.0,15.9,-45.6,298.8,38.0,31.2
2026-07-03,SMTH_ESS_ESR1,QSUE77,108.2,215.1,24.0,3885.0,5885.0,263.5,268.2,-26.5,1651.2,38.0,31.2
2026-07-03,SOLC_SLR_ESR1,QTEN33,160.0,212.2,24.0,-89.0,5981.0,0.0,3.9,1.6,0.0,38.0,31.2
2026-07-03,SOLC_SLR_ESR2,QTEN33,160.0,76.9,24.0,-126.0,2266.0,0.0,5.6,75.5,0.0,38.0,31.2
2026-07-03,SPTX12B_ESR1,QEDIS9,22.3,18.5,24.0,302.0,531.0,18.7,22.9,-0.0,23.6,38.0,31.2
2026-07-03,SP_ESR1,QTEN26,9.9,19.7,24.0,377.0,475.0,12.0,2.3,-12.7,92.9,38.0,31.2
2026-07-03,STADIUM_ESR1,QTEN26,9.9,19.8,24.0,-11.0,540.0,2.0,2.8,-1.7,0.0,38.0,31.2
2026-07-03,STAM_SLR_ESR1,QENE12,70.0,125.0,24.0,1877.0,3457.0,75.9,88.1,-4.6,562.8,38.0,31.2
2026-07-03,STRG_SLR_ESR1,QECNR,79.4,172.3,24.0,2677.0,4665.0,115.1,130.3,-0.6,0.0,38.0,31.2
2026-07-03,SUNVASLR_ESR1,QSUE38,53.3,53.2,24.0,635.0,1518.0,46.0,60.6,-1.1,174.7,38.0,31.2
2026-07-03,SUNVASLR_ESR2,QSUE38,46.7,46.8,24.0,529.0,1333.0,40.1,52.1,-1.2,154.8,38.0,31.2
2026-07-03,SWEENY_ESR1,QSUE74,9.9,9.3,24.0,125.0,262.0,8.6,10.2,0.2,47.1,38.0,31.2
2026-07-03,SWOOSEII_ESR1,QMEA5,100.2,191.4,24.0,2852.0,5257.0,121.0,139.1,-43.3,1711.5,38.0,31.2
2026-07-03,SWTWR_ESR1,QTEN26,7.4,17.3,24.0,261.0,426.0,10.5,12.2,0.0,7.3,38.0,31.2
2026-07-03,S_SNROSA_ESR1,QTEN24,9.9,10.9,24.0,1.0,235.0,0.2,0.2,-0.1,91.3,38.0,31.2
2026-07-03,TBWF_ESS_ESR1,QTEN29,150.0,342.0,24.0,3612.0,9143.0,146.6,105.1,-104.8,840.9,38.0,31.2
2026-07-03,TDWLPR_1_ESR1,QMEA6,100.0,226.7,24.0,1677.0,6067.0,93.4,164.5,46.9,1970.6,38.0,31.2
2026-07-03,TDWLPR_1_ESR2,QMEA6,100.0,216.1,24.0,1737.0,5837.0,95.0,164.7,44.4,1882.8,38.0,31.2
2026-07-03,TNFS_ESR1,QSYSO,9.9,18.0,24.0,545.0,497.0,23.7,15.1,-11.1,53.7,38.0,31.2
2026-07-03,TORT_ESS_ESR1,QSUE74,50.0,40.1,18.5,532.0,1154.0,41.5,51.5,0.4,160.1,38.0,31.2
2026-07-03,TSECA_ES_ESR1,QTEN36,100.0,238.2,24.0,2922.0,6312.0,119.2,57.3,-89.4,458.6,38.0,31.2
2026-07-03,TURQBESS_ESR1,QHEI3,190.0,361.0,24.0,5519.0,9922.0,266.1,337.7,29.0,2811.0,38.0,31.2
2026-07-03,TV_ESR1,QAETE1,10.0,22.4,24.0,129.0,601.0,4.5,2.2,-8.7,158.4,38.0,31.2
2026-07-03,UTOPIA_ESR1,QTEN30,9.5,12.7,24.0,252.0,358.0,10.1,8.0,-4.1,0.0,38.0,31.2
2026-07-03,VERT_ESS_ESR1,QNRGTX,166.9,330.1,24.0,-607.0,9032.0,0.0,27.0,-14.6,0.0,38.0,31.2
2026-07-03,VORTEX_ESR1,QENEL8,121.8,200.0,24.0,5487.0,5567.0,213.8,149.9,-104.0,934.9,38.0,31.2
2026-07-03,WAL_ESR1,QSUE92,200.0,400.0,24.0,6894.0,10932.0,557.9,574.7,-55.9,3300.1,38.0,31.2
2026-07-03,WCOLLOCL_ESR1,QHABIT,8.4,3.1,24.0,-8.0,92.0,0.1,0.5,-0.6,94.4,38.0,31.2
2026-07-03,WFTANK_ESR1,QTEN28,150.0,169.5,24.0,2874.0,4813.0,160.4,226.0,14.3,1647.8,38.0,31.2
2026-07-03,WIG_ESS_ESR1,QHEI1,120.0,187.0,24.0,2926.0,5224.0,146.5,200.7,2.3,1658.7,38.0,31.2
2026-07-03,WOVER_ESR1,QTEN26,5.3,12.9,24.0,294.0,342.0,11.0,10.8,-1.9,0.9,38.0,31.2
2026-07-03,WR_ESR1,QAETEL,9.9,22.4,24.0,73.0,586.0,3.3,2.1,-2.0,151.0,38.0,31.2
2026-07-03,WZRD_ESS_ESR1,QTEN26,150.1,324.0,24.0,3356.0,8751.0,91.1,0.0,-107.3,1880.0,38.0,31.2
2026-07-03,W_HARLIN_ESR1,QTEN24,9.9,10.6,24.0,5.0,232.0,0.3,0.1,-0.0,88.3,38.0,31.2
2026-07-03,X4_ESR1,QCPSE,10.0,8.5,24.0,111.0,244.0,6.5,8.0,-0.1,18.9,38.0,31.2
2026-07-03,Z0_ESR1,QTEN26,9.9,8.1,24.0,-51.0,223.0,4.7,10.9,0.0,0.0,38.0,31.2
2026-07-03,ZAPATA_ESR1,QSUE74,9.9,9.4,24.0,86.0,266.0,9.8,11.3,-0.4,71.2,38.0,31.2
2026-07-03,ZAPATA_ESR2,QSUE74,9.9,9.5,24.0,87.0,267.0,8.8,9.9,-0.8,71.1,38.0,31.2
2026-07-03,ZIER_SLR_ESR1,QTEN19,40.0,80.0,24.0,1407.0,2185.0,49.9,31.6,-33.3,413.1,38.0,31.2
2026-07-02,ABINDUST_ESR1,QMP2M1,9.9,25.9,23.1,-35.0,323.0,8.9,11.7,2.0,0.0,34.7,18.8
2026-07-02,ADL_ESR1,QTEN26,60.0,58.5,24.0,-1449.0,908.0,0.0,79.5,59.8,412.0,34.7,18.8
2026-07-02,AE_ESR1,QTEN26,9.9,19.5,24.0,-278.0,262.0,3.4,18.7,13.3,116.2,34.7,18.8
2026-07-02,ALAMO_ST_ESR1,QSYSO,9.9,18.0,24.0,-63.0,246.0,10.8,20.8,7.6,50.5,34.7,18.8
2026-07-02,ALP_BESS_ESR1,QHEI1,100.3,167.8,24.0,341.0,2335.0,113.9,157.8,3.2,1351.1,34.7,18.8
2026-07-02,ALVIN_ESR1,QSUE74,8.3,5.5,24.0,1.0,93.0,6.2,7.7,0.1,47.8,34.7,18.8
2026-07-02,ANCHOR_ESR1,QENE11,35.2,46.4,24.0,-140.0,676.0,20.3,31.2,5.4,439.3,34.7,18.8
2026-07-02,ANCHOR_ESR2,QENE11,36.0,52.7,24.0,-156.0,753.0,25.7,42.8,7.5,484.6,34.7,18.8
2026-07-02,ANDMDSLR_ESR1,QIPLU2,81.9,147.8,24.0,1455.0,2025.0,145.7,162.8,2.5,895.0,34.7,18.8
2026-07-02,ANDMDSLR_ESR2,QIPLU2,78.1,144.6,24.0,1491.0,1974.0,145.7,160.9,-0.6,853.6,34.7,18.8
2026-07-02,ANEM_ESS_ESR1,QSUE53,200.0,456.5,24.0,1018.0,5970.0,353.8,452.4,19.7,1855.4,34.7,18.8
2026-07-02,ANGLETON_ESR1,QSUE74,9.9,8.3,24.0,20.0,133.0,8.5,10.1,0.0,65.7,34.7,18.8
2026-07-02,ANG_SLR_ESR1,QTEN26,100.0,211.0,24.0,-1279.0,2805.0,98.8,229.1,77.3,457.5,34.7,18.8
2026-07-02,ANOL_ESS_ESR1,QESVEM,240.0,514.8,24.0,4700.0,6821.0,499.3,617.5,2.1,1360.9,34.7,18.8
2026-07-02,ANTL_ESS_ESR1,QSU100,70.0,169.8,22.0,1130.0,2189.0,151.4,183.4,8.2,335.2,34.7,18.8
2026-07-02,ARY_BESS_ESR1,QTEN32,20.0,5.2,24.0,-183.0,117.0,10.8,18.7,-0.2,0.0,34.7,18.8
2026-07-02,AVIL_ESS_ESR1,QSU100,160.0,371.4,24.0,2820.0,4526.0,343.7,389.7,-9.6,846.1,34.7,18.8
2026-07-02,AZURE_ESR1,QENEL6,77.6,126.9,24.0,-69.0,1774.0,86.4,152.0,32.2,490.5,34.7,18.8
2026-07-02,BATCAVE_ESR1,QSUE74,100.5,107.9,24.0,-186.0,1640.0,50.6,83.3,0.9,308.8,34.7,18.8
2026-07-02,BAY_CITY_ESR1,QTEN24,9.9,11.2,24.0,-54.0,124.0,0.2,3.5,2.9,72.3,34.7,18.8
2026-07-02,BCK_ESR1,QHEI5,123.5,315.5,24.0,2867.0,4020.0,280.1,324.6,-7.3,0.0,34.7,18.8
2026-07-02,BCK_ESR2,QHEI5,126.5,320.3,24.0,2753.0,4090.0,286.6,339.7,-0.0,0.0,34.7,18.8
2026-07-02,BCNV_ESS_ESR1,QSHE11,149.9,300.0,24.0,-5466.0,4029.0,55.9,363.2,257.0,1223.7,34.7,18.8
2026-07-02,BELD_ESR1,QJPEM,7.5,10.1,20.9,69.0,147.0,9.2,11.2,0.2,66.3,34.7,18.8
2026-07-02,BEXAR_ES_ESR1,QTEN32,100.0,100.0,24.0,-1959.0,1544.0,6.5,108.5,62.5,919.0,34.7,18.8
2026-07-02,BIG_STAR_ESR1,QECNR,80.0,109.2,24.0,-41.0,1580.0,1.3,2.6,-5.5,0.0,34.7,18.8
2026-07-02,BKSL_ESS_ESR1,QESVEM,100.0,211.2,24.0,2357.0,2807.0,198.8,225.6,-5.3,617.0,34.7,18.8
2026-07-02,BLACKSPR_ESR1,QBROO2,120.0,281.6,24.0,-65.0,3659.0,200.8,312.4,71.2,829.7,34.7,18.8
2026-07-02,BLSUMMIT_ESR1,QFPL12,30.0,9.7,24.0,-33.0,202.0,5.3,9.9,0.1,0.0,34.7,18.8
2026-07-02,BLSUMMIT_ESR2,QFPL48,150.0,450.0,24.0,3975.0,5456.0,468.8,588.9,-4.0,0.0,34.7,18.8
2026-07-02,BLUEJAY_ESR1,QENEL7,50.0,86.2,24.0,-129.0,1192.0,51.7,95.2,25.0,254.2,34.7,18.8
2026-07-02,BLVN_SLR_ESR1,QSHEL8,180.0,360.0,24.0,-6068.0,4840.0,164.0,429.4,187.9,998.8,34.7,18.8
2026-07-02,BOCO_ESS_ESR1,QTEN28,150.1,365.0,24.0,3032.0,4705.0,326.1,390.6,0.0,1644.0,34.7,18.8
2026-07-02,BRAZORIA_ESR1,QSUE74,9.9,9.7,24.0,27.0,150.0,12.7,14.7,0.1,65.1,34.7,18.8
2026-07-02,BR_ARROW_ESR1,QECNR,48.3,93.5,24.0,844.0,1264.0,80.1,93.3,0.0,126.6,34.7,18.8
2026-07-02,BR_ARROW_ESR2,QECNR,51.7,100.4,24.0,1029.0,1356.0,88.7,99.8,-2.3,0.0,34.7,18.8
2026-07-02,BYP_ESR1,QEXELO,200.0,450.0,24.0,4244.0,5910.0,479.7,567.3,-10.2,0.0,34.7,18.8
2026-07-02,BYRDR_ES_ESR1,QHABIT,50.0,59.5,24.0,357.0,885.0,45.2,56.6,0.7,554.2,34.7,18.8
2026-07-02,CACH_ESS_ESR1,QSU100,200.0,471.0,24.0,3682.0,6114.0,438.9,506.8,-6.3,1019.7,34.7,18.8
2026-07-02,CAMWIND_ESR1,QTEN26,16.4,33.5,24.0,-265.0,449.0,16.3,35.5,14.6,124.8,34.7,18.8
2026-07-02,CARA_ESS_ESR1,QHEI8,98.3,196.7,22.8,172.0,2642.0,75.0,72.3,45.2,0.0,34.7,18.8
2026-07-02,CARN_ESS_ESR1,QSU100,149.9,310.8,24.0,1415.0,4145.0,285.8,361.1,23.7,855.5,34.7,18.8
2026-07-02,CARRIZO_ESR1,QTEN30,10.0,12.6,24.0,-158.0,186.0,1.8,11.7,8.0,79.1,34.7,18.8
2026-07-02,CARTWHL_ESR1,QECNR,150.0,284.3,24.0,3249.0,3859.0,270.0,308.4,0.8,0.0,34.7,18.8
2026-07-02,CASL_GAP_ESR1,QLUMN1,3.9,4.3,24.0,-91.0,66.0,0.3,5.9,4.2,0.0,34.7,18.8
2026-07-02,CAST_ESS_ESR1,QSUE79,200.0,416.8,24.0,2431.0,5554.0,399.4,484.2,10.1,890.8,34.7,18.8
2026-07-02,CATARINA_ESR1,QBEEP1,9.9,10.7,24.0,-181.0,136.0,0.1,9.7,9.3,108.6,34.7,18.8
2026-07-02,CEDRVALE_ESR1,QBEEP1,9.9,10.7,24.0,-164.0,136.0,0.1,9.1,8.4,119.9,34.7,18.8
2026-07-02,CFLAT_ES_ESR1,QTEN26,100.0,200.0,24.0,-4442.0,2679.0,10.6,241.1,182.2,0.0,34.7,18.8
2026-07-02,CHERRYCR_ESR1,QBEEP1,9.9,10.7,24.0,-139.0,136.0,0.3,8.3,8.3,121.1,34.7,18.8
2026-07-02,CHIL_SLR_ESR1,QSUE88,150.0,323.1,24.0,-1051.0,4278.0,298.8,371.9,6.1,662.1,34.7,18.8
2026-07-02,CISC_ESR1,QBEEP1,9.9,10.7,24.0,-163.0,136.0,0.1,6.8,6.4,154.1,34.7,18.8
2026-07-02,CITRUSCY_ESR1,QPROLO,9.9,21.0,24.0,-384.0,197.0,0.3,19.9,20.5,139.0,34.7,18.8
2026-07-02,CLO_ESR1,QMEA1,100.0,201.7,24.0,1860.0,2705.0,138.3,136.5,-40.5,1801.6,34.7,18.8
2026-07-02,CLO_ESR2,QMEA1,100.0,201.4,24.0,1977.0,2702.0,138.4,130.5,-49.0,1817.5,34.7,18.8
2026-07-02,CNLY_ESS_ESR1,QSUE76,125.0,227.7,20.0,1146.0,3115.0,285.8,340.3,-0.8,1888.3,34.7,18.8
2026-07-02,CNTRY_ESR1,QPROLO,9.8,20.3,24.0,-409.0,195.0,0.1,21.1,19.1,130.4,34.7,18.8
2026-07-02,CNTYRDS_ESR1,QTEN26,9.9,24.7,24.0,13.0,316.0,16.5,18.9,0.2,0.0,34.7,18.8
2026-07-02,CORALSLR_ESR1,QNGRE1,48.4,58.3,24.0,229.0,866.0,53.9,61.5,0.3,433.6,34.7,18.8
2026-07-02,CORALSLR_ESR2,QNGRE1,52.2,58.3,24.0,202.0,879.0,54.0,63.0,1.3,465.7,34.7,18.8
2026-07-02,CORAZON_ESR1,QHEI4,200.0,254.0,24.0,-1428.0,3728.0,227.3,287.3,5.6,1509.7,34.7,18.8
2026-07-02,COTULLA_ESR1,QGRIDB,10.1,1.3,14.1,240.0,29.0,29.6,27.7,0.0,0.0,34.7,18.8
2026-07-02,COYOTSPR_ESR1,QBEEP1,9.9,10.7,24.0,-158.0,136.0,0.1,8.8,8.5,116.1,34.7,18.8
2026-07-02,CROSSETT_ESR1,QJPEM1,100.0,101.5,24.0,927.0,1562.0,93.2,106.2,-3.0,1211.6,34.7,18.8
2026-07-02,CROSSETT_ESR2,QJPEM1,100.0,101.7,24.0,913.0,1564.0,90.9,103.3,-1.5,1206.2,34.7,18.8
2026-07-02,CROSSTRL_ESR1,QGRIE4,57.0,114.0,24.0,358.0,1531.0,89.0,112.0,-8.3,118.5,34.7,18.8
2026-07-02,CR_ESR1,QPROLO,9.8,20.1,24.0,-250.0,255.0,0.7,14.6,19.1,136.4,34.7,18.8
2026-07-02,CS_ESR1,QTEN26,7.0,14.6,24.0,-162.0,189.0,1.7,10.3,7.7,120.4,34.7,18.8
2026-07-02,CTW_ESR1,QTOTL5,150.0,181.2,24.0,1237.0,2685.0,180.1,228.7,2.2,787.2,34.7,18.8
2026-07-02,DAN_ESR1,QTOTL4,75.3,106.3,24.0,338.0,1529.0,97.4,113.8,4.3,598.6,34.7,18.8
2026-07-02,DAN_ESR2,QTOTL4,71.7,102.4,24.0,527.0,1469.0,97.3,107.9,-3.2,553.3,34.7,18.8
2026-07-02,DA_ESR1,QSHE16,4.0,9.7,24.0,-51.0,125.0,3.5,9.4,6.1,5.5,34.7,18.8
2026-07-02,DCSES_ESR1,QLUMN,66.5,66.4,24.0,-1227.0,1026.0,0.1,61.5,38.8,244.6,34.7,18.8
2026-07-02,DCSES_ESR2,QLUMN,66.5,66.4,24.0,-1999.0,1026.0,63.7,134.7,39.6,156.8,34.7,18.8
2026-07-02,DCSES_ESR3,QLUMN,61.4,57.4,24.0,-1117.0,901.0,0.1,55.5,33.0,216.3,34.7,18.8
2026-07-02,DCSES_ESR4,QLUMN,63.5,63.4,24.0,-774.0,980.0,0.9,43.1,34.3,237.1,34.7,18.8
2026-07-02,DESN_ESS_ESR1,QSUE79,200.0,455.3,24.0,2185.0,5958.0,432.9,533.8,14.3,886.9,34.7,18.8
2026-07-02,DGFS_ESR_ESR1,QTEN26,75.3,64.0,24.0,-337.0,1023.0,51.6,95.5,20.8,67.6,34.7,18.8
2026-07-02,DIBOL_ESR1,QBEEP1,9.9,10.7,24.0,-195.0,136.0,0.6,9.2,6.3,151.9,34.7,18.8
2026-07-02,DICKNSON_ESR1,QSUE74,9.9,7.8,24.0,10.0,127.0,10.0,11.8,0.0,70.6,34.7,18.8
2026-07-02,DKNS_ESS_ESR1,QSUE74,50.0,47.2,24.0,47.0,738.0,56.8,70.2,0.3,218.1,34.7,18.8
2026-07-02,DKNS_ESS_ESR2,QSUE74,50.0,48.6,24.0,71.0,755.0,57.7,70.8,0.5,222.4,34.7,18.8
2026-07-02,DKNS_ESS_ESR3,QSUE74,50.0,49.0,24.0,83.0,760.0,57.6,70.4,0.3,220.4,34.7,18.8
2026-07-02,DKNS_ESS_ESR4,QSUE74,50.0,47.9,24.0,79.0,746.0,56.6,69.2,0.4,213.9,34.7,18.8
2026-07-02,DPCRK_ESR1,QTEN26,8.8,17.6,24.0,249.0,222.0,16.5,15.0,-0.0,0.0,34.7,18.8
2026-07-02,DSWL_ESS_ESR1,QPHIL3,150.0,332.6,24.0,2471.0,4378.0,335.5,406.8,-11.6,1350.1,34.7,18.8
2026-07-02,EBNY_ESS_ESR1,QSUE52,200.0,458.5,24.0,1868.0,5990.0,393.0,478.4,20.4,1778.3,34.7,18.8
2026-07-02,ELMCRK_ESR1,QMP2M1,9.9,25.9,24.0,-58.0,293.0,5.3,8.6,2.4,0.0,34.7,18.8
2026-07-02,ELM_ST_ESR1,QTEN26,8.0,16.5,24.0,274.0,220.0,14.4,6.7,-8.6,0.0,34.7,18.8
2026-07-02,ELM_ST_ESR2,QSYSO,9.9,18.0,24.0,-44.0,246.0,10.1,19.0,5.7,42.8,34.7,18.8
2026-07-02,ELSA_ESR1,QTEN24,9.9,10.6,24.0,48.0,125.0,5.8,6.2,0.0,51.5,34.7,18.8
2026-07-02,EMPCT_ESR1,QTEN24,9.9,13.1,24.0,-139.0,131.0,1.7,10.2,10.0,48.6,34.7,18.8
2026-07-02,ENDPARKS_ESR1,QGRIE4,50.0,102.4,24.0,-213.0,1369.0,31.2,42.6,-0.4,378.1,34.7,18.8
2026-07-02,ESTONIAN_ESR1,QENE14,101.6,168.3,20.5,4241.0,2347.0,164.9,45.3,-140.9,958.8,34.7,18.8
2026-07-02,EUNICE_ESR1,QTENSK,19.0,20.0,24.0,-259.0,205.0,3.9,17.8,8.6,240.8,34.7,18.8
2026-07-02,EVLN_ESS_ESR1,QSHE15,196.7,292.2,23.1,-1998.0,4162.0,136.6,345.3,177.1,0.0,34.7,18.8
2026-07-02,E_HARRIS_ESR1,QTEN26,9.9,20.1,24.0,-170.0,210.0,6.6,18.5,9.8,0.0,34.7,18.8
2026-07-02,FALFUR_ESR1,QBEEP1,9.9,10.7,24.0,-178.0,136.0,0.2,7.5,6.6,153.6,34.7,18.8
2026-07-02,FALFUR_ESR2,QTEN30,10.0,12.6,24.0,-114.0,116.0,2.2,8.6,5.1,94.1,34.7,18.8
2026-07-02,FAULKNER_ESR1,QBEEP1,9.9,10.7,24.0,-162.0,136.0,0.1,8.9,8.4,119.2,34.7,18.8
2026-07-02,FENCESLR_ESR1,QENE13,64.9,98.8,24.0,609.0,1401.0,60.1,69.7,5.6,720.6,34.7,18.8
2026-07-02,FERD_ESS_ESR1,QCPSE,200.0,950.0,24.0,6239.0,9045.0,349.9,225.4,-191.8,789.6,34.7,18.8
2026-07-02,FIVEWSLR_ESR1,QSUE61,220.0,250.0,24.0,-1279.0,3754.0,318.9,394.8,26.7,1013.5,34.7,18.8
2026-07-02,FLAT_TOP_ESR1,QSHEL2,7.1,12.9,24.0,-150.0,177.0,1.7,11.2,9.1,44.2,34.7,18.8
2026-07-02,FLAT_TOP_ESR2,QJPEM,9.9,11.8,24.0,207.0,175.0,14.3,12.3,0.0,127.4,34.7,18.8
2026-07-02,FLOWERII_ESR1,QJPEM,100.0,195.9,24.0,1144.0,2642.0,144.8,178.8,17.4,1426.9,34.7,18.8
2026-07-02,FORTMA_ESR1,QTEN30,10.0,12.6,24.0,-201.0,185.0,1.3,12.0,9.7,54.9,34.7,18.8
2026-07-02,FRMRSVLW_ESR1,QBEEP1,9.9,10.7,24.0,-158.0,136.0,0.6,7.3,6.0,153.4,34.7,18.8
2026-07-02,FRMRSVLW_ESR2,QTEN26,6.0,14.7,24.0,18.0,189.0,7.1,11.1,2.4,100.3,34.7,18.8
2026-07-02,FTDUNCAN_ESR1,QTEN26,100.0,206.2,24.0,-2989.0,2753.0,3.1,179.0,118.7,1705.1,34.7,18.8
2026-07-02,GAIA_SLR_ESR1,QTEN26,75.0,150.0,22.4,1358.0,2016.0,135.5,165.0,-0.8,0.0,34.7,18.8
2026-07-02,GAMBIT_ESR1,QSUE23,100.0,146.0,24.0,1055.0,2081.0,140.6,167.3,-9.9,689.2,34.7,18.8
2026-07-02,GARCENO_ESR1,QTEN24,9.9,9.8,24.0,-147.0,118.0,0.1,8.5,6.2,46.9,34.7,18.8
2026-07-02,GEORSO_ESR1,QEDIS9,9.8,8.1,24.0,53.0,129.0,11.1,13.3,-0.2,14.4,34.7,18.8
2026-07-02,GIGA_ESS_ESR1,QSUE55,109.4,199.5,24.0,-1426.0,2727.0,127.2,230.1,80.4,1750.2,34.7,18.8
2026-07-02,GKS_BESS_ESR1,QTEN26,82.1,153.1,24.0,-2791.0,2094.0,0.5,154.9,117.9,437.0,34.7,18.8
2026-07-02,GOMZ_ESR1,QBEEP1,9.9,10.7,24.0,-158.0,136.0,0.1,8.9,8.5,119.4,34.7,18.8
2026-07-02,GOODWIN_ESR1,QTEN30,10.0,12.7,24.0,-88.0,143.0,2.0,6.2,5.1,62.1,34.7,18.8
2026-07-02,GRDNE_ESR1,QBEEP1,9.9,10.7,24.0,-156.0,136.0,0.1,8.7,8.0,123.2,34.7,18.8
2026-07-02,GRIZZLY_ESR1,QPRIO1,9.9,10.0,0.0,0.0,154.0,0.0,-0.0,0.0,0.0,34.7,18.8
2026-07-02,HAMILTON_ESR1,QBEEP1,9.9,10.7,24.0,-173.0,136.0,0.1,9.7,8.7,113.9,34.7,18.8
2026-07-02,HEADCAMP_ESR1,QTEN34,150.0,300.0,24.0,728.0,4031.0,213.8,309.8,37.5,0.0,34.7,18.8
2026-07-02,HEARN_RD_ESR1,QTEN30,10.0,12.7,24.0,-193.0,180.0,2.3,13.8,10.0,0.0,34.7,18.8
2026-07-02,HEIGHTTN_ESR1,QSUE74,9.9,8.3,24.0,22.0,133.0,9.5,11.1,0.0,56.9,34.7,18.8
2026-07-02,HEN_ESR1,QECNR,150.0,279.8,24.0,2675.0,3809.0,319.0,353.2,-0.7,0.0,34.7,18.8
2026-07-02,HEN_ESR2,QECNR,151.0,263.9,23.9,-2399.0,3638.0,62.0,197.7,76.7,0.0,34.7,18.8
2026-07-02,HI_LONEB_ESR1,QENEL1,50.0,70.6,24.0,593.0,1015.0,57.9,61.0,5.5,499.1,34.7,18.8
2026-07-02,HLY_ESR1,QHEI1,102.2,172.9,24.0,291.0,2401.0,116.0,167.2,-0.4,1526.9,34.7,18.8
2026-07-02,HLY_ESR2,QHEI1,101.8,167.9,24.0,186.0,2343.0,110.0,162.3,2.6,1540.0,34.7,18.8
2026-07-02,HMNG_ESS_ESR1,QMEA8,99.8,222.0,24.0,-148.0,2920.0,124.1,229.2,73.1,1375.4,34.7,18.8
2026-07-02,HOLCOMB_ESR1,QBEEP1,9.9,10.7,24.0,-149.0,136.0,0.2,6.3,5.5,155.7,34.7,18.8
2026-07-02,HOUSEMTN_ESR1,QJPEM,60.0,127.6,24.0,150.0,1693.0,89.3,136.6,23.3,1007.7,34.7,18.8
2026-07-02,HWY6_ESR1,QTEN26,9.9,24.7,24.0,22.0,316.0,13.9,16.3,0.6,0.0,34.7,18.8
2026-07-02,HYDR_ESS_ESR1,QSUE74,200.0,192.4,24.0,1156.0,2994.0,193.2,237.0,1.4,798.7,34.7,18.8
2026-07-02,INDL_ESR1,QECNR,9.9,4.2,24.0,-90.0,82.0,0.0,4.9,4.1,0.0,34.7,18.8
2026-07-02,INRT_W_ESR1,QFPL32,13.0,46.7,24.0,262.0,527.0,31.8,41.2,-0.1,0.0,34.7,18.8
2026-07-02,JADE_SLR_ESR1,QIPLUM,77.6,144.3,24.0,716.0,1962.0,157.8,192.9,8.6,366.7,34.7,18.8
2026-07-02,JADE_SLR_ESR2,QIPLUM,81.9,155.7,24.0,695.0,2113.0,171.5,209.9,8.1,388.1,34.7,18.8
2026-07-02,JAG_SLR_ESR1,QLCRA,150.0,300.0,24.0,1688.0,4029.0,268.0,345.1,21.6,799.0,34.7,18.8
2026-07-02,JAG_SLR_ESR2,QMITS2,150.0,300.1,24.0,2961.0,4031.0,289.2,348.6,0.0,0.0,34.7,18.8
2026-07-02,JAR_ESR1,QHEI1,117.5,225.4,24.0,360.0,3052.0,143.9,172.7,4.3,1730.5,34.7,18.8
2026-07-02,JAR_ESR2,QHEI1,157.0,291.0,24.0,1013.0,3967.0,190.1,231.3,7.4,2224.8,34.7,18.8
2026-07-02,JDKNS_ESR1,QBEEP1,9.9,10.7,24.0,-154.0,136.0,0.2,8.7,8.0,123.0,34.7,18.8
2026-07-02,JUNCTION_ESR1,QBEEP1,9.9,10.7,24.0,-96.0,136.0,2.4,6.3,3.4,152.5,34.7,18.8
2026-07-02,JUNORTH_ESR1,QTEN26,9.9,22.0,9.7,-49.0,290.0,2.3,4.1,0.7,0.0,34.7,18.8
2026-07-02,K0_ESR1,QSUE74,9.9,9.7,24.0,31.0,143.0,9.1,11.3,0.1,50.4,34.7,18.8
2026-07-02,LANTANA_ESR1,QTEN26,9.9,20.1,24.0,65.0,257.0,13.6,17.9,1.4,0.0,34.7,18.8
2026-07-02,LBRA_ESS_ESR1,QSUE48,200.0,200.0,24.0,219.0,3088.0,133.8,191.5,-11.5,572.5,34.7,18.8
2026-07-02,LFSTH_ESR1,QBEEP1,9.9,10.7,24.0,-155.0,136.0,0.7,7.2,6.0,155.3,34.7,18.8
2026-07-02,LIGSW_ESR1,QPROLO,6.0,6.8,24.0,35.0,102.0,6.1,7.9,0.2,83.0,34.7,18.8
2026-07-02,LILY_ESR1,QENEL5,50.0,71.8,24.0,223.0,1030.0,27.7,36.6,2.1,649.6,34.7,18.8
2026-07-02,LMO_ESR1,QSHEL2,99.9,243.5,24.0,2703.0,3136.0,367.5,367.9,-64.3,2182.3,34.7,18.8
2026-07-02,LONESTAR_ESR1,QBEEP1,9.9,10.7,24.0,-155.0,136.0,0.1,8.7,8.4,121.0,34.7,18.8
2026-07-02,LON_ESR1,QTEN26,174.0,348.0,24.0,164.0,4689.0,210.8,293.9,14.8,2075.1,34.7,18.8
2026-07-02,LOPENO_ESR1,QSUE74,9.9,9.8,14.7,12.0,144.0,8.6,10.3,0.3,46.6,34.7,18.8
2026-07-02,LOWR_ESS_ESR1,QEDI10,55.2,103.3,24.0,663.0,1405.0,107.6,121.8,5.7,78.2,34.7,18.8
2026-07-02,LUCKYBLU_ESR1,QBROO1,102.0,221.0,24.0,-3319.0,2923.0,46.4,232.2,149.1,841.9,34.7,18.8
2026-07-02,L_463S_ESR1,QSUE74,9.9,7.3,24.0,23.0,115.0,8.1,9.8,0.2,59.1,34.7,18.8
2026-07-02,L_FRESNO_ESR1,QTEN24,9.9,11.1,24.0,-67.0,124.0,0.3,4.2,3.7,84.1,34.7,18.8
2026-07-02,MADERO_ESR1,QTEN25,100.0,259.2,24.0,945.0,3289.0,184.4,248.6,33.3,238.4,34.7,18.8
2026-07-02,MADERO_ESR2,QTEN25,100.0,249.8,24.0,996.0,3200.0,191.5,254.4,33.7,241.4,34.7,18.8
2026-07-02,MAGNO_TN_ESR1,QSUE74,8.3,6.5,24.0,17.0,106.0,6.7,8.0,0.1,43.5,34.7,18.8
2026-07-02,MAINLAND_ESR1,QBEEP1,9.9,10.7,24.0,-176.0,136.0,0.1,7.8,6.5,156.4,34.7,18.8
2026-07-02,MAYBERRY_ESR1,QTEN24,9.9,10.6,24.0,-67.0,122.0,0.2,4.2,3.6,61.8,34.7,18.8
2026-07-02,MAYBERRY_ESR2,QTEN24,9.9,12.0,24.0,-63.0,127.0,0.3,4.0,3.6,101.0,34.7,18.8
2026-07-02,MESQUITE_ESR1,QTEN26,9.9,19.8,24.0,-279.0,257.0,8.1,21.5,12.8,0.0,34.7,18.8
2026-07-02,MIDP_SLR_ESR1,QTEN26,50.0,90.0,24.0,705.0,1235.0,86.6,113.0,-0.4,0.0,34.7,18.8
2026-07-02,MIDWY_ESR1,QPROLO,9.9,10.5,24.0,85.0,142.0,10.9,13.1,0.1,116.9,34.7,18.8
2026-07-02,MNWLE_ESR1,QBEEP1,9.9,10.7,24.0,-160.0,136.0,0.2,6.8,6.1,154.5,34.7,18.8
2026-07-02,MOORE_FL_ESR1,QTEN30,10.0,11.4,24.0,-94.0,125.0,6.6,14.3,4.6,0.0,34.7,18.8
2026-07-02,MUENSTER_ESR1,QTEN30,9.5,12.6,24.0,-22.0,183.0,5.5,11.1,3.2,39.0,34.7,18.8
2026-07-02,MUSTNGCK_ESR1,QENE10,71.0,112.1,24.0,-1421.0,1578.0,48.1,136.5,72.5,405.5,34.7,18.8
2026-07-02,MU_ESR1,QTEN26,9.9,19.5,24.0,-280.0,263.0,3.9,18.1,13.6,137.2,34.7,18.8
2026-07-02,MV_VALV4_ESR1,QBEEP1,9.9,10.7,24.0,-148.0,136.0,0.1,6.2,5.6,155.4,34.7,18.8
2026-07-02,MYR_ESR1,QTOTL5,74.3,106.3,24.0,811.0,1527.0,95.5,113.5,2.4,727.1,34.7,18.8
2026-07-02,MYR_ESR2,QTOTL5,71.7,109.2,24.0,1017.0,1549.0,102.8,116.7,0.6,719.8,34.7,18.8
2026-07-02,NCO_ESR1,QSHEL2,48.9,58.2,24.0,-939.0,866.0,9.4,66.0,36.8,206.7,34.7,18.8
2026-07-02,NF_BRP_ESR1,QSUE74,100.5,107.9,24.0,-83.0,1640.0,57.7,89.3,-5.7,307.9,34.7,18.8
2026-07-02,NOBLESLR_ESR1,QNGREN,61.4,51.2,24.0,596.0,822.0,50.6,54.5,-0.4,304.4,34.7,18.8
2026-07-02,NOBLESLR_ESR2,QNGREN,62.5,54.4,24.0,594.0,865.0,55.6,62.7,-0.7,336.1,34.7,18.8
2026-07-02,NWF_ESR1,QDUKER,11.5,1.8,24.0,-244.0,43.0,0.9,10.6,0.1,56.0,34.7,18.8
2026-07-02,N_ALAMO_ESR1,QTEN24,9.9,10.6,24.0,-31.0,122.0,2.8,5.6,2.5,61.4,34.7,18.8
2026-07-02,N_MERCED_ESR1,QTEN24,9.9,10.6,24.0,-63.0,122.0,0.4,4.2,3.6,69.4,34.7,18.8
2026-07-02,ODESW_ESR1,QSUE74,9.9,5.9,24.0,21.0,97.0,7.5,9.1,-0.0,43.2,34.7,18.8
2026-07-02,OLNEYTN_ESR1,QBEEP1,9.9,10.7,24.0,-85.0,136.0,2.0,5.0,2.5,158.6,34.7,18.8
2026-07-02,PAD1_ESS_ESR1,QCPSE,50.0,122.0,24.0,1045.0,1571.0,61.7,46.8,-30.6,243.3,34.7,18.8
2026-07-02,PAD2_ESS_ESR2,QCPSE,150.0,600.0,24.0,-1972.0,6413.0,253.2,507.8,167.7,107.7,34.7,18.8
2026-07-02,PALACIOS_ESR1,QTEN30,7.5,11.4,24.0,-167.0,136.0,1.0,8.0,6.3,0.0,34.7,18.8
2026-07-02,PALE_ESS_ESR1,QSUE74,200.0,193.7,24.0,211.0,3010.0,209.9,256.7,-1.5,774.1,34.7,18.8
2026-07-02,PALMVIEW_ESR1,QGRIDB,10.1,24.7,14.1,297.0,235.0,32.6,28.9,0.0,0.0,34.7,18.8
2026-07-02,PAULN_ESR1,QBEEP1,9.9,10.7,24.0,-152.0,136.0,0.7,7.1,5.8,153.9,34.7,18.8
2026-07-02,PAVLOV_ESR1,QBEEP1,9.9,10.7,24.0,-154.0,136.0,0.2,6.5,5.7,155.0,34.7,18.8
2026-07-02,PAVO_ESS_ESR1,QSUE74,87.5,85.6,24.0,553.0,1328.0,92.6,110.4,-0.4,387.4,34.7,18.8
2026-07-02,PAVO_ESS_ESR2,QSUE74,87.5,84.6,24.0,544.0,1315.0,91.2,109.8,-0.1,385.7,34.7,18.8
2026-07-02,PEARSALL_ESR1,QTEN26,9.9,19.8,24.0,-181.0,187.0,6.9,18.1,10.4,100.9,34.7,18.8
2026-07-02,PHO_ESR1,QENE15,150.0,238.8,24.0,-2603.0,3356.0,117.5,266.0,107.9,806.9,34.7,18.8
2026-07-02,PHO_ESR2,QENE15,150.0,246.9,24.0,-2842.0,3447.0,116.8,280.4,116.3,806.0,34.7,18.8
2026-07-02,PINEFRST_ESR1,QTEN21,200.0,400.0,24.0,1071.0,5373.0,321.7,451.0,55.7,197.7,34.7,18.8
2026-07-02,PIN_BESS_ESR1,QTEN34,201.1,400.0,24.0,-3148.0,5376.0,165.2,410.5,148.0,0.0,34.7,18.8
2026-07-02,PIRATE_ESR1,QTEN30,10.0,12.6,24.0,-174.0,173.0,2.2,10.5,6.9,78.2,34.7,18.8
2026-07-02,PLATINUM_ESR1,QSUE80,148.3,323.4,22.0,497.0,4271.0,249.9,362.9,46.0,656.9,34.7,18.8
2026-07-02,PLATINUM_ESR2,QSUE80,151.7,325.5,24.0,365.0,4313.0,241.5,355.2,46.7,692.8,34.7,18.8
2026-07-02,POTEETS_ESR1,QBEEP1,9.9,10.7,24.0,-165.0,136.0,0.2,7.0,6.7,153.7,34.7,18.8
2026-07-02,PRCRK_ESR1,QTEN24,9.9,13.1,24.0,-171.0,131.0,1.3,11.2,10.5,49.6,34.7,18.8
2026-07-02,PUEBLO_ESR1,QSUE74,9.9,7.4,24.0,-2.0,115.0,6.5,9.3,0.0,51.5,34.7,18.8
2026-07-02,PUEBLO_ESR2,QSUE74,9.9,9.8,24.0,24.0,144.0,7.4,9.5,0.0,55.5,34.7,18.8
2026-07-02,PYOTE_ESR1,QJPEM,9.0,10.9,24.0,144.0,163.0,10.4,9.2,0.6,126.7,34.7,18.8
2026-07-02,PYR_ESR1,QECNR,9.9,4.2,24.0,-96.0,82.0,0.0,5.3,4.0,0.0,34.7,18.8
2026-07-02,PYR_ESR2,QECNR,15.1,13.6,24.0,96.0,214.0,9.8,12.2,-0.3,16.4,34.7,18.8
2026-07-02,PYR_ESR3,QECNR,15.1,13.6,24.0,106.0,214.0,10.6,13.2,-0.2,14.8,34.7,18.8
2026-07-02,QTUM_SLR_ESR1,QTEN33,160.0,296.6,24.0,-4404.0,4043.0,0.0,170.2,46.9,0.0,34.7,18.8
2026-07-02,QTUM_SLR_ESR2,QTEN33,160.0,284.8,24.0,-4030.0,3914.0,0.0,155.1,46.7,0.0,34.7,18.8
2026-07-02,QUEEN_BA_ESR1,QENEL2,50.0,77.5,24.0,-110.0,1089.0,37.7,67.4,33.8,502.3,34.7,18.8
2026-07-02,RADN_SLR_ESR1,QIPRAD,78.1,141.1,24.0,-394.0,1934.0,98.5,162.6,49.9,1039.6,34.7,18.8
2026-07-02,RADN_SLR_ESR2,QIPRAD,81.9,150.6,24.0,1119.0,2057.0,189.6,225.1,14.3,945.6,34.7,18.8
2026-07-02,RBN_ESR1,QTEN19,100.0,120.2,24.0,-111.0,1784.0,99.0,148.6,4.2,345.0,34.7,18.8
2026-07-02,RHA_ESR1,QTEN19,200.0,447.4,24.0,-7726.0,5883.0,18.2,421.7,339.2,0.0,34.7,18.8
2026-07-02,RIO_GRAN_ESR1,QTEN24,9.9,9.8,24.0,-67.0,118.0,0.3,4.3,3.6,61.5,34.7,18.8
2026-07-02,RIO_GRAN_ESR2,QPROLO,9.9,14.5,24.0,-266.0,136.0,0.2,13.5,13.0,85.2,34.7,18.8
2026-07-02,ROSELAND_ESR1,QENEL9,50.0,86.1,24.0,-131.0,1191.0,65.9,95.4,15.6,219.5,34.7,18.8
2026-07-02,RPUBRDS_ESR1,QSHEL2,50.0,57.9,24.0,-91.0,865.0,66.9,87.7,-0.7,278.9,34.7,18.8
2026-07-02,RRANCHES_ESR1,QSUE51,150.0,345.8,24.0,649.0,4511.0,223.8,285.7,18.4,1439.4,34.7,18.8
2026-07-02,RRANCHES_ESR2,QSUE51,150.0,345.0,24.0,-114.0,4503.0,202.9,294.8,45.0,1319.9,34.7,18.8
2026-07-02,RRC_WIND_ESR1,QFPL35,75.0,225.0,24.0,3008.0,2728.0,259.2,265.7,-36.1,0.0,34.7,18.8
2026-07-02,RTLSNAKE_ESR1,QBEEP1,9.9,10.7,24.0,-160.0,136.0,0.1,9.0,8.7,117.5,34.7,18.8
2026-07-02,RUSSEKST_ESR1,QBEEP1,9.9,10.7,24.0,-168.0,136.0,0.0,8.6,7.8,122.1,34.7,18.8
2026-07-02,RVRVLYS_ESR1,QSHEL2,51.3,114.3,24.0,-1086.0,1500.0,127.4,201.0,46.7,1164.2,34.7,18.8
2026-07-02,RVRVLYS_ESR2,QSHEL2,50.9,114.3,24.0,-919.0,1498.0,131.1,196.2,44.5,1159.9,34.7,18.8
2026-07-02,SADLBACK_ESR1,QBEEP1,9.9,10.7,24.0,-160.0,136.0,0.1,8.9,8.4,120.3,34.7,18.8
2026-07-02,SANDLAKE_ESR1,QBEEP1,9.9,10.7,24.0,-155.0,136.0,0.1,8.7,8.3,120.6,34.7,18.8
2026-07-02,SBEAN_ESR1,QBEEP1,9.9,10.7,24.0,-151.0,136.0,0.1,8.4,8.4,120.6,34.7,18.8
2026-07-02,SEVNF_ES_ESR1,QTEN37,100.0,238.2,24.0,-4021.0,3084.0,43.6,254.3,146.1,308.1,34.7,18.8
2026-07-02,SE_EDINB_ESR1,QGRIDB,10.1,24.7,24.0,-7.0,235.0,0.3,0.5,-0.7,0.0,34.7,18.8
2026-07-02,SGAL_BES_ESR1,QJPEM,100.0,200.3,24.0,271.0,2690.0,149.2,223.8,37.0,1606.1,34.7,18.8
2026-07-02,SGAL_BES_ESR2,QJPEM2,100.0,203.2,24.0,394.0,2721.0,149.6,217.9,38.8,1729.5,34.7,18.8
2026-07-02,SGSA_ESR1,QAMA1,9.9,23.6,24.0,-171.0,305.0,0.9,10.6,11.3,35.6,34.7,18.8
2026-07-02,SHAMROCK_ESR1,QFPL40,99.4,297.9,24.0,2227.0,3612.0,280.9,345.8,-10.1,0.0,34.7,18.8
2026-07-02,SHEEPCRK_ESR1,QSUE70,135.0,172.9,24.0,-1046.0,2533.0,165.7,231.5,3.7,549.1,34.7,18.8
2026-07-02,SLCNHLS_ESR1,QSHEL2,50.0,59.2,24.0,-1685.0,884.0,2.9,74.8,43.9,327.9,34.7,18.8
2026-07-02,SLCNHLS_ESR2,QSHEL2,50.0,58.6,24.0,-1667.0,872.0,2.5,73.6,43.1,326.1,34.7,18.8
2026-07-02,SLK_BESS_ESR1,QTEN34,200.0,400.0,24.0,-112.0,5373.0,0.7,6.3,-16.6,0.0,34.7,18.8
2026-07-02,SMTH_ESS_ESR1,QSUE77,110.1,218.9,24.0,857.0,2946.0,178.0,241.7,26.1,1591.5,34.7,18.8
2026-07-02,SOLC_SLR_ESR1,QTEN33,96.0,177.6,24.0,-87.0,2422.0,0.0,3.4,-0.1,0.0,34.7,18.8
2026-07-02,SPTX12B_ESR1,QEDIS9,22.3,18.5,24.0,108.0,296.0,18.1,22.8,0.0,28.8,34.7,18.8
2026-07-02,SP_ESR1,QTEN26,9.9,19.7,24.0,-349.0,240.0,0.8,16.5,14.1,75.6,34.7,18.8
2026-07-02,STADIUM_ESR1,QTEN26,9.9,19.8,24.0,-8.0,265.0,2.2,2.7,1.2,0.0,34.7,18.8
2026-07-02,STAM_SLR_ESR1,QENE12,70.0,129.0,24.0,703.0,1760.0,73.3,88.3,6.5,849.0,34.7,18.8
2026-07-02,STRG_SLR_ESR1,QECNR,79.4,179.6,24.0,1080.0,2365.0,108.5,128.1,-0.4,0.0,34.7,18.8
2026-07-02,SUNVASLR_ESR1,QSUE38,53.3,53.2,24.0,121.0,822.0,41.4,55.8,1.1,200.2,34.7,18.8
2026-07-02,SUNVASLR_ESR2,QSUE38,46.7,46.8,24.0,92.0,722.0,34.3,46.9,0.8,173.7,34.7,18.8
2026-07-02,SWEENY_ESR1,QSUE74,9.9,9.3,24.0,31.0,138.0,9.3,11.1,0.1,53.6,34.7,18.8
2026-07-02,SWOOSEII_ESR1,QMEA5,100.0,190.8,24.0,-200.0,2586.0,96.3,179.4,58.9,1205.7,34.7,18.8
2026-07-02,SWTWR_ESR1,QTEN26,7.4,17.3,24.0,111.0,214.0,10.6,12.3,-0.1,4.4,34.7,18.8
2026-07-02,S_SNROSA_ESR1,QTEN24,9.9,10.9,24.0,-69.0,123.0,0.2,4.4,3.7,72.6,34.7,18.8
2026-07-02,TBWF_ESS_ESR1,QTEN29,150.0,342.0,24.0,-4622.0,4473.0,33.5,302.1,228.2,589.6,34.7,18.8
2026-07-02,TDWLPR_1_ESR1,QMEA6,100.0,223.7,24.0,107.0,2939.0,133.6,233.4,74.3,1184.7,34.7,18.8
2026-07-02,TDWLPR_1_ESR2,QMEA6,100.0,216.1,24.0,344.0,2861.0,133.6,220.7,57.2,1195.1,34.7,18.8
2026-07-02,TNFS_ESR1,QSYSO,9.9,18.0,24.0,-121.0,246.0,7.1,19.3,9.6,36.9,34.7,18.8
2026-07-02,TORT_ESS_ESR1,QSUE74,50.0,41.0,24.0,86.0,660.0,45.5,57.3,0.4,210.5,34.7,18.8
2026-07-02,TSECA_ES_ESR1,QTEN36,100.0,238.2,24.0,-4033.0,3084.0,6.8,200.1,154.6,290.1,34.7,18.8
2026-07-02,TURQBESS_ESR1,QHEI3,190.0,361.0,23.3,2864.0,4897.0,287.9,321.0,-16.1,2607.9,34.7,18.8
2026-07-02,TV_ESR1,QAETE1,10.0,22.4,24.0,-200.0,294.0,0.9,10.8,15.6,119.2,34.7,18.8
2026-07-02,TYNAN_ESR1,QBEEP1,9.9,10.7,24.0,-159.0,136.0,0.1,6.7,5.7,155.1,34.7,18.8
2026-07-02,UTOPIA_ESR1,QTEN30,9.9,12.7,24.0,-70.0,186.0,6.7,14.0,4.0,0.0,34.7,18.8
2026-07-02,VERT_ESS_ESR1,QNRGTX,199.3,383.2,24.0,-726.0,5186.0,0.0,29.1,-18.9,0.0,34.7,18.8
2026-07-02,VORTEX_ESR1,QENEL8,121.8,196.0,24.0,-2349.0,2748.0,73.9,219.3,118.0,684.2,34.7,18.8
2026-07-02,WAL_ESR1,QSUE92,200.0,400.0,24.0,687.0,5373.0,355.0,469.9,59.1,3081.4,34.7,18.8
2026-07-02,WCOLLOCL_ESR1,QHABIT,8.4,3.1,24.0,-36.0,62.0,0.1,1.5,0.5,92.2,34.7,18.8
2026-07-02,WEIL_TRC_ESR1,QBEEP1,9.9,10.7,24.0,-194.0,136.0,0.1,8.1,7.4,152.3,34.7,18.8
2026-07-02,WFTANK_ESR1,QTEN28,150.0,169.5,24.0,1090.0,2555.0,167.3,218.9,3.2,1542.0,34.7,18.8
2026-07-02,WIG_ESS_ESR1,QHEI1,120.0,187.0,24.0,599.0,2639.0,137.5,194.5,3.3,1553.2,34.7,18.8
2026-07-02,WOVER_ESR1,QTEN26,5.3,12.9,24.0,250.0,167.0,14.8,10.6,1.7,10.4,34.7,18.8
2026-07-02,WR_ESR1,QAETEL,9.9,22.4,24.0,-32.0,286.0,0.9,2.6,0.6,164.7,34.7,18.8
2026-07-02,WZRD_ESS_ESR1,QTEN26,150.0,318.8,24.0,-881.0,4233.0,1.3,50.9,52.2,1988.1,34.7,18.8
2026-07-02,W_HARLIN_ESR1,QTEN24,9.9,10.6,24.0,-58.0,122.0,0.3,3.7,3.3,73.7,34.7,18.8
2026-07-02,X4_ESR1,QCPSE,10.0,8.5,24.0,41.0,136.0,8.9,11.1,0.3,18.8,34.7,18.8
2026-07-02,Z0_ESR1,QTEN26,9.9,16.0,24.0,-155.0,174.0,11.1,21.1,-1.7,0.0,34.7,18.8
2026-07-02,ZAPATA_ESR1,QSUE74,9.9,9.4,24.0,-49.0,140.0,7.6,11.3,1.6,57.3,34.7,18.8
2026-07-02,ZAPATA_ESR2,QSUE74,9.9,9.5,24.0,-36.0,140.0,8.8,12.8,1.6,73.5,34.7,18.8
2026-07-02,ZIER_SLR_ESR1,QTEN19,40.0,76.0,24.0,-1149.0,1031.0,15.5,85.5,51.4,397.9,34.7,18.8
2026-07-01,ABINDUST_ESR1,QMP2M1,9.9,25.9,24.0,646.0,856.0,27.9,17.6,-11.9,5.1,66.1,54.1
2026-07-01,ADL_ESR1,QTEN26,60.0,57.7,24.0,2372.0,2346.0,60.1,12.0,-58.8,565.2,66.1,54.1
2026-07-01,AE_ESR1,QTEN26,9.9,19.5,24.0,600.0,692.0,16.0,7.5,-8.6,157.2,66.1,54.1
2026-07-01,ALAMO_ST_ESR1,QSYSO,9.9,17.6,22.0,596.0,640.0,27.1,21.1,-6.9,66.3,66.1,54.1
2026-07-01,ALP_BESS_ESR1,QHEI1,100.3,163.6,24.0,2445.0,6049.0,140.0,175.0,-5.1,1490.4,66.1,54.1
2026-07-01,ALVIN_ESR1,QSUE74,8.3,5.5,24.0,90.0,237.0,6.2,7.4,0.0,44.0,66.1,54.1
2026-07-01,ANCHOR_ESR1,QENE11,35.2,43.5,24.0,442.0,1695.0,24.1,35.5,-4.7,243.5,66.1,54.1
2026-07-01,ANCHOR_ESR2,QENE11,36.3,52.8,24.0,949.0,1994.0,36.5,44.7,-3.4,292.5,66.1,54.1
2026-07-01,ANDMDSLR_ESR1,QIPLU2,81.9,147.5,24.0,4562.0,5346.0,148.6,159.2,-2.3,661.1,66.1,54.1
2026-07-01,ANDMDSLR_ESR2,QIPLU2,78.1,144.6,24.0,4255.0,5207.0,143.0,156.5,2.8,635.8,66.1,54.1
2026-07-01,ANEM_ESS_ESR1,QSUE53,200.0,456.5,24.0,9191.0,15707.0,513.4,617.0,-9.1,2410.4,66.1,54.1
2026-07-01,ANGLETON_ESR1,QSUE74,9.9,8.2,24.0,174.0,342.0,8.0,9.5,0.1,60.8,66.1,54.1
2026-07-01,ANG_SLR_ESR1,QTEN26,100.0,205.0,24.0,7075.0,7217.0,303.0,234.8,-127.2,710.8,66.1,54.1
2026-07-01,ANOL_ESS_ESR1,QESVEM,240.0,509.5,24.0,12735.0,17802.0,495.3,612.9,-6.4,1440.6,66.1,54.1
2026-07-01,ANTL_ESS_ESR1,QSU100,70.0,169.7,24.0,4099.0,5756.0,158.4,179.7,-3.7,372.9,66.1,54.1
2026-07-01,ARY_BESS_ESR1,QTEN32,10.0,4.8,24.0,-416.0,218.0,2.5,19.7,0.5,0.0,66.1,54.1
2026-07-01,AVIL_ESS_ESR1,QSU100,160.0,372.6,21.5,8879.0,12462.0,340.1,393.3,2.2,687.8,66.1,54.1
2026-07-01,AZURE_ESR1,QENEL6,77.6,126.9,16.3,3378.0,4689.0,116.0,137.3,2.4,434.2,66.1,54.1
2026-07-01,BATCAVE_ESR1,QSUE74,100.5,107.9,24.0,477.0,4303.0,56.7,89.8,-0.0,294.0,66.1,54.1
2026-07-01,BAY_CITY_ESR1,QTEN24,9.9,11.2,24.0,206.0,407.0,3.7,0.2,-3.6,103.7,66.1,54.1
2026-07-01,BCK_ESR1,QHEI5,123.5,315.3,24.0,9012.0,10564.0,280.1,333.0,3.7,0.0,66.1,54.1
2026-07-01,BCK_ESR2,QHEI5,126.5,320.3,24.0,8743.0,10754.0,276.6,324.2,0.0,0.0,66.1,54.1
2026-07-01,BCNV_ESS_ESR1,QSHE11,149.9,300.0,13.2,3010.0,10617.0,237.2,270.5,-0.1,140.0,66.1,54.1
2026-07-01,BELD_ESR1,QJPEM,7.5,7.2,16.7,181.0,293.0,5.8,2.6,-0.3,21.4,66.1,54.1
2026-07-01,BEXAR_ES_ESR1,QTEN32,100.0,100.0,24.0,3314.0,4039.0,92.7,51.0,-45.2,976.6,66.1,54.1
2026-07-01,BIG_STAR_ESR1,QECNR,80.0,108.0,24.0,1741.0,4136.0,109.0,123.5,-2.6,0.0,66.1,54.1
2026-07-01,BKSL_ESS_ESR1,QESVEM,100.0,207.5,24.0,5254.0,7286.0,193.4,228.0,4.1,572.4,66.1,54.1
2026-07-01,BLACKSPR_ESR1,QBROO2,120.0,278.0,24.0,9482.0,9532.0,258.6,175.2,-118.5,1046.3,66.1,54.1
2026-07-01,BLSUMMIT_ESR1,QFPL12,30.0,9.7,24.0,45.0,476.0,4.8,9.1,-0.0,0.0,66.1,54.1
2026-07-01,BLSUMMIT_ESR2,QFPL48,150.0,450.0,24.0,13931.0,14550.0,553.9,520.2,-64.8,0.0,66.1,54.1
2026-07-01,BLUEJAY_ESR1,QENEL7,50.0,86.2,24.0,2534.0,3153.0,78.2,65.3,-29.0,384.8,66.1,54.1
2026-07-01,BLVN_SLR_ESR1,QSHEL8,175.8,360.0,24.0,7277.0,12679.0,335.1,432.0,0.0,527.8,66.1,54.1
2026-07-01,BOCO_ESS_ESR1,QTEN28,150.1,365.0,24.0,9630.0,12370.0,348.5,414.3,0.0,1560.3,66.1,54.1
2026-07-01,BRAZORIA_ESR1,QSUE74,9.9,9.5,24.0,191.0,388.0,8.5,10.1,0.0,48.1,66.1,54.1
2026-07-01,BR_ARROW_ESR1,QECNR,48.3,93.5,24.0,2581.0,3333.0,87.0,100.1,-0.5,99.6,66.1,54.1
2026-07-01,BR_ARROW_ESR2,QECNR,51.7,100.4,24.0,2291.0,3575.0,88.2,99.6,-2.0,0.0,66.1,54.1
2026-07-01,BYP_ESR1,QEXELO,200.0,450.0,24.0,11655.0,15541.0,459.7,591.9,9.7,0.0,66.1,54.1
2026-07-01,BYRDR_ES_ESR1,QHABIT,50.0,59.5,24.0,1041.0,2332.0,49.3,61.4,-0.7,556.3,66.1,54.1
2026-07-01,CACH_ESS_ESR1,QSU100,200.0,470.8,22.6,10160.0,16080.0,432.5,522.7,17.2,838.2,66.1,54.1
2026-07-01,CAMWIND_ESR1,QTEN26,16.4,36.3,24.0,871.0,1259.0,29.4,22.9,-11.2,138.4,66.1,54.1
2026-07-01,CARA_ESS_ESR1,QHEI8,98.3,196.7,22.7,-46.0,6961.0,0.0,3.2,-58.9,0.0,66.1,54.1
2026-07-01,CARN_ESS_ESR1,QSU100,150.0,309.5,24.0,6550.0,10881.0,300.7,345.1,-14.7,851.3,66.1,54.1
2026-07-01,CARRIZO_ESR1,QTEN30,10.0,12.6,24.0,368.0,491.0,11.0,4.4,-7.1,123.9,66.1,54.1
2026-07-01,CARTWHL_ESR1,QECNR,150.0,283.3,24.0,7005.0,10154.0,262.1,304.0,-0.6,0.0,66.1,54.1
2026-07-01,CASL_GAP_ESR1,QLUMN1,4.0,4.4,24.0,115.0,176.0,4.7,5.8,-0.1,0.0,66.1,54.1
2026-07-01,CAST_ESS_ESR1,QSUE79,200.0,416.8,24.0,9205.0,14621.0,402.7,480.3,-3.7,760.7,66.1,54.1
2026-07-01,CATARINA_ESR1,QBEEP1,9.9,10.7,24.0,297.0,406.0,7.2,1.3,-8.6,136.5,66.1,54.1
2026-07-01,CEDRVALE_ESR1,QBEEP1,9.9,10.7,24.0,221.0,406.0,8.1,9.1,-0.2,106.9,66.1,54.1
2026-07-01,CFLAT_ES_ESR1,QTEN26,100.3,200.0,24.0,3526.0,7071.0,193.8,185.2,-48.9,0.0,66.1,54.1
2026-07-01,CHERRYCR_ESR1,QBEEP1,9.9,10.7,24.0,233.0,406.0,8.3,9.1,0.2,102.1,66.1,54.1
2026-07-01,CHIL_SLR_ESR1,QSUE88,150.0,323.1,24.0,4954.0,11255.0,307.2,366.0,-7.9,870.9,66.1,54.1
2026-07-01,CISC_ESR1,QBEEP1,9.9,10.7,24.0,295.0,406.0,6.2,0.5,-6.4,150.2,66.1,54.1
2026-07-01,CITRUSCY_ESR1,QPROLO,9.9,21.0,24.0,471.0,659.0,16.7,13.2,-9.3,133.1,66.1,54.1
2026-07-01,CLO_ESR1,QMEA1,100.0,201.9,24.0,660.0,7132.0,69.8,104.8,3.6,1817.1,66.1,54.1
2026-07-01,CLO_ESR2,QMEA1,100.0,201.4,24.0,623.0,7119.0,68.9,105.0,6.6,1830.8,66.1,54.1
2026-07-01,CNLY_ESS_ESR1,QSUE76,125.0,244.2,24.0,5958.0,8688.0,264.4,303.1,-0.3,1844.2,66.1,54.1
2026-07-01,CNTRY_ESR1,QPROLO,9.8,20.3,24.0,406.0,645.0,16.7,17.8,-5.0,126.0,66.1,54.1
2026-07-01,CNTYRDS_ESR1,QTEN26,10.1,24.7,24.0,264.0,835.0,26.3,20.1,-7.9,0.0,66.1,54.1
2026-07-01,CORALSLR_ESR1,QNGRE1,48.4,58.3,24.0,1468.0,2283.0,55.1,57.5,0.9,488.6,66.1,54.1
2026-07-01,CORALSLR_ESR2,QNGRE1,52.2,58.3,24.0,1448.0,2312.0,55.1,57.8,-1.2,559.1,66.1,54.1
2026-07-01,CORAZON_ESR1,QHEI4,200.0,254.0,24.0,2284.0,9848.0,201.0,245.4,-6.8,1324.4,66.1,54.1
2026-07-01,COYOTSPR_ESR1,QBEEP1,9.9,10.7,24.0,214.0,406.0,7.9,8.7,-0.2,100.4,66.1,54.1
2026-07-01,CROSSETT_ESR1,QJPEM1,100.0,101.5,24.0,3080.0,4089.0,92.0,110.2,2.0,1066.0,66.1,54.1
2026-07-01,CROSSETT_ESR2,QJPEM1,100.0,101.7,24.0,3061.0,4094.0,90.5,107.0,0.3,1080.0,66.1,54.1
2026-07-01,CROSSTRL_ESR1,QGRIE4,57.0,114.0,24.0,1967.0,4035.0,90.0,111.2,1.5,89.2,66.1,54.1
2026-07-01,CR_ESR1,QPROLO,6.1,13.6,24.0,204.0,471.0,11.8,16.4,0.4,77.9,66.1,54.1
2026-07-01,CS_ESR1,QTEN26,7.0,14.6,24.0,278.0,505.0,8.6,5.5,-4.3,147.0,66.1,54.1
2026-07-01,CTW_ESR1,QTOTL5,150.0,181.2,24.0,4042.0,7088.0,182.1,243.2,4.4,1256.6,66.1,54.1
2026-07-01,DAN_ESR1,QTOTL4,75.3,106.4,24.0,2202.0,4040.0,100.7,113.0,-1.6,399.2,66.1,54.1
2026-07-01,DAN_ESR2,QTOTL4,71.7,102.4,24.0,1954.0,3879.0,93.7,110.0,-0.1,405.2,66.1,54.1
2026-07-01,DA_ESR1,QSHE16,4.0,9.5,24.0,277.0,323.0,8.2,7.8,-2.4,4.7,66.1,54.1
2026-07-01,DCSES_ESR1,QLUMN,66.5,66.4,24.0,-246.0,2683.0,103.2,138.4,-2.0,164.4,66.1,54.1
2026-07-01,DCSES_ESR2,QLUMN,66.5,66.4,24.0,659.0,2683.0,37.8,63.3,-1.1,274.8,66.1,54.1
2026-07-01,DCSES_ESR3,QLUMN,61.4,57.4,24.0,500.0,2348.0,32.8,60.8,-1.1,210.2,66.1,54.1
2026-07-01,DCSES_ESR4,QLUMN,63.5,63.4,24.0,1072.0,2562.0,36.0,39.2,-4.8,233.7,66.1,54.1
2026-07-01,DESN_ESS_ESR1,QSUE79,200.0,459.2,24.0,10683.0,15775.0,441.1,521.0,-8.7,803.1,66.1,54.1
2026-07-01,DGFS_ESR_ESR1,QTEN26,75.0,64.0,24.0,1425.0,2662.0,89.0,110.1,-3.9,140.1,66.1,54.1
2026-07-01,DIBOL_ESR1,QBEEP1,9.9,10.7,24.0,293.0,406.0,6.2,0.5,-6.8,151.6,66.1,54.1
2026-07-01,DICKNSON_ESR1,QSUE74,9.9,7.8,24.0,114.0,330.0,6.9,8.3,0.0,52.2,66.1,54.1
2026-07-01,DKNS_ESS_ESR1,QSUE74,50.0,48.4,24.0,1303.0,1968.0,54.1,63.6,3.3,244.6,66.1,54.1
2026-07-01,DKNS_ESS_ESR2,QSUE74,50.0,49.7,24.0,1325.0,2009.0,54.5,64.5,3.1,243.8,66.1,54.1
2026-07-01,DKNS_ESS_ESR3,QSUE74,50.0,50.1,24.0,1360.0,2022.0,56.1,64.8,3.3,246.7,66.1,54.1
2026-07-01,DKNS_ESS_ESR4,QSUE74,50.0,49.7,24.0,1327.0,2009.0,54.9,64.9,3.2,242.1,66.1,54.1
2026-07-01,DSWL_ESS_ESR1,QPHIL3,150.0,327.3,24.0,8310.0,11371.0,317.0,367.2,-7.5,1024.5,66.1,54.1
2026-07-01,EBNY_ESS_ESR1,QSUE52,200.0,458.5,24.0,8907.0,15761.0,483.1,585.6,-18.9,1909.1,66.1,54.1
2026-07-01,ELMCRK_ESR1,QMP2M1,9.9,25.9,24.0,332.0,839.0,14.3,8.8,-6.1,3.6,66.1,54.1
2026-07-01,ELM_ST_ESR2,QSYSO,9.9,18.0,24.0,759.0,651.0,35.8,22.8,-14.8,74.0,66.1,54.1
2026-07-01,ELSA_ESR1,QTEN24,9.9,10.9,24.0,260.0,401.0,6.0,0.6,-5.2,88.3,66.1,54.1
2026-07-01,EMPCT_ESR1,QTEN24,9.9,13.1,24.0,449.0,450.0,8.9,1.0,-11.0,71.0,66.1,54.1
2026-07-01,ENDPARKS_ESR1,QGRIE4,50.0,102.4,24.0,-113.0,3606.0,112.7,130.7,-2.9,246.5,66.1,54.1
2026-07-01,ESTONIAN_ESR1,QENE14,101.6,168.3,20.2,-1347.0,6204.0,21.4,158.6,109.8,574.4,66.1,54.1
2026-07-01,EUNICE_ESR1,QTENSK,19.0,20.0,24.0,517.0,765.0,12.6,3.9,-12.2,334.2,66.1,54.1
2026-07-01,EVLN_ESS_ESR1,QSHE15,179.7,306.1,24.0,2140.0,11237.0,226.9,310.4,-5.9,0.0,66.1,54.1
2026-07-01,E_HARRIS_ESR1,QTEN26,9.9,20.1,24.0,541.0,662.0,17.5,13.8,-6.2,0.0,66.1,54.1
2026-07-01,FALFUR_ESR1,QBEEP1,9.9,10.7,24.0,248.0,406.0,5.3,0.7,-6.7,152.4,66.1,54.1
2026-07-01,FALFUR_ESR2,QTEN30,10.0,12.6,24.0,344.0,414.0,9.0,3.7,-6.0,116.4,66.1,54.1
2026-07-01,FAULKNER_ESR1,QBEEP1,9.9,10.7,24.0,206.0,406.0,7.7,9.0,-0.2,105.3,66.1,54.1
2026-07-01,FENCESLR_ESR1,QENE13,67.6,106.5,24.0,1578.0,3959.0,60.5,73.4,-8.9,454.6,66.1,54.1
2026-07-01,FERD_ESS_ESR1,QCPSE,200.0,950.0,24.0,8489.0,24997.0,518.2,616.6,14.3,1005.7,66.1,54.1
2026-07-01,FIVEWSLR_ESR1,QSUE61,220.0,250.0,24.0,4296.0,9875.0,243.5,287.8,-22.3,928.1,66.1,54.1
2026-07-01,FLAT_TOP_ESR1,QSHEL2,7.1,11.4,24.0,96.0,423.0,12.5,15.1,0.1,18.6,66.1,54.1
2026-07-01,FLAT_TOP_ESR2,QJPEM,7.0,11.8,24.0,307.0,437.0,10.6,12.6,0.2,90.2,66.1,54.1
2026-07-01,FLOWERII_ESR1,QJPEM,100.0,195.9,24.0,4548.0,6965.0,153.0,178.9,-10.0,1234.0,66.1,54.1
2026-07-01,FORTMA_ESR1,QTEN30,9.5,12.6,24.0,278.0,485.0,10.1,8.7,-2.0,70.7,66.1,54.1
2026-07-01,FRMRSVLW_ESR1,QBEEP1,9.9,10.7,24.0,292.0,406.0,6.2,0.6,-6.3,150.3,66.1,54.1
2026-07-01,FRMRSVLW_ESR2,QTEN26,6.0,14.7,24.0,292.0,497.0,9.6,10.0,-1.3,116.3,66.1,54.1
2026-07-01,FTDUNCAN_ESR1,QTEN26,100.0,209.1,24.0,3319.0,7329.0,138.0,190.6,3.6,1479.1,66.1,54.1
2026-07-01,GAIA_SLR_ESR1,QTEN26,75.0,150.0,24.0,3829.0,5309.0,135.5,165.2,1.2,0.0,66.1,54.1
2026-07-01,GAMBIT_ESR1,QSUE23,100.0,146.0,24.0,1713.0,5503.0,161.3,212.5,6.2,1022.6,66.1,54.1
2026-07-01,GARCENO_ESR1,QTEN24,9.9,9.9,24.0,285.0,374.0,5.2,0.1,-6.3,68.4,66.1,54.1
2026-07-01,GEORSO_ESR1,QEDIS9,9.8,8.1,24.0,69.0,337.0,12.1,14.8,0.2,2.8,66.1,54.1
2026-07-01,GIGA_ESS_ESR1,QSUE55,105.8,193.9,24.0,4557.0,6998.0,192.0,179.3,-35.5,1064.9,66.1,54.1
2026-07-01,GKS_BESS_ESR1,QTEN26,82.6,156.0,24.0,3107.0,5594.0,104.3,88.8,-47.3,549.5,66.1,54.1
2026-07-01,GOMZ_ESR1,QBEEP1,9.9,10.7,24.0,222.0,406.0,7.9,8.5,-0.4,107.0,66.1,54.1
2026-07-01,GOODWIN_ESR1,QTEN30,6.9,12.7,24.0,121.0,428.0,4.2,2.6,-1.8,66.8,66.1,54.1
2026-07-01,GRDNE_ESR1,QBEEP1,9.9,10.7,24.0,201.0,406.0,8.0,10.3,0.2,105.3,66.1,54.1
2026-07-01,GRIZZLY_ESR1,QPRIO1,9.9,10.0,0.0,0.0,403.0,0.0,-0.0,0.0,0.0,66.1,54.1
2026-07-01,HAMILTON_ESR1,QBEEP1,9.9,10.7,24.0,325.0,406.0,7.6,0.7,-8.5,140.7,66.1,54.1
2026-07-01,HEADCAMP_ESR1,QTEN34,150.1,300.0,24.0,10725.0,10619.0,424.1,330.0,-142.5,0.0,66.1,54.1
2026-07-01,HEARN_RD_ESR1,QTEN30,10.0,12.7,24.0,289.0,485.0,12.2,12.6,-1.0,0.0,66.1,54.1
2026-07-01,HEIGHTTN_ESR1,QSUE74,9.9,8.3,24.0,171.0,347.0,7.9,9.3,0.0,49.2,66.1,54.1
2026-07-01,HEN_ESR1,QECNR,150.0,294.0,24.0,7430.0,10451.0,262.9,294.8,1.3,0.0,66.1,54.1
2026-07-01,HEN_ESR2,QECNR,2.8,267.0,24.0,-191.0,330.0,9.0,15.0,-10.2,0.0,66.1,54.1
2026-07-01,HI_LONEB_ESR1,QENEL1,49.5,63.6,24.0,1224.0,2459.0,49.4,61.6,-0.6,392.7,66.1,54.1
2026-07-01,HLY_ESR1,QHEI1,102.2,172.9,24.0,2860.0,6350.0,175.5,217.6,-8.2,1439.2,66.1,54.1
2026-07-01,HLY_ESR2,QHEI1,101.8,167.9,24.0,2869.0,6195.0,175.2,216.5,-7.4,1406.6,66.1,54.1
2026-07-01,HMNG_ESS_ESR1,QMEA8,99.8,222.0,24.0,5737.0,7682.0,174.9,149.4,-79.5,1754.4,66.1,54.1
2026-07-01,HOLCOMB_ESR1,QBEEP1,9.9,10.7,24.0,250.0,406.0,5.3,0.8,-5.4,151.6,66.1,54.1
2026-07-01,HOUSEMTN_ESR1,QJPEM,60.0,127.6,24.0,3408.0,4456.0,114.1,130.1,-8.9,854.9,66.1,54.1
2026-07-01,HRMS_SLR_ESR1,QTOT16,100.0,8.3,24.0,510.0,435.0,84.8,48.4,-8.5,0.0,66.1,54.1
2026-07-01,HWY6_ESR1,QTEN26,9.9,24.7,24.0,189.0,832.0,21.0,21.7,-1.5,0.0,66.1,54.1
2026-07-01,HYDR_ESS_ESR1,QSUE74,200.0,197.3,24.0,4466.0,7988.0,198.4,234.7,-9.8,807.2,66.1,54.1
2026-07-01,INDL_ESR1,QECNR,9.9,4.3,24.0,91.0,198.0,3.6,5.0,0.1,0.0,66.1,54.1
2026-07-01,INRT_W_ESR1,QFPL32,13.0,46.7,24.0,898.0,1423.0,32.2,41.2,-0.0,0.0,66.1,54.1
2026-07-01,JADE_SLR_ESR1,QIPLUM,77.6,144.2,24.0,3806.0,5183.0,156.1,170.4,-13.7,350.5,66.1,54.1
2026-07-01,JADE_SLR_ESR2,QIPLUM,81.9,155.6,24.0,4228.0,5572.0,174.3,184.1,-20.4,370.8,66.1,54.1
2026-07-01,JAG_SLR_ESR1,QLCRA,150.0,300.0,24.0,7839.0,10618.0,310.0,360.2,0.0,883.0,66.1,54.1
2026-07-01,JAG_SLR_ESR2,QMITS2,150.0,301.6,24.0,8946.0,10663.0,297.0,348.0,3.5,0.0,66.1,54.1
2026-07-01,JAR_ESR1,QHEI1,117.5,225.3,24.0,4366.0,8049.0,146.1,158.8,-17.0,1748.5,66.1,54.1
2026-07-01,JAR_ESR2,QHEI1,157.0,291.0,24.0,6342.0,10475.0,210.7,226.9,-15.6,2398.1,66.1,54.1
2026-07-01,JDKNS_ESR1,QBEEP1,9.9,10.7,24.0,222.0,406.0,8.1,9.0,0.1,108.7,66.1,54.1
2026-07-01,JUNCTION_ESR1,QBEEP1,9.9,10.7,24.0,72.0,406.0,4.0,7.7,3.1,138.6,66.1,54.1
2026-07-01,K0_ESR1,QSUE74,9.9,9.7,24.0,118.0,388.0,13.8,14.8,-0.1,38.4,66.1,54.1
2026-07-01,LANTANA_ESR1,QTEN26,10.0,20.1,24.0,304.0,684.0,16.1,19.0,0.5,0.0,66.1,54.1
2026-07-01,LBRA_ESS_ESR1,QSUE48,200.0,200.0,24.0,1915.0,8079.0,118.9,186.4,8.7,652.4,66.1,54.1
2026-07-01,LFSTH_ESR1,QBEEP1,9.9,10.7,24.0,291.0,406.0,6.2,0.6,-6.2,153.9,66.1,54.1
2026-07-01,LIGSW_ESR1,QPROLO,9.8,9.5,24.0,196.0,383.0,9.0,12.7,1.2,108.2,66.1,54.1
2026-07-01,LILY_ESR1,QENEL5,50.0,71.7,24.0,706.0,2715.0,33.9,53.9,14.1,384.7,66.1,54.1
2026-07-01,LMO_ESR1,QSHEL2,99.9,243.5,24.0,4336.0,8247.0,262.8,350.3,27.5,1671.8,66.1,54.1
2026-07-01,LONESTAR_ESR1,QBEEP1,9.9,10.7,24.0,203.0,406.0,7.7,9.2,0.3,102.9,66.1,54.1
2026-07-01,LON_ESR1,QTEN26,174.0,348.0,24.0,5525.0,12340.0,328.0,406.3,38.9,2444.5,66.1,54.1
2026-07-01,LOPENO_ESR1,QSUE74,9.9,9.8,24.0,79.0,389.0,6.8,8.3,0.0,46.9,66.1,54.1
2026-07-01,LOWR_ESS_ESR1,QEDI10,42.2,72.9,22.4,2462.0,2678.0,72.6,50.6,-29.6,69.1,66.1,54.1
2026-07-01,LUCKYBLU_ESR1,QBROO1,102.0,220.4,24.0,7819.0,7672.0,200.4,81.4,-142.8,1149.8,66.1,54.1
2026-07-01,L_463S_ESR1,QSUE74,9.9,7.3,24.0,124.0,308.0,7.7,8.8,-0.1,56.2,66.1,54.1
2026-07-01,L_FRESNO_ESR1,QTEN24,9.9,11.1,24.0,207.0,406.0,3.8,0.2,-3.6,100.6,66.1,54.1
2026-07-01,MADERO_ESR1,QTEN25,100.2,250.8,24.0,4628.0,8441.0,197.2,225.6,-12.5,134.2,66.1,54.1
2026-07-01,MADERO_ESR2,QTEN25,100.0,249.8,24.0,4748.0,8413.0,196.7,214.7,-17.1,163.5,66.1,54.1
2026-07-01,MAGNO_TN_ESR1,QSUE74,8.3,6.5,24.0,148.0,276.0,6.6,7.7,-0.1,39.6,66.1,54.1
2026-07-01,MAINLAND_ESR1,QBEEP1,9.9,10.7,24.0,281.0,406.0,6.0,0.7,-6.0,150.7,66.1,54.1
2026-07-01,MAYBERRY_ESR1,QTEN24,9.9,10.6,24.0,209.0,393.0,3.8,0.2,-3.8,77.3,66.1,54.1
2026-07-01,MAYBERRY_ESR2,QTEN24,9.9,12.0,24.0,210.0,426.0,3.8,0.1,-3.6,122.7,66.1,54.1
2026-07-01,MESQUITE_ESR1,QTEN26,9.9,19.8,24.0,428.0,688.0,19.2,19.8,-3.0,0.0,66.1,54.1
2026-07-01,MIDP_SLR_ESR1,QTEN26,50.0,93.4,24.0,2154.0,3357.0,85.2,111.8,1.1,0.0,66.1,54.1
2026-07-01,MIDWY_ESR1,QPROLO,9.9,10.5,24.0,245.0,404.0,9.9,12.4,0.8,91.6,66.1,54.1
2026-07-01,MILTON_ESR1,QTEN30,10.0,13.3,7.0,-3.0,512.0,0.2,0.3,-12.5,19.1,66.1,54.1
2026-07-01,MNWLE_ESR1,QBEEP1,9.9,10.7,24.0,294.0,406.0,6.3,0.7,-6.1,150.9,66.1,54.1
2026-07-01,MOORE_FL_ESR1,QTEN30,10.0,11.4,24.0,181.0,414.0,11.2,11.0,-2.5,0.0,66.1,54.1
2026-07-01,MUENSTER_ESR1,QTEN30,10.0,12.6,24.0,295.0,489.0,11.5,13.2,-0.7,54.7,66.1,54.1
2026-07-01,MUSTNGCK_ESR1,QENE10,71.0,112.1,24.0,4121.0,4169.0,109.2,64.0,-60.9,587.1,66.1,54.1
2026-07-01,MU_ESR1,QTEN26,9.9,19.5,24.0,643.0,692.0,16.0,3.8,-15.1,191.7,66.1,54.1
2026-07-01,MV_VALV4_ESR1,QBEEP1,9.9,10.7,24.0,252.0,406.0,5.5,0.8,-5.6,151.1,66.1,54.1
2026-07-01,MYR_ESR1,QTOTL5,75.1,110.4,24.0,2186.0,4162.0,98.2,119.6,-2.8,690.6,66.1,54.1
2026-07-01,MYR_ESR2,QTOTL5,72.3,109.2,24.0,2657.0,4097.0,103.1,124.3,4.8,742.0,66.1,54.1
2026-07-01,NCO_ESR1,QSHEL2,50.0,61.2,23.6,1507.0,2389.0,57.8,58.1,-14.5,232.9,66.1,54.1
2026-07-01,NF_BRP_ESR1,QSUE74,100.5,106.2,24.0,1033.0,4248.0,52.8,92.1,5.9,312.9,66.1,54.1
2026-07-01,NOBLESLR_ESR1,QNGREN,61.4,51.2,24.0,1360.0,2140.0,52.9,58.7,0.1,366.2,66.1,54.1
2026-07-01,NOBLESLR_ESR2,QNGREN,62.5,54.4,24.0,1637.0,2253.0,57.5,59.9,-0.9,382.4,66.1,54.1
2026-07-01,NWF_ESR1,QDUKER,11.5,1.8,24.0,-207.0,96.0,1.3,9.2,-0.1,52.1,66.1,54.1
2026-07-01,N_ALAMO_ESR1,QTEN24,9.9,10.6,24.0,215.0,393.0,4.5,0.6,-3.9,82.4,66.1,54.1
2026-07-01,N_MERCED_ESR1,QTEN24,9.9,10.6,24.0,208.0,393.0,3.8,0.2,-3.8,88.1,66.1,54.1
2026-07-01,ODESW_ESR1,QSUE74,9.9,5.9,24.0,63.0,258.0,9.6,11.5,-0.1,42.9,66.1,54.1
2026-07-01,OLNEYTN_ESR1,QBEEP1,9.9,10.7,24.0,-107.0,406.0,4.7,9.2,3.8,149.1,66.1,54.1
2026-07-01,PAD1_ESS_ESR1,QCPSE,50.0,122.0,24.0,612.0,4131.0,66.6,100.8,20.4,489.1,66.1,54.1
2026-07-01,PAD2_ESS_ESR2,QCPSE,150.0,600.0,24.0,10371.0,17483.0,372.0,378.6,-59.9,150.8,66.1,54.1
2026-07-01,PALACIOS_ESR1,QTEN30,7.5,11.4,24.0,223.0,406.0,6.8,6.2,-2.0,0.0,66.1,54.1
2026-07-01,PALE_ESS_ESR1,QSUE74,200.0,199.2,24.0,4585.0,8051.0,241.9,279.1,15.5,1002.1,66.1,54.1
2026-07-01,PAULN_ESR1,QBEEP1,9.9,10.7,24.0,283.0,406.0,6.0,0.7,-6.1,150.7,66.1,54.1
2026-07-01,PAVLOV_ESR1,QBEEP1,9.9,10.7,24.0,272.0,406.0,5.9,0.9,-5.5,151.0,66.1,54.1
2026-07-01,PAVO_ESS_ESR1,QSUE74,87.5,86.6,24.0,1944.0,3504.0,139.2,154.1,-2.0,530.8,66.1,54.1
2026-07-01,PAVO_ESS_ESR2,QSUE74,87.5,82.9,24.0,1955.0,3379.0,137.5,150.5,-1.9,531.4,66.1,54.1
2026-07-01,PEARSALL_ESR1,QTEN26,9.9,19.8,24.0,595.0,628.0,22.0,22.9,-2.3,15.2,66.1,54.1
2026-07-01,PHO_ESR1,QENE15,150.0,242.4,24.0,6235.0,8975.0,227.3,215.5,-48.6,861.0,66.1,54.1
2026-07-01,PHO_ESR2,QENE15,150.0,249.1,24.0,7306.0,9179.0,236.1,180.8,-95.5,1079.7,66.1,54.1
2026-07-01,PINEFRST_ESR1,QTEN21,200.0,400.0,24.0,9982.0,14157.0,397.7,390.1,-72.1,264.2,66.1,54.1
2026-07-01,PIN_BESS_ESR1,QTEN34,201.1,400.0,24.0,8160.0,14170.0,363.2,426.6,-9.3,0.0,66.1,54.1
2026-07-01,PIRATE_ESR1,QTEN30,10.0,12.6,24.0,275.0,476.0,9.2,7.4,-2.6,78.5,66.1,54.1
2026-07-01,PLATINUM_ESR1,QSUE80,148.3,323.4,24.0,6278.0,11236.0,271.6,327.5,-6.3,630.2,66.1,54.1
2026-07-01,PLATINUM_ESR2,QSUE80,151.7,321.5,24.0,6068.0,11237.0,265.6,317.7,-9.3,641.0,66.1,54.1
2026-07-01,POTEETS_ESR1,QBEEP1,9.9,10.7,24.0,293.0,406.0,6.2,0.6,-6.7,149.5,66.1,54.1
2026-07-01,PRCRK_ESR1,QTEN24,9.9,8.6,24.0,398.0,337.0,9.5,3.8,-7.8,60.4,66.1,54.1
2026-07-01,PUEBLO_ESR1,QSUE74,9.9,9.8,24.0,160.0,390.0,8.1,9.8,-0.5,54.4,66.1,54.1
2026-07-01,PUEBLO_ESR2,QSUE74,9.9,9.8,24.0,126.0,389.0,6.7,9.4,0.1,52.3,66.1,54.1
2026-07-01,PYOTE_ESR1,QJPEM,7.0,10.9,24.0,265.0,409.0,8.2,9.2,-0.4,113.3,66.1,54.1
2026-07-01,PYR_ESR1,QECNR,9.9,4.2,24.0,100.0,197.0,3.9,5.3,0.0,0.0,66.1,54.1
2026-07-01,PYR_ESR2,QECNR,15.1,13.6,24.0,249.0,559.0,10.0,13.1,-0.1,44.1,66.1,54.1
2026-07-01,PYR_ESR3,QECNR,15.1,13.6,24.0,285.0,559.0,10.9,14.0,0.0,39.8,66.1,54.1
2026-07-01,QTUM_SLR_ESR1,QTEN33,160.0,300.4,24.0,-184.0,10781.0,0.0,7.0,0.0,0.0,66.1,54.1
2026-07-01,QTUM_SLR_ESR2,QTEN33,160.0,292.2,24.0,-184.0,10554.0,0.0,7.0,0.1,0.0,66.1,54.1
2026-07-01,QUEEN_BA_ESR1,QENEL2,50.0,72.0,24.0,2457.0,2716.0,63.9,17.6,-63.5,869.2,66.1,54.1
2026-07-01,RADN_SLR_ESR1,QIPRAD,78.1,141.2,24.0,4900.0,5111.0,187.2,179.5,-21.8,970.8,66.1,54.1
2026-07-01,RADN_SLR_ESR2,QIPRAD,81.9,150.7,24.0,5114.0,5433.0,225.0,214.3,-25.0,1060.6,66.1,54.1
2026-07-01,RBN_ESR1,QTEN19,100.0,120.2,24.0,2268.0,4704.0,101.8,144.5,0.2,267.3,66.1,54.1
2026-07-01,RHA_ESR1,QTEN19,201.8,447.8,24.0,3128.0,15497.0,399.5,476.9,-15.8,0.0,66.1,54.1
2026-07-01,RIO_GRAN_ESR1,QTEN24,9.9,9.8,24.0,226.0,373.0,4.1,0.1,-3.6,80.6,66.1,54.1
2026-07-01,RIO_GRAN_ESR2,QPROLO,9.9,14.5,24.0,293.0,477.0,12.3,15.9,1.2,62.7,66.1,54.1
2026-07-01,ROSELAND_ESR1,QENEL9,50.0,86.1,24.0,1894.0,3151.0,79.5,94.2,-7.3,304.8,66.1,54.1
2026-07-01,RPUBRDS_ESR1,QSHEL2,50.0,59.0,23.4,1015.0,2317.0,70.1,91.5,0.6,161.6,66.1,54.1
2026-07-01,RRANCHES_ESR1,QSUE51,150.0,345.8,24.0,5578.0,11869.0,352.2,384.0,-30.2,1431.9,66.1,54.1
2026-07-01,RRANCHES_ESR2,QSUE51,150.0,345.0,24.0,5601.0,11848.0,304.9,323.4,-28.3,1194.7,66.1,54.1
2026-07-01,RRC_WIND_ESR1,QFPL35,75.0,225.0,21.5,5720.0,7275.0,294.6,235.9,-90.8,0.0,66.1,54.1
2026-07-01,RTLSNAKE_ESR1,QBEEP1,9.9,10.7,24.0,211.0,406.0,7.8,8.9,-0.4,104.0,66.1,54.1
2026-07-01,RUSSEKST_ESR1,QBEEP1,9.9,10.7,24.0,228.0,406.0,8.1,8.9,-0.0,110.6,66.1,54.1
2026-07-01,RVRVLYS_ESR1,QSHEL2,50.1,114.3,23.2,1670.0,3933.0,177.2,219.9,13.0,972.9,66.1,54.1
2026-07-01,RVRVLYS_ESR2,QSHEL2,50.0,104.6,23.2,1217.0,3667.0,164.3,210.3,15.0,963.0,66.1,54.1
2026-07-01,SADLBACK_ESR1,QBEEP1,9.9,10.7,24.0,207.0,406.0,7.7,8.8,-0.2,106.4,66.1,54.1
2026-07-01,SANDLAKE_ESR1,QBEEP1,9.9,10.7,24.0,229.0,406.0,8.0,8.6,-0.2,108.1,66.1,54.1
2026-07-01,SBEAN_ESR1,QBEEP1,9.9,10.7,24.0,209.0,406.0,7.8,9.0,0.1,103.9,66.1,54.1
2026-07-01,SEVNF_ES_ESR1,QTEN37,100.0,238.2,24.0,6482.0,8111.0,213.3,176.6,-77.8,630.9,66.1,54.1
2026-07-01,SE_EDINB_ESR1,QGRIDB,10.1,24.7,23.7,11.0,765.0,0.9,0.4,5.1,0.0,66.1,54.1
2026-07-01,SGAL_BES_ESR1,QJPEM,100.0,200.3,24.0,5927.0,7088.0,200.7,218.3,-29.1,1343.8,66.1,54.1
2026-07-01,SGAL_BES_ESR2,QJPEM2,100.0,203.3,24.0,6252.0,7168.0,208.2,215.0,-22.3,1477.3,66.1,54.1
2026-07-01,SGSA_ESR1,QAMA1,9.9,23.6,24.0,-38.0,804.0,6.1,9.1,0.4,13.9,66.1,54.1
2026-07-01,SHAMROCK_ESR1,QFPL40,99.3,297.9,24.0,12728.0,9631.0,429.6,165.3,-273.8,0.0,66.1,54.1
2026-07-01,SHEEPCRK_ESR1,QSUE70,135.0,172.9,24.0,1392.0,6692.0,138.1,194.5,2.3,690.0,66.1,54.1
2026-07-01,SLCNHLS_ESR1,QSHEL2,50.0,55.6,22.8,916.0,2203.0,52.0,74.7,0.5,161.1,66.1,54.1
2026-07-01,SLCNHLS_ESR2,QSHEL2,50.0,56.4,22.8,867.0,2229.0,49.5,72.7,0.7,157.0,66.1,54.1
2026-07-01,SMTH_ESS_ESR1,QSUE77,125.0,249.7,17.5,7727.0,8839.0,236.9,150.0,-123.3,1408.5,66.1,54.1
2026-07-01,SOLC_SLR_ESR1,QTEN33,96.0,177.6,24.0,-83.0,6396.0,0.0,3.2,-0.1,0.0,66.1,54.1
2026-07-01,SPTX12B_ESR1,QEDIS9,22.3,18.5,24.0,512.0,773.0,18.2,22.4,0.0,13.6,66.1,54.1
2026-07-01,SP_ESR1,QTEN26,9.9,19.7,24.0,234.0,676.0,13.4,14.6,-0.7,73.0,66.1,54.1
2026-07-01,STADIUM_ESR1,QTEN26,9.9,19.8,24.0,468.0,700.0,19.6,19.2,-3.4,0.0,66.1,54.1
2026-07-01,STAM_SLR_ESR1,QENE12,70.0,125.0,24.0,1747.0,4538.0,75.9,93.2,-2.2,578.9,66.1,54.1
2026-07-01,STRG_SLR_ESR1,QECNR,79.4,165.0,24.0,4221.0,5804.0,125.4,77.5,-54.1,0.0,66.1,54.1
2026-07-01,SUNVASLR_ESR1,QSUE38,53.3,53.2,24.0,925.0,2151.0,48.3,61.6,-1.0,280.0,66.1,54.1
2026-07-01,SUNVASLR_ESR2,QSUE38,46.7,46.8,24.0,765.0,1888.0,37.9,46.6,-0.1,248.5,66.1,54.1
2026-07-01,SWEENY_ESR1,QSUE74,9.9,9.3,24.0,199.0,374.0,8.8,10.5,0.1,52.2,66.1,54.1
2026-07-01,SWOOSEII_ESR1,QMEA5,100.5,186.5,24.0,2911.0,6711.0,133.1,178.2,1.6,913.5,66.1,54.1
2026-07-01,SWTWR_ESR1,QTEN26,7.4,17.3,24.0,278.0,580.0,10.5,12.3,0.1,21.8,66.1,54.1
2026-07-01,S_SNROSA_ESR1,QTEN24,9.9,10.9,24.0,209.0,401.0,3.8,0.1,-3.7,97.3,66.1,54.1
2026-07-01,TBWF_ESS_ESR1,QTEN29,150.0,342.0,24.0,7027.0,11769.0,319.0,294.1,-96.5,713.4,66.1,54.1
2026-07-01,TDWLPR_1_ESR1,QMEA6,100.1,226.7,24.0,6019.0,7814.0,186.2,162.2,-68.5,1643.1,66.1,54.1
2026-07-01,TDWLPR_1_ESR2,QMEA6,100.6,223.6,24.0,6325.0,7737.0,187.5,147.5,-78.7,1701.9,66.1,54.1
2026-07-01,TNFS_ESR1,QSYSO,9.9,18.0,24.0,769.0,651.0,33.4,23.5,-12.6,71.8,66.1,54.1
2026-07-01,TORT_ESS_ESR1,QSUE74,50.0,40.2,24.0,1001.0,1692.0,41.4,52.9,0.2,166.4,66.1,54.1
2026-07-01,TSECA_ES_ESR1,QTEN36,100.0,238.2,24.0,6226.0,8111.0,193.3,122.5,-105.3,617.2,66.1,54.1
2026-07-01,TURQBESS_ESR1,QHEI3,190.0,361.0,24.0,7005.0,12922.0,286.6,331.5,-10.4,2822.5,66.1,54.1
2026-07-01,TV_ESR1,QAETE1,10.0,22.4,24.0,361.0,774.0,11.7,4.6,-13.8,164.2,66.1,54.1
2026-07-01,TYNAN_ESR1,QBEEP1,9.9,10.7,24.0,255.0,406.0,5.5,0.8,-5.6,151.4,66.1,54.1
2026-07-01,UTOPIA_ESR1,QTEN30,9.9,12.7,24.0,344.0,492.0,12.3,12.7,0.1,0.0,66.1,54.1
2026-07-01,VERT_ESS_ESR1,QNRGTX,201.2,400.0,24.0,-2373.0,14169.0,18.6,129.8,66.6,0.0,66.1,54.1
2026-07-01,VORTEX_ESR1,QENEL8,121.8,195.0,24.0,6510.0,7232.0,240.0,169.9,-115.0,836.4,66.1,54.1
2026-07-01,WAL_ESR1,QSUE92,200.0,400.0,24.0,13836.0,14158.0,374.8,287.3,-136.3,3484.4,66.1,54.1
2026-07-01,WCOLLOCL_ESR1,QHABIT,8.4,3.1,24.0,-8.0,148.0,0.2,0.7,-0.5,90.4,66.1,54.1
2026-07-01,WEIL_TRC_ESR1,QBEEP1,9.9,10.7,24.0,252.0,406.0,5.3,0.5,-7.5,150.5,66.1,54.1
2026-07-01,WFTANK_ESR1,QTEN28,150.0,169.5,24.0,4586.0,6706.0,188.6,224.7,-17.1,1396.7,66.1,54.1
2026-07-01,WIG_ESS_ESR1,QHEI1,120.0,187.0,24.0,3738.0,6970.0,154.9,194.1,-11.2,1604.1,66.1,54.1
2026-07-01,WOVER_ESR1,QTEN26,5.3,4.4,24.0,72.0,184.0,7.3,12.9,-3.6,1.4,66.1,54.1
2026-07-01,WR_ESR1,QAETEL,9.9,22.4,24.0,48.0,762.0,2.0,2.2,-0.8,155.8,66.1,54.1
2026-07-01,W_HARLIN_ESR1,QTEN24,9.9,10.6,24.0,185.0,393.0,3.4,0.1,-3.2,91.7,66.1,54.1
2026-07-01,X4_ESR1,QCPSE,10.0,8.5,24.0,85.0,354.0,8.8,10.8,0.2,18.9,66.1,54.1
2026-07-01,Z0_ESR1,QTEN26,8.0,15.9,24.0,193.0,529.0,11.6,9.5,1.0,0.0,66.1,54.1
2026-07-01,ZAPATA_ESR1,QSUE74,9.9,7.0,24.0,32.0,297.0,4.1,5.1,-0.1,40.9,66.1,54.1
2026-07-01,ZAPATA_ESR2,QSUE74,9.9,9.5,24.0,34.0,380.0,6.7,6.2,-0.0,41.1,66.1,54.1
2026-07-01,ZIER_SLR_ESR1,QTEN19,40.0,76.2,24.0,1138.0,2727.0,70.1,83.3,-5.6,146.6,66.1,54.1
2026-06-30,ABINDUST_ESR1,QMP2M1,9.9,25.9,20.3,161.0,516.0,11.1,10.6,-2.1,38.1,37.2,27.3
2026-06-30,ADL_ESR1,QTEN26,60.0,57.7,24.0,-691.0,1380.0,70.6,87.2,-1.0,407.9,37.2,27.3
2026-06-30,AE_ESR1,QTEN26,9.9,19.5,15.6,183.0,418.0,6.5,1.8,-6.7,110.9,37.2,27.3
2026-06-30,ALAMO_ST_ESR1,QSYSO,9.9,17.6,24.0,292.0,386.0,25.3,20.2,-6.5,80.0,37.2,27.3
2026-06-30,ALP_BESS_ESR1,QHEI1,100.3,167.2,22.0,944.0,3703.0,105.4,156.7,5.0,1431.9,37.2,27.3
2026-06-30,ALVIN_ESR1,QSUE74,8.3,5.5,24.0,51.0,135.0,6.5,7.0,-0.1,44.9,37.2,27.3
2026-06-30,ANCHOR_ESR1,QENE11,35.2,41.8,24.0,284.0,979.0,22.0,28.5,3.4,249.3,37.2,27.3
2026-06-30,ANCHOR_ESR2,QENE11,36.3,52.2,24.0,426.0,1187.0,31.1,40.3,0.1,293.2,37.2,27.3
2026-06-30,ANDMDSLR_ESR1,QIPLU2,81.9,106.1,24.0,2094.0,2456.0,149.4,158.7,8.4,458.8,37.2,27.3
2026-06-30,ANDMDSLR_ESR2,QIPLU2,78.1,144.6,24.0,2128.0,3143.0,152.3,162.2,-2.2,486.1,37.2,27.3
2026-06-30,ANEM_ESS_ESR1,QSUE53,200.0,456.5,24.0,6546.0,9522.0,468.1,487.4,-80.4,2116.6,37.2,27.3
2026-06-30,ANGLETON_ESR1,QSUE74,9.9,8.2,24.0,86.0,198.0,7.7,9.0,-0.1,65.2,37.2,27.3
2026-06-30,ANG_SLR_ESR1,QTEN26,100.0,205.4,24.0,1425.0,4376.0,220.2,228.2,-44.2,886.7,37.2,27.3
2026-06-30,ANOL_ESS_ESR1,QESVEM,240.0,509.1,24.0,7083.0,10782.0,480.7,599.1,-6.9,1176.7,37.2,27.3
2026-06-30,ANTL_ESS_ESR1,QSU100,70.0,169.7,24.0,2344.0,3490.0,176.8,183.6,-18.1,426.4,37.2,27.3
2026-06-30,ARY_BESS_ESR1,QTEN32,10.0,4.1,24.0,-219.0,103.0,0.0,10.7,4.7,0.0,37.2,27.3
2026-06-30,AVIL_ESS_ESR1,QSU100,160.0,368.8,24.0,4482.0,7364.0,385.0,409.1,-18.9,993.9,37.2,27.3
2026-06-30,AZURE_ESR1,QENEL6,77.6,127.2,22.1,3274.0,2827.0,175.4,149.4,-82.9,676.3,37.2,27.3
2026-06-30,BATCAVE_ESR1,QSUE74,100.5,107.9,24.0,285.0,2555.0,55.3,87.1,0.0,287.7,37.2,27.3
2026-06-30,BAY_CITY_ESR1,QTEN24,9.9,11.1,24.0,1.0,224.0,0.2,0.2,-0.0,96.7,37.2,27.3
2026-06-30,BCK_ESR1,QHEI5,123.5,314.4,24.0,3230.0,6389.0,288.7,336.7,2.6,0.0,37.2,27.3
2026-06-30,BCK_ESR2,QHEI5,126.5,320.3,24.0,3256.0,6518.0,285.6,330.9,-4.8,0.0,37.2,27.3
2026-06-30,BCNV_ESS_ESR1,QSHE11,150.0,300.0,24.0,6908.0,6425.0,316.6,252.8,-113.7,1017.5,37.2,27.3
2026-06-30,BELD_ESR1,QJPEM,7.5,11.4,24.0,220.0,257.0,13.0,11.1,-8.0,110.6,37.2,27.3
2026-06-30,BEXAR_ES_ESR1,QTEN32,100.0,100.0,24.0,604.0,2384.0,27.2,21.1,-14.5,921.9,37.2,27.3
2026-06-30,BIG_STAR_ESR1,QECNR,80.0,108.0,24.0,2058.0,2481.0,103.9,121.8,1.8,0.0,37.2,27.3
2026-06-30,BKSL_ESS_ESR1,QESVEM,100.0,206.9,24.0,2536.0,4401.0,192.0,222.4,1.9,510.6,37.2,27.3
2026-06-30,BLACKSPR_ESR1,QBROO2,120.0,278.4,24.0,-1357.0,5786.0,130.9,316.1,136.1,753.9,37.2,27.3
2026-06-30,BLSUMMIT_ESR1,QFPL12,30.0,9.0,24.0,67.0,228.0,5.6,9.3,0.7,0.0,37.2,27.3
2026-06-30,BLSUMMIT_ESR2,QFPL48,145.9,450.0,24.0,5838.0,8725.0,389.9,544.8,68.4,0.0,37.2,27.3
2026-06-30,BLUEJAY_ESR1,QENEL7,50.0,86.2,24.0,1036.0,1897.0,48.7,45.9,-17.4,464.5,37.2,27.3
2026-06-30,BLVN_SLR_ESR1,QSHEL8,176.1,360.0,24.0,2994.0,7677.0,342.5,445.0,0.0,224.1,37.2,27.3
2026-06-30,BOCO_ESS_ESR1,QTEN28,150.3,365.0,24.0,6014.0,7503.0,328.5,396.9,0.0,1656.4,37.2,27.3
2026-06-30,BRAZORIA_ESR1,QSUE74,9.9,9.6,23.0,82.0,228.0,11.9,13.5,-0.1,52.1,37.2,27.3
2026-06-30,BR_ARROW_ESR1,QECNR,48.3,93.5,24.0,1706.0,2015.0,87.1,100.9,-0.3,49.6,37.2,27.3
2026-06-30,BR_ARROW_ESR2,QECNR,51.7,100.4,24.0,1498.0,2161.0,83.1,97.0,-0.3,0.0,37.2,27.3
2026-06-30,BYP_ESR1,QEXELO,200.0,450.0,24.0,8429.0,9421.0,402.5,356.4,-128.9,0.0,37.2,27.3
2026-06-30,BYRDR_ES_ESR1,QHABIT,50.0,59.5,19.0,865.0,1393.0,51.9,63.3,1.2,598.9,37.2,27.3
2026-06-30,CACH_ESS_ESR1,QSU100,200.0,471.0,24.0,7094.0,9753.0,462.7,532.0,-2.3,1015.4,37.2,27.3
2026-06-30,CAMWIND_ESR1,QTEN26,16.4,16.9,24.0,274.0,403.0,18.9,11.9,1.2,115.7,37.2,27.3
2026-06-30,CARA_ESS_ESR1,QHEI8,98.4,196.7,24.0,-601.0,4213.0,268.2,253.5,-68.3,0.0,37.2,27.3
2026-06-30,CARN_ESS_ESR1,QSU100,150.0,325.1,22.3,1686.0,6854.0,272.8,343.7,14.4,702.5,37.2,27.3
2026-06-30,CARRIZO_ESR1,QTEN30,10.0,12.6,24.0,-3.0,294.0,13.3,13.0,0.1,87.2,37.2,27.3
2026-06-30,CARTWHL_ESR1,QECNR,150.0,283.3,24.0,4477.0,6132.0,268.3,319.3,0.1,0.0,37.2,27.3
2026-06-30,CASL_GAP_ESR1,QLUMN1,3.9,4.3,24.0,152.0,103.0,4.7,0.4,-4.4,0.0,37.2,27.3
2026-06-30,CAST_ESS_ESR1,QSUE79,200.0,416.8,21.0,6196.0,8856.0,424.5,493.8,-2.0,772.9,37.2,27.3
2026-06-30,CATARINA_ESR1,QBEEP1,9.9,10.7,24.0,12.0,191.0,0.8,0.7,-0.7,167.7,37.2,27.3
2026-06-30,CEDRVALE_ESR1,QBEEP1,9.9,10.7,24.0,233.0,228.0,8.4,2.2,-7.4,151.7,37.2,27.3
2026-06-30,CFLAT_ES_ESR1,QTEN26,100.4,200.0,24.0,3275.0,4276.0,124.0,52.9,-85.5,0.0,37.2,27.3
2026-06-30,CHERRYCR_ESR1,QBEEP1,9.9,10.7,24.0,260.0,228.0,8.7,1.7,-7.2,157.4,37.2,27.3
2026-06-30,CHIL_SLR_ESR1,QSUE88,150.0,323.1,24.0,1271.0,6821.0,422.2,485.3,-22.2,919.7,37.2,27.3
2026-06-30,CISC_ESR1,QBEEP1,9.9,10.7,24.0,-198.0,228.0,0.1,9.0,8.3,163.4,37.2,27.3
2026-06-30,CITRUSCY_ESR1,QPROLO,9.9,21.0,24.0,318.0,365.0,10.0,2.5,-8.3,159.8,37.2,27.3
2026-06-30,CLO_ESR1,QMEA1,100.0,201.9,24.0,626.0,4316.0,110.7,129.3,-11.4,1942.3,37.2,27.3
2026-06-30,CLO_ESR2,QMEA1,100.0,201.4,24.0,658.0,4308.0,110.8,127.9,-13.0,1951.9,37.2,27.3
2026-06-30,CNLY_ESS_ESR1,QSUE76,125.0,244.6,24.0,4068.0,5260.0,309.2,354.1,0.7,2576.5,37.2,27.3
2026-06-30,CNTRY_ESR1,QPROLO,9.8,20.3,23.8,446.0,358.0,13.9,1.8,-14.1,154.9,37.2,27.3
2026-06-30,CNTYRDS_ESR1,QTEN26,9.9,24.7,24.0,3.0,505.0,16.5,25.6,6.8,0.0,37.2,27.3
2026-06-30,CORALSLR_ESR1,QNGRE1,48.4,58.3,24.0,653.0,1364.0,55.2,55.7,-0.1,263.3,37.2,27.3
2026-06-30,CORALSLR_ESR2,QNGRE1,52.2,58.3,24.0,645.0,1375.0,55.3,55.0,-0.3,324.9,37.2,27.3
2026-06-30,CORAZON_ESR1,QHEI4,200.0,254.0,24.0,3152.0,5899.0,195.2,248.7,-7.1,2534.3,37.2,27.3
2026-06-30,COYOTSPR_ESR1,QBEEP1,9.9,10.7,24.0,233.0,228.0,7.8,1.6,-7.5,155.0,37.2,27.3
2026-06-30,CROSSETT_ESR1,QJPEM1,100.0,101.5,24.0,3121.0,2416.0,150.4,106.0,-60.0,1312.8,37.2,27.3
2026-06-30,CROSSETT_ESR2,QJPEM1,100.0,101.7,24.0,3022.0,2420.0,146.0,105.2,-59.1,1329.0,37.2,27.3
2026-06-30,CROSSTRL_ESR1,QGRIE4,57.0,114.0,24.0,1054.0,2441.0,93.4,119.7,7.9,108.3,37.2,27.3
2026-06-30,CR_ESR1,QPROLO,9.8,13.6,24.0,179.0,303.0,10.8,8.8,-12.3,102.0,37.2,27.3
2026-06-30,CS_ESR1,QTEN26,7.0,14.6,24.0,101.0,303.0,4.8,1.7,-4.0,156.8,37.2,27.3
2026-06-30,CTW_ESR1,QTOTL5,150.0,185.3,24.0,3110.0,4323.0,185.6,237.1,-2.1,1692.6,37.2,27.3
2026-06-30,DAN_ESR1,QTOTL4,75.3,106.3,24.0,1306.0,2425.0,97.7,118.6,0.8,563.5,37.2,27.3
2026-06-30,DAN_ESR2,QTOTL4,71.8,102.4,24.0,1168.0,2331.0,93.3,117.4,5.0,509.5,37.2,27.3
2026-06-30,DA_ESR1,QSHE16,4.0,9.5,24.0,178.0,196.0,6.8,3.8,-4.2,15.4,37.2,27.3
2026-06-30,DCSES_ESR1,QLUMN,66.5,66.4,24.0,964.0,1584.0,37.7,22.3,-37.1,264.3,37.2,27.3
2026-06-30,DCSES_ESR2,QLUMN,66.5,66.4,24.0,909.0,1584.0,35.6,19.7,-38.5,263.8,37.2,27.3
2026-06-30,DCSES_ESR3,QLUMN,61.4,57.4,24.0,805.0,1378.0,32.6,19.3,-31.9,233.5,37.2,27.3
2026-06-30,DCSES_ESR4,QLUMN,63.5,63.4,24.0,1026.0,1512.0,31.5,5.6,-29.5,263.0,37.2,27.3
2026-06-30,DESN_ESS_ESR1,QSUE79,200.0,459.3,24.0,6906.0,9566.0,436.4,522.4,8.5,846.6,37.2,27.3
2026-06-30,DGFS_ESR_ESR1,QTEN26,75.3,64.0,24.0,1978.0,1545.0,139.3,109.8,-54.1,214.6,37.2,27.3
2026-06-30,DICKNSON_ESR1,QSUE74,9.9,7.8,24.0,28.0,189.0,10.1,12.2,-0.0,59.5,37.2,27.3
2026-06-30,DKNS_ESS_ESR1,QSUE74,50.0,46.5,24.0,683.0,1114.0,60.6,68.2,-3.5,326.8,37.2,27.3
2026-06-30,DKNS_ESS_ESR2,QSUE74,50.0,48.2,24.0,702.0,1152.0,59.7,68.0,-3.5,310.7,37.2,27.3
2026-06-30,DKNS_ESS_ESR3,QSUE74,50.0,47.5,24.0,656.0,1137.0,58.2,68.2,-3.6,314.7,37.2,27.3
2026-06-30,DKNS_ESS_ESR4,QSUE74,50.0,47.8,24.0,688.0,1143.0,58.5,67.3,-3.5,308.1,37.2,27.3
2026-06-30,DSWL_ESS_ESR1,QPHIL3,150.0,296.6,24.0,4042.0,6366.0,302.1,368.3,-1.9,1122.0,37.2,27.3
2026-06-30,EBNY_ESS_ESR1,QSUE52,200.0,458.5,24.0,7005.0,9554.0,482.2,493.7,-80.2,2131.6,37.2,27.3
2026-06-30,ELMCRK_ESR1,QMP2M1,9.9,25.9,20.3,318.0,490.0,14.7,8.8,-7.6,49.3,37.2,27.3
2026-06-30,ELM_ST_ESR1,QTEN26,9.9,24.7,24.0,-78.0,505.0,14.3,26.0,-5.8,0.0,37.2,27.3
2026-06-30,ELM_ST_ESR2,QSYSO,9.9,18.0,24.0,27.0,392.0,16.5,21.2,2.5,74.5,37.2,27.3
2026-06-30,ELSA_ESR1,QTEN24,9.9,10.9,24.0,2.0,220.0,0.2,0.1,0.0,90.4,37.2,27.3
2026-06-30,EMPCT_ESR1,QTEN24,9.9,13.1,24.0,-3.0,249.0,0.2,0.6,0.3,76.2,37.2,27.3
2026-06-30,ENDPARKS_ESR1,QGRIE4,50.0,102.4,24.0,240.0,2183.0,112.6,131.5,1.3,542.6,37.2,27.3
2026-06-30,ESTONIAN_ESR1,QENE14,101.6,168.3,24.0,2151.0,3732.0,138.6,193.7,31.4,448.7,37.2,27.3
2026-06-30,EUNICE_ESR1,QTENSK,17.0,20.0,24.0,-91.0,429.0,1.6,8.1,2.3,228.5,37.2,27.3
2026-06-30,EVLN_ESS_ESR1,QSHE15,188.3,342.0,24.0,1014.0,7457.0,356.6,322.6,-93.1,0.0,37.2,27.3
2026-06-30,E_HARRIS_ESR1,QTEN26,9.9,20.1,24.0,126.0,376.0,15.3,18.5,0.9,0.0,37.2,27.3
2026-06-30,FALFUR_ESR2,QTEN30,10.0,12.6,24.0,-8.0,226.0,1.4,2.9,0.9,102.5,37.2,27.3
2026-06-30,FAULKNER_ESR1,QBEEP1,9.9,10.7,24.0,229.0,228.0,7.7,1.7,-7.4,158.1,37.2,27.3
2026-06-30,FENCESLR_ESR1,QENE13,70.2,107.4,24.0,1076.0,2411.0,58.1,73.6,4.3,432.2,37.2,27.3
2026-06-30,FERD_ESS_ESR1,QCPSE,200.0,950.0,24.0,7746.0,15426.0,538.0,635.3,17.1,428.7,37.2,27.3
2026-06-30,FIVEWSLR_ESR1,QSUE61,220.0,250.0,24.0,1462.0,5881.0,243.9,301.3,-1.0,903.7,37.2,27.3
2026-06-30,FLAT_TOP_ESR1,QSHEL2,7.1,11.2,24.0,128.0,250.0,10.6,11.9,0.0,25.2,37.2,27.3
2026-06-30,FLAT_TOP_ESR2,QJPEM,9.9,16.2,24.0,388.0,360.0,21.2,16.2,-11.9,146.3,37.2,27.3
2026-06-30,FLOWERII_ESR1,QJPEM,100.0,195.9,24.0,5450.0,4211.0,267.0,177.9,-141.2,1554.2,37.2,27.3
2026-06-30,FORTMA_ESR1,QTEN30,9.5,12.6,24.0,8.0,291.0,4.8,11.5,4.6,48.4,37.2,27.3
2026-06-30,FRMRSVLW_ESR1,QBEEP1,9.9,10.7,24.0,-59.0,228.0,0.2,2.7,1.9,167.8,37.2,27.3
2026-06-30,FRMRSVLW_ESR2,QTEN26,6.0,14.7,24.0,92.0,301.0,8.0,13.7,3.4,69.8,37.2,27.3
2026-06-30,FTDUNCAN_ESR1,QTEN26,100.0,204.7,24.0,5074.0,4365.0,152.4,0.9,-164.7,2017.6,37.2,27.3
2026-06-30,GAIA_SLR_ESR1,QTEN26,75.0,150.0,24.0,2725.0,3213.0,136.1,161.1,-5.9,0.0,37.2,27.3
2026-06-30,GAMBIT_ESR1,QSUE23,100.0,147.9,24.0,1975.0,3338.0,165.3,163.4,-40.9,819.1,37.2,27.3
2026-06-30,GARCENO_ESR1,QTEN24,9.9,9.9,24.0,5.0,206.0,0.3,0.1,-0.0,66.3,37.2,27.3
2026-06-30,GEORSO_ESR1,QEDIS9,9.8,7.8,24.0,95.0,188.0,8.7,10.8,-0.2,22.3,37.2,27.3
2026-06-30,GIGA_ESS_ESR1,QSUE55,106.8,196.4,24.0,3175.0,4272.0,228.6,207.8,-54.6,1162.3,37.2,27.3
2026-06-30,GKS_BESS_ESR1,QTEN26,74.6,150.3,24.0,-58.0,3230.0,53.8,137.0,46.4,402.1,37.2,27.3
2026-06-30,GOMZ_ESR1,QBEEP1,9.9,10.7,24.0,223.0,228.0,7.7,2.1,-6.7,157.5,37.2,27.3
2026-06-30,GOODWIN_ESR1,QTEN30,7.0,12.7,24.0,-0.0,243.0,2.6,3.7,0.6,48.6,37.2,27.3
2026-06-30,GRDNE_ESR1,QBEEP1,9.9,10.7,24.0,251.0,228.0,8.2,1.1,-7.7,159.2,37.2,27.3
2026-06-30,GRIZZLY_ESR1,QPRIO1,9.9,10.0,0.0,0.0,238.0,0.0,-0.0,0.0,0.0,37.2,27.3
2026-06-30,HEADCAMP_ESR1,QTEN34,150.0,300.0,16.0,902.0,6425.0,94.9,108.0,-18.8,0.0,37.2,27.3
2026-06-30,HEARN_RD_ESR1,QTEN30,9.5,12.7,24.0,203.0,286.0,10.2,6.6,-5.2,0.0,37.2,27.3
2026-06-30,HEIGHTTN_ESR1,QSUE74,9.9,8.1,24.0,24.0,197.0,10.8,12.4,-0.1,49.6,37.2,27.3
2026-06-30,HEN_ESR1,QECNR,150.0,294.0,24.0,4493.0,6320.0,253.5,295.9,0.0,0.0,37.2,27.3
2026-06-30,HEN_ESR2,QECNR,2.8,267.3,24.0,-163.0,208.0,9.0,15.2,-13.9,0.0,37.2,27.3
2026-06-30,HI_LONEB_ESR1,QENEL1,50.0,63.6,24.0,1037.0,1475.0,54.8,61.7,0.2,570.1,37.2,27.3
2026-06-30,HLY_ESR1,QHEI1,102.2,172.9,24.0,-538.0,3819.0,128.7,183.1,7.6,1593.3,37.2,27.3
2026-06-30,HLY_ESR2,QHEI1,101.8,167.9,24.0,-403.0,3726.0,136.1,185.3,4.4,1587.8,37.2,27.3
2026-06-30,HMNG_ESS_ESR1,QMEA8,99.8,222.0,24.0,1088.0,4657.0,115.2,225.7,85.3,1467.1,37.2,27.3
2026-06-30,HOUSEMTN_ESR1,QJPEM,60.0,127.6,24.0,3377.0,2701.0,176.4,126.0,-70.7,992.8,37.2,27.3
2026-06-30,HRMS_SLR_ESR1,QTOT16,100.0,200.6,24.0,-2361.0,4293.0,3.0,153.8,-63.4,0.0,37.2,27.3
2026-06-30,HV_ESR1,QTEN30,9.0,12.7,0.7,-0.0,291.0,0.0,0.0,0.0,1.1,37.2,27.3
2026-06-30,HWY6_ESR1,QTEN26,9.9,24.7,24.0,145.0,505.0,15.2,16.4,-0.9,0.0,37.2,27.3
2026-06-30,HYDR_ESS_ESR1,QSUE74,200.0,198.8,24.0,1694.0,4742.0,207.3,263.9,31.1,1290.3,37.2,27.3
2026-06-30,INDL_ESR1,QECNR,9.9,4.2,24.0,113.0,108.0,3.6,0.8,-4.2,0.0,37.2,27.3
2026-06-30,INRT_W_ESR1,QFPL32,13.0,46.7,24.0,534.0,863.0,32.2,41.2,-0.1,0.0,37.2,27.3
2026-06-30,JADE_SLR_ESR1,QIPLUM,77.6,144.2,24.0,2062.0,3128.0,173.3,166.3,-29.9,459.5,37.2,27.3
2026-06-30,JADE_SLR_ESR2,QIPLUM,81.9,155.6,24.0,2437.0,3367.0,205.6,194.9,-36.0,408.4,37.2,27.3
2026-06-30,JAG_SLR_ESR1,QLCRA,150.0,300.0,24.0,3118.0,6425.0,278.3,333.6,0.0,726.4,37.2,27.3
2026-06-30,JAG_SLR_ESR2,QMITS2,150.0,300.0,24.0,4458.0,6425.0,278.7,341.0,1.0,0.0,37.2,27.3
2026-06-30,JAR_ESR1,QHEI1,117.5,230.7,24.0,2247.0,4958.0,140.7,164.8,9.8,1435.2,37.2,27.3
2026-06-30,JAR_ESR2,QHEI1,157.0,291.0,24.0,3224.0,6321.0,199.0,240.5,4.5,1769.6,37.2,27.3
2026-06-30,JDKNS_ESR1,QBEEP1,9.9,10.7,24.0,254.0,228.0,8.3,1.0,-7.8,159.6,37.2,27.3
2026-06-30,JUNCTION_ESR1,QBEEP1,9.9,10.7,24.0,-40.0,235.0,7.2,9.4,1.3,146.7,37.2,27.3
2026-06-30,K0_ESR1,QSUE74,9.9,7.3,24.0,123.0,172.0,8.2,7.6,0.0,58.9,37.2,27.3
2026-06-30,LANTANA_ESR1,QTEN26,10.0,20.1,24.0,214.0,415.0,17.8,18.3,-2.0,0.0,37.2,27.3
2026-06-30,LBRA_ESS_ESR1,QSUE48,200.0,200.0,24.0,1099.0,4768.0,138.7,207.5,1.5,749.1,37.2,27.3
2026-06-30,LIGSW_ESR1,QPROLO,9.8,9.5,23.9,159.0,213.0,9.3,11.3,0.0,106.8,37.2,27.3
2026-06-30,LILY_ESR1,QENEL5,50.0,71.8,24.0,460.0,1633.0,42.7,70.1,18.0,280.8,37.2,27.3
2026-06-30,LMO_ESR1,QSHEL2,99.9,243.5,24.0,2021.0,5001.0,348.2,447.1,48.5,505.1,37.2,27.3
2026-06-30,LONESTAR_ESR1,QBEEP1,9.9,10.7,24.0,232.0,228.0,7.7,1.5,-8.0,157.3,37.2,27.3
2026-06-30,LON_ESR1,QTEN26,174.0,336.0,24.0,4898.0,7246.0,275.2,209.6,-100.7,2471.8,37.2,27.3
2026-06-30,LOPENO_ESR1,QSUE74,9.9,9.8,24.0,133.0,225.0,11.1,7.0,-6.7,98.4,37.2,27.3
2026-06-30,LUCKYBLU_ESR1,QBROO1,102.0,220.5,24.0,-2276.0,4651.0,50.0,258.9,164.7,871.8,37.2,27.3
2026-06-30,L_463S_ESR1,QSUE74,9.9,7.3,24.0,71.0,173.0,7.5,8.7,-0.1,63.0,37.2,27.3
2026-06-30,L_FRESNO_ESR1,QTEN24,9.9,11.1,24.0,2.0,223.0,0.3,0.2,-0.1,94.7,37.2,27.3
2026-06-30,MADERO_ESR1,QTEN25,100.0,257.8,24.0,1213.0,5221.0,202.8,257.2,16.3,470.1,37.2,27.3
2026-06-30,MADERO_ESR2,QTEN25,100.0,256.0,24.0,1032.0,5194.0,201.3,263.4,18.3,484.4,37.2,27.3
2026-06-30,MAGNO_TN_ESR1,QSUE74,8.3,6.4,24.0,40.0,156.0,9.4,11.1,0.2,37.2,37.2,27.3
2026-06-30,MAINLAND_ESR1,QBEEP1,9.9,10.7,24.0,-11.0,228.0,0.2,0.7,-0.0,167.4,37.2,27.3
2026-06-30,MAYBERRY_ESR1,QTEN24,9.9,10.6,24.0,2.0,217.0,0.3,0.2,-0.1,71.9,37.2,27.3
2026-06-30,MAYBERRY_ESR2,QTEN24,9.9,12.0,24.0,5.0,235.0,0.4,0.1,-0.0,118.8,37.2,27.3
2026-06-30,MESQUITE_ESR1,QTEN26,10.0,19.8,24.0,421.0,411.0,17.4,6.6,-12.9,0.0,37.2,27.3
2026-06-30,MIDP_SLR_ESR1,QTEN26,50.0,90.0,24.0,1870.0,1966.0,92.6,105.4,-4.7,0.0,37.2,27.3
2026-06-30,MILTON_ESR1,QTEN30,10.0,12.6,24.0,-47.0,294.0,2.3,4.7,1.5,108.1,37.2,27.3
2026-06-30,MNWLE_ESR1,QBEEP1,9.9,10.7,24.0,-205.0,228.0,0.2,9.4,8.6,162.8,37.2,27.3
2026-06-30,MOORE_FL_ESR1,QTEN30,10.0,11.4,24.0,207.0,228.0,9.0,6.3,-3.1,0.0,37.2,27.3
2026-06-30,MUENSTER_ESR1,QTEN30,9.5,12.6,24.0,189.0,290.0,9.5,11.8,1.2,45.7,37.2,27.3
2026-06-30,MUSTNGCK_ESR1,QENE10,71.0,111.8,24.0,293.0,2501.0,48.4,76.5,10.1,586.7,37.2,27.3
2026-06-30,MU_ESR1,QTEN26,9.9,19.5,24.0,17.0,419.0,2.5,3.0,-0.5,182.6,37.2,27.3
2026-06-30,MYR_ESR1,QTOTL5,75.3,110.4,24.0,1465.0,2501.0,111.0,106.9,-10.4,1241.4,37.2,27.3
2026-06-30,MYR_ESR2,QTOTL5,73.4,109.2,24.0,2196.0,2469.0,106.6,111.2,-7.7,872.0,37.2,27.3
2026-06-30,NCO_ESR1,QSHEL2,50.0,61.2,24.0,1133.0,1428.0,34.8,7.9,-27.9,322.5,37.2,27.3
2026-06-30,NF_BRP_ESR1,QSUE74,100.5,105.8,24.0,390.0,2511.0,53.2,90.2,-0.6,221.0,37.2,27.3
2026-06-30,NOBLESLR_ESR1,QNGREN,61.4,51.2,24.0,863.0,1239.0,59.5,60.5,0.8,322.8,37.2,27.3
2026-06-30,NOBLESLR_ESR2,QNGREN,62.5,54.4,24.0,885.0,1310.0,53.7,55.9,-1.1,322.1,37.2,27.3
2026-06-30,NWF_ESR1,QDUKER,18.0,1.8,24.0,-164.0,47.0,2.3,9.8,0.1,62.9,37.2,27.3
2026-06-30,N_ALAMO_ESR1,QTEN24,9.9,10.6,24.0,4.0,216.0,0.3,0.1,-0.1,80.7,37.2,27.3
2026-06-30,N_MERCED_ESR1,QTEN24,9.9,10.6,24.0,1.0,217.0,0.2,0.2,-0.0,84.3,37.2,27.3
2026-06-30,ODESW_ESR1,QSUE74,9.9,6.1,24.0,56.0,146.0,7.5,9.1,0.3,61.5,37.2,27.3
2026-06-30,OLNEYTN_ESR1,QBEEP1,9.9,10.7,24.0,-96.0,228.0,7.9,11.3,2.2,142.3,37.2,27.3
2026-06-30,PAD1_ESS_ESR1,QCPSE,50.0,122.0,24.0,1054.0,2505.0,79.1,97.3,1.1,112.2,37.2,27.3
2026-06-30,PAD2_ESS_ESR2,QCPSE,150.0,600.0,24.0,9986.0,10661.0,411.1,152.3,-295.7,170.6,37.2,27.3
2026-06-30,PALACIOS_ESR1,QTEN30,7.5,11.4,24.0,130.0,233.0,5.1,3.7,-2.4,0.0,37.2,27.3
2026-06-30,PALE_ESS_ESR1,QSUE74,200.0,190.9,24.0,2925.0,4568.0,222.6,255.0,-19.8,1208.6,37.2,27.3
2026-06-30,PAVO_ESS_ESR1,QSUE74,87.5,86.9,24.0,421.0,2072.0,122.6,140.2,10.4,886.6,37.2,27.3
2026-06-30,PAVO_ESS_ESR2,QSUE74,87.5,85.4,24.0,497.0,2040.0,130.6,146.2,10.0,888.5,37.2,27.3
2026-06-30,PEARSALL_ESR1,QTEN26,9.9,19.8,24.0,178.0,353.0,13.8,16.7,2.7,57.3,37.2,27.3
2026-06-30,PHO_ESR1,QENE15,150.0,248.5,24.0,1744.0,5510.0,173.6,243.5,19.4,704.4,37.2,27.3
2026-06-30,PHO_ESR2,QENE15,150.0,245.6,24.0,957.0,5456.0,144.1,223.8,45.4,843.5,37.2,27.3
2026-06-30,PINEFRST_ESR1,QTEN21,200.0,400.0,24.0,3099.0,8567.0,301.0,427.8,60.8,56.2,37.2,27.3
2026-06-30,PIN_BESS_ESR1,QTEN34,201.7,400.0,24.0,7091.0,8576.0,407.8,423.8,-49.2,0.0,37.2,27.3
2026-06-30,PIRATE_ESR1,QTEN30,10.0,12.6,24.0,33.0,279.0,5.3,8.8,2.5,71.4,37.2,27.3
2026-06-30,PLATINUM_ESR1,QSUE80,148.3,318.7,24.0,2988.0,6732.0,272.8,331.6,-4.4,662.2,37.2,27.3
2026-06-30,PLATINUM_ESR2,QSUE80,151.7,311.2,24.0,2679.0,6633.0,268.3,322.0,-3.5,741.7,37.2,27.3
2026-06-30,PRCRK_ESR1,QTEN24,7.0,8.6,24.0,-9.0,181.0,0.1,0.9,0.6,56.4,37.2,27.3
2026-06-30,PUEBLO_ESR1,QSUE74,9.9,9.8,24.0,48.0,226.0,8.3,10.8,0.4,67.2,37.2,27.3
2026-06-30,PUEBLO_ESR2,QSUE74,9.9,9.8,24.0,55.0,225.0,7.5,9.8,-0.1,61.9,37.2,27.3
2026-06-30,PYOTE_ESR1,QJPEM,10.0,15.6,24.0,277.0,349.0,15.5,12.3,-9.3,161.9,37.2,27.3
2026-06-30,PYR_ESR1,QECNR,9.9,4.2,24.0,121.0,108.0,3.8,1.0,-3.7,0.0,37.2,27.3
2026-06-30,PYR_ESR2,QECNR,15.1,13.6,24.0,198.0,327.0,10.5,13.7,-0.3,19.8,37.2,27.3
2026-06-30,PYR_ESR3,QECNR,15.1,13.6,24.0,219.0,327.0,11.2,13.9,-0.4,17.9,37.2,27.3
2026-06-30,QTUM_SLR_ESR1,QTEN33,160.0,296.5,24.0,-95.0,6441.0,0.2,4.7,-0.9,0.0,37.2,27.3
2026-06-30,QTUM_SLR_ESR2,QTEN33,160.0,276.5,24.0,-98.0,6086.0,0.2,4.9,0.1,0.0,37.2,27.3
2026-06-30,QUEEN_BA_ESR1,QENEL2,50.0,72.0,24.0,-184.0,1625.0,13.5,27.5,12.6,985.1,37.2,27.3
2026-06-30,RADN_SLR_ESR1,QIPRAD,78.1,141.2,24.0,2541.0,3082.0,228.2,211.3,-28.8,1227.2,37.2,27.3
2026-06-30,RADN_SLR_ESR2,QIPRAD,81.9,150.6,24.0,2388.0,3277.0,232.5,229.9,-14.0,1370.3,37.2,27.3
2026-06-30,RBN_ESR1,QTEN19,100.0,118.1,24.0,770.0,2768.0,96.2,147.2,3.6,429.0,37.2,27.3
2026-06-30,RHA_ESR1,QTEN19,200.0,447.8,24.0,-330.0,9380.0,48.0,72.0,-41.2,0.0,37.2,27.3
2026-06-30,RIO_GRAN_ESR1,QTEN24,9.9,9.8,24.0,-46.0,205.0,0.3,2.5,2.1,65.7,37.2,27.3
2026-06-30,RIO_GRAN_ESR2,QPROLO,9.9,14.5,24.0,291.0,265.0,11.1,3.7,-3.5,114.1,37.2,27.3
2026-06-30,ROSELAND_ESR1,QENEL9,50.0,86.1,24.0,935.0,1896.0,80.6,93.4,-4.3,307.1,37.2,27.3
2026-06-30,RPUBRDS_ESR1,QSHEL2,50.0,59.0,24.0,1139.0,1383.0,51.4,40.6,-22.4,205.3,37.2,27.3
2026-06-30,RRANCHES_ESR1,QSUE51,150.0,345.8,24.0,2882.0,7202.0,356.8,410.7,-26.5,799.1,37.2,27.3
2026-06-30,RRANCHES_ESR2,QSUE51,150.0,345.0,24.0,3398.0,7183.0,302.7,345.9,-23.2,1223.5,37.2,27.3
2026-06-30,RRC_WIND_ESR1,QFPL35,40.1,225.0,24.0,2496.0,3711.0,119.9,65.7,-70.5,0.0,37.2,27.3
2026-06-30,RRC_WIND_ESR2,QFPL35,40.1,225.0,24.0,2495.0,3711.0,118.1,62.2,-69.5,0.0,37.2,27.3
2026-06-30,RTLSNAKE_ESR1,QBEEP1,9.9,10.7,24.0,234.0,228.0,7.7,1.3,-7.8,158.3,37.2,27.3
2026-06-30,RUSSEKST_ESR1,QBEEP1,9.9,10.7,24.0,249.0,228.0,8.2,1.3,-7.2,159.4,37.2,27.3
2026-06-30,RVRVLYS_ESR1,QSHEL2,51.4,114.3,24.0,160.0,2394.0,132.4,155.6,0.2,1049.5,37.2,27.3
2026-06-30,RVRVLYS_ESR2,QSHEL2,51.5,114.3,24.0,111.0,2394.0,131.0,156.3,0.3,1054.5,37.2,27.3
2026-06-30,SADLBACK_ESR1,QBEEP1,9.9,10.7,24.0,225.0,228.0,7.6,1.7,-7.4,158.3,37.2,27.3
2026-06-30,SANDLAKE_ESR1,QBEEP1,9.9,10.7,24.0,232.0,228.0,7.7,1.4,-7.2,159.1,37.2,27.3
2026-06-30,SBEAN_ESR1,QBEEP1,9.9,10.7,24.0,236.0,228.0,7.7,1.1,-8.1,157.9,37.2,27.3
2026-06-30,SEVNF_ES_ESR1,QTEN37,100.0,238.2,24.0,1738.0,4919.0,80.9,47.5,-57.0,252.1,37.2,27.3
2026-06-30,SE_EDINB_ESR1,QGRIDB,10.1,24.7,23.7,144.0,434.0,28.9,29.0,0.0,0.0,37.2,27.3
2026-06-30,SGAL_BES_ESR1,QJPEM,100.0,200.4,24.0,5083.0,4289.0,297.0,219.1,-115.9,1622.5,37.2,27.3
2026-06-30,SGAL_BES_ESR2,QJPEM2,100.0,203.3,24.0,5636.0,4340.0,312.4,210.6,-125.5,1716.6,37.2,27.3
2026-06-30,SGSA_ESR1,QAMA1,9.9,23.6,24.0,101.0,487.0,19.9,20.1,-4.4,57.4,37.2,27.3
2026-06-30,SHAMROCK_ESR1,QFPL40,75.2,297.9,24.0,-1689.0,5515.0,3.5,112.3,-6.2,0.0,37.2,27.3
2026-06-30,SHEEPCRK_ESR1,QSUE70,136.9,172.9,24.0,1172.0,4016.0,262.0,306.8,-17.6,1141.2,37.2,27.3
2026-06-30,SLCNHLS_ESR1,QSHEL2,49.6,58.2,24.0,-114.0,1363.0,19.0,29.9,-3.7,74.2,37.2,27.3
2026-06-30,SLCNHLS_ESR2,QSHEL2,48.8,56.0,24.0,-107.0,1316.0,17.6,28.4,-0.4,66.6,37.2,27.3
2026-06-30,SMTH_ESS_ESR1,QSUE77,125.0,249.7,24.0,-171.0,5349.0,116.5,189.4,41.6,2502.1,37.2,27.3
2026-06-30,SOLC_SLR_ESR1,QTEN33,96.0,177.6,24.0,-67.0,3860.0,0.0,3.2,-0.0,0.0,37.2,27.3
2026-06-30,SPTX12B_ESR1,QEDIS9,25.0,18.5,24.0,385.0,451.0,26.1,21.2,-10.0,70.1,37.2,27.3
2026-06-30,SP_ESR1,QTEN26,9.9,19.7,24.0,81.0,396.0,13.1,8.5,-8.5,70.5,37.2,27.3
2026-06-30,STADIUM_ESR1,QTEN26,9.9,19.8,24.0,347.0,423.0,16.5,10.1,-8.8,0.0,37.2,27.3
2026-06-30,STAM_SLR_ESR1,QENE12,70.0,127.8,24.0,1369.0,2784.0,74.2,88.0,2.3,488.2,37.2,27.3
2026-06-30,STRG_SLR_ESR1,QECNR,69.1,150.8,24.0,1271.0,3177.0,64.2,71.7,-2.9,0.0,37.2,27.3
2026-06-30,SUNVASLR_ESR1,QSUE38,53.3,53.2,24.0,375.0,1270.0,53.6,64.3,-4.3,293.8,37.2,27.3
2026-06-30,SUNVASLR_ESR2,QSUE38,44.8,46.8,24.0,275.0,1110.0,42.3,51.6,-2.8,242.4,37.2,27.3
2026-06-30,SWEENY_ESR1,QSUE74,9.9,9.2,24.0,77.0,212.0,12.6,14.9,-0.2,53.4,37.2,27.3
2026-06-30,SWOOSEII_ESR1,QMEA5,100.0,184.8,24.0,3668.0,4016.0,117.7,24.5,-178.8,1860.7,37.2,27.3
2026-06-30,SWTWR_ESR1,QTEN26,7.4,17.3,24.0,185.0,347.0,10.5,12.4,-0.0,29.4,37.2,27.3
2026-06-30,S_SNROSA_ESR1,QTEN24,9.9,10.9,24.0,2.0,220.0,0.2,0.1,-0.1,89.7,37.2,27.3
2026-06-30,TBWF_ESS_ESR1,QTEN29,150.0,342.1,24.0,4068.0,7137.0,241.8,232.2,-68.1,1605.5,37.2,27.3
2026-06-30,TDWLPR_1_ESR1,QMEA6,100.0,223.7,24.0,2098.0,4687.0,119.7,130.3,-5.4,1879.0,37.2,27.3
2026-06-30,TDWLPR_1_ESR2,QMEA6,100.0,223.6,24.0,1923.0,4688.0,118.4,140.1,-3.2,1925.5,37.2,27.3
2026-06-30,TNFS_ESR1,QSYSO,9.9,18.0,24.0,125.0,392.0,21.3,21.2,-2.0,79.8,37.2,27.3
2026-06-30,TORT_ESS_ESR1,QSUE74,50.0,41.5,24.0,142.0,1004.0,47.6,56.9,-0.5,294.6,37.2,27.3
2026-06-30,TSECA_ES_ESR1,QTEN36,100.0,238.2,24.0,-4.0,4919.0,96.9,171.7,37.4,675.7,37.2,27.3
2026-06-30,TURQBESS_ESR1,QHEI3,190.0,361.0,24.0,4341.0,7806.0,273.2,310.0,-3.3,2996.1,37.2,27.3
2026-06-30,TV_ESR1,QAETE1,10.0,22.4,24.0,-141.0,469.0,2.0,9.6,9.7,156.3,37.2,27.3
2026-06-30,UTOPIA_ESR1,QTEN30,9.9,12.7,24.0,196.0,295.0,10.8,10.8,0.1,0.0,37.2,27.3
2026-06-30,VERT_ESS_ESR1,QNRGTX,201.2,200.4,15.9,-279.0,4777.0,0.1,12.5,47.1,0.0,37.2,27.3
2026-06-30,VORTEX_ESR1,QENEL8,121.8,190.0,24.0,1606.0,4258.0,161.5,159.0,-38.0,866.2,37.2,27.3
2026-06-30,WAL_ESR1,QSUE92,200.0,398.6,19.8,5278.0,8541.0,273.3,255.6,-52.1,3040.0,37.2,27.3
2026-06-30,WCOLLOCL_ESR1,QHABIT,8.4,3.1,24.0,-14.0,79.0,0.1,1.2,0.1,94.7,37.2,27.3
2026-06-30,WFTANK_ESR1,QTEN28,150.1,166.8,24.0,3648.0,3940.0,232.0,219.2,-55.9,1951.3,37.2,27.3
2026-06-30,WIG_ESS_ESR1,QHEI1,120.0,187.0,24.0,1924.0,4192.0,126.9,171.7,2.4,1795.9,37.2,27.3
2026-06-30,WOVER_ESR1,QTEN26,5.3,12.9,24.0,274.0,266.0,16.1,12.3,-6.3,18.9,37.2,27.3
2026-06-30,WR_ESR1,QAETEL,9.9,22.4,24.0,-13.0,455.0,0.7,1.3,-0.1,156.2,37.2,27.3
2026-06-30,WZRD_ESS_ESR1,QTEN26,138.0,259.9,24.0,3043.0,5629.0,176.3,21.5,-172.2,1247.5,37.2,27.3
2026-06-30,W_HARLIN_ESR1,QTEN24,9.9,10.6,24.0,5.0,216.0,0.3,0.1,-0.1,82.4,37.2,27.3
2026-06-30,X4_ESR1,QCPSE,10.0,8.5,24.0,79.0,205.0,9.3,10.5,-0.5,18.4,37.2,27.3
2026-06-30,Z0_ESR1,QTEN26,9.9,16.1,24.0,96.0,312.0,17.3,20.4,-2.3,0.0,37.2,27.3
2026-06-30,ZAPATA_ESR1,QSUE74,8.3,7.0,24.0,102.0,165.0,6.7,3.8,-4.4,91.8,37.2,27.3
2026-06-30,ZAPATA_ESR2,QSUE74,8.3,7.3,24.0,50.0,172.0,5.3,4.4,-5.0,89.8,37.2,27.3
2026-06-30,ZIER_SLR_ESR1,QTEN19,40.0,75.9,24.0,838.0,1642.0,88.2,91.9,-14.0,127.2,37.2,27.3
2026-06-29,ABINDUST_ESR1,QMP2M1,9.9,25.9,24.0,282.0,387.0,12.4,5.1,-8.7,23.3,31.0,19.9
2026-06-29,ADL_ESR1,QTEN26,60.0,58.6,24.0,-348.0,1044.0,0.0,23.2,10.3,743.6,31.0,19.9
2026-06-29,AE_ESR1,QTEN26,9.9,19.5,24.0,-160.0,316.0,0.8,13.2,10.8,168.1,31.0,19.9
2026-06-29,ALAMO_ST_ESR1,QSYSO,9.9,17.6,24.0,-185.0,290.0,5.5,21.1,13.6,75.1,31.0,19.9
2026-06-29,ALP_BESS_ESR1,QHEI1,100.3,161.7,24.0,716.0,2707.0,106.1,148.7,-6.8,1762.3,31.0,19.9
2026-06-29,ALVIN_ESR1,QSUE74,8.3,5.5,24.0,29.0,102.0,5.1,6.2,0.0,45.2,31.0,19.9
2026-06-29,ANCHOR_ESR1,QENE11,35.2,38.4,24.0,260.0,676.0,16.9,12.7,-15.5,270.0,31.0,19.9
2026-06-29,ANCHOR_ESR2,QENE11,36.3,48.7,24.0,578.0,838.0,30.4,14.1,-25.2,406.9,31.0,19.9
2026-06-29,ANDMDSLR_ESR1,QIPLU2,60.2,106.2,24.0,1215.0,1754.0,102.8,99.8,-16.3,739.2,31.0,19.9
2026-06-29,ANDMDSLR_ESR2,QIPLU2,78.1,144.6,24.0,1516.0,2369.0,160.3,161.1,-14.5,1137.7,31.0,19.9
2026-06-29,ANEM_ESS_ESR1,QSUE53,200.0,456.5,24.0,1847.0,7203.0,314.7,429.8,28.2,2263.3,31.0,19.9
2026-06-29,ANGLETON_ESR1,QSUE74,9.9,8.2,24.0,73.0,148.0,7.4,8.8,0.0,63.9,31.0,19.9
2026-06-29,ANG_SLR_ESR1,QTEN26,100.0,206.8,24.0,660.0,3330.0,163.3,219.5,5.8,718.3,31.0,19.9
2026-06-29,ANOL_ESS_ESR1,QESVEM,240.0,499.1,24.0,5183.0,8031.0,483.4,603.4,4.2,1211.4,31.0,19.9
2026-06-29,ANTL_ESS_ESR1,QSU100,70.0,169.7,24.0,996.0,2639.0,144.6,183.8,15.1,549.3,31.0,19.9
2026-06-29,AVIL_ESS_ESR1,QSU100,160.0,368.8,24.0,2671.0,5470.0,378.4,412.4,-11.7,1276.1,31.0,19.9
2026-06-29,AZURE_ESR1,QENEL6,77.6,127.2,24.0,-210.0,2124.0,24.9,50.8,8.2,876.9,31.0,19.9
2026-06-29,BATCAVE_ESR1,QSUE74,100.5,106.6,24.0,69.0,1883.0,50.3,82.3,-0.1,558.9,31.0,19.9
2026-06-29,BAY_CITY_ESR1,QTEN24,9.9,11.1,24.0,-1.0,160.0,0.1,0.2,0.0,94.5,31.0,19.9
2026-06-29,BCK_ESR1,QHEI5,123.5,314.9,24.0,3962.0,4834.0,298.3,357.2,0.9,0.0,31.0,19.9
2026-06-29,BCK_ESR2,QHEI5,126.5,320.3,24.0,4114.0,4926.0,306.0,364.0,0.6,0.0,31.0,19.9
2026-06-29,BCNV_ESS_ESR1,QSHE11,150.0,300.0,24.0,4117.0,4857.0,178.5,27.4,-173.6,1648.9,31.0,19.9
2026-06-29,BELD_ESR1,QJPEM,7.5,11.6,24.0,-56.0,195.0,3.2,10.5,6.2,127.3,31.0,19.9
2026-06-29,BEXAR_ES_ESR1,QTEN32,100.0,100.0,24.0,-1193.0,1778.0,10.2,115.2,64.2,571.2,31.0,19.9
2026-06-29,BIG_STAR_ESR1,QECNR,80.0,108.0,24.0,1345.0,1856.0,106.2,128.7,0.8,0.0,31.0,19.9
2026-06-29,BKSL_ESS_ESR1,QESVEM,100.0,203.5,24.0,2440.0,3286.0,191.5,225.2,-10.8,755.1,31.0,19.9
2026-06-29,BLACKSPR_ESR1,QBROO2,120.0,278.4,24.0,-740.0,4375.0,285.5,319.3,-6.5,890.4,31.0,19.9
2026-06-29,BLSUMMIT_ESR1,QFPL12,30.0,8.9,24.0,5.0,172.0,5.3,8.9,0.0,0.0,31.0,19.9
2026-06-29,BLSUMMIT_ESR2,QFPL48,137.2,450.0,24.0,6278.0,6476.0,472.6,551.3,0.0,0.0,31.0,19.9
2026-06-29,BLUEJAY_ESR1,QENEL7,50.0,86.2,24.0,-246.0,1428.0,32.5,94.5,45.4,324.5,31.0,19.9
2026-06-29,BLVN_SLR_ESR1,QSHEL8,173.5,358.8,23.5,8073.0,5774.0,328.1,50.6,0.0,1467.7,31.0,19.9
2026-06-29,BOCO_ESS_ESR1,QTEN28,150.0,365.0,24.0,4267.0,5672.0,327.6,396.5,0.0,1868.9,31.0,19.9
2026-06-29,BRAZORIA_ESR1,QSUE74,9.9,9.5,24.0,79.0,170.0,7.6,9.1,0.1,49.0,31.0,19.9
2026-06-29,BR_ARROW_ESR1,QECNR,48.3,93.5,24.0,1146.0,1521.0,86.6,104.4,5.6,74.1,31.0,19.9
2026-06-29,BR_ARROW_ESR2,QECNR,51.7,100.4,24.0,1038.0,1632.0,82.7,96.0,-0.7,0.0,31.0,19.9
2026-06-29,BYP_ESR1,QEXELO,200.0,450.0,24.0,3138.0,7135.0,325.3,505.2,90.4,0.0,31.0,19.9
2026-06-29,BYRDR_ES_ESR1,QHABIT,50.0,59.5,24.0,615.0,1039.0,45.0,53.0,-5.4,685.8,31.0,19.9
2026-06-29,CACH_ESS_ESR1,QSU100,200.0,470.8,24.0,6246.0,7373.0,494.2,528.3,-38.9,937.5,31.0,19.9
2026-06-29,CAMWIND_ESR1,QTEN26,10.1,16.6,24.0,-59.0,278.0,11.8,16.7,2.3,60.6,31.0,19.9
2026-06-29,CARA_ESS_ESR1,QHEI8,98.3,196.7,22.7,-2789.0,3184.0,75.5,251.2,136.5,0.0,31.0,19.9
2026-06-29,CARN_ESS_ESR1,QSU100,150.0,335.6,24.0,3892.0,5321.0,322.6,377.2,-3.0,912.1,31.0,19.9
2026-06-29,CARRIZO_ESR1,QTEN30,9.5,12.6,24.0,-36.0,218.0,5.9,9.1,2.1,56.3,31.0,19.9
2026-06-29,CARTWHL_ESR1,QECNR,150.0,283.0,24.0,972.0,4623.0,534.7,618.0,10.5,0.0,31.0,19.9
2026-06-29,CASL_GAP_ESR1,QLUMN1,3.9,4.3,24.0,-70.0,77.0,0.0,5.5,4.5,0.0,31.0,19.9
2026-06-29,CAST_ESS_ESR1,QSUE79,200.0,417.0,24.0,4519.0,6706.0,391.4,471.4,6.0,713.9,31.0,19.9
2026-06-29,CATARINA_ESR1,QBEEP1,9.9,10.7,24.0,-21.0,141.0,0.4,1.8,1.0,168.8,31.0,19.9
2026-06-29,CEDRVALE_ESR1,QBEEP1,9.9,10.7,24.0,-100.0,164.0,0.8,9.2,6.9,142.8,31.0,19.9
2026-06-29,CFLAT_ES_ESR1,QTEN26,100.0,200.0,24.0,-2109.0,3232.0,21.6,187.3,125.9,0.0,31.0,19.9
2026-06-29,CHERRYCR_ESR1,QBEEP1,9.9,10.7,24.0,-62.0,164.0,1.6,8.0,6.5,144.7,31.0,19.9
2026-06-29,CHIL_SLR_ESR1,QSUE88,150.0,323.2,24.0,1673.0,5167.0,289.6,384.5,28.2,1031.8,31.0,19.9
2026-06-29,CISC_ESR1,QBEEP1,9.9,10.7,24.0,221.0,164.0,8.4,1.0,-8.2,160.9,31.0,19.9
2026-06-29,CITRUSCY_ESR1,QPROLO,9.9,20.4,24.0,-123.0,267.0,0.1,9.4,8.7,97.8,31.0,19.9
2026-06-29,CLO_ESR1,QMEA1,100.0,201.9,24.0,91.0,3264.0,170.0,196.5,-9.3,1660.6,31.0,19.9
2026-06-29,CLO_ESR2,QMEA1,100.0,201.4,24.0,-3.0,3258.0,167.7,198.4,-6.0,1686.0,31.0,19.9
2026-06-29,CNLY_ESS_ESR1,QSUE76,125.0,244.7,24.0,1713.0,3975.0,348.1,382.7,0.8,2903.8,31.0,19.9
2026-06-29,CNTRY_ESR1,QPROLO,9.8,20.3,24.0,-223.0,266.0,0.1,15.8,14.0,152.5,31.0,19.9
2026-06-29,CNTYRDS_ESR1,QTEN26,9.9,24.7,24.0,208.0,381.0,16.0,12.7,5.3,0.0,31.0,19.9
2026-06-29,CORALSLR_ESR1,QNGRE1,48.4,58.3,24.0,640.0,1018.0,54.8,66.0,3.9,467.3,31.0,19.9
2026-06-29,CORALSLR_ESR2,QNGRE1,52.2,58.3,24.0,591.0,1026.0,55.1,69.9,5.6,501.3,31.0,19.9
2026-06-29,CORAZON_ESR1,QHEI4,200.0,254.0,24.0,2149.0,4407.0,205.2,264.7,11.0,2647.5,31.0,19.9
2026-06-29,COYOTSPR_ESR1,QBEEP1,9.9,10.7,24.0,-101.0,164.0,0.9,9.3,7.2,134.9,31.0,19.9
2026-06-29,CROSSETT_ESR1,QJPEM1,100.0,101.5,24.0,-289.0,1802.0,37.4,99.9,55.0,1351.2,31.0,19.9
2026-06-29,CROSSETT_ESR2,QJPEM1,100.0,101.7,24.0,-240.0,1805.0,35.9,93.7,53.4,1387.7,31.0,19.9
2026-06-29,CROSSTRL_ESR1,QGRIE4,57.0,114.0,24.0,717.0,1846.0,82.1,97.4,-6.6,0.0,31.0,19.9
2026-06-29,CR_ESR1,QPROLO,9.8,20.1,24.0,-83.0,266.0,0.8,6.7,5.7,132.7,31.0,19.9
2026-06-29,CS_ESR1,QTEN26,7.0,14.6,24.0,-106.0,225.0,0.6,8.2,6.6,147.0,31.0,19.9
2026-06-29,CTW_ESR1,QTOTL5,150.0,181.2,24.0,1779.0,3162.0,174.0,231.2,-1.7,546.9,31.0,19.9
2026-06-29,DAN_ESR1,QTOTL4,75.3,110.4,24.0,1373.0,1876.0,98.4,116.0,-2.2,333.3,31.0,19.9
2026-06-29,DAN_ESR2,QTOTL4,71.9,102.4,24.0,1361.0,1746.0,97.3,113.5,-2.7,248.8,31.0,19.9
2026-06-29,DA_ESR1,QSHE16,4.0,9.5,24.0,-2.0,148.0,3.2,8.1,4.4,9.0,31.0,19.9
2026-06-29,DCSES_ESR1,QLUMN,66.5,66.4,24.0,-606.0,1182.0,0.0,41.0,17.0,269.4,31.0,19.9
2026-06-29,DCSES_ESR2,QLUMN,66.5,66.4,24.0,-571.0,1182.0,0.0,39.3,17.3,269.2,31.0,19.9
2026-06-29,DCSES_ESR3,QLUMN,63.5,57.4,24.0,-549.0,1032.0,0.0,36.7,10.7,244.5,31.0,19.9
2026-06-29,DCSES_ESR4,QLUMN,63.5,63.4,24.0,-273.0,1128.0,0.5,22.8,13.2,255.2,31.0,19.9
2026-06-29,DESN_ESS_ESR1,QSUE79,200.0,459.2,24.0,5469.0,7236.0,441.5,511.5,-10.8,697.9,31.0,19.9
2026-06-29,DGFS_ESR_ESR1,QTEN26,75.1,64.0,24.0,-186.0,1158.0,62.6,88.4,1.2,185.0,31.0,19.9
2026-06-29,DIBOL_ESR1,QBEEP1,9.9,10.7,24.0,-52.0,164.0,0.1,3.7,3.1,166.3,31.0,19.9
2026-06-29,DICKNSON_ESR1,QSUE74,9.9,7.8,24.0,12.0,142.0,6.4,7.3,0.1,48.2,31.0,19.9
2026-06-29,DKNS_ESS_ESR1,QSUE74,50.0,48.0,24.0,504.0,857.0,55.6,64.7,-0.7,319.9,31.0,19.9
2026-06-29,DKNS_ESS_ESR2,QSUE74,50.0,49.0,24.0,545.0,873.0,58.6,66.7,-1.5,328.7,31.0,19.9
2026-06-29,DKNS_ESS_ESR3,QSUE74,50.0,49.5,24.0,514.0,882.0,56.8,66.7,-0.4,322.6,31.0,19.9
2026-06-29,DKNS_ESS_ESR4,QSUE74,50.0,49.3,24.0,515.0,878.0,56.8,66.3,-0.5,326.1,31.0,19.9
2026-06-29,DSWL_ESS_ESR1,QPHIL3,150.0,294.3,24.0,494.0,4778.0,441.3,537.7,4.8,1396.6,31.0,19.9
2026-06-29,EBNY_ESS_ESR1,QSUE52,200.0,458.5,24.0,2259.0,7228.0,326.7,428.3,10.5,2221.4,31.0,19.9
2026-06-29,ELMCRK_ESR1,QMP2M1,9.9,25.9,24.0,158.0,365.0,12.2,14.7,0.6,24.4,31.0,19.9
2026-06-29,ELM_ST_ESR1,QTEN26,9.9,24.7,24.0,255.0,381.0,17.3,11.5,5.5,0.0,31.0,19.9
2026-06-29,ELM_ST_ESR2,QSYSO,9.9,18.0,24.0,-142.0,296.0,10.7,22.3,9.7,78.9,31.0,19.9
2026-06-29,ELSA_ESR1,QTEN24,9.9,10.9,24.0,-163.0,158.0,0.1,10.9,11.1,57.9,31.0,19.9
2026-06-29,EMPCT_ESR1,QTEN24,9.9,13.1,24.0,-86.0,179.0,1.3,8.2,11.7,55.4,31.0,19.9
2026-06-29,ENDPARKS_ESR1,QGRIE4,50.1,102.4,24.0,234.0,1653.0,99.9,126.7,-3.2,0.0,31.0,19.9
2026-06-29,ESTONIAN_ESR1,QENE14,101.6,168.3,24.0,2289.0,2806.0,163.5,150.6,-42.2,754.2,31.0,19.9
2026-06-29,EUNICE_ESR1,QTENSK,17.0,20.0,24.0,-33.0,309.0,2.2,5.0,-1.9,258.4,31.0,19.9
2026-06-29,EVLN_ESS_ESR1,QSHE15,184.7,336.8,24.0,2455.0,5532.0,333.2,396.3,11.5,0.0,31.0,19.9
2026-06-29,E_HARRIS_ESR1,QTEN26,9.9,20.1,24.0,17.0,274.0,12.9,19.8,5.5,0.0,31.0,19.9
2026-06-29,FALFUR_ESR2,QTEN30,10.0,12.6,24.0,2.0,165.0,5.1,7.5,2.4,95.8,31.0,19.9
2026-06-29,FAULKNER_ESR1,QBEEP1,9.9,10.7,24.0,-97.0,164.0,0.8,8.9,7.2,143.2,31.0,19.9
2026-06-29,FENCESLR_ESR1,QENE13,69.8,103.1,24.0,716.0,1746.0,59.7,53.8,-16.3,492.7,31.0,19.9
2026-06-29,FERD_ESS_ESR1,QCPSE,200.0,950.0,24.0,4246.0,11536.0,564.8,665.1,4.8,415.6,31.0,19.9
2026-06-29,FIVEWSLR_ESR1,QSUE61,220.0,250.0,24.0,2335.0,4387.0,263.3,322.1,1.0,1149.5,31.0,19.9
2026-06-29,FLAT_TOP_ESR1,QSHEL2,7.3,11.8,24.0,117.0,198.0,10.1,12.9,0.2,30.8,31.0,19.9
2026-06-29,FLAT_TOP_ESR2,QJPEM,9.9,16.4,24.0,-90.0,273.0,3.9,14.5,9.7,166.9,31.0,19.9
2026-06-29,FLOWERII_ESR1,QJPEM,100.0,195.9,24.0,-1096.0,3181.0,37.9,161.6,123.9,1705.4,31.0,19.9
2026-06-29,FORTMA_ESR1,QTEN30,10.0,12.6,24.0,196.0,219.0,11.9,8.2,-5.3,57.6,31.0,19.9
2026-06-29,FRMRSVLW_ESR1,QBEEP1,9.9,10.7,24.0,-51.0,164.0,2.8,8.8,5.0,147.1,31.0,19.9
2026-06-29,FRMRSVLW_ESR2,QTEN26,6.0,14.7,24.0,70.0,228.0,11.4,14.3,0.1,76.7,31.0,19.9
2026-06-29,FTDUNCAN_ESR1,QTEN26,100.0,202.9,24.0,-2546.0,3278.0,7.1,201.3,137.1,1876.9,31.0,19.9
2026-06-29,GAIA_SLR_ESR1,QTEN26,75.0,150.0,24.0,1855.0,2428.0,138.7,175.5,6.2,0.0,31.0,19.9
2026-06-29,GAMBIT_ESR1,QSUE23,100.0,146.2,24.0,248.0,2479.0,117.1,183.1,26.6,656.3,31.0,19.9
2026-06-29,GARCENO_ESR1,QTEN24,9.9,9.9,23.4,-1.0,147.0,0.1,0.3,0.2,58.7,31.0,19.9
2026-06-29,GEORSO_ESR1,QEDIS9,9.8,7.8,24.0,-20.0,141.0,20.4,24.4,0.5,18.8,31.0,19.9
2026-06-29,GIGA_ESS_ESR1,QSUE55,106.6,192.5,24.0,16.0,3166.0,181.2,240.5,33.8,1538.7,31.0,19.9
2026-06-29,GKS_BESS_ESR1,QTEN26,84.2,155.3,24.0,1160.0,2546.0,115.4,151.7,-3.0,267.6,31.0,19.9
2026-06-29,GOMZ_ESR1,QBEEP1,9.9,10.7,24.0,-81.0,164.0,1.4,9.0,6.5,138.3,31.0,19.9
2026-06-29,GOODWIN_ESR1,QTEN30,6.9,12.7,24.0,-21.0,177.0,5.3,8.6,3.8,30.9,31.0,19.9
2026-06-29,GRDNE_ESR1,QBEEP1,9.9,10.7,24.0,-103.0,164.0,0.6,8.5,7.3,145.8,31.0,19.9
2026-06-29,GRIZZLY_ESR1,QPRIO1,9.9,10.0,0.0,0.0,178.0,0.0,-0.0,0.0,0.0,31.0,19.9
2026-06-29,HEADCAMP_ESR1,QTEN34,150.0,300.0,14.1,282.0,4858.0,164.1,189.2,-6.3,0.0,31.0,19.9
2026-06-29,HEARN_RD_ESR1,QTEN30,9.5,12.7,24.0,24.0,213.0,5.8,11.6,5.2,0.0,31.0,19.9
2026-06-29,HEIGHTTN_ESR1,QSUE74,9.9,8.2,24.0,23.0,149.0,10.1,11.7,-0.0,49.7,31.0,19.9
2026-06-29,HEN_ESR1,QECNR,150.0,291.3,24.0,2159.0,4738.0,236.8,291.5,15.8,0.0,31.0,19.9
2026-06-29,HEN_ESR2,QECNR,149.5,279.8,24.0,-63.0,4578.0,68.6,68.4,-39.4,0.0,31.0,19.9
2026-06-29,HI_LONEB_ESR1,QENEL1,50.0,57.7,24.0,781.0,1008.0,50.4,40.3,-24.6,795.9,31.0,19.9
2026-06-29,HLY_ESR1,QHEI1,102.2,172.9,24.0,724.0,2873.0,173.9,229.2,-8.3,1645.6,31.0,19.9
2026-06-29,HLY_ESR2,QHEI1,101.8,167.9,24.0,694.0,2801.0,168.6,222.5,-5.0,1590.2,31.0,19.9
2026-06-29,HMNG_ESS_ESR1,QMEA8,99.9,214.0,23.0,2081.0,3425.0,177.3,212.9,-2.8,1100.5,31.0,19.9
2026-06-29,HOLCOMB_ESR1,QBEEP1,9.9,10.7,24.0,-30.0,141.0,0.1,1.7,0.9,170.8,31.0,19.9
2026-06-29,HOUSEMTN_ESR1,QJPEM,60.0,127.6,24.0,-1013.0,2046.0,27.6,125.6,73.7,1127.9,31.0,19.9
2026-06-29,HRMS_SLR_ESR1,QTOT16,100.0,200.6,24.0,-724.0,3246.0,60.4,96.1,72.0,0.0,31.0,19.9
2026-06-29,HV_ESR1,QTEN30,9.0,12.7,0.6,-0.0,218.0,0.0,0.0,0.0,0.6,31.0,19.9
2026-06-29,HWY6_ESR1,QTEN26,9.9,24.7,24.0,100.0,381.0,24.3,22.1,5.8,0.0,31.0,19.9
2026-06-29,HYDR_ESS_ESR1,QSUE74,200.0,195.8,24.0,2120.0,3489.0,240.0,272.1,-30.0,1473.6,31.0,19.9
2026-06-29,INDL_ESR1,QECNR,9.9,4.2,24.0,-71.0,81.0,0.0,4.9,4.1,0.0,31.0,19.9
2026-06-29,INRT_W_ESR1,QFPL32,13.0,46.7,24.0,593.0,643.0,40.8,41.4,-12.5,0.0,31.0,19.9
2026-06-29,JADE_SLR_ESR1,QIPLUM,77.6,144.4,13.3,2136.0,2360.0,100.5,23.6,-87.6,369.7,31.0,19.9
2026-06-29,JADE_SLR_ESR2,QIPLUM,81.9,155.8,13.3,2249.0,2536.0,102.4,19.6,-92.4,395.2,31.0,19.9
2026-06-29,JAG_SLR_ESR1,QLCRA,150.0,300.0,24.0,3765.0,4857.0,380.0,431.4,0.0,681.4,31.0,19.9
2026-06-29,JAG_SLR_ESR2,QMITS2,150.0,300.0,24.0,4252.0,4857.0,287.9,347.4,4.0,0.0,31.0,19.9
2026-06-29,JAR_ESR1,QHEI1,117.5,229.7,24.0,1833.0,3732.0,152.4,190.8,-1.8,1703.5,31.0,19.9
2026-06-29,JAR_ESR2,QHEI1,157.0,291.0,24.0,2875.0,4767.0,200.7,226.5,-13.2,2269.0,31.0,19.9
2026-06-29,JDKNS_ESR1,QBEEP1,9.9,10.7,24.0,-121.0,164.0,0.7,10.2,7.9,140.5,31.0,19.9
2026-06-29,JUNCTION_ESR1,QBEEP1,9.9,10.7,24.0,168.0,164.0,8.2,1.9,-7.0,167.8,31.0,19.9
2026-06-29,K0_ESR1,QSUE74,9.9,9.7,24.0,48.0,167.0,7.3,9.5,-0.5,59.4,31.0,19.9
2026-06-29,LANTANA_ESR1,QTEN26,9.9,20.1,24.0,142.0,306.0,15.7,19.9,1.7,0.0,31.0,19.9
2026-06-29,LAURELES_ESR1,QTEN30,9.5,11.4,24.0,-80.0,192.0,2.1,8.2,7.5,48.3,31.0,19.9
2026-06-29,LBRA_ESS_ESR1,QSUE48,200.0,200.0,24.0,983.0,3556.0,136.7,191.3,0.1,671.2,31.0,19.9
2026-06-29,LFSTH_ESR1,QBEEP1,9.9,10.7,24.0,-48.0,164.0,0.1,3.2,2.6,166.6,31.0,19.9
2026-06-29,LIGSW_ESR1,QPROLO,9.8,9.5,24.0,110.0,154.0,8.9,11.2,0.0,88.7,31.0,19.9
2026-06-29,LILY_ESR1,QENEL5,50.0,71.8,24.0,617.0,1223.0,61.7,69.9,0.2,397.5,31.0,19.9
2026-06-29,LMO_ESR1,QSHEL2,99.9,232.9,19.8,1886.0,3656.0,212.2,262.8,1.0,643.9,31.0,19.9
2026-06-29,LONESTAR_ESR1,QBEEP1,9.9,10.7,24.0,-96.0,164.0,0.8,8.7,7.5,143.5,31.0,19.9
2026-06-29,LON_ESR1,QTEN26,174.0,342.2,24.0,-236.0,5554.0,119.6,196.5,9.8,2203.6,31.0,19.9
2026-06-29,LOPENO_ESR1,QSUE74,9.9,9.8,24.0,-116.0,168.0,11.2,18.5,6.0,88.4,31.0,19.9
2026-06-29,LUCKYBLU_ESR1,QBROO1,102.0,220.4,24.0,2099.0,3522.0,213.1,249.6,-2.8,758.0,31.0,19.9
2026-06-29,L_463S_ESR1,QSUE74,9.9,7.4,24.0,54.0,132.0,7.4,8.8,-0.0,68.3,31.0,19.9
2026-06-29,L_FRESNO_ESR1,QTEN24,9.9,11.1,24.0,-1.0,160.0,0.1,0.2,-0.0,92.7,31.0,19.9
2026-06-29,MADERO_ESR1,QTEN25,100.0,255.0,24.0,2024.0,3914.0,205.4,211.6,-36.4,424.8,31.0,19.9
2026-06-29,MADERO_ESR2,QTEN25,100.0,253.9,24.0,2008.0,3902.0,202.1,208.0,-36.5,425.5,31.0,19.9
2026-06-29,MAGNO_TN_ESR1,QSUE74,8.3,6.5,24.0,41.0,119.0,6.2,7.2,-0.0,44.0,31.0,19.9
2026-06-29,MAYBERRY_ESR1,QTEN24,9.9,10.6,24.0,-14.0,155.0,0.2,1.3,1.0,63.1,31.0,19.9
2026-06-29,MAYBERRY_ESR2,QTEN24,9.9,12.0,24.0,-4.0,169.0,0.2,0.7,0.6,109.9,31.0,19.9
2026-06-29,MESQUITE_ESR1,QTEN26,9.9,19.8,24.0,-170.0,306.0,5.3,20.4,13.2,0.0,31.0,19.9
2026-06-29,MIDP_SLR_ESR1,QTEN26,50.0,90.0,24.0,904.0,1482.0,83.4,117.5,2.5,0.0,31.0,19.9
2026-06-29,MIDWY_ESR1,QPROLO,9.9,10.5,23.2,-146.0,168.0,0.1,11.6,-0.7,92.9,31.0,19.9
2026-06-29,MILTON_ESR1,QTEN30,10.0,12.6,24.0,56.0,219.0,3.3,1.1,-1.7,101.9,31.0,19.9
2026-06-29,MNWLE_ESR1,QBEEP1,9.9,10.7,24.0,46.0,164.0,8.4,10.1,0.5,128.9,31.0,19.9
2026-06-29,MOORE_FL_ESR1,QTEN30,9.5,11.4,24.0,-27.0,165.0,4.7,10.0,4.2,0.0,31.0,19.9
2026-06-29,MUENSTER_ESR1,QTEN30,9.5,12.6,24.0,117.0,217.0,10.5,11.8,0.1,61.8,31.0,19.9
2026-06-29,MUSTNGCK_ESR1,QENE10,71.0,111.8,24.0,1025.0,1878.0,57.0,45.0,-29.8,776.8,31.0,19.9
2026-06-29,MU_ESR1,QTEN26,9.9,19.7,24.0,-80.0,319.0,1.8,9.1,6.3,145.4,31.0,19.9
2026-06-29,MV_VALV4_ESR1,QBEEP1,9.9,10.7,24.0,-153.0,164.0,0.1,10.7,9.6,136.6,31.0,19.9
2026-06-29,MYR_ESR1,QTOTL5,74.6,110.4,24.0,936.0,1874.0,85.5,119.1,12.9,690.1,31.0,19.9
2026-06-29,MYR_ESR2,QTOTL5,73.4,109.2,24.0,1211.0,1852.0,97.8,117.3,1.5,611.0,31.0,19.9
2026-06-29,NCO_ESR1,QSHEL2,50.0,61.2,24.0,-446.0,1066.0,7.0,38.2,15.5,358.4,31.0,19.9
2026-06-29,NF_BRP_ESR1,QSUE74,100.5,105.8,24.0,306.0,1871.0,51.8,87.8,0.8,263.1,31.0,19.9
2026-06-29,NOBLESLR_ESR1,QNGREN,61.0,52.3,21.3,385.0,945.0,61.6,65.4,1.1,48.5,31.0,19.9
2026-06-29,NOBLESLR_ESR2,QNGREN,62.5,54.9,20.7,321.0,991.0,57.2,67.3,4.0,51.6,31.0,19.9
2026-06-29,NWF_ESR1,QDUKER,11.5,1.9,24.0,-145.0,37.0,0.4,8.3,0.1,65.4,31.0,19.9
2026-06-29,N_ALAMO_ESR1,QTEN24,9.9,10.6,24.0,-86.0,155.0,0.2,6.5,5.8,52.1,31.0,19.9
2026-06-29,N_MERCED_ESR1,QTEN24,9.9,10.6,24.0,-38.0,155.0,1.0,4.0,2.8,62.9,31.0,19.9
2026-06-29,ODESW_ESR1,QSUE74,9.9,6.4,24.0,39.0,115.0,7.7,9.0,-0.1,60.8,31.0,19.9
2026-06-29,OLNEYTN_ESR1,QBEEP1,9.9,10.7,24.0,-53.0,164.0,9.3,10.9,0.3,109.0,31.0,19.9
2026-06-29,PAD1_ESS_ESR1,QCPSE,50.0,122.0,24.0,577.0,1894.0,77.4,92.2,-1.9,103.1,31.0,19.9
2026-06-29,PAD2_ESS_ESR2,QCPSE,150.0,600.0,24.0,-3627.0,7933.0,43.1,372.4,258.4,60.6,31.0,19.9
2026-06-29,PALACIOS_ESR1,QTEN30,7.5,11.4,24.0,-20.0,168.0,2.9,8.2,4.6,0.0,31.0,19.9
2026-06-29,PALE_ESS_ESR1,QSUE74,200.0,196.1,24.0,1873.0,3494.0,214.4,261.0,-5.6,1397.0,31.0,19.9
2026-06-29,PAULN_ESR1,QBEEP1,9.9,10.7,24.0,-48.0,164.0,0.1,3.2,2.7,166.0,31.0,19.9
2026-06-29,PAVO_ESS_ESR1,QSUE74,87.5,85.9,24.0,1026.0,1530.0,103.6,112.9,-11.0,535.0,31.0,19.9
2026-06-29,PAVO_ESS_ESR2,QSUE74,87.5,85.9,24.0,994.0,1530.0,97.1,107.4,-12.0,498.7,31.0,19.9
2026-06-29,PEARSALL_ESR1,QTEN26,9.9,19.8,24.0,174.0,260.0,15.3,18.0,0.1,57.2,31.0,19.9
2026-06-29,PHO_ESR1,QENE15,150.0,244.5,24.0,4476.0,4085.0,201.2,88.3,-137.4,1424.4,31.0,19.9
2026-06-29,PHO_ESR2,QENE15,150.0,241.3,24.0,3888.0,4041.0,181.1,89.4,-116.4,1476.5,31.0,19.9
2026-06-29,PINEFRST_ESR1,QTEN21,200.0,400.0,18.0,4992.0,6476.0,367.4,431.0,11.4,9.2,31.0,19.9
2026-06-29,PIN_BESS_ESR1,QTEN34,201.2,400.0,24.0,1499.0,6479.0,343.1,493.9,59.9,0.0,31.0,19.9
2026-06-29,PIRATE_ESR1,QTEN30,10.0,12.6,24.0,73.0,204.0,10.1,13.7,2.6,58.1,31.0,19.9
2026-06-29,PLATINUM_ESR1,QSUE80,148.3,318.7,24.0,2631.0,5098.0,261.1,322.3,-2.1,629.8,31.0,19.9
2026-06-29,PLATINUM_ESR2,QSUE80,151.7,311.2,24.0,2143.0,5019.0,269.6,338.0,-0.6,692.4,31.0,19.9
2026-06-29,PRCRK_ESR1,QTEN24,9.9,8.6,24.0,-28.0,133.0,0.7,3.8,3.1,42.0,31.0,19.9
2026-06-29,PUEBLO_ESR1,QSUE74,9.9,9.8,24.0,47.0,168.0,7.4,9.9,0.2,63.0,31.0,19.9
2026-06-29,PUEBLO_ESR2,QSUE74,9.9,9.8,24.0,63.0,168.0,7.6,9.4,-0.6,64.2,31.0,19.9
2026-06-29,PYOTE_ESR1,QJPEM,10.0,15.6,24.0,-83.0,262.0,2.6,10.8,7.6,193.2,31.0,19.9
2026-06-29,PYR_ESR1,QECNR,9.9,4.2,24.0,-69.0,81.0,0.0,5.0,3.7,0.0,31.0,19.9
2026-06-29,PYR_ESR2,QECNR,15.1,13.6,24.0,72.0,244.0,10.1,15.9,4.2,18.1,31.0,19.9
2026-06-29,PYR_ESR3,QECNR,15.1,13.6,24.0,74.0,244.0,10.7,16.6,4.0,16.3,31.0,19.9
2026-06-29,QTUM_SLR_ESR1,QTEN33,160.0,299.4,24.0,-5.0,4897.0,0.1,0.5,-7.5,0.0,31.0,19.9
2026-06-29,QTUM_SLR_ESR2,QTEN33,160.0,268.8,24.0,-6.0,4473.0,0.1,0.5,-8.0,0.0,31.0,19.9
2026-06-29,QUEEN_BA_ESR1,QENEL2,50.0,68.3,24.0,-66.0,1153.0,12.2,22.0,1.2,857.2,31.0,19.9
2026-06-29,RADN_SLR_ESR1,QIPRAD,78.1,141.2,24.0,2088.0,2323.0,145.2,86.2,-61.3,1317.5,31.0,19.9
2026-06-29,RADN_SLR_ESR2,QIPRAD,81.9,150.7,24.0,2949.0,2471.0,255.4,171.8,-92.0,1555.0,31.0,19.9
2026-06-29,RBN_ESR1,QTEN19,100.0,118.1,24.0,469.0,2064.0,91.1,137.7,-0.6,434.7,31.0,19.9
2026-06-29,RHA_ESR1,QTEN19,200.0,457.4,22.5,-585.0,7213.0,7.6,42.5,-3.1,0.0,31.0,19.9
2026-06-29,RIO_GRAN_ESR1,QTEN24,9.9,9.8,24.0,56.0,147.0,2.5,0.6,-1.9,58.6,31.0,19.9
2026-06-29,RIO_GRAN_ESR2,QPROLO,9.9,6.3,24.0,-17.0,103.0,2.7,6.8,3.1,57.1,31.0,19.9
2026-06-29,ROSELAND_ESR1,QENEL9,50.0,86.1,24.0,553.0,1427.0,68.7,94.1,5.2,336.4,31.0,19.9
2026-06-29,RPUBRDS_ESR1,QSHEL2,50.0,59.5,24.0,-413.0,1039.0,27.6,69.5,20.8,290.8,31.0,19.9
2026-06-29,RRANCHES_ESR1,QSUE51,150.0,345.8,24.0,750.0,5443.0,197.1,255.7,10.2,1701.7,31.0,19.9
2026-06-29,RRANCHES_ESR2,QSUE51,150.0,345.0,24.0,824.0,5434.0,198.6,252.7,-5.7,1588.5,31.0,19.9
2026-06-29,RRC_WIND_ESR1,QFPL35,7.5,225.0,24.0,-247.0,957.0,7.0,27.2,0.6,0.0,31.0,19.9
2026-06-29,RRC_WIND_ESR2,QFPL35,7.1,225.0,24.0,-330.0,913.0,5.3,27.4,0.2,0.0,31.0,19.9
2026-06-29,RTLSNAKE_ESR1,QBEEP1,9.9,10.7,24.0,-103.0,164.0,0.8,9.4,7.7,136.7,31.0,19.9
2026-06-29,RUSSEKST_ESR1,QBEEP1,9.9,10.7,24.0,-88.0,164.0,1.1,8.8,7.0,145.2,31.0,19.9
2026-06-29,RVRVLYS_ESR1,QSHEL2,50.5,114.3,24.0,338.0,1805.0,137.1,167.7,5.5,1243.8,31.0,19.9
2026-06-29,RVRVLYS_ESR2,QSHEL2,50.4,114.3,24.0,392.0,1805.0,136.1,161.2,5.3,1214.4,31.0,19.9
2026-06-29,SADLBACK_ESR1,QBEEP1,9.9,10.7,24.0,-104.0,164.0,0.8,9.5,7.9,137.9,31.0,19.9
2026-06-29,SANDLAKE_ESR1,QBEEP1,9.9,10.7,24.0,-88.0,164.0,0.9,8.5,7.4,142.8,31.0,19.9
2026-06-29,SBEAN_ESR1,QBEEP1,9.9,10.7,24.0,-102.0,164.0,0.6,8.8,7.4,143.5,31.0,19.9
2026-06-29,SEVNF_ES_ESR1,QTEN37,100.0,238.2,24.0,-545.0,3719.0,52.3,132.2,51.6,777.6,31.0,19.9
2026-06-29,SGAL_BES_ESR1,QJPEM,100.0,200.4,24.0,-1570.0,3243.0,40.1,197.6,119.6,1827.6,31.0,19.9
2026-06-29,SGAL_BES_ESR2,QJPEM2,100.0,203.3,24.0,-1417.0,3283.0,38.1,183.5,120.4,1898.7,31.0,19.9
2026-06-29,SGSA_ESR1,QAMA1,9.9,23.6,24.0,67.0,368.0,6.7,7.6,0.1,53.3,31.0,19.9
2026-06-29,SHAMROCK_ESR1,QFPL40,77.3,297.9,24.0,-932.0,4148.0,46.3,139.1,61.8,0.0,31.0,19.9
2026-06-29,SHEEPCRK_ESR1,QSUE70,135.0,172.9,24.0,674.0,2996.0,134.2,193.5,11.8,839.2,31.0,19.9
2026-06-29,SLCNHLS_ESR1,QSHEL2,50.0,58.6,24.0,-240.0,1025.0,47.0,72.5,3.2,118.2,31.0,19.9
2026-06-29,SLCNHLS_ESR2,QSHEL2,47.3,52.3,24.0,-174.0,918.0,44.8,69.7,-0.8,102.1,31.0,19.9
2026-06-29,SMTH_ESS_ESR1,QSUE77,125.0,249.7,24.0,768.0,4043.0,179.5,219.3,4.3,2386.3,31.0,19.9
2026-06-29,SOLC_SLR_ESR1,QTEN33,96.0,177.6,24.0,-60.0,2910.0,0.0,3.2,-0.1,0.0,31.0,19.9
2026-06-29,SPTX12B_ESR1,QEDIS9,25.0,21.2,24.0,-96.0,382.0,11.8,22.8,7.0,116.8,31.0,19.9
2026-06-29,SP_ESR1,QTEN26,9.9,19.7,24.0,37.0,292.0,5.8,4.1,-3.6,84.1,31.0,19.9
2026-06-29,STADIUM_ESR1,QTEN26,9.9,19.8,24.0,-163.0,320.0,7.9,22.8,8.9,0.0,31.0,19.9
2026-06-29,STAM_SLR_ESR1,QENE12,70.0,123.8,24.0,544.0,2043.0,70.0,88.0,-1.5,501.5,31.0,19.9
2026-06-29,STRG_SLR_ESR1,QECNR,65.7,143.5,24.0,-65.0,2290.0,63.4,133.8,60.9,0.0,31.0,19.9
2026-06-29,SUNVASLR_ESR1,QSUE38,53.3,53.2,24.0,183.0,947.0,45.0,61.4,4.3,328.8,31.0,19.9
2026-06-29,SUNVASLR_ESR2,QSUE38,44.8,46.8,24.0,132.0,827.0,38.3,52.9,2.8,265.8,31.0,19.9
2026-06-29,SWEENY_ESR1,QSUE74,9.9,9.3,24.0,72.0,161.0,9.0,10.6,0.0,57.1,31.0,19.9
2026-06-29,SWOOSEII_ESR1,QMEA5,100.0,191.4,24.0,-1147.0,3120.0,0.0,75.3,51.8,2128.1,31.0,19.9
2026-06-29,SWTWR_ESR1,QTEN26,7.4,17.3,24.0,114.0,258.0,11.6,11.9,-1.6,65.1,31.0,19.9
2026-06-29,S_SNROSA_ESR1,QTEN24,9.9,10.9,24.0,-8.0,158.0,2.1,2.6,0.2,83.2,31.0,19.9
2026-06-29,TBWF_ESS_ESR1,QTEN29,150.0,342.1,14.9,746.0,5399.0,84.6,96.9,-34.0,1394.7,31.0,19.9
2026-06-29,TDWLPR_1_ESR1,QMEA6,100.0,220.9,24.0,1684.0,3513.0,115.1,130.1,-10.5,1915.5,31.0,19.9
2026-06-29,TDWLPR_1_ESR2,QMEA6,100.0,223.6,24.0,1629.0,3546.0,114.0,131.9,-11.9,1945.1,31.0,19.9
2026-06-29,TNFS_ESR1,QSYSO,9.9,18.0,24.0,-278.0,296.0,7.1,24.9,15.3,102.2,31.0,19.9
2026-06-29,TORT_ESS_ESR1,QSUE74,50.0,39.1,24.0,293.0,714.0,45.1,54.7,0.4,207.0,31.0,19.9
2026-06-29,TSECA_ES_ESR1,QTEN36,100.0,238.2,24.0,1916.0,3719.0,131.2,77.6,-83.1,1273.4,31.0,19.9
2026-06-29,TURQBESS_ESR1,QHEI3,190.0,361.0,24.0,3087.0,5891.0,275.7,344.1,20.2,2750.4,31.0,19.9
2026-06-29,TV_ESR1,QAETE1,10.0,22.4,24.0,56.0,355.0,8.2,5.6,-3.9,117.3,31.0,19.9
2026-06-29,TYNAN_ESR1,QBEEP1,9.9,10.7,24.0,-12.0,164.0,0.2,0.7,3.5,173.0,31.0,19.9
2026-06-29,UTOPIA_ESR1,QTEN30,9.4,12.7,24.0,86.0,219.0,9.1,12.6,-0.0,0.0,31.0,19.9
2026-06-29,VERT_ESS_ESR1,QNRGTX,200.9,400.0,12.0,125.0,6482.0,171.9,186.4,-85.7,0.0,31.0,19.9
2026-06-29,VORTEX_ESR1,QENEL8,121.8,182.0,24.0,-669.0,3083.0,179.6,207.9,-13.0,1063.9,31.0,19.9
2026-06-29,WAL_ESR1,QSUE92,200.0,397.2,24.0,4399.0,6438.0,513.9,428.8,-150.3,3548.3,31.0,19.9
2026-06-29,WCOLLOCL_ESR1,QHABIT,8.4,3.1,24.0,-10.0,60.0,0.1,0.7,-0.1,103.3,31.0,19.9
2026-06-29,WFTANK_ESR1,QTEN28,150.0,166.7,22.0,793.0,2934.0,142.1,198.7,10.0,1944.2,31.0,19.9
2026-06-29,WIG_ESS_ESR1,QHEI1,120.0,187.0,24.0,882.0,3147.0,137.8,197.8,4.2,1866.9,31.0,19.9
2026-06-29,WOVER_ESR1,QTEN26,5.0,12.9,24.0,31.0,198.0,1.7,1.1,-2.0,28.6,31.0,19.9
2026-06-29,WR_ESR1,QAETEL,9.9,22.4,24.0,-23.0,339.0,0.3,1.7,0.5,157.2,31.0,19.9
2026-06-29,WZRD_ESS_ESR1,QTEN26,150.0,318.1,16.5,-442.0,5103.0,0.7,30.4,-48.7,1063.1,31.0,19.9
2026-06-29,W_HARLIN_ESR1,QTEN24,9.9,10.6,24.0,0.0,155.0,1.0,0.9,-0.1,79.1,31.0,19.9
2026-06-29,X4_ESR1,QCPSE,10.0,8.5,24.0,25.0,154.0,8.8,10.8,0.2,18.4,31.0,19.9
2026-06-29,Z0_ESR1,QTEN26,9.9,20.3,24.0,173.0,264.0,22.6,24.5,1.9,0.0,31.0,19.9
2026-06-29,ZAPATA_ESR1,QSUE74,8.3,7.0,24.0,-65.0,124.0,7.9,12.7,3.3,70.4,31.0,19.9
2026-06-29,ZAPATA_ESR2,QSUE74,8.3,7.3,24.0,-86.0,129.0,8.3,14.0,4.4,73.7,31.0,19.9
2026-06-29,ZIER_SLR_ESR1,QTEN19,40.0,76.2,24.0,78.0,1243.0,51.8,89.8,19.3,247.6,31.0,19.9
