date,ts,esrs,n_online,dis_mw,chg_mw,online_hsl_mw,soc_mwh,max_soc_mwh,as_up_mw,hour_ending,interval,HB_HUBAVG,LZ_HOUSTON,LZ_NORTH,LZ_SOUTH,soc_pct
2026-01-24,2026-01-24 00:00:19,318,262,100.68,208.418,15139.8,25388.622,27427.38,5416.276,1,1,29.99,29.99,30.0,29.96,0.926
2026-01-24,2026-01-24 00:05:18,318,262,266.704,166.98,15136.6,25350.486,27403.138,5429.92,1,1,29.99,29.99,30.0,29.96,0.925
2026-01-24,2026-01-24 00:10:16,318,262,45.033,180.199,15136.8,25332.656,27397.257,5440.714,1,1,29.99,29.99,30.0,29.96,0.925
2026-01-24,2026-01-24 00:15:15,318,262,226.228,161.739,15137.9,25327.13,27399.791,5382.814,1,2,30.45,30.45,30.45,30.45,0.924
2026-01-24,2026-01-24 00:20:15,318,262,45.81,328.442,15134.5,25317.059,27393.088,5452.119,1,2,30.45,30.45,30.45,30.45,0.924
2026-01-24,2026-01-24 00:25:15,318,262,46.91,247.855,15134.4,25321.64,27387.281,5463.305,1,2,30.45,30.45,30.45,30.45,0.925
2026-01-24,2026-01-24 00:30:15,318,262,215.69,149.317,15134.2,25316.766,27386.425,5689.91,1,3,31.74,31.74,31.74,31.74,0.924
2026-01-24,2026-01-24 00:35:15,318,262,89.646,232.123,15134.6,25301.278,27382.511,5686.882,1,3,31.74,31.74,31.74,31.74,0.924
2026-01-24,2026-01-24 00:40:16,318,262,35.575,259.614,15150.0,25509.565,27587.592,5674.032,1,3,31.74,31.74,31.74,31.74,0.925
2026-01-24,2026-01-24 00:45:17,318,262,24.652,364.875,15149.7,25529.923,27588.759,5689.436,1,4,30.81,30.805,30.83,30.67,0.925
2026-01-24,2026-01-24 00:50:17,318,262,2.614,630.609,15149.6,25560.308,27588.629,5694.221,1,4,30.81,30.805,30.83,30.67,0.926
2026-01-24,2026-01-24 00:55:17,318,262,3.671,607.602,15147.7,26045.806,28037.481,5712.57,1,4,30.81,30.805,30.83,30.67,0.929
2026-01-24,2026-01-24 01:00:21,318,262,185.479,683.753,15149.0,26077.153,28038.111,5596.684,2,1,30.38,30.38,30.38,30.38,0.93
2026-01-24,2026-01-24 01:05:20,318,262,463.85,608.837,15149.8,26080.491,28036.06,5556.804,2,1,30.38,30.38,30.38,30.38,0.93
2026-01-24,2026-01-24 01:10:20,318,262,395.209,636.012,15149.9,26081.913,28044.418,5553.723,2,1,30.38,30.38,30.38,30.38,0.93
2026-01-24,2026-01-24 01:15:18,318,262,581.898,588.572,15147.8,26074.604,28042.312,5569.24,2,2,29.8,29.8,29.8,29.8,0.93
2026-01-24,2026-01-24 01:20:18,318,262,599.529,380.651,15149.4,26061.852,28042.884,5571.209,2,2,29.8,29.8,29.8,29.8,0.929
2026-01-24,2026-01-24 01:25:17,318,262,579.617,368.431,15149.5,26026.305,28036.693,5585.242,2,2,29.8,29.8,29.8,29.8,0.928
2026-01-24,2026-01-24 01:30:21,318,262,816.776,261.559,15149.0,25991.832,28033.084,5588.998,2,3,30.68,30.68,30.68,30.68,0.927
2026-01-24,2026-01-24 01:35:19,318,262,644.295,212.573,15147.8,25950.07,28046.578,5592.932,2,3,30.68,30.68,30.68,30.68,0.925
2026-01-24,2026-01-24 01:40:18,318,262,527.372,158.617,15149.3,25905.432,28041.365,5609.896,2,3,30.68,30.68,30.68,30.68,0.924
2026-01-24,2026-01-24 01:45:18,318,262,507.398,264.196,15149.3,25867.131,28041.314,5651.704,2,4,30.89,30.89,30.89,30.89,0.922
2026-01-24,2026-01-24 01:50:18,318,262,417.79,307.164,15148.8,25843.813,28035.743,5649.814,2,4,30.89,30.89,30.89,30.89,0.922
2026-01-24,2026-01-24 01:55:18,318,262,413.257,170.993,15148.2,25821.325,28029.287,5636.61,2,4,30.89,30.89,30.89,30.89,0.921
2026-01-24,2026-01-24 02:00:21,318,262,576.981,130.462,15148.5,25777.355,28021.021,5830.155,3,1,32.71,32.71,32.705,32.715,0.92
2026-01-24,2026-01-24 02:05:20,318,262,103.413,257.954,15148.4,25722.374,27996.876,5776.839,3,1,32.71,32.71,32.705,32.715,0.919
2026-01-24,2026-01-24 02:10:19,318,262,163.314,290.894,15146.6,25714.095,27989.45,5777.598,3,1,32.71,32.71,32.705,32.715,0.919
2026-01-24,2026-01-24 02:15:18,318,262,174.773,272.799,15145.1,25714.513,27992.973,5939.278,3,2,30.57,30.57,30.57,30.57,0.919
2026-01-24,2026-01-24 02:20:18,318,262,107.038,298.457,15143.1,25723.379,27996.622,5939.864,3,2,30.57,30.57,30.57,30.57,0.919
2026-01-24,2026-01-24 02:25:18,318,262,330.398,169.061,15141.6,25709.478,27990.901,5931.554,3,2,30.57,30.57,30.57,30.57,0.918
2026-01-24,2026-01-24 02:30:19,318,262,248.715,171.377,15141.5,25693.357,27998.91,5934.801,3,3,32.23,32.23,32.23,32.235,0.918
2026-01-24,2026-01-24 02:35:16,318,262,111.105,200.366,15141.4,25684.746,27986.698,5743.869,3,3,32.23,32.23,32.23,32.235,0.918
2026-01-24,2026-01-24 02:40:19,318,262,329.791,428.885,15141.3,25660.877,27971.732,5726.787,3,3,32.23,32.23,32.23,32.235,0.917
2026-01-24,2026-01-24 02:45:18,318,262,242.35,524.284,15140.3,25644.188,27953.353,5720.017,3,4,33.15,33.15,33.15,33.15,0.917
2026-01-24,2026-01-24 02:50:17,318,262,111.965,509.21,15087.9,25614.738,27886.294,5708.77,3,4,33.15,33.15,33.15,33.15,0.919
2026-01-24,2026-01-24 02:55:17,318,262,77.265,486.399,15090.5,25644.057,27893.653,5733.084,3,4,33.15,33.15,33.15,33.15,0.919
2026-01-24,2026-01-24 03:00:18,318,262,106.575,334.443,15077.2,25678.123,27905.79,5766.656,4,1,29.78,31.21,32.3,31.11,0.92
2026-01-24,2026-01-24 03:05:16,318,262,61.002,202.365,15056.6,25668.272,27893.42,5750.831,4,1,29.78,31.21,32.3,31.11,0.92
2026-01-24,2026-01-24 03:10:16,318,262,26.964,305.146,15055.9,25646.517,27857.476,5745.174,4,1,29.78,31.21,32.3,31.11,0.921
2026-01-24,2026-01-24 03:15:18,318,262,41.279,289.858,15048.5,25622.948,27833.351,5737.147,4,2,27.55,31.65,34.81,31.38,0.921
2026-01-24,2026-01-24 03:20:16,318,262,35.707,193.738,15054.2,25671.011,27874.507,5745.585,4,2,27.55,31.65,34.81,31.38,0.921
2026-01-24,2026-01-24 03:25:16,318,262,309.67,237.872,15055.1,25659.797,27867.899,5729.3,4,2,27.55,31.65,34.81,31.38,0.921
2026-01-24,2026-01-24 03:30:16,318,262,83.696,243.95,15054.0,25656.299,27872.047,5745.273,4,3,28.67,31.33,33.37,31.15,0.921
2026-01-24,2026-01-24 03:35:16,318,262,23.322,300.556,15053.8,25638.991,27846.434,5752.334,4,3,28.67,31.33,33.37,31.15,0.921
2026-01-24,2026-01-24 03:40:18,318,262,23.508,214.652,15054.0,25633.85,27849.861,5750.468,4,3,28.67,31.33,33.37,31.15,0.92
2026-01-24,2026-01-24 03:45:17,318,262,141.48,139.684,15051.9,25567.483,27792.098,5660.064,4,4,30.18,33.63,36.32,33.415,0.92
2026-01-24,2026-01-24 03:50:17,318,262,259.385,112.843,15051.1,25596.891,27831.819,5667.573,4,4,30.18,33.63,36.32,33.415,0.92
2026-01-24,2026-01-24 03:55:22,318,262,131.446,128.611,15051.5,25563.42,27818.65,5596.811,4,4,30.18,33.63,36.32,33.415,0.919
2026-01-24,2026-01-24 04:00:21,318,262,213.749,495.711,15066.7,25550.038,27824.323,5731.226,5,1,30.16,34.44,37.79,34.16,0.918
2026-01-24,2026-01-24 04:05:18,318,262,110.693,109.216,15065.9,25576.472,27834.848,5737.073,5,1,30.16,34.44,37.79,34.16,0.919
2026-01-24,2026-01-24 04:10:17,318,262,163.202,76.975,15065.1,25589.265,27846.345,5739.781,5,1,30.16,34.44,37.79,34.16,0.919
2026-01-24,2026-01-24 04:15:19,318,262,130.826,91.252,15064.5,25563.634,27829.771,5747.215,5,2,31.42,35.61,38.91,35.35,0.919
2026-01-24,2026-01-24 04:20:16,318,262,138.562,118.687,15064.8,25535.995,27815.054,5747.383,5,2,31.42,35.61,38.91,35.35,0.918
2026-01-24,2026-01-24 04:25:17,318,262,114.152,197.411,15064.0,25542.431,27834.424,5757.031,5,2,31.42,35.61,38.91,35.35,0.918
2026-01-24,2026-01-24 04:30:19,318,262,145.504,174.714,15062.8,25527.165,27825.147,5960.234,5,3,32.84,37.12,40.51,36.85,0.917
2026-01-24,2026-01-24 04:35:15,318,262,163.232,129.005,15058.4,25502.108,27818.335,5957.058,5,3,32.84,37.12,40.51,36.85,0.917
2026-01-24,2026-01-24 04:40:15,318,262,117.105,153.902,15038.3,25494.238,27824.427,5962.623,5,3,32.84,37.12,40.51,36.85,0.916
2026-01-24,2026-01-24 04:45:15,318,262,133.262,147.98,15058.7,25338.786,27656.243,6030.02,5,4,35.51,39.79,43.195,39.525,0.916
2026-01-24,2026-01-24 04:50:15,318,262,299.54,133.221,15057.1,25321.226,27658.193,6033.158,5,4,35.51,39.79,43.195,39.525,0.916
2026-01-24,2026-01-24 04:53:25,318,262,229.165,106.103,15058.1,25291.964,27641.113,6028.698,5,4,35.51,39.79,43.195,39.525,0.915
2026-01-24,2026-01-24 04:55:15,318,262,173.178,115.131,15058.2,25287.742,27639.736,5906.048,5,4,35.51,39.79,43.195,39.525,0.915
2026-01-24,2026-01-24 05:00:18,318,262,81.514,158.554,15064.7,25264.595,27622.81,6150.395,6,1,36.87,41.15,44.55,40.88,0.915
2026-01-24,2026-01-24 05:05:16,318,262,276.923,143.316,15065.8,25264.508,27635.413,6148.144,6,1,36.87,41.15,44.55,40.88,0.914
2026-01-24,2026-01-24 05:10:15,318,262,111.375,164.796,15065.7,25223.701,27611.14,6141.609,6,1,36.87,41.15,44.55,40.88,0.914
2026-01-24,2026-01-24 05:15:16,318,262,166.129,142.538,15053.2,25190.661,27579.368,6129.245,6,2,39.34,43.61,47.02,43.34,0.913
2026-01-24,2026-01-24 05:20:16,318,262,185.806,139.61,15049.4,25180.362,27586.685,6140.107,6,2,39.34,43.61,47.02,43.34,0.913
2026-01-24,2026-01-24 05:25:15,318,262,122.356,245.785,15050.7,25179.542,27585.078,6132.632,6,2,39.34,43.61,47.02,43.34,0.913
2026-01-24,2026-01-24 05:30:16,318,262,135.377,177.191,15045.8,25171.519,27577.591,6127.739,6,3,39.66,43.94,47.35,43.67,0.913
2026-01-24,2026-01-24 05:35:16,318,262,156.926,142.98,15046.2,25167.997,27579.312,6071.462,6,3,39.66,43.94,47.35,43.67,0.913
2026-01-24,2026-01-24 05:40:17,318,262,167.652,123.528,15047.5,25171.986,27592.132,6075.478,6,3,39.66,43.94,47.35,43.67,0.912
2026-01-24,2026-01-24 05:45:15,318,262,173.832,115.96,15041.5,25172.755,27605.674,6090.359,6,4,41.12,45.21,48.91,44.86,0.912
2026-01-24,2026-01-24 05:50:17,318,262,131.079,155.226,15041.0,25149.738,27593.156,6092.604,6,4,41.12,45.21,48.91,44.86,0.911
2026-01-24,2026-01-24 05:55:16,318,262,110.483,236.409,15043.8,25124.944,27581.942,6123.8,6,4,41.12,45.21,48.91,44.86,0.911
2026-01-24,2026-01-24 05:57:46,318,262,401.811,138.453,15041.5,25102.497,27567.77,6100.171,6,4,41.12,45.21,48.91,44.86,0.911
2026-01-24,2026-01-24 06:00:21,318,263,472.089,147.361,15235.4,25094.079,27575.413,6100.014,7,1,58.93,63.2,66.58,62.93,0.91
2026-01-24,2026-01-24 06:01:47,318,263,569.756,96.261,15237.4,25063.839,27557.428,6054.035,7,1,58.93,63.2,66.58,62.93,0.91
2026-01-24,2026-01-24 06:05:16,318,263,565.78,107.565,15232.8,25012.262,27540.155,5916.45,7,1,58.93,63.2,66.58,62.93,0.908
2026-01-24,2026-01-24 06:10:17,318,263,242.397,115.833,15232.1,24995.033,27555.176,6057.464,7,1,58.93,63.2,66.58,62.93,0.907
2026-01-24,2026-01-24 06:15:17,318,262,113.419,126.317,15143.5,25004.378,27575.134,5913.024,7,2,51.05,54.5,59.19,53.84,0.907
2026-01-24,2026-01-24 06:20:15,318,262,95.562,202.813,15145.6,25013.334,27588.372,5795.582,7,2,51.05,54.5,59.19,53.84,0.907
2026-01-24,2026-01-24 06:25:16,318,262,61.825,265.073,15142.9,25003.872,27576.054,5743.705,7,2,51.05,54.5,59.19,53.84,0.907
2026-01-24,2026-01-24 06:30:16,318,262,62.481,212.691,15134.2,24974.997,27542.994,5755.692,7,3,51.68,54.66,60.135,53.67,0.907
2026-01-24,2026-01-24 06:35:17,318,262,155.983,117.124,15131.2,24967.403,27540.743,5763.121,7,3,51.68,54.66,60.135,53.67,0.907
2026-01-24,2026-01-24 06:40:16,318,262,135.474,94.782,15132.0,24948.432,27539.498,5765.713,7,3,51.68,54.66,60.135,53.67,0.906
2026-01-24,2026-01-24 06:45:16,318,262,49.653,163.58,15127.7,24985.32,27577.543,5773.353,7,4,49.48,53.3,57.465,52.775,0.906
2026-01-24,2026-01-24 06:50:16,318,262,31.828,295.874,15126.7,24969.472,27552.791,6044.476,7,4,49.48,53.3,57.465,52.775,0.906
2026-01-24,2026-01-24 06:55:16,318,262,48.875,283.586,15125.5,24965.667,27540.535,6080.084,7,4,49.48,53.3,57.465,52.775,0.907
2026-01-24,2026-01-24 07:00:20,318,262,164.08,259.771,15120.5,24974.334,27546.33,6610.974,8,1,54.64,58.79,62.445,58.47,0.907
2026-01-24,2026-01-24 07:05:19,318,262,264.802,212.729,15117.7,24929.862,27513.037,6579.057,8,1,54.64,58.79,62.445,58.47,0.906
2026-01-24,2026-01-24 07:10:17,318,262,203.92,142.837,15112.9,24913.334,27518.883,6531.475,8,1,54.64,58.79,62.445,58.47,0.905
2026-01-24,2026-01-24 07:15:18,318,262,177.894,159.737,15109.0,24939.848,27556.828,6534.266,8,2,59.38,61.35,68.14,60.67,0.905
2026-01-24,2026-01-24 07:18:07,318,262,188.138,167.206,15107.5,24895.027,27515.056,6526.226,8,2,59.38,61.35,68.14,60.67,0.905
2026-01-24,2026-01-24 07:20:18,318,262,149.057,177.166,15106.3,24889.061,27515.179,6509.02,8,2,59.38,61.35,68.14,60.67,0.905
2026-01-24,2026-01-24 07:25:17,318,262,219.076,165.427,15095.6,24902.712,27539.991,6514.006,8,2,59.38,61.35,68.14,60.67,0.904
2026-01-24,2026-01-24 07:30:18,318,262,288.958,123.792,15092.2,24761.928,27333.261,6512.647,8,3,74.1,75.045,83.33,74.09,0.906
2026-01-24,2026-01-24 07:35:20,318,262,388.199,110.042,15072.2,24673.819,27298.303,6438.913,8,3,74.1,75.045,83.33,74.09,0.904
2026-01-24,2026-01-24 07:40:43,318,261,400.51,79.833,14918.2,24654.318,27329.449,6442.998,8,3,74.1,75.045,83.33,74.09,0.902
2026-01-24,2026-01-24 07:45:19,318,261,523.73,236.895,14910.1,24596.096,27319.89,6427.242,8,4,68.28,72.365,76.2,71.49,0.9
2026-01-24,2026-01-24 07:50:19,318,261,295.886,170.397,14899.2,24577.435,27307.3,6430.42,8,4,68.28,72.365,76.2,71.49,0.9
2026-01-24,2026-01-24 07:55:18,318,261,162.881,225.554,14909.7,24598.856,27337.616,6460.574,8,4,68.28,72.365,76.2,71.49,0.9
2026-01-24,2026-01-24 08:00:35,318,261,229.91,278.44,14853.1,24562.224,27312.783,6804.815,9,1,69.24,70.505,78.48,69.135,0.899
2026-01-24,2026-01-24 08:06:00,318,261,274.109,252.252,14844.4,24566.766,27322.516,6839.84,9,1,69.24,70.505,78.48,69.135,0.899
2026-01-24,2026-01-24 08:10:21,318,261,324.494,249.755,14839.9,24574.3,27360.75,6884.744,9,1,69.24,70.505,78.48,69.135,0.898
2026-01-24,2026-01-24 08:15:20,318,261,388.928,252.408,14836.5,24567.912,27363.136,6885.599,9,2,70.7,67.43,82.27,64.42,0.898
2026-01-24,2026-01-24 08:20:19,318,261,580.668,289.281,14844.7,24540.071,27367.622,6863.549,9,2,70.7,67.43,82.27,64.42,0.897
2026-01-24,2026-01-24 08:25:18,318,261,740.7,326.184,14843.6,24493.94,27387.757,6878.047,9,2,70.7,67.43,82.27,64.42,0.894
2026-01-24,2026-01-24 08:30:17,318,261,697.361,275.49,14850.1,24452.711,27411.746,6884.176,9,3,81.69,79.65,106.635,76.245,0.892
2026-01-24,2026-01-24 08:35:19,318,261,630.788,273.291,14852.8,24385.823,27410.275,6793.141,9,3,81.69,79.65,106.635,76.245,0.89
2026-01-24,2026-01-24 08:40:18,318,261,458.486,449.573,14853.1,24368.773,27431.178,6869.736,9,3,81.69,79.65,106.635,76.245,0.888
2026-01-24,2026-01-24 08:45:19,318,260,425.443,428.762,14838.1,24320.45,27423.971,6826.353,9,4,80.23,78.14,124.525,72.04,0.887
2026-01-24,2026-01-24 08:50:19,318,260,261.631,706.979,14838.6,24340.115,27442.85,6885.707,9,4,80.23,78.14,124.525,72.04,0.887
2026-01-24,2026-01-24 08:55:18,318,260,309.546,826.641,14841.4,24349.49,27431.548,7029.915,9,4,80.23,78.14,124.525,72.04,0.888
2026-01-24,2026-01-24 09:00:20,318,260,360.892,758.216,14764.3,24385.839,27462.016,6937.341,10,1,138.4,140.78,151.485,131.59,0.888
2026-01-24,2026-01-24 09:05:24,318,260,660.385,516.5,14764.1,24391.111,27478.0,6873.729,10,1,138.4,140.78,151.485,131.59,0.888
2026-01-24,2026-01-24 09:10:18,318,260,863.287,479.659,14762.9,24332.891,27473.735,6859.583,10,1,138.4,140.78,151.485,131.59,0.886
2026-01-24,2026-01-24 09:15:18,318,260,960.123,523.319,14760.5,24241.422,27441.202,6750.916,10,2,134.24,133.46,148.13,111.655,0.883
2026-01-24,2026-01-24 09:20:17,318,260,889.965,545.88,14758.3,24202.103,27456.326,6745.85,10,2,134.24,133.46,148.13,111.655,0.881
2026-01-24,2026-01-24 09:25:16,318,260,679.976,450.841,14753.6,24132.604,27446.617,6784.567,10,2,134.24,133.46,148.13,111.655,0.879
2026-01-24,2026-01-24 09:30:17,318,260,463.76,387.883,14760.9,24108.395,27460.008,6782.941,10,3,142.18,134.845,151.655,96.42,0.878
2026-01-24,2026-01-24 09:35:18,318,260,442.18,469.482,14764.2,24107.615,27489.218,6753.229,10,3,142.18,134.845,151.655,96.42,0.877
2026-01-24,2026-01-24 09:40:17,318,260,384.984,441.199,14757.4,24081.657,27477.707,6794.38,10,3,142.18,134.845,151.655,96.42,0.876
2026-01-24,2026-01-24 09:45:17,318,260,393.045,760.402,14759.3,24071.657,27473.171,6790.915,10,4,153.57,147.825,161.855,109.46,0.876
2026-01-24,2026-01-24 09:50:17,318,260,450.413,790.063,14749.2,24080.672,27467.558,6778.076,10,4,153.57,147.825,161.855,109.46,0.877
2026-01-24,2026-01-24 09:55:16,318,260,458.471,778.567,14739.1,24075.374,27464.502,6402.361,10,4,153.57,147.825,161.855,109.46,0.877
2026-01-24,2026-01-24 10:00:20,318,260,525.991,776.812,14684.5,24077.982,27458.49,5656.292,11,1,168.78,159.475,182.245,118.615,0.877
2026-01-24,2026-01-24 10:05:20,318,260,205.643,1023.422,14679.6,24115.125,27475.55,5510.039,11,1,168.78,159.475,182.245,118.615,0.878
2026-01-24,2026-01-24 10:10:20,318,260,339.18,1033.847,14685.9,24149.003,27465.656,5506.335,11,1,168.78,159.475,182.245,118.615,0.879
2026-01-24,2026-01-24 10:15:19,318,260,157.847,958.283,14688.3,24188.924,27459.942,5338.521,11,2,158.36,155.815,163.74,134.83,0.881
2026-01-24,2026-01-24 10:20:19,318,260,211.441,826.579,14689.9,24261.217,27490.406,5312.894,11,2,158.36,155.815,163.74,134.83,0.883
2026-01-24,2026-01-24 10:25:17,318,260,204.311,771.692,14686.1,24285.227,27475.402,5288.437,11,2,158.36,155.815,163.74,134.83,0.884
2026-01-24,2026-01-24 10:30:24,318,260,164.602,758.007,14687.6,24311.187,27459.558,5279.155,11,3,154.4,153.655,157.83,138.575,0.885
2026-01-24,2026-01-24 10:35:17,318,260,301.336,695.574,14684.8,24317.01,27448.207,5323.593,11,3,154.4,153.655,157.83,138.575,0.886
2026-01-24,2026-01-24 10:40:20,318,260,294.837,775.637,14682.5,24361.487,27471.433,5283.487,11,3,154.4,153.655,157.83,138.575,0.887
2026-01-24,2026-01-24 10:45:19,318,260,267.646,704.565,14666.5,24405.343,27494.292,5284.666,11,4,138.28,132.3,156.81,116.04,0.888
2026-01-24,2026-01-24 10:50:17,318,260,356.142,620.828,14667.1,24420.671,27492.145,5307.902,11,4,138.28,132.3,156.81,116.04,0.888
2026-01-24,2026-01-24 10:55:19,318,260,135.091,559.848,14658.2,24474.73,27526.644,5323.527,11,4,138.28,132.3,156.81,116.04,0.889
2026-01-24,2026-01-24 11:00:20,318,260,252.459,582.82,14675.6,24498.24,27531.043,5328.774,12,1,143.43,137.06,165.995,94.15,0.89
2026-01-24,2026-01-24 11:05:20,318,260,78.523,482.906,14674.7,24519.818,27532.646,5328.603,12,1,143.43,137.06,165.995,94.15,0.891
2026-01-24,2026-01-24 11:10:19,318,260,32.716,501.913,14665.0,24461.342,27398.188,5186.149,12,1,143.43,137.06,165.995,94.15,0.893
2026-01-24,2026-01-24 11:14:07,318,260,219.243,430.863,14676.6,24525.285,27447.557,5242.052,12,1,143.43,137.06,165.995,94.15,0.894
2026-01-24,2026-01-24 11:15:19,318,260,245.874,443.435,14674.9,24506.384,27431.555,5219.448,12,2,150.58,145.615,160.195,99.0,0.893
2026-01-24,2026-01-24 11:20:17,318,259,197.9,537.64,14705.4,24491.782,27396.271,5181.646,12,2,150.58,145.615,160.195,99.0,0.894
2026-01-24,2026-01-24 11:25:18,318,259,86.408,551.787,14708.9,24620.328,27502.887,5293.548,12,2,150.58,145.615,160.195,99.0,0.895
2026-01-24,2026-01-24 11:30:17,318,259,207.604,361.285,14712.9,24624.804,27523.696,5231.482,12,3,151.12,149.05,158.675,112.5,0.895
2026-01-24,2026-01-24 11:35:18,318,261,179.343,321.499,14766.2,24577.777,27478.838,5251.23,12,3,151.12,149.05,158.675,112.5,0.894
2026-01-24,2026-01-24 11:40:19,318,261,42.582,318.559,14769.1,24634.942,27522.477,5232.74,12,3,151.12,149.05,158.675,112.5,0.895
2026-01-24,2026-01-24 11:45:18,318,261,240.936,313.546,14765.3,24648.683,27525.62,5242.263,12,4,149.11,145.515,157.52,108.49,0.895
2026-01-24,2026-01-24 11:50:18,318,261,108.718,471.586,14763.6,24649.37,27496.542,5155.714,12,4,149.11,145.515,157.52,108.49,0.896
2026-01-24,2026-01-24 11:55:19,318,261,236.715,309.369,14760.6,24678.578,27532.3,5350.863,12,4,149.11,145.515,157.52,108.49,0.896
2026-01-24,2026-01-24 12:00:20,318,260,184.08,407.566,14737.2,24632.016,27483.935,5613.13,13,1,149.62,144.655,159.205,95.74,0.896
2026-01-24,2026-01-24 12:05:19,318,260,399.129,374.169,14734.9,24633.815,27486.812,5611.743,13,1,149.62,144.655,159.205,95.74,0.896
2026-01-24,2026-01-24 12:10:21,318,260,306.98,181.794,14730.9,24633.022,27502.382,5678.624,13,1,149.62,144.655,159.205,95.74,0.896
2026-01-24,2026-01-24 12:15:18,318,260,372.671,187.508,14727.9,24598.369,27493.587,5726.038,13,2,197.49,185.095,225.13,119.115,0.895
2026-01-24,2026-01-24 12:17:22,318,260,467.08,160.451,14727.9,24598.594,27506.184,5644.821,13,2,197.49,185.095,225.13,119.115,0.894
2026-01-24,2026-01-24 12:20:19,318,260,529.36,171.748,14723.0,24557.218,27480.906,5661.523,13,2,197.49,185.095,225.13,119.115,0.894
2026-01-24,2026-01-24 12:25:20,318,260,438.352,143.313,14720.2,24575.375,27520.454,5646.98,13,2,197.49,185.095,225.13,119.115,0.893
2026-01-24,2026-01-24 12:30:20,318,261,117.977,241.345,14770.5,24518.596,27485.246,5640.291,13,3,180.5,170.16,203.69,111.565,0.892
2026-01-24,2026-01-24 12:35:19,318,261,243.998,247.972,14768.8,24523.657,27490.563,5616.542,13,3,180.5,170.16,203.69,111.565,0.892
2026-01-24,2026-01-24 12:40:17,318,261,259.237,598.436,14768.3,24536.848,27492.351,5635.826,13,3,180.5,170.16,203.69,111.565,0.892
2026-01-24,2026-01-24 12:45:18,318,261,282.273,487.847,14772.1,24553.888,27506.118,5643.753,13,4,183.6,173.075,204.355,116.7,0.893
2026-01-24,2026-01-24 12:50:23,318,261,222.903,427.036,14769.1,24561.94,27496.24,5592.611,13,4,183.6,173.075,204.355,116.7,0.893
2026-01-24,2026-01-24 12:55:19,318,261,213.738,358.437,14766.4,24578.975,27505.124,5463.37,13,4,183.6,173.075,204.355,116.7,0.894
2026-01-24,2026-01-24 12:58:18,318,261,229.281,340.538,14766.1,24585.424,27507.92,5401.538,13,4,183.6,173.075,204.355,116.7,0.894
2026-01-24,2026-01-24 13:00:25,318,261,261.764,359.87,14774.4,24574.217,27493.235,6070.301,14,1,173.55,162.765,194.715,121.145,0.894
2026-01-24,2026-01-24 13:05:26,318,261,127.841,425.126,14781.4,24608.355,27527.915,6001.043,14,1,173.55,162.765,194.715,121.145,0.894
2026-01-24,2026-01-24 13:10:24,318,261,117.852,267.916,14775.4,24587.78,27488.532,5939.914,14,1,173.55,162.765,194.715,121.145,0.894
2026-01-24,2026-01-24 13:15:21,318,261,267.976,190.988,14771.4,24602.545,27512.388,6027.731,14,2,163.27,154.965,185.415,110.25,0.894
2026-01-24,2026-01-24 13:20:21,318,261,197.886,188.216,14775.5,24607.096,27531.21,6008.119,14,2,163.27,154.965,185.415,110.25,0.894
2026-01-24,2026-01-24 13:25:22,318,261,110.635,345.664,14776.5,24586.476,27518.694,5886.931,14,2,163.27,154.965,185.415,110.25,0.893
2026-01-24,2026-01-24 13:30:22,318,261,177.28,212.81,14777.6,24592.428,27520.818,5911.863,14,3,169.05,160.575,190.7,120.505,0.894
2026-01-24,2026-01-24 13:35:18,318,261,286.525,192.164,14779.7,24560.599,27507.881,5933.224,14,3,169.05,160.575,190.7,120.505,0.893
2026-01-24,2026-01-24 13:40:23,318,261,446.806,195.128,14789.4,24527.479,27494.776,5997.346,14,3,169.05,160.575,190.7,120.505,0.892
2026-01-24,2026-01-24 13:45:23,318,261,318.818,169.498,14784.4,24514.657,27505.616,5940.922,14,4,179.24,169.535,201.94,128.695,0.891
2026-01-24,2026-01-24 13:50:19,318,260,237.026,185.959,14787.5,24534.498,27554.814,5931.388,14,4,179.24,169.535,201.94,128.695,0.89
2026-01-24,2026-01-24 13:55:20,318,260,581.573,264.166,14789.6,24505.471,27538.046,5895.415,14,4,179.24,169.535,201.94,128.695,0.89
2026-01-24,2026-01-24 14:00:24,318,261,585.411,274.434,14777.2,24503.034,27569.227,6368.053,15,1,186.23,172.1,219.58,133.75,0.889
2026-01-24,2026-01-24 14:05:24,318,261,320.15,304.03,14769.4,24447.723,27521.862,6313.137,15,1,186.23,172.1,219.58,133.75,0.888
2026-01-24,2026-01-24 14:08:36,318,260,319.011,224.07,14762.2,24449.225,27530.217,6328.782,15,1,186.23,172.1,219.58,133.75,0.888
2026-01-24,2026-01-24 14:10:24,318,260,344.369,198.953,14758.0,24411.642,27495.312,6255.965,15,1,186.23,172.1,219.58,133.75,0.888
2026-01-24,2026-01-24 14:15:19,318,260,339.667,186.142,14778.4,24418.201,27532.238,6386.334,15,2,199.25,189.085,223.395,138.685,0.887
2026-01-24,2026-01-24 14:20:23,318,260,186.034,389.553,14781.3,24388.631,27508.943,6385.814,15,2,199.25,189.085,223.395,138.685,0.887
2026-01-24,2026-01-24 14:25:22,318,260,341.912,604.165,14780.5,24376.921,27486.462,6380.918,15,2,199.25,189.085,223.395,138.685,0.887
2026-01-24,2026-01-24 14:30:21,318,260,190.485,854.303,14768.8,24414.514,27496.204,6304.393,15,3,223.52,217.77,239.63,152.84,0.888
2026-01-24,2026-01-24 14:35:21,318,260,424.935,749.386,14767.9,24445.128,27497.07,6394.355,15,3,223.52,217.77,239.63,152.84,0.889
2026-01-24,2026-01-24 14:38:14,318,261,402.356,646.655,14759.8,24451.88,27499.457,6408.465,15,3,223.52,217.77,239.63,152.84,0.889
2026-01-24,2026-01-24 14:40:21,318,261,380.431,582.23,14760.1,24440.446,27483.57,6351.401,15,3,223.52,217.77,239.63,152.84,0.889
2026-01-24,2026-01-24 14:43:00,318,261,383.774,448.042,14753.2,24436.934,27498.367,6313.297,15,3,223.52,217.77,239.63,152.84,0.889
2026-01-24,2026-01-24 14:45:22,318,261,358.8,333.517,14749.0,24425.003,27481.892,6396.446,15,4,265.23,258.135,286.61,176.46,0.889
2026-01-24,2026-01-24 14:50:21,318,261,380.974,219.882,14754.4,24389.612,27461.138,6402.004,15,4,265.23,258.135,286.61,176.46,0.888
2026-01-24,2026-01-24 14:55:20,318,261,547.702,482.18,14764.6,24528.665,27632.712,6650.468,15,4,265.23,258.135,286.61,176.46,0.888
2026-01-24,2026-01-24 15:00:25,318,262,518.442,445.053,14765.6,24500.303,27623.82,6633.986,16,1,257.01,245.105,288.475,173.64,0.887
2026-01-24,2026-01-24 15:05:20,318,262,477.583,401.952,14774.8,24510.221,27643.467,6735.242,16,1,257.01,245.105,288.475,173.64,0.887
2026-01-24,2026-01-24 15:10:21,318,262,70.377,458.71,14774.9,24511.815,27644.865,6587.591,16,1,257.01,245.105,288.475,173.64,0.887
2026-01-24,2026-01-24 15:15:18,318,262,15.761,745.596,14779.4,24540.183,27649.179,6656.888,16,2,173.66,166.72,192.305,119.95,0.888
2026-01-24,2026-01-24 15:20:18,318,262,12.705,629.244,14781.4,24551.535,27633.009,6620.476,16,2,173.66,166.72,192.305,119.95,0.888
2026-01-24,2026-01-24 15:25:21,318,262,11.322,785.395,14767.0,24588.866,27629.498,6600.159,16,2,173.66,166.72,192.305,119.95,0.89
2026-01-24,2026-01-24 15:30:18,318,262,27.096,816.876,14771.8,24662.697,27643.543,6589.242,16,3,160.14,158.03,171.21,126.71,0.892
2026-01-24,2026-01-24 15:35:20,318,262,52.493,669.698,14772.4,24703.665,27645.496,6535.656,16,3,160.14,158.03,171.21,126.71,0.894
2026-01-24,2026-01-24 15:40:21,318,262,12.265,569.24,14771.6,24770.815,27683.049,6569.859,16,3,160.14,158.03,171.21,126.71,0.895
2026-01-24,2026-01-24 15:45:17,318,262,8.133,582.338,14771.2,24753.926,27637.069,6580.252,16,4,157.25,156.15,170.625,126.965,0.896
2026-01-24,2026-01-24 15:50:18,318,262,74.21,501.788,14754.9,24756.942,27617.836,6527.286,16,4,157.25,156.15,170.625,126.965,0.896
2026-01-24,2026-01-24 15:55:18,318,262,6.01,566.948,14757.3,24762.133,27602.042,6597.424,16,4,157.25,156.15,170.625,126.965,0.897
2026-01-24,2026-01-24 16:00:21,318,262,215.133,556.665,14759.1,24765.003,27587.575,6474.88,17,1,164.31,163.49,184.84,137.98,0.898
2026-01-24,2026-01-24 16:03:27,318,262,195.71,524.641,14757.8,24798.905,27610.419,6516.938,17,1,164.31,163.49,184.84,137.98,0.898
2026-01-24,2026-01-24 16:05:19,318,262,173.323,568.259,14751.2,24799.329,27601.845,6551.24,17,1,164.31,163.49,184.84,137.98,0.898
2026-01-24,2026-01-24 16:10:20,318,262,322.678,499.915,14751.8,24814.4,27610.226,6611.417,17,1,164.31,163.49,184.84,137.98,0.899
2026-01-24,2026-01-24 16:15:18,318,262,217.793,467.267,14751.9,24805.04,27602.337,6609.791,17,2,190.12,179.8,221.775,168.7,0.899
2026-01-24,2026-01-24 16:20:19,318,262,184.916,456.158,14753.8,24643.097,27598.275,6627.378,17,2,190.12,179.8,221.775,168.7,0.893
2026-01-24,2026-01-24 16:25:18,318,262,133.525,477.437,14755.1,24675.758,27600.776,6750.263,17,2,190.12,179.8,221.775,168.7,0.894
2026-01-24,2026-01-24 16:30:18,318,262,107.567,554.298,14755.2,24694.45,27602.516,6745.454,17,3,231.07,177.9,304.105,188.98,0.895
2026-01-24,2026-01-24 16:35:20,318,262,264.153,501.217,14754.3,24724.179,27610.196,6708.752,17,3,231.07,177.9,304.105,188.98,0.895
2026-01-24,2026-01-24 16:40:23,318,263,215.645,474.473,14759.1,24721.422,27593.018,6762.813,17,3,231.07,177.9,304.105,188.98,0.896
2026-01-24,2026-01-24 16:45:24,318,263,209.94,446.146,14758.5,24704.142,27562.449,6758.52,17,4,289.12,184.38,402.915,217.265,0.896
2026-01-24,2026-01-24 16:50:25,318,263,270.011,421.218,14764.4,24723.425,27576.642,6740.705,17,4,289.12,184.38,402.915,217.265,0.897
2026-01-24,2026-01-24 16:55:19,318,263,345.496,483.096,14760.5,24708.098,27562.992,6620.621,17,4,289.12,184.38,402.915,217.265,0.896
2026-01-24,2026-01-24 17:00:22,318,263,486.664,476.964,14950.4,24696.254,27569.312,6079.035,18,1,269.82,184.905,327.715,266.61,0.896
2026-01-24,2026-01-24 17:05:20,318,263,431.943,506.769,14941.6,24710.069,27585.377,6072.105,18,1,269.82,184.905,327.715,266.61,0.896
2026-01-24,2026-01-24 17:10:20,318,263,371.659,665.206,14937.0,24720.004,27600.124,6057.139,18,1,269.82,184.905,327.715,266.61,0.896
2026-01-24,2026-01-24 17:15:21,318,263,355.718,793.271,14942.3,24721.152,27578.684,6235.707,18,2,245.34,181.62,328.12,225.555,0.896
2026-01-24,2026-01-24 17:20:22,318,263,302.153,639.185,14954.9,24747.211,27584.112,6269.517,18,2,245.34,181.62,328.12,225.555,0.897
2026-01-24,2026-01-24 17:25:21,318,263,288.042,474.979,14949.8,24731.29,27552.298,6305.413,18,2,245.34,181.62,328.12,225.555,0.898
2026-01-24,2026-01-24 17:30:19,318,263,230.982,460.011,14955.3,24751.109,27564.566,6253.428,18,3,267.25,179.36,345.715,264.925,0.898
2026-01-24,2026-01-24 17:35:22,318,263,301.539,318.131,14961.8,24760.058,27569.11,6219.291,18,3,267.25,179.36,345.715,264.925,0.898
2026-01-24,2026-01-24 17:40:20,318,263,357.396,231.486,14956.8,24735.85,27554.846,6306.201,18,3,267.25,179.36,345.715,264.925,0.898
2026-01-24,2026-01-24 17:45:19,318,263,463.614,179.007,14924.5,24683.103,27533.491,6281.066,18,4,326.27,181.405,430.035,282.14,0.896
2026-01-24,2026-01-24 17:50:22,318,263,543.195,157.174,14922.2,24623.483,27520.81,6350.785,18,4,326.27,181.405,430.035,282.14,0.895
2026-01-24,2026-01-24 17:55:20,318,263,630.159,136.186,14876.4,24573.606,27523.21,6321.823,18,4,326.27,181.405,430.035,282.14,0.893
2026-01-24,2026-01-24 18:00:23,318,263,561.482,220.54,15035.9,24569.357,27570.828,5941.926,19,1,262.39,188.48,356.18,210.3,0.891
2026-01-24,2026-01-24 18:05:20,318,263,443.186,488.784,15029.7,24520.401,27559.443,6043.504,19,1,262.39,188.48,356.18,210.3,0.89
2026-01-24,2026-01-24 18:10:20,318,263,500.091,359.633,15030.8,24493.459,27547.389,6032.024,19,1,262.39,188.48,356.18,210.3,0.889
2026-01-24,2026-01-24 18:15:22,318,263,562.964,482.044,15031.1,24508.754,27592.766,6112.309,19,2,243.42,191.45,325.915,194.285,0.888
2026-01-24,2026-01-24 18:20:20,318,263,468.274,481.136,15032.0,24462.078,27566.655,6077.033,19,2,243.42,191.45,325.915,194.285,0.887
2026-01-24,2026-01-24 18:25:18,318,263,445.293,481.255,15029.3,24674.885,27569.727,6068.26,19,2,243.42,191.45,325.915,194.285,0.895
2026-01-24,2026-01-24 18:30:19,318,263,328.599,551.673,15028.8,24681.986,27577.101,6081.439,19,3,209.4,190.76,269.765,170.515,0.895
2026-01-24,2026-01-24 18:35:18,318,263,251.537,504.79,15026.2,24675.816,27553.943,6132.452,19,3,209.4,190.76,269.765,170.515,0.896
2026-01-24,2026-01-24 18:40:18,318,263,231.989,572.021,15026.3,24698.211,27554.813,6162.084,19,3,209.4,190.76,269.765,170.515,0.896
2026-01-24,2026-01-24 18:45:17,318,263,254.86,571.571,15029.1,24746.843,27589.932,6180.937,19,4,206.57,189.65,243.4,174.445,0.897
2026-01-24,2026-01-24 18:50:18,318,263,252.273,412.57,15028.9,24708.062,27548.692,6156.488,19,4,206.57,189.65,243.4,174.445,0.897
2026-01-24,2026-01-24 18:55:19,318,263,273.852,412.06,15043.1,24754.569,27587.926,6152.202,19,4,206.57,189.65,243.4,174.445,0.897
2026-01-24,2026-01-24 19:00:21,318,263,160.792,516.018,15045.9,24743.537,27571.533,5807.753,20,1,178.35,162.025,210.34,147.765,0.897
2026-01-24,2026-01-24 19:05:18,318,263,459.092,461.888,14894.5,24390.4,27198.302,5773.01,20,1,178.35,162.025,210.34,147.765,0.897
2026-01-24,2026-01-24 19:10:18,318,263,327.715,547.551,14891.7,24396.7,27210.893,5730.478,20,1,178.35,162.025,210.34,147.765,0.897
2026-01-24,2026-01-24 19:15:18,318,263,334.066,539.402,14883.9,24398.918,27213.21,5769.734,20,2,181.98,169.255,210.17,150.31,0.897
2026-01-24,2026-01-24 19:20:20,318,263,509.696,269.006,14879.9,24385.151,27223.809,5655.459,20,2,181.98,169.255,210.17,150.31,0.896
2026-01-24,2026-01-24 19:25:19,318,263,473.804,370.234,14892.1,24345.862,27220.313,5696.035,20,2,181.98,169.255,210.17,150.31,0.894
2026-01-24,2026-01-24 19:30:19,318,263,413.269,452.09,14893.5,24318.66,27212.328,5699.55,20,3,183.14,171.23,209.84,149.305,0.894
2026-01-24,2026-01-24 19:35:17,318,263,386.277,498.073,14899.8,24332.281,27224.209,5614.416,20,3,183.14,171.23,209.84,149.305,0.894
2026-01-24,2026-01-24 19:40:21,318,262,397.823,278.089,14856.7,24291.671,27205.468,5623.808,20,3,183.14,171.23,209.84,149.305,0.893
2026-01-24,2026-01-24 19:45:17,318,262,358.478,387.529,14798.6,24297.887,27238.755,5637.487,20,4,176.56,168.69,193.745,142.88,0.892
2026-01-24,2026-01-24 19:50:18,318,262,350.781,476.493,14865.7,24321.284,27273.228,5598.646,20,4,176.56,168.69,193.745,142.88,0.892
2026-01-24,2026-01-24 19:55:20,318,261,374.007,490.875,14849.3,24277.393,27230.965,5438.392,20,4,176.56,168.69,193.745,142.88,0.892
2026-01-24,2026-01-24 20:00:22,318,261,360.965,527.192,14897.0,24265.229,27223.785,5346.909,21,1,150.67,141.4,171.65,119.84,0.891
2026-01-24,2026-01-24 20:05:21,318,261,486.728,361.54,14899.9,24239.129,27222.85,5388.022,21,1,150.67,141.4,171.65,119.84,0.89
2026-01-24,2026-01-24 20:10:23,318,261,470.339,281.516,14902.0,24218.196,27233.486,5189.156,21,1,150.67,141.4,171.65,119.84,0.889
2026-01-24,2026-01-24 20:15:22,318,261,508.308,367.599,14898.4,24245.726,27273.121,5241.065,21,2,140.74,135.01,158.73,110.1,0.889
2026-01-24,2026-01-24 20:20:22,318,262,526.571,244.825,14920.6,24218.679,27271.198,5327.974,21,2,140.74,135.01,158.73,110.1,0.888
2026-01-24,2026-01-24 20:25:22,318,262,599.73,225.602,14921.9,24142.267,27230.511,5477.032,21,2,140.74,135.01,158.73,110.1,0.887
2026-01-24,2026-01-24 20:30:20,318,262,403.627,274.379,14925.4,24113.742,27235.118,5489.163,21,3,126.06,113.04,168.685,104.995,0.885
2026-01-24,2026-01-24 20:35:20,318,262,454.581,108.333,14921.0,24068.669,27217.61,5450.319,21,3,126.06,113.04,168.685,104.995,0.884
2026-01-24,2026-01-24 20:40:22,318,262,407.314,129.427,14921.5,24012.169,27200.626,5403.012,21,3,126.06,113.04,168.685,104.995,0.883
2026-01-24,2026-01-24 20:45:20,318,262,225.25,247.135,14930.2,24010.236,27224.666,5331.481,21,4,143.57,124.03,176.605,125.44,0.882
2026-01-24,2026-01-24 20:50:22,318,262,356.952,320.927,14927.6,24031.293,27264.379,5331.205,21,4,143.57,124.03,176.605,125.44,0.881
2026-01-24,2026-01-24 20:55:19,318,262,298.695,554.69,14929.9,24001.218,27233.582,5048.855,21,4,143.57,124.03,176.605,125.44,0.881
2026-01-24,2026-01-24 21:00:21,318,262,369.426,564.024,14913.7,23990.71,27216.835,5121.673,22,1,145.53,132.465,198.38,127.04,0.881
2026-01-24,2026-01-24 21:05:20,318,263,255.513,602.756,14884.2,24020.968,27233.211,5145.424,22,1,145.53,132.465,198.38,127.04,0.882
2026-01-24,2026-01-24 21:10:21,318,263,42.992,519.031,14885.2,24056.289,27244.277,5237.453,22,1,145.53,132.465,198.38,127.04,0.883
2026-01-24,2026-01-24 21:15:20,318,262,39.731,460.172,14879.9,24060.353,27216.668,5221.997,22,2,163.31,132.89,216.855,152.62,0.884
2026-01-24,2026-01-24 21:20:19,318,262,171.959,466.048,14885.9,24088.79,27225.667,5366.673,22,2,163.31,132.89,216.855,152.62,0.885
2026-01-24,2026-01-24 21:25:18,318,262,55.479,462.616,14887.8,24080.993,27202.405,5357.3,22,2,163.31,132.89,216.855,152.62,0.885
2026-01-24,2026-01-24 21:30:19,318,262,19.203,494.062,14877.9,24051.627,27142.581,5330.437,22,3,161.73,137.735,209.98,144.91,0.886
2026-01-24,2026-01-24 21:35:18,318,262,74.826,415.194,14866.5,24082.922,27138.431,5336.852,22,3,161.73,137.735,209.98,144.91,0.887
2026-01-24,2026-01-24 21:40:19,318,262,26.865,449.426,14866.3,24131.266,27165.799,5345.963,22,3,161.73,137.735,209.98,144.91,0.888
2026-01-24,2026-01-24 21:45:18,318,262,15.076,519.824,14866.2,24122.898,27132.238,5329.904,22,4,145.73,137.48,184.56,124.515,0.889
2026-01-24,2026-01-24 21:50:18,318,262,85.225,639.058,14872.1,24178.36,27144.043,5305.156,22,4,145.73,137.48,184.56,124.515,0.891
2026-01-24,2026-01-24 21:55:20,318,262,89.57,781.786,14878.9,24213.309,27143.998,5328.449,22,4,145.73,137.48,184.56,124.515,0.892
2026-01-24,2026-01-24 22:00:21,318,262,115.459,761.636,14907.6,24303.5,27191.628,5461.097,23,1,126.4,102.815,150.73,113.67,0.894
2026-01-24,2026-01-24 22:05:19,318,262,97.655,723.395,14908.0,24379.814,27229.081,5453.754,23,1,126.4,102.815,150.73,113.67,0.895
2026-01-24,2026-01-24 22:10:20,318,262,212.064,527.345,14903.2,24388.901,27209.751,5448.768,23,1,126.4,102.815,150.73,113.67,0.896
2026-01-24,2026-01-24 22:15:19,318,262,201.624,581.509,14898.8,24404.582,27208.852,5389.936,23,2,115.2,82.725,139.39,105.96,0.897
2026-01-24,2026-01-24 22:20:19,318,262,199.732,721.311,14904.6,24434.403,27208.634,5327.89,23,2,115.2,82.725,139.39,105.96,0.898
2026-01-24,2026-01-24 22:25:18,318,262,179.456,705.205,14904.7,24431.923,27171.172,5208.993,23,2,115.2,82.725,139.39,105.96,0.899
2026-01-24,2026-01-24 22:30:18,318,262,213.644,402.708,14896.6,24441.652,27165.05,5239.045,23,3,108.5,87.015,138.9,93.43,0.9
2026-01-24,2026-01-24 22:35:19,318,262,216.184,492.362,14897.2,24437.621,27153.108,5307.779,23,3,108.5,87.015,138.9,93.43,0.9
2026-01-24,2026-01-24 22:40:18,318,262,211.863,470.723,14896.8,24447.906,27151.829,5334.449,23,3,108.5,87.015,138.9,93.43,0.9
2026-01-24,2026-01-24 22:45:17,318,262,96.186,330.774,14890.9,24510.572,27205.895,5326.204,23,4,111.14,95.71,142.215,95.395,0.901
2026-01-24,2026-01-24 22:50:17,318,262,86.534,385.522,14886.3,24494.184,27178.473,5300.857,23,4,111.14,95.71,142.215,95.395,0.901
2026-01-24,2026-01-24 22:55:18,318,262,67.805,711.939,14886.8,24487.984,27142.423,5318.412,23,4,111.14,95.71,142.215,95.395,0.902
2026-01-24,2026-01-24 23:00:21,318,262,102.584,781.29,14892.6,24525.263,27144.775,5231.01,24,1,105.64,80.33,132.38,98.235,0.903
2026-01-24,2026-01-24 23:05:18,318,262,64.383,656.678,14808.8,24470.203,27066.25,5220.442,24,1,105.64,80.33,132.38,98.235,0.904
2026-01-24,2026-01-24 23:10:18,318,262,11.181,617.643,14885.8,24605.664,27132.002,5223.092,24,1,105.64,80.33,132.38,98.235,0.907
2026-01-24,2026-01-24 23:15:19,318,262,2.817,767.039,14879.5,24693.486,27172.571,5233.82,24,2,106.3,93.99,131.805,91.69,0.909
2026-01-24,2026-01-24 23:20:18,318,262,55.694,632.488,14879.7,24741.888,27176.952,5257.364,24,2,106.3,93.99,131.805,91.69,0.91
2026-01-24,2026-01-24 23:21:57,318,262,160.052,593.455,14880.0,24741.458,27167.687,5284.494,24,2,106.3,93.99,131.805,91.69,0.911
2026-01-24,2026-01-24 23:25:19,318,262,75.208,611.639,14876.3,24748.878,27153.716,5330.479,24,2,106.3,93.99,131.805,91.69,0.911
2026-01-24,2026-01-24 23:30:18,318,262,5.683,639.02,14876.8,24779.998,27143.372,5283.767,24,3,109.64,102.93,138.145,92.365,0.913
2026-01-24,2026-01-24 23:35:17,318,262,6.866,449.333,14875.9,24800.054,27133.967,5271.712,24,3,109.64,102.93,138.145,92.365,0.914
2026-01-24,2026-01-24 23:40:19,318,262,89.94,401.56,14874.5,24830.084,27142.079,5314.776,24,3,109.64,102.93,138.145,92.365,0.915
2026-01-24,2026-01-24 23:45:18,318,262,25.204,402.487,14874.1,24837.71,27136.805,5310.536,24,4,114.02,108.66,143.04,94.88,0.915
2026-01-24,2026-01-24 23:50:18,318,262,13.49,259.422,14881.7,24860.702,27146.965,5312.677,24,4,114.02,108.66,143.04,94.88,0.916
2026-01-24,2026-01-24 23:55:19,318,262,12.712,333.107,14871.4,24864.663,27133.111,5356.562,24,4,114.02,108.66,143.04,94.88,0.916
2026-01-25,2026-01-25 00:00:21,318,262,14.818,410.81,14875.3,24901.813,27142.979,5472.685,1,1,127.04,103.73,153.77,126.035,0.917
2026-01-25,2026-01-25 00:05:20,318,262,6.792,464.638,14779.8,24906.431,27121.762,5421.287,1,1,127.04,103.73,153.77,126.035,0.918
2026-01-25,2026-01-25 00:10:19,318,261,5.681,316.005,14773.6,24914.871,27112.749,5448.435,1,1,127.04,103.73,153.77,126.035,0.919
2026-01-25,2026-01-25 00:15:21,318,261,27.576,364.58,14784.0,24784.467,26953.121,5395.734,1,2,131.85,108.52,154.91,141.075,0.92
2026-01-25,2026-01-25 00:20:19,318,261,15.471,161.737,14795.7,24813.619,26975.486,5404.166,1,2,131.85,108.52,154.91,141.075,0.92
2026-01-25,2026-01-25 00:25:18,318,261,4.957,332.725,14790.0,24813.791,26971.437,5367.74,1,2,131.85,108.52,154.91,141.075,0.92
2026-01-25,2026-01-25 00:30:18,318,261,5.102,317.692,14793.7,24815.952,26953.955,5380.563,1,3,132.99,108.95,153.31,145.16,0.921
2026-01-25,2026-01-25 00:35:19,318,261,4.429,333.384,14769.5,24828.165,26946.08,5357.323,1,3,132.99,108.95,153.31,145.16,0.921
2026-01-25,2026-01-25 00:40:20,318,261,19.398,287.438,14764.1,24810.409,26917.858,5405.635,1,3,132.99,108.95,153.31,145.16,0.922
2026-01-25,2026-01-25 00:45:19,318,261,47.516,262.449,14758.7,24816.55,26914.302,5434.929,1,4,125.03,99.5,149.62,131.84,0.922
2026-01-25,2026-01-25 00:50:19,318,261,16.058,320.535,14756.9,24811.215,26895.738,5394.682,1,4,125.03,99.5,149.62,131.84,0.922
2026-01-25,2026-01-25 00:55:19,318,261,6.076,286.796,14691.1,24751.057,26845.866,5351.276,1,4,125.03,99.5,149.62,131.84,0.922
2026-01-25,2026-01-25 01:00:24,318,261,46.604,198.465,14728.2,24805.598,26848.523,5415.927,2,1,123.13,100.34,143.31,130.625,0.924
2026-01-25,2026-01-25 01:05:23,318,261,173.12,181.289,14729.0,24834.214,26878.017,5409.837,2,1,123.13,100.34,143.31,130.625,0.924
2026-01-25,2026-01-25 01:10:21,318,261,323.112,181.119,14753.6,24803.409,26885.154,5393.644,2,1,123.13,100.34,143.31,130.625,0.923
2026-01-25,2026-01-25 01:15:23,318,261,8.52,264.802,14746.5,24816.115,26890.351,5369.903,2,2,119.17,104.35,144.8,123.485,0.923
2026-01-25,2026-01-25 01:20:20,318,261,40.459,452.889,14746.8,24854.397,26908.027,5350.83,2,2,119.17,104.35,144.8,123.485,0.924
2026-01-25,2026-01-25 01:25:21,318,261,213.4,220.712,14746.2,24860.419,26900.334,5362.526,2,2,119.17,104.35,144.8,123.485,0.924
2026-01-25,2026-01-25 01:30:23,318,261,342.773,199.358,14773.3,24866.124,26918.47,5363.142,2,3,120.72,101.69,152.875,121.4,0.924
2026-01-25,2026-01-25 01:35:22,318,261,206.662,175.05,14774.2,24859.996,26925.176,5395.608,2,3,120.72,101.69,152.875,121.4,0.923
2026-01-25,2026-01-25 01:40:23,318,261,119.154,342.213,14729.0,24782.727,26898.84,5340.494,2,3,120.72,101.69,152.875,121.4,0.921
2026-01-25,2026-01-25 01:45:22,318,261,155.958,109.337,14754.6,24809.299,26876.552,5362.019,2,4,119.99,101.8,155.78,120.48,0.923
2026-01-25,2026-01-25 01:50:23,318,261,153.385,120.747,14764.9,24859.717,26949.652,5366.039,2,4,119.99,101.8,155.78,120.48,0.922
2026-01-25,2026-01-25 01:55:21,318,261,133.609,269.796,14761.5,24825.989,26918.622,5516.418,2,4,119.99,101.8,155.78,120.48,0.922
2026-01-25,2026-01-25 02:00:27,318,261,86.695,194.663,14757.6,24858.262,26944.646,5723.894,3,1,134.47,134.56,205.74,127.13,0.923
2026-01-25,2026-01-25 02:05:27,318,261,76.568,512.878,14759.5,24873.405,26957.976,5648.738,3,1,134.47,134.56,205.74,127.13,0.923
2026-01-25,2026-01-25 02:10:24,318,261,142.593,595.525,14763.8,24886.587,26942.239,5637.57,3,1,134.47,134.56,205.74,127.13,0.924
2026-01-25,2026-01-25 02:15:24,318,261,110.198,614.163,14768.2,24896.903,26926.017,5587.223,3,2,129.98,85.87,139.195,139.505,0.925
2026-01-25,2026-01-25 02:20:20,318,261,143.124,501.324,14769.5,24925.391,26926.564,5716.349,3,2,129.98,85.87,139.195,139.505,0.926
2026-01-25,2026-01-25 02:25:21,318,261,63.176,550.739,14766.5,24948.192,26928.137,5641.715,3,2,129.98,85.87,139.195,139.505,0.926
2026-01-25,2026-01-25 02:30:23,318,261,74.377,497.87,14763.4,24971.855,26926.756,5632.202,3,3,122.34,100.12,132.92,121.605,0.927
2026-01-25,2026-01-25 02:35:20,318,261,71.064,415.073,14761.4,25002.404,26956.893,5582.986,3,3,122.34,100.12,132.92,121.605,0.927
2026-01-25,2026-01-25 02:40:20,318,261,44.96,441.987,14760.8,24984.638,26920.969,5634.417,3,3,122.34,100.12,132.92,121.605,0.928
2026-01-25,2026-01-25 02:45:20,318,261,69.627,350.175,14761.1,25000.632,26942.152,5605.272,3,4,125.72,102.46,132.79,125.89,0.928
2026-01-25,2026-01-25 02:50:20,318,261,54.699,351.934,14758.6,24998.028,26972.526,5643.998,3,4,125.72,102.46,132.79,125.89,0.927
2026-01-25,2026-01-25 02:55:18,318,261,182.096,331.21,14757.0,25017.212,27047.494,5838.559,3,4,125.72,102.46,132.79,125.89,0.925
2026-01-25,2026-01-25 03:00:20,318,261,35.879,476.102,14758.5,25075.602,27126.491,5719.793,4,1,122.85,105.54,142.225,125.78,0.924
2026-01-25,2026-01-25 03:05:22,318,261,16.574,360.759,14749.8,25128.672,27174.001,5829.253,4,1,122.85,105.54,142.225,125.78,0.925
2026-01-25,2026-01-25 03:10:19,318,261,14.734,386.264,14758.8,25352.161,27194.662,5833.713,4,1,122.85,105.54,142.225,125.78,0.932
2026-01-25,2026-01-25 03:15:20,318,261,158.951,354.524,14754.9,25358.325,27182.751,5760.698,4,2,119.93,101.76,150.24,129.49,0.933
2026-01-25,2026-01-25 03:20:18,318,261,62.604,363.183,14758.4,25358.124,27173.708,5761.46,4,2,119.93,101.76,150.24,129.49,0.933
2026-01-25,2026-01-25 03:25:19,318,261,6.816,427.955,14758.4,25384.84,27179.894,5716.242,4,2,119.93,101.76,150.24,129.49,0.934
2026-01-25,2026-01-25 03:30:19,318,262,117.854,358.075,14862.8,25400.595,27175.568,5768.509,4,3,118.11,103.41,143.725,119.43,0.935
2026-01-25,2026-01-25 03:35:19,318,262,40.826,389.206,14861.7,25428.232,27193.689,5784.868,4,3,118.11,103.41,143.725,119.43,0.935
2026-01-25,2026-01-25 03:40:20,318,262,30.384,421.802,14861.4,25445.638,27188.251,5765.543,4,3,118.11,103.41,143.725,119.43,0.936
2026-01-25,2026-01-25 03:45:21,318,262,2.819,476.102,14861.9,25469.621,27186.071,5779.864,4,4,115.83,107.5,125.94,110.555,0.937
2026-01-25,2026-01-25 03:50:20,318,262,7.563,436.133,14856.4,25493.763,27181.098,5951.455,4,4,115.83,107.5,125.94,110.555,0.938
2026-01-25,2026-01-25 03:55:23,318,262,7.517,589.191,14857.0,25507.906,27165.132,5954.362,4,4,115.83,107.5,125.94,110.555,0.939
2026-01-25,2026-01-25 04:00:30,318,262,65.936,505.526,14865.1,25380.227,27206.609,5970.911,5,1,103.14,92.81,122.415,99.845,0.933
2026-01-25,2026-01-25 04:05:25,318,262,95.711,316.089,14870.6,25636.517,27258.065,5938.976,5,1,103.14,92.81,122.415,99.845,0.941
2026-01-25,2026-01-25 04:10:21,318,262,189.281,259.209,14866.5,25624.735,27246.5,5938.276,5,1,103.14,92.81,122.415,99.845,0.94
2026-01-25,2026-01-25 04:15:21,318,262,129.43,366.864,14865.3,25666.378,27287.634,5957.448,5,2,107.18,97.54,120.11,102.365,0.941
2026-01-25,2026-01-25 04:20:20,318,262,107.229,354.745,14869.7,25703.356,27314.89,5868.809,5,2,107.18,97.54,120.11,102.365,0.941
2026-01-25,2026-01-25 04:25:18,318,262,106.046,246.687,14866.8,25763.125,27364.824,5873.718,5,2,107.18,97.54,120.11,102.365,0.941
2026-01-25,2026-01-25 04:30:19,318,262,103.243,246.478,14861.6,25781.621,27380.314,5874.741,5,3,111.09,104.135,114.35,101.48,0.942
2026-01-25,2026-01-25 04:35:18,318,262,92.069,195.781,14859.3,25789.056,27383.726,5847.824,5,3,111.09,104.135,114.35,101.48,0.942
2026-01-25,2026-01-25 04:40:19,318,262,116.44,94.191,14860.1,25767.56,27376.827,5879.288,5,3,111.09,104.135,114.35,101.48,0.941
2026-01-25,2026-01-25 04:45:18,318,263,157.14,214.296,15012.1,25790.39,27413.481,5972.922,5,4,135.83,130.705,138.07,122.0,0.941
2026-01-25,2026-01-25 04:48:18,318,263,170.05,192.011,15012.6,25795.3,27423.776,5972.829,5,4,135.83,130.705,138.07,122.0,0.941
2026-01-25,2026-01-25 04:50:18,318,263,181.556,202.322,15012.5,25807.286,27434.71,6041.042,5,4,135.83,130.705,138.07,122.0,0.941
2026-01-25,2026-01-25 04:55:19,318,263,215.165,233.426,15008.1,25793.232,27430.945,6034.69,5,4,135.83,130.705,138.07,122.0,0.94
2026-01-25,2026-01-25 05:00:21,318,263,120.108,248.271,15021.2,25792.93,27436.014,6081.062,6,1,136.92,134.245,141.03,123.885,0.94
2026-01-25,2026-01-25 05:05:18,318,263,271.754,343.508,15021.3,25777.955,27426.144,6029.012,6,1,136.92,134.245,141.03,123.885,0.94
2026-01-25,2026-01-25 05:10:19,318,263,249.653,252.791,15018.6,25775.79,27429.508,5976.974,6,1,136.92,134.245,141.03,123.885,0.94
2026-01-25,2026-01-25 05:15:20,318,263,321.984,136.052,15015.0,25736.551,27411.446,5924.362,6,2,143.47,140.33,159.09,129.515,0.939
2026-01-25,2026-01-25 05:20:18,318,263,440.041,99.462,15014.9,25699.052,27402.753,6107.586,6,2,143.47,140.33,159.09,129.515,0.938
2026-01-25,2026-01-25 05:25:19,318,263,217.629,88.305,15015.1,25681.553,27420.063,6088.478,6,2,143.47,140.33,159.09,129.515,0.937
2026-01-25,2026-01-25 05:30:19,318,263,232.401,93.224,15008.9,25645.519,27402.61,6018.983,6,3,144.71,136.32,165.72,137.98,0.936
2026-01-25,2026-01-25 05:35:18,318,263,95.829,245.681,15008.6,25660.045,27429.205,6006.232,6,3,144.71,136.32,165.72,137.98,0.936
2026-01-25,2026-01-25 05:40:19,318,263,88.598,77.225,15008.6,25650.634,27422.574,5993.017,6,3,144.71,136.32,165.72,137.98,0.935
2026-01-25,2026-01-25 05:45:22,318,263,179.067,193.861,15008.4,25627.132,27406.574,6017.181,6,4,145.81,136.34,169.455,141.565,0.935
2026-01-25,2026-01-25 05:50:19,318,263,84.019,91.215,14989.8,25602.023,27388.587,6001.024,6,4,145.81,136.34,169.455,141.565,0.935
2026-01-25,2026-01-25 05:55:20,318,263,110.887,158.951,14987.2,25585.236,27377.179,6053.001,6,4,145.81,136.34,169.455,141.565,0.935
2026-01-25,2026-01-25 06:00:23,318,263,276.713,111.181,14992.5,25579.562,27395.287,5768.542,7,1,152.22,149.235,165.62,139.44,0.934
2026-01-25,2026-01-25 06:05:20,318,263,458.863,97.082,15001.6,25568.799,27418.388,5816.28,7,1,152.22,149.235,165.62,139.44,0.933
2026-01-25,2026-01-25 06:10:22,318,263,486.787,231.654,14976.8,25526.764,27405.313,5550.6,7,1,152.22,149.235,165.62,139.44,0.931
2026-01-25,2026-01-25 06:15:21,318,263,757.993,259.085,15001.0,25488.649,27408.964,5543.785,7,2,150.64,136.41,162.79,142.765,0.93
2026-01-25,2026-01-25 06:20:20,318,263,744.044,199.412,15001.2,25414.908,27388.324,5656.927,7,2,150.64,136.41,162.79,142.765,0.928
2026-01-25,2026-01-25 06:25:19,318,263,803.53,93.545,14995.4,25333.727,27376.084,5542.638,7,2,150.64,136.41,162.79,142.765,0.925
2026-01-25,2026-01-25 06:30:19,318,263,1031.301,310.32,14992.6,25270.721,27384.026,5451.489,7,3,153.28,128.66,162.16,147.32,0.923
2026-01-25,2026-01-25 06:35:19,318,263,1065.752,70.211,14992.2,25175.852,27391.181,5436.16,7,3,153.28,128.66,162.16,147.32,0.919
2026-01-25,2026-01-25 06:40:20,318,263,1073.86,117.128,14994.8,25105.42,27410.858,5431.113,7,3,153.28,128.66,162.16,147.32,0.916
2026-01-25,2026-01-25 06:45:20,318,263,1167.494,114.291,14990.3,24973.334,27375.006,5428.596,7,4,162.87,127.14,173.155,157.255,0.912
2026-01-25,2026-01-25 06:50:20,318,263,1085.513,88.736,14992.1,24880.23,27385.038,5449.461,7,4,162.87,127.14,173.155,157.255,0.909
2026-01-25,2026-01-25 06:52:20,318,263,1273.061,63.713,14983.3,24823.022,27354.1,5426.095,7,4,162.87,127.14,173.155,157.255,0.907
2026-01-25,2026-01-25 06:55:20,318,263,1255.485,138.918,14980.0,24752.819,27350.976,5458.986,7,4,162.87,127.14,173.155,157.255,0.905
2026-01-25,2026-01-25 07:00:26,318,263,1223.818,151.357,14991.0,24671.416,27393.102,5975.382,8,1,169.08,130.555,179.76,162.76,0.901
2026-01-25,2026-01-25 07:05:28,318,263,1534.102,114.515,14977.1,24545.914,27362.729,5945.278,8,1,169.08,130.555,179.76,162.76,0.897
2026-01-25,2026-01-25 07:10:27,318,263,1825.152,70.64,14989.9,24431.725,27389.812,6044.099,8,1,169.08,130.555,179.76,162.76,0.892
2026-01-25,2026-01-25 07:15:25,318,263,1759.558,81.715,14986.6,24312.079,27413.408,6050.752,8,2,171.8,134.61,183.12,161.73,0.887
2026-01-25,2026-01-25 07:20:31,318,263,1815.687,104.163,14917.9,24097.229,27393.356,6049.679,8,2,171.8,134.61,183.12,161.73,0.88
2026-01-25,2026-01-25 07:25:26,318,263,1832.729,180.124,15002.2,24074.756,27496.356,6069.937,8,2,171.8,134.61,183.12,161.73,0.876
2026-01-25,2026-01-25 07:30:28,318,263,1772.508,99.038,15015.2,23933.327,27508.003,6085.964,8,3,174.14,130.62,194.13,156.32,0.87
2026-01-25,2026-01-25 07:35:26,318,263,1885.254,76.612,15016.0,23782.316,27537.839,6194.175,8,3,174.14,130.62,194.13,156.32,0.864
2026-01-25,2026-01-25 07:40:24,318,263,1635.921,132.524,15013.0,23681.679,27582.634,6245.607,8,3,174.14,130.62,194.13,156.32,0.859
2026-01-25,2026-01-25 07:45:23,318,263,1581.031,126.173,15023.6,23571.348,27599.532,6289.234,8,4,160.61,129.9,178.385,149.065,0.854
2026-01-25,2026-01-25 07:50:22,318,263,1489.174,84.17,15037.9,23492.123,27646.32,6258.0,8,4,160.61,129.9,178.385,149.065,0.85
2026-01-25,2026-01-25 07:55:39,318,263,1551.45,83.247,15034.5,23402.684,27687.162,6071.443,8,4,160.61,129.9,178.385,149.065,0.845
2026-01-25,2026-01-25 08:00:41,318,263,1634.638,57.552,14955.6,23244.23,27676.432,6648.025,9,1,149.05,121.39,165.065,136.65,0.84
2026-01-25,2026-01-25 08:05:31,318,263,1590.14,291.813,14957.2,23120.976,27682.478,6600.984,9,1,149.05,121.39,165.065,136.65,0.835
2026-01-25,2026-01-25 08:10:37,318,263,1278.736,183.621,14960.0,23040.481,27688.866,6576.308,9,1,149.05,121.39,165.065,136.65,0.832
2026-01-25,2026-01-25 08:15:32,318,263,1467.151,212.467,14940.6,22934.33,27686.235,6587.581,9,2,138.93,115.17,149.535,127.325,0.828
2026-01-25,2026-01-25 08:20:23,318,263,1492.182,210.199,14909.6,22778.868,27675.133,6525.096,9,2,138.93,115.17,149.535,127.325,0.823
2026-01-25,2026-01-25 08:25:24,318,263,1270.557,431.14,14896.3,22689.05,27680.2,6478.826,9,2,138.93,115.17,149.535,127.325,0.82
2026-01-25,2026-01-25 08:30:30,318,263,1146.153,349.093,14861.9,22633.764,27698.103,6412.161,9,3,124.48,102.67,132.32,114.395,0.817
2026-01-25,2026-01-25 08:35:21,318,263,978.323,385.67,14793.6,22510.137,27659.641,6386.93,9,3,124.48,102.67,132.32,114.395,0.814
2026-01-25,2026-01-25 08:40:25,318,263,875.964,451.158,14790.8,22459.755,27648.173,6383.418,9,3,124.48,102.67,132.32,114.395,0.812
2026-01-25,2026-01-25 08:45:23,318,263,1045.57,486.712,14788.9,22383.01,27618.498,6424.067,9,4,111.21,93.075,118.805,99.97,0.81
2026-01-25,2026-01-25 08:50:41,318,263,837.107,388.471,14787.2,22332.578,27611.516,6324.147,9,4,111.21,93.075,118.805,99.97,0.809
2026-01-25,2026-01-25 08:55:20,318,263,704.9,289.494,14785.6,22278.505,27600.076,6287.542,9,4,111.21,93.075,118.805,99.97,0.807
2026-01-25,2026-01-25 09:00:24,318,263,808.149,433.671,14686.6,22249.226,27615.602,6363.243,10,1,126.26,119.32,135.995,97.795,0.806
2026-01-25,2026-01-25 09:05:30,318,263,616.48,412.405,14694.1,22221.906,27631.929,6308.33,10,1,126.26,119.32,135.995,97.795,0.804
2026-01-25,2026-01-25 09:10:23,318,262,634.333,513.257,14683.1,22176.471,27605.069,6296.325,10,1,126.26,119.32,135.995,97.795,0.803
2026-01-25,2026-01-25 09:13:21,318,262,825.392,469.538,14683.2,22153.166,27603.118,6299.059,10,1,126.26,119.32,135.995,97.795,0.803
2026-01-25,2026-01-25 09:15:25,318,262,775.862,408.535,14675.2,22111.198,27574.518,6275.194,10,2,126.68,120.77,135.51,85.075,0.802
2026-01-25,2026-01-25 09:17:24,318,262,818.931,338.024,14683.2,22089.927,27566.007,6407.295,10,2,126.68,120.77,135.51,85.075,0.801
2026-01-25,2026-01-25 09:20:22,318,262,684.934,266.126,14669.8,22050.839,27547.721,6391.557,10,2,126.68,120.77,135.51,85.075,0.8
2026-01-25,2026-01-25 09:25:25,318,262,429.359,109.85,14665.5,22015.656,27570.448,6436.267,10,2,126.68,120.77,135.51,85.075,0.799
2026-01-25,2026-01-25 09:30:22,318,262,462.872,93.683,14660.9,21941.926,27537.552,6317.646,10,3,116.24,110.425,124.935,76.52,0.797
2026-01-25,2026-01-25 09:35:22,318,262,438.361,161.624,14643.5,21879.4,27516.643,6329.779,10,3,116.24,110.425,124.935,76.52,0.795
2026-01-25,2026-01-25 09:40:20,318,262,412.63,497.108,14661.2,21879.429,27535.89,6353.606,10,3,116.24,110.425,124.935,76.52,0.795
2026-01-25,2026-01-25 09:45:23,318,262,569.976,422.715,14657.7,21888.914,27550.553,6555.402,10,4,105.5,101.95,115.15,87.63,0.794
2026-01-25,2026-01-25 09:50:20,318,262,522.869,718.11,14656.0,21887.912,27561.197,6349.672,10,4,105.5,101.95,115.15,87.63,0.794
2026-01-25,2026-01-25 09:55:20,318,262,460.132,850.443,14599.8,21914.325,27580.19,6491.028,10,4,105.5,101.95,115.15,87.63,0.795
2026-01-25,2026-01-25 10:00:21,318,262,300.664,978.181,14584.0,21977.78,27607.143,5710.243,11,1,103.67,101.73,111.385,85.68,0.796
2026-01-25,2026-01-25 10:02:51,318,263,569.894,890.231,14583.6,22007.75,27628.033,5613.046,11,1,103.67,101.73,111.385,85.68,0.797
2026-01-25,2026-01-25 10:05:20,318,263,684.505,807.438,14640.6,22005.314,27620.751,5631.203,11,1,103.67,101.73,111.385,85.68,0.797
2026-01-25,2026-01-25 10:10:21,318,263,216.022,732.671,14757.6,22036.941,27644.879,5618.502,11,1,103.67,101.73,111.385,85.68,0.797
2026-01-25,2026-01-25 10:13:43,318,263,351.272,830.519,14780.0,22062.993,27648.323,5688.176,11,1,103.67,101.73,111.385,85.68,0.798
2026-01-25,2026-01-25 10:15:20,318,263,431.702,897.404,14779.7,22079.24,27657.502,5615.601,11,2,101.78,100.74,108.29,82.79,0.798
2026-01-25,2026-01-25 10:20:18,318,263,403.562,892.414,14774.9,22101.682,27647.089,5590.178,11,2,101.78,100.74,108.29,82.79,0.799
2026-01-25,2026-01-25 10:25:17,318,263,60.798,957.162,14766.4,22163.868,27667.23,5722.728,11,2,101.78,100.74,108.29,82.79,0.801
2026-01-25,2026-01-25 10:30:18,318,263,416.83,748.553,14731.0,22188.176,27632.601,5622.97,11,3,104.4,103.055,110.71,87.3,0.803
2026-01-25,2026-01-25 10:33:27,318,263,550.076,687.73,14713.7,22146.73,27636.605,5661.061,11,3,104.4,103.055,110.71,87.3,0.801
2026-01-25,2026-01-25 10:35:18,318,263,564.206,664.931,14752.8,22218.067,27653.924,5709.453,11,3,104.4,103.055,110.71,87.3,0.803
2026-01-25,2026-01-25 10:40:18,318,263,193.216,619.296,14739.9,22212.489,27636.639,5753.195,11,3,104.4,103.055,110.71,87.3,0.804
2026-01-25,2026-01-25 10:42:33,318,263,427.055,596.528,14741.2,22218.468,27646.312,5652.734,11,3,104.4,103.055,110.71,87.3,0.804
2026-01-25,2026-01-25 10:45:19,318,263,500.16,565.054,14740.6,22213.728,27645.085,5655.043,11,4,105.76,104.4,110.36,91.635,0.804
2026-01-25,2026-01-25 10:47:51,318,263,601.644,530.357,14738.3,22201.439,27647.897,5723.673,11,4,105.76,104.4,110.36,91.635,0.803
2026-01-25,2026-01-25 10:50:20,318,263,429.477,520.867,14739.2,22200.12,27662.5,5679.975,11,4,105.76,104.4,110.36,91.635,0.803
2026-01-25,2026-01-25 10:55:17,318,263,361.821,459.269,14735.5,22182.075,27652.022,5710.112,11,4,105.76,104.4,110.36,91.635,0.802
2026-01-25,2026-01-25 11:00:23,318,263,128.314,685.952,14703.1,22199.231,27649.793,5462.928,12,1,104.5,104.61,110.38,86.59,0.803
2026-01-25,2026-01-25 11:05:19,318,263,152.131,1017.667,14731.3,22232.77,27640.366,5424.889,12,1,104.5,104.61,110.38,86.59,0.804
2026-01-25,2026-01-25 11:10:17,318,263,70.539,1305.098,14761.0,22309.696,27648.476,5433.793,12,1,104.5,104.61,110.38,86.59,0.807
2026-01-25,2026-01-25 11:15:19,318,263,74.933,1374.203,14764.3,22407.389,27655.412,5479.799,12,2,102.19,100.695,108.495,80.95,0.81
2026-01-25,2026-01-25 11:20:18,318,263,53.052,1550.24,14793.4,22500.193,27652.892,5508.242,12,2,102.19,100.695,108.495,80.95,0.814
2026-01-25,2026-01-25 11:25:17,318,263,367.565,1196.984,14809.5,22593.188,27649.363,5503.404,12,2,102.19,100.695,108.495,80.95,0.817
2026-01-25,2026-01-25 11:30:18,318,263,494.69,1122.356,14809.5,22642.21,27648.38,5581.277,12,3,104.46,103.7,109.42,82.7,0.819
2026-01-25,2026-01-25 11:35:17,318,263,250.87,1143.369,14806.2,22675.934,27642.938,5637.864,12,3,104.46,103.7,109.42,82.7,0.82
2026-01-25,2026-01-25 11:40:17,318,263,47.582,1179.416,14823.8,22759.563,27656.046,5537.925,12,3,104.46,103.7,109.42,82.7,0.823
2026-01-25,2026-01-25 11:45:17,318,263,44.1,1206.087,14822.3,22845.441,27665.366,5505.756,12,4,106.08,105.955,111.655,85.68,0.826
2026-01-25,2026-01-25 11:50:18,318,263,242.062,1089.235,14821.6,22887.664,27636.908,5548.368,12,4,106.08,105.955,111.655,85.68,0.828
2026-01-25,2026-01-25 11:55:17,318,263,177.202,1089.125,14823.8,22950.856,27650.206,5787.101,12,4,106.08,105.955,111.655,85.68,0.83
2026-01-25,2026-01-25 12:00:20,318,262,87.899,1110.401,14805.3,23006.537,27642.094,5970.174,13,1,115.41,116.095,123.48,91.0,0.832
2026-01-25,2026-01-25 12:05:18,318,263,207.43,1250.834,14850.6,23054.905,27628.078,5911.094,13,1,115.41,116.095,123.48,91.0,0.834
2026-01-25,2026-01-25 12:10:18,318,263,93.682,1485.398,14859.3,23141.573,27633.272,6001.739,13,1,115.41,116.095,123.48,91.0,0.837
2026-01-25,2026-01-25 12:15:19,318,263,335.947,1112.739,14874.3,23222.534,27643.329,6048.365,13,2,116.47,113.99,122.57,89.355,0.84
2026-01-25,2026-01-25 12:20:19,318,263,116.924,1101.696,14881.8,23307.485,27655.655,6000.084,13,2,116.47,113.99,122.57,89.355,0.843
2026-01-25,2026-01-25 12:23:44,318,263,501.756,1060.432,14880.6,23336.401,27647.956,6108.345,13,2,116.47,113.99,122.57,89.355,0.844
2026-01-25,2026-01-25 12:25:17,318,263,545.253,1062.526,14880.0,23349.397,27645.912,6188.661,13,2,116.47,113.99,122.57,89.355,0.845
2026-01-25,2026-01-25 12:30:18,318,263,267.943,1080.277,14894.3,23406.005,27675.253,6139.7,13,3,113.36,113.27,118.48,89.59,0.846
2026-01-25,2026-01-25 12:35:17,318,263,86.675,1052.886,14903.1,23482.725,27682.258,6170.289,13,3,113.36,113.27,118.48,89.59,0.848
2026-01-25,2026-01-25 12:40:17,318,263,182.035,1183.704,14904.3,23546.666,27687.527,6159.944,13,3,113.36,113.27,118.48,89.59,0.85
2026-01-25,2026-01-25 12:45:19,318,263,57.668,1031.241,14902.2,23620.091,27690.792,6156.674,13,4,106.94,106.53,112.79,83.315,0.853
2026-01-25,2026-01-25 12:50:17,318,263,71.019,1056.317,14890.4,23677.08,27671.164,6187.941,13,4,106.94,106.53,112.79,83.315,0.856
2026-01-25,2026-01-25 12:55:18,318,263,122.777,1622.334,14896.9,23771.789,27675.139,6512.413,13,4,106.94,106.53,112.79,83.315,0.859
2026-01-25,2026-01-25 13:00:21,318,262,245.411,1362.006,14890.5,23867.323,27674.531,7004.83,14,1,117.62,118.47,125.89,92.14,0.862
2026-01-25,2026-01-25 13:05:20,318,263,129.73,1076.805,14924.9,23924.193,27652.462,6897.336,14,1,117.62,118.47,125.89,92.14,0.865
2026-01-25,2026-01-25 13:10:18,318,263,213.647,1113.66,14931.6,24009.537,27655.328,6894.432,14,1,117.62,118.47,125.89,92.14,0.868
2026-01-25,2026-01-25 13:15:16,318,263,124.702,1067.734,14927.7,24063.267,27651.44,6887.624,14,2,117.51,118.42,125.79,91.585,0.87
2026-01-25,2026-01-25 13:20:16,318,263,311.639,1057.191,14928.4,24129.451,27667.358,6915.415,14,2,117.51,118.42,125.79,91.585,0.872
2026-01-25,2026-01-25 13:25:17,318,263,110.857,1124.959,14925.7,24201.498,27680.421,6960.928,14,2,117.51,118.42,125.79,91.585,0.874
2026-01-25,2026-01-25 13:28:30,318,263,201.897,1003.876,14932.9,24251.423,27696.088,6930.16,14,2,117.51,118.42,125.79,91.585,0.876
2026-01-25,2026-01-25 13:30:17,318,263,189.681,1035.473,14932.7,24266.774,27702.356,6924.014,14,3,118.45,119.33,126.685,93.235,0.876
2026-01-25,2026-01-25 13:35:17,318,263,64.983,1157.73,14932.9,24337.332,27705.523,6908.225,14,3,118.45,119.33,126.685,93.235,0.878
2026-01-25,2026-01-25 13:40:18,318,263,217.427,1080.413,14933.4,24407.319,27701.899,6908.903,14,3,118.45,119.33,126.685,93.235,0.881
2026-01-25,2026-01-25 13:42:23,318,263,305.041,1022.177,14937.4,24433.829,27696.609,6912.123,14,3,118.45,119.33,126.685,93.235,0.882
2026-01-25,2026-01-25 13:45:18,318,263,299.171,993.027,14926.6,24461.066,27691.962,6945.805,14,4,121.89,121.95,129.11,96.515,0.883
2026-01-25,2026-01-25 13:48:41,318,263,208.072,927.398,14937.9,24494.041,27691.922,6906.067,14,4,121.89,121.95,129.11,96.515,0.885
2026-01-25,2026-01-25 13:50:17,318,263,225.242,845.984,14938.9,24509.133,27696.974,6845.932,14,4,121.89,121.95,129.11,96.515,0.885
2026-01-25,2026-01-25 13:55:17,318,263,231.967,758.632,14936.3,24566.234,27714.289,6789.033,14,4,121.89,121.95,129.11,96.515,0.886
2026-01-25,2026-01-25 14:00:21,318,262,111.258,592.562,14853.4,24585.491,27711.629,7151.323,15,1,124.11,123.36,129.43,98.27,0.887
2026-01-25,2026-01-25 14:05:22,318,263,59.572,663.782,14895.1,24609.611,27707.462,7016.677,15,1,124.11,123.36,129.43,98.27,0.888
2026-01-25,2026-01-25 14:10:19,318,263,42.34,901.505,14861.0,24617.433,27660.708,7026.234,15,1,124.11,123.36,129.43,98.27,0.89
2026-01-25,2026-01-25 14:15:19,318,263,10.516,1120.297,14851.3,24675.848,27658.195,7124.307,15,2,128.65,128.22,136.85,94.8,0.892
2026-01-25,2026-01-25 14:20:18,318,263,392.7,1428.335,14845.3,24751.483,27665.716,7151.004,15,2,128.65,128.22,136.85,94.8,0.895
2026-01-25,2026-01-25 14:23:03,318,263,336.582,1283.758,14856.5,24778.216,27660.814,7167.564,15,2,128.65,128.22,136.85,94.8,0.896
2026-01-25,2026-01-25 14:25:19,318,263,127.22,1288.366,14880.1,24826.029,27676.632,7183.083,15,2,128.65,128.22,136.85,94.8,0.897
2026-01-25,2026-01-25 14:30:19,318,263,117.829,1218.281,14899.2,24900.61,27682.59,7202.117,15,3,130.92,129.35,137.37,92.8,0.9
2026-01-25,2026-01-25 14:35:21,318,263,279.118,1210.531,14894.2,25016.287,27710.118,7234.325,15,3,130.92,129.35,137.37,92.8,0.903
2026-01-25,2026-01-25 14:40:19,318,263,92.753,669.127,14883.4,25069.88,27710.92,7237.867,15,3,130.92,129.35,137.37,92.8,0.905
2026-01-25,2026-01-25 14:45:20,318,263,64.923,829.049,14893.6,25111.718,27718.326,7236.19,15,4,137.8,136.305,144.005,100.67,0.906
2026-01-25,2026-01-25 14:50:19,318,263,158.037,967.049,14892.6,25170.73,27708.155,7220.506,15,4,137.8,136.305,144.005,100.67,0.908
2026-01-25,2026-01-25 14:55:19,318,264,293.015,616.994,14908.4,25209.423,27702.844,7215.341,15,4,137.8,136.305,144.005,100.67,0.91
2026-01-25,2026-01-25 15:00:25,318,263,65.294,453.589,14843.1,25213.475,27692.319,7129.414,16,1,135.02,133.52,141.25,98.07,0.91
2026-01-25,2026-01-25 15:05:23,318,264,100.894,566.262,14892.6,25221.984,27683.795,7054.664,16,1,135.02,133.52,141.25,98.07,0.911
2026-01-25,2026-01-25 15:10:20,318,264,163.775,691.118,14892.9,25262.792,27691.081,7047.881,16,1,135.02,133.52,141.25,98.07,0.912
2026-01-25,2026-01-25 15:12:53,318,264,330.528,576.025,14890.6,25282.902,27703.611,7091.376,16,1,135.02,133.52,141.25,98.07,0.913
2026-01-25,2026-01-25 15:15:20,318,264,259.288,517.419,14890.3,25289.955,27704.142,7094.507,16,2,143.01,141.17,149.78,100.63,0.913
2026-01-25,2026-01-25 15:20:16,318,264,224.699,430.635,14899.3,25321.6,27727.648,7094.851,16,2,143.01,141.17,149.78,100.63,0.913
2026-01-25,2026-01-25 15:25:20,318,264,194.492,707.386,14900.7,25341.278,27723.96,7122.103,16,2,143.01,141.17,149.78,100.63,0.914
2026-01-25,2026-01-25 15:30:17,318,264,67.501,990.16,14906.6,25387.546,27725.464,7117.612,16,3,144.06,143.29,151.96,100.715,0.916
2026-01-25,2026-01-25 15:35:19,318,264,110.032,877.944,14901.2,25441.223,27718.928,7126.864,16,3,144.06,143.29,151.96,100.715,0.918
2026-01-25,2026-01-25 15:40:18,318,264,216.496,720.019,14902.6,25480.626,27713.702,7144.518,16,3,144.06,143.29,151.96,100.715,0.919
2026-01-25,2026-01-25 15:45:20,318,264,376.764,536.993,14893.8,25484.832,27704.174,7170.548,16,4,151.86,150.91,160.43,107.93,0.92
2026-01-25,2026-01-25 15:50:16,318,264,245.298,318.083,14891.0,25484.418,27708.435,7180.323,16,4,151.86,150.91,160.43,107.93,0.92
2026-01-25,2026-01-25 15:55:20,318,264,10.191,586.478,14877.9,25495.721,27711.868,7178.422,16,4,151.86,150.91,160.43,107.93,0.92
2026-01-25,2026-01-25 16:00:21,318,263,94.327,485.435,14843.8,25530.644,27722.593,7155.044,17,1,145.59,142.93,155.95,98.365,0.921
2026-01-25,2026-01-25 16:05:18,318,264,62.329,690.827,14900.0,25574.14,27732.101,7073.599,17,1,145.59,142.93,155.95,98.365,0.922
2026-01-25,2026-01-25 16:10:21,318,264,260.61,417.029,14897.7,25595.894,27728.294,7070.764,17,1,145.59,142.93,155.95,98.365,0.923
2026-01-25,2026-01-25 16:12:32,318,264,420.768,388.594,14893.8,25583.926,27713.21,7068.178,17,1,145.59,142.93,155.95,98.365,0.923
2026-01-25,2026-01-25 16:15:22,318,264,367.146,408.932,14894.5,25579.91,27716.569,7088.601,17,2,169.53,165.155,179.15,119.355,0.923
2026-01-25,2026-01-25 16:20:20,318,264,402.907,302.757,14890.8,25566.014,27715.352,7083.486,17,2,169.53,165.155,179.15,119.355,0.922
2026-01-25,2026-01-25 16:22:19,318,264,382.184,257.099,14897.0,25568.766,27719.615,7103.654,17,2,169.53,165.155,179.15,119.355,0.922
2026-01-25,2026-01-25 16:25:18,318,264,58.487,222.294,14898.0,25558.966,27719.809,7043.348,17,2,169.53,165.155,179.15,119.355,0.922
2026-01-25,2026-01-25 16:30:18,318,264,124.184,156.85,14892.1,25553.247,27713.251,6980.858,17,3,197.13,190.06,212.03,146.54,0.922
2026-01-25,2026-01-25 16:35:18,318,264,41.642,411.428,14893.5,25560.498,27712.47,6988.144,17,3,197.13,190.06,212.03,146.54,0.922
2026-01-25,2026-01-25 16:40:18,318,264,28.93,477.604,14887.1,25596.904,27724.652,6913.914,17,3,197.13,190.06,212.03,146.54,0.923
2026-01-25,2026-01-25 16:45:19,318,264,3.677,708.299,14891.2,25640.218,27729.388,6973.24,17,4,198.73,189.495,216.795,145.41,0.925
2026-01-25,2026-01-25 16:50:18,318,264,14.955,750.313,14908.6,25687.351,27723.641,6994.588,17,4,198.73,189.495,216.795,145.41,0.927
2026-01-25,2026-01-25 16:55:18,318,264,2.897,765.645,14908.5,25733.662,27725.057,6859.254,17,4,198.73,189.495,216.795,145.41,0.928
2026-01-25,2026-01-25 17:00:20,318,263,341.835,703.428,14971.3,25766.8,27723.272,6515.342,18,1,182.56,176.65,196.155,127.105,0.929
2026-01-25,2026-01-25 17:05:20,318,264,606.626,346.353,15021.5,25769.253,27725.75,6643.293,18,1,182.56,176.65,196.155,127.105,0.929
2026-01-25,2026-01-25 17:10:19,318,264,970.972,291.847,15021.5,25723.369,27730.165,6930.78,18,1,182.56,176.65,196.155,127.105,0.928
2026-01-25,2026-01-25 17:13:32,318,264,969.477,249.145,15020.4,25672.42,27727.73,7003.048,18,1,182.56,176.65,196.155,127.105,0.926
2026-01-25,2026-01-25 17:15:18,318,264,1090.004,341.425,15020.7,25646.462,27727.046,7023.224,18,2,273.92,267.99,291.83,198.515,0.925
2026-01-25,2026-01-25 17:20:19,318,264,1190.865,506.778,15016.2,25577.056,27727.331,6969.607,18,2,273.92,267.99,291.83,198.515,0.922
2026-01-25,2026-01-25 17:25:20,318,264,1286.698,616.873,15006.0,25483.718,27732.908,6971.668,18,2,273.92,267.99,291.83,198.515,0.919
2026-01-25,2026-01-25 17:30:18,318,264,1274.998,500.725,15004.6,25401.193,27730.735,6980.131,18,3,307.74,295.73,327.7,223.27,0.916
2026-01-25,2026-01-25 17:35:21,318,264,1191.854,381.261,15006.4,25333.084,27738.37,6974.359,18,3,307.74,295.73,327.7,223.27,0.913
2026-01-25,2026-01-25 17:40:19,318,264,1313.831,231.728,15005.4,25234.087,27737.239,6959.818,18,3,307.74,295.73,327.7,223.27,0.91
2026-01-25,2026-01-25 17:45:20,318,264,1357.322,289.294,15017.9,25126.406,27737.074,6997.601,18,4,337.81,324.27,360.525,252.055,0.906
2026-01-25,2026-01-25 17:50:21,318,264,1261.559,147.427,15013.3,25030.147,27745.567,6996.042,18,4,337.81,324.27,360.525,252.055,0.902
2026-01-25,2026-01-25 17:55:21,318,264,1391.334,92.348,15016.3,24919.434,27745.299,6915.341,18,4,337.81,324.27,360.525,252.055,0.898
2026-01-25,2026-01-25 18:00:23,318,263,1509.786,127.12,15007.1,24785.074,27735.28,6245.575,19,1,914.6,818.455,983.015,626.77,0.894
2026-01-25,2026-01-25 18:05:22,318,264,1002.057,120.14,15057.6,24672.657,27730.331,6301.126,19,1,914.6,818.455,983.015,626.77,0.89
2026-01-25,2026-01-25 18:08:45,318,264,1207.141,89.872,15055.0,24591.227,27726.302,6434.271,19,1,914.6,818.455,983.015,626.77,0.887
2026-01-25,2026-01-25 18:10:24,318,264,1277.386,77.168,15053.4,24567.255,27725.841,6390.277,19,1,914.6,818.455,983.015,626.77,0.886
2026-01-25,2026-01-25 18:15:21,318,264,1220.124,166.38,15055.3,24465.718,27726.568,6384.043,19,2,852.66,319.985,1169.73,610.205,0.882
2026-01-25,2026-01-25 18:20:22,318,264,1288.034,146.579,15052.6,24348.996,27720.244,6314.956,19,2,852.66,319.985,1169.73,610.205,0.878
2026-01-25,2026-01-25 18:25:29,318,264,1513.455,251.654,15031.7,24223.432,27722.759,6326.614,19,2,852.66,319.985,1169.73,610.205,0.874
2026-01-25,2026-01-25 18:30:22,318,264,1457.46,586.566,15026.4,24122.016,27725.935,6237.365,19,3,690.22,189.855,1011.235,508.555,0.87
2026-01-25,2026-01-25 18:35:22,318,264,1384.455,475.274,15000.1,24032.19,27718.01,6308.457,19,3,690.22,189.855,1011.235,508.555,0.867
2026-01-25,2026-01-25 18:40:23,318,264,1106.987,172.62,14985.5,23937.045,27723.21,6309.125,19,3,690.22,189.855,1011.235,508.555,0.863
2026-01-25,2026-01-25 18:45:24,318,264,1024.463,138.204,14958.0,23837.693,27710.258,6325.494,19,4,698.94,187.25,1027.12,483.735,0.86
2026-01-25,2026-01-25 18:50:23,318,264,1008.414,278.867,14933.1,23752.762,27712.018,6359.563,19,4,698.94,187.25,1027.12,483.735,0.857
2026-01-25,2026-01-25 18:55:22,318,264,898.423,316.542,14947.7,23681.636,27711.806,6481.167,19,4,698.94,187.25,1027.12,483.735,0.855
2026-01-25,2026-01-25 19:00:24,318,263,805.233,287.13,14881.4,23615.272,27719.189,6136.525,20,1,605.15,175.66,956.29,379.34,0.852
2026-01-25,2026-01-25 19:05:29,318,264,896.26,356.625,14889.8,23546.765,27709.954,6138.927,20,1,605.15,175.66,956.29,379.34,0.85
2026-01-25,2026-01-25 19:10:26,318,264,843.686,242.838,14924.3,23474.082,27692.37,6113.336,20,1,605.15,175.66,956.29,379.34,0.848
2026-01-25,2026-01-25 19:15:29,318,264,1125.885,229.019,14964.9,23385.734,27683.194,6085.037,20,2,642.47,194.545,1053.565,358.465,0.845
2026-01-25,2026-01-25 19:20:28,318,264,1181.901,286.527,14982.2,23282.003,27676.563,6063.267,20,2,642.47,194.545,1053.565,358.465,0.841
2026-01-25,2026-01-25 19:25:26,318,264,1157.599,395.496,14975.7,23192.898,27665.077,6090.982,20,2,642.47,194.545,1053.565,358.465,0.838
2026-01-25,2026-01-25 19:30:31,318,264,1114.68,417.378,14970.5,23133.287,27679.306,6130.166,20,3,590.36,195.39,940.945,353.82,0.836
2026-01-25,2026-01-25 19:35:26,318,264,1208.15,374.138,14974.6,23060.478,27679.606,6237.859,20,3,590.36,195.39,940.945,353.82,0.833
2026-01-25,2026-01-25 19:40:26,318,264,1252.445,378.548,14970.5,22903.515,27615.356,6204.382,20,3,590.36,195.39,940.945,353.82,0.829
2026-01-25,2026-01-25 19:45:19,318,264,1375.496,413.483,14962.1,22827.316,27613.556,6199.884,20,4,598.7,198.395,943.58,368.825,0.827
2026-01-25,2026-01-25 19:50:20,318,264,1207.037,321.925,14957.1,22648.602,27534.959,6218.065,20,4,598.7,198.395,943.58,368.825,0.823
2026-01-25,2026-01-25 19:55:23,318,264,1069.251,373.209,14951.3,22572.854,27541.822,5841.19,20,4,598.7,198.395,943.58,368.825,0.82
2026-01-25,2026-01-25 20:00:22,318,263,1116.72,426.513,14909.4,22519.221,27562.357,5803.471,21,1,652.25,189.6,1036.495,415.76,0.817
2026-01-25,2026-01-25 20:05:21,318,264,1243.961,322.712,14949.7,22427.318,27552.162,5764.387,21,1,652.25,189.6,1036.495,415.76,0.814
2026-01-25,2026-01-25 20:10:21,318,264,1194.728,304.947,14945.3,22340.162,27550.03,5747.195,21,1,652.25,189.6,1036.495,415.76,0.811
2026-01-25,2026-01-25 20:15:19,318,264,1262.533,376.684,14945.0,22264.45,27560.041,5757.463,21,2,691.4,181.6,1049.855,509.335,0.808
2026-01-25,2026-01-25 20:20:19,318,264,1059.915,325.17,14949.5,22234.95,27624.921,5772.705,21,2,691.4,181.6,1049.855,509.335,0.805
2026-01-25,2026-01-25 20:25:20,318,264,902.988,311.86,14827.5,22140.637,27609.196,5793.098,21,2,691.4,181.6,1049.855,509.335,0.802
2026-01-25,2026-01-25 20:30:19,318,264,800.439,461.541,14824.9,22104.895,27631.24,5817.748,21,3,742.97,261.875,1010.01,529.64,0.8
2026-01-25,2026-01-25 20:35:19,318,264,810.005,422.187,14822.7,22021.081,27600.087,5777.849,21,3,742.97,261.875,1010.01,529.64,0.798
2026-01-25,2026-01-25 20:36:28,318,264,908.014,424.881,14823.4,22012.412,27605.143,5779.843,21,3,742.97,261.875,1010.01,529.64,0.797
2026-01-25,2026-01-25 20:38:15,318,264,1184.167,366.867,14764.0,21994.79,27611.893,5760.331,21,3,742.97,261.875,1010.01,529.64,0.797
2026-01-25,2026-01-25 20:40:19,318,264,1317.162,310.037,14762.6,21988.655,27649.482,5768.709,21,3,742.97,261.875,1010.01,529.64,0.795
2026-01-25,2026-01-25 20:42:56,318,264,1249.736,347.999,14800.0,21905.297,27629.833,5721.653,21,3,742.97,261.875,1010.01,529.64,0.793
2026-01-25,2026-01-25 20:45:19,318,264,1149.225,381.446,14738.7,21877.327,27660.525,5821.879,21,4,749.35,266.09,970.43,578.545,0.791
2026-01-25,2026-01-25 20:50:20,318,264,1155.614,319.619,14681.0,21759.521,27636.969,5815.08,21,4,749.35,266.09,970.43,578.545,0.787
2026-01-25,2026-01-25 20:55:21,318,264,751.684,221.595,14663.6,21714.731,27664.973,5705.657,21,4,749.35,266.09,970.43,578.545,0.785
2026-01-25,2026-01-25 20:56:15,318,264,766.589,219.573,14653.8,21685.924,27649.172,5696.174,21,4,749.35,266.09,970.43,578.545,0.784
2026-01-25,2026-01-25 21:00:23,318,262,685.95,308.838,14528.5,21627.299,27643.28,5798.167,22,1,762.92,239.205,1022.285,562.995,0.782
2026-01-25,2026-01-25 21:05:20,318,264,579.3,131.894,14503.5,21573.954,27637.187,5779.581,22,1,762.92,239.205,1022.285,562.995,0.781
2026-01-25,2026-01-25 21:10:20,318,264,538.206,498.509,14512.9,21532.317,27633.72,5795.116,22,1,762.92,239.205,1022.285,562.995,0.779
2026-01-25,2026-01-25 21:15:20,318,264,555.182,605.325,14602.6,21519.265,27640.023,5810.684,22,2,818.35,233.36,1129.615,562.655,0.779
2026-01-25,2026-01-25 21:20:20,318,264,470.847,589.754,14542.3,21511.379,27643.444,5803.727,22,2,818.35,233.36,1129.615,562.655,0.778
2026-01-25,2026-01-25 21:25:21,318,264,388.272,471.448,14504.0,21515.141,27660.785,5801.769,22,2,818.35,233.36,1129.615,562.655,0.778
2026-01-25,2026-01-25 21:30:22,318,264,315.544,636.2,14501.9,21528.66,27662.098,5845.464,22,3,767.55,240.255,1027.17,581.41,0.778
2026-01-25,2026-01-25 21:35:20,318,264,212.165,745.333,14498.1,21558.009,27672.614,5836.012,22,3,767.55,240.255,1027.17,581.41,0.779
2026-01-25,2026-01-25 21:40:22,318,264,183.582,764.231,14493.2,21268.729,27347.644,5812.995,22,3,767.55,240.255,1027.17,581.41,0.778
2026-01-25,2026-01-25 21:45:21,318,264,136.906,783.858,14494.8,21315.761,27351.508,5821.088,22,4,670.37,239.29,840.89,572.32,0.779
2026-01-25,2026-01-25 21:50:20,318,264,219.254,932.753,14627.0,21351.123,27342.737,5833.315,22,4,670.37,239.29,840.89,572.32,0.781
2026-01-25,2026-01-25 21:55:21,318,264,249.779,1084.228,14644.0,21396.582,27334.949,6084.636,22,4,670.37,239.29,840.89,572.32,0.783
2026-01-25,2026-01-25 22:00:22,318,263,84.879,1114.412,14685.5,21464.876,27340.858,6218.122,23,1,568.0,222.79,664.54,526.99,0.785
2026-01-25,2026-01-25 22:05:31,318,264,29.694,1385.947,14749.3,21555.149,27353.83,6211.347,23,1,568.0,222.79,664.54,526.99,0.788
2026-01-25,2026-01-25 22:10:21,318,264,87.705,1407.805,14782.3,21641.172,27343.858,6226.665,23,1,568.0,222.79,664.54,526.99,0.791
2026-01-25,2026-01-25 22:15:20,318,264,79.664,1355.818,14784.0,21742.088,27333.631,6227.837,23,2,509.47,229.265,553.01,508.74,0.795
2026-01-25,2026-01-25 22:20:19,318,264,249.021,1287.15,14768.7,21782.865,27291.879,6187.253,23,2,509.47,229.265,553.01,508.74,0.798
2026-01-25,2026-01-25 22:25:19,318,264,388.199,1152.655,14771.9,21849.319,27290.924,6423.466,23,2,509.47,229.265,553.01,508.74,0.801
2026-01-25,2026-01-25 22:30:19,318,264,298.24,1204.539,14779.1,21898.754,27286.812,6500.196,23,3,500.06,221.915,541.31,493.755,0.803
2026-01-25,2026-01-25 22:35:19,318,264,220.465,1355.998,14972.3,21970.582,27286.694,6514.585,23,3,500.06,221.915,541.31,493.755,0.805
2026-01-25,2026-01-25 22:40:18,318,264,227.168,1175.829,14980.3,22031.203,27278.283,6514.795,23,3,500.06,221.915,541.31,493.755,0.808
2026-01-25,2026-01-25 22:45:19,318,264,223.143,1145.772,14989.3,22105.763,27296.946,6518.378,23,4,491.18,214.935,529.74,497.265,0.81
2026-01-25,2026-01-25 22:50:19,318,264,219.817,1181.449,14976.7,22169.023,27289.478,6498.282,23,4,491.18,214.935,529.74,497.265,0.812
2026-01-25,2026-01-25 22:55:19,318,264,232.132,1101.234,14973.1,22233.148,27283.822,6431.344,23,4,491.18,214.935,529.74,497.265,0.815
2026-01-25,2026-01-25 23:00:22,318,262,170.412,1239.237,14919.7,22287.361,27274.704,6524.89,24,1,457.86,185.055,493.215,498.03,0.817
2026-01-25,2026-01-25 23:05:19,318,264,30.202,1189.372,14969.7,22382.559,27279.613,6564.828,24,1,457.86,185.055,493.215,498.03,0.82
2026-01-25,2026-01-25 23:10:19,318,264,143.004,1164.44,14967.3,22469.002,27285.582,6582.707,24,1,457.86,185.055,493.215,498.03,0.823
2026-01-25,2026-01-25 23:15:20,318,264,148.512,1077.745,14974.8,22530.269,27282.928,6563.683,24,2,454.57,180.59,491.75,482.42,0.826
2026-01-25,2026-01-25 23:20:19,318,264,121.589,1049.429,14979.0,22602.164,27290.074,6564.633,24,2,454.57,180.59,491.75,482.42,0.828
2026-01-25,2026-01-25 23:25:18,318,264,116.457,1108.796,14980.3,22670.964,27292.634,6553.702,24,2,454.57,180.59,491.75,482.42,0.831
2026-01-25,2026-01-25 23:30:19,318,264,120.552,934.299,14984.3,22755.734,27311.97,6562.874,24,3,457.18,182.535,495.57,427.875,0.833
2026-01-25,2026-01-25 23:35:18,318,264,237.785,894.028,14986.7,22802.478,27310.48,6473.722,24,3,457.18,182.535,495.57,427.875,0.835
2026-01-25,2026-01-25 23:40:18,318,264,192.644,919.562,14997.5,22860.027,27320.495,6478.866,24,3,457.18,182.535,495.57,427.875,0.837
2026-01-25,2026-01-25 23:45:18,318,264,113.046,886.403,14928.8,22919.332,27329.273,6421.106,24,4,363.34,251.265,389.075,298.875,0.839
2026-01-25,2026-01-25 23:50:18,318,264,258.658,1024.812,14999.8,22968.547,27325.124,6393.952,24,4,363.34,251.265,389.075,298.875,0.841
2026-01-25,2026-01-25 23:55:19,318,264,641.619,1759.226,14998.6,23020.217,27314.57,6400.932,24,4,363.34,251.265,389.075,298.875,0.843
2026-01-25,2026-01-25 23:57:40,318,264,460.662,1779.781,14998.8,23062.129,27319.283,6407.943,24,4,363.34,251.265,389.075,298.875,0.844
2026-01-31,2026-01-31 00:00:18,318,262,64.627,2682.829,13910.4,14908.332,26623.566,4322.093,1,1,44.09,41.12,35.84,45.1,0.56
2026-01-31,2026-01-31 00:05:18,318,262,129.901,2076.912,13980.2,15075.487,26624.393,4319.558,1,1,44.09,41.12,35.84,45.1,0.566
2026-01-31,2026-01-31 00:10:17,318,262,73.19,2049.09,13995.4,15217.598,26626.626,4339.237,1,1,44.09,41.12,35.84,45.1,0.572
2026-01-31,2026-01-31 00:15:17,318,261,69.477,1975.977,13917.6,15380.602,26648.212,4394.631,1,2,43.73,41.27,37.12,44.45,0.577
2026-01-31,2026-01-31 00:20:15,318,261,27.481,2470.043,13951.2,15538.277,26646.54,4410.372,1,2,43.73,41.27,37.12,44.45,0.583
2026-01-31,2026-01-31 00:25:15,318,261,29.239,2641.334,13975.7,15729.23,26649.369,4433.648,1,2,43.73,41.27,37.12,44.45,0.59
2026-01-31,2026-01-31 00:30:15,318,261,18.701,2633.247,14027.7,15926.643,26650.756,4432.277,1,3,41.47,39.82,37.05,41.95,0.598
2026-01-31,2026-01-31 00:35:15,318,261,143.005,2926.091,14079.2,16144.106,26661.322,4476.211,1,3,41.47,39.82,37.05,41.95,0.606
2026-01-31,2026-01-31 00:40:17,318,261,126.637,2962.427,14114.0,16363.215,26661.936,4542.494,1,3,41.47,39.82,37.05,41.95,0.614
2026-01-31,2026-01-31 00:45:16,318,261,58.284,2954.206,14129.0,16578.17,26661.274,4591.815,1,4,42.97,41.83,39.91,43.31,0.622
2026-01-31,2026-01-31 00:50:17,318,261,82.801,3288.666,14148.3,16806.11,26659.456,4633.73,1,4,42.97,41.83,39.91,43.31,0.63
2026-01-31,2026-01-31 00:55:17,318,261,41.694,3594.567,14191.8,17073.549,26664.44,4685.046,1,4,42.97,41.83,39.91,43.31,0.64
2026-01-31,2026-01-31 01:00:20,318,261,83.273,3569.399,14364.2,17341.212,26664.963,4594.842,2,1,41.49,39.8,35.47,43.255,0.65
2026-01-31,2026-01-31 01:05:17,318,261,9.822,3191.272,14367.9,17600.436,26670.103,4693.0,2,1,41.49,39.8,35.47,43.255,0.66
2026-01-31,2026-01-31 01:10:19,318,261,16.478,3271.721,14547.6,17852.268,26671.449,4749.449,2,1,41.49,39.8,35.47,43.255,0.669
2026-01-31,2026-01-31 01:15:17,318,261,51.608,3215.755,14551.6,18104.439,26677.841,4807.656,2,2,39.82,39.55,38.89,40.07,0.679
2026-01-31,2026-01-31 01:20:17,318,261,51.301,3369.467,14702.7,18347.142,26678.545,4843.42,2,2,39.82,39.55,38.89,40.07,0.688
2026-01-31,2026-01-31 01:25:17,318,261,134.033,3349.404,14715.7,18596.866,26681.666,4872.548,2,2,39.82,39.55,38.89,40.07,0.697
2026-01-31,2026-01-31 01:30:18,318,261,24.567,3234.382,14708.9,18850.226,26685.097,4911.308,2,3,39.32,39.26,39.18,39.33,0.706
2026-01-31,2026-01-31 01:35:17,318,261,98.929,3177.625,14709.0,19095.599,26680.698,4967.916,2,3,39.32,39.26,39.18,39.33,0.716
2026-01-31,2026-01-31 01:40:18,318,261,26.732,3110.471,14645.3,19279.624,26663.072,4957.026,2,3,39.32,39.26,39.18,39.33,0.723
2026-01-31,2026-01-31 01:45:17,318,261,20.264,3110.756,14711.5,19574.764,26687.864,5005.162,2,4,39.26,39.25,39.24,39.265,0.733
2026-01-31,2026-01-31 01:50:18,318,261,10.088,3192.676,14710.1,19806.112,26687.141,5037.365,2,4,39.26,39.25,39.24,39.265,0.742
2026-01-31,2026-01-31 01:55:17,318,261,19.282,3343.101,14696.0,20046.837,26677.935,5040.856,2,4,39.26,39.25,39.24,39.265,0.751
2026-01-31,2026-01-31 02:00:20,318,261,31.423,3316.197,14624.1,20303.21,26682.985,5134.082,3,1,36.4,36.39,36.385,36.4,0.761
2026-01-31,2026-01-31 02:05:19,318,262,17.902,2800.768,14720.7,20519.146,26675.916,5168.005,3,1,36.4,36.39,36.385,36.4,0.769
2026-01-31,2026-01-31 02:10:18,318,262,134.395,2666.877,14734.2,20699.099,26667.413,5361.941,3,1,36.4,36.39,36.385,36.4,0.776
2026-01-31,2026-01-31 02:15:19,318,262,6.718,2743.245,14733.1,20892.688,26675.494,5303.002,3,2,34.33,34.33,34.335,34.325,0.783
2026-01-31,2026-01-31 02:20:19,318,262,24.842,2409.117,14740.7,21085.134,26683.008,5310.109,3,2,34.33,34.33,34.335,34.325,0.79
2026-01-31,2026-01-31 02:25:17,318,262,101.282,1942.429,14737.0,21241.172,26681.638,5338.1,3,2,34.33,34.33,34.335,34.325,0.796
2026-01-31,2026-01-31 02:30:16,318,262,117.936,1985.832,14731.7,21373.835,26672.713,5346.903,3,3,36.2,36.2,36.2,36.2,0.801
2026-01-31,2026-01-31 02:35:16,318,262,23.118,1826.831,14730.5,21508.607,26670.98,5380.538,3,3,36.2,36.2,36.2,36.2,0.806
2026-01-31,2026-01-31 02:40:15,318,262,12.03,2078.389,14729.6,21650.903,26670.158,5356.504,3,3,36.2,36.2,36.2,36.2,0.812
2026-01-31,2026-01-31 02:45:16,318,262,30.272,2088.087,14721.7,21808.253,26670.786,5401.842,3,4,36.22,36.22,36.22,36.22,0.818
2026-01-31,2026-01-31 02:50:16,318,262,70.668,1799.601,14724.6,21945.542,26670.072,5425.347,3,4,36.22,36.22,36.22,36.22,0.823
2026-01-31,2026-01-31 02:55:18,318,262,54.879,1703.834,14733.8,22080.671,26692.944,5429.052,3,4,36.22,36.22,36.22,36.22,0.827
2026-01-31,2026-01-31 03:00:18,318,262,12.239,1522.382,14753.8,22193.232,26691.97,5400.917,4,1,35.15,35.15,35.15,35.15,0.831
2026-01-31,2026-01-31 03:05:16,318,262,14.731,1411.078,14763.8,22300.665,26691.277,5447.373,4,1,35.15,35.15,35.15,35.15,0.836
2026-01-31,2026-01-31 03:10:16,318,262,16.022,1246.018,14626.6,22236.806,26549.658,5414.354,4,1,35.15,35.15,35.15,35.15,0.838
2026-01-31,2026-01-31 03:15:15,318,262,22.364,1296.127,14770.1,22484.648,26693.324,5440.832,4,2,35.06,35.06,35.06,35.06,0.842
2026-01-31,2026-01-31 03:20:15,318,262,135.126,1071.823,14762.4,22562.547,26695.878,5443.856,4,2,35.06,35.06,35.06,35.06,0.845
2026-01-31,2026-01-31 03:25:14,318,262,46.21,984.048,14772.7,22625.391,26694.669,5437.177,4,2,35.06,35.06,35.06,35.06,0.848
2026-01-31,2026-01-31 03:30:15,318,262,95.223,920.151,14774.9,22676.478,26693.263,5499.407,4,3,36.83,36.83,36.83,36.83,0.85
2026-01-31,2026-01-31 03:35:15,318,262,37.375,891.005,14775.7,22726.184,26691.271,5519.794,4,3,36.83,36.83,36.83,36.83,0.851
2026-01-31,2026-01-31 03:40:16,318,262,25.222,978.014,14779.7,22790.548,26693.844,5482.936,4,3,36.83,36.83,36.83,36.83,0.854
2026-01-31,2026-01-31 03:45:16,318,262,13.013,942.279,14769.0,22863.25,26698.041,5543.747,4,4,37.23,37.23,37.23,37.23,0.856
2026-01-31,2026-01-31 03:50:19,318,262,13.193,1079.259,14760.0,22932.524,26698.386,5560.646,4,4,37.23,37.23,37.23,37.23,0.859
2026-01-31,2026-01-31 03:55:19,318,262,20.902,959.144,14752.0,22995.584,26696.505,5627.872,4,4,37.23,37.23,37.23,37.23,0.861
2026-01-31,2026-01-31 04:00:22,318,262,68.942,856.819,14752.8,23050.865,26695.273,5720.932,5,1,35.76,35.76,35.76,35.76,0.863
2026-01-31,2026-01-31 04:05:17,318,262,26.239,698.715,14755.1,23098.58,26691.905,5719.749,5,1,35.76,35.76,35.76,35.76,0.865
2026-01-31,2026-01-31 04:10:16,318,262,43.043,695.454,14747.3,23152.294,26692.829,5752.406,5,1,35.76,35.76,35.76,35.76,0.867
2026-01-31,2026-01-31 04:15:16,318,262,84.616,527.115,14762.7,23190.163,26692.046,5794.357,5,2,36.44,36.44,36.44,36.44,0.869
2026-01-31,2026-01-31 04:20:15,318,262,111.105,434.874,14763.4,23211.544,26691.664,5819.666,5,2,36.44,36.44,36.44,36.44,0.87
2026-01-31,2026-01-31 04:25:15,318,262,39.29,479.182,14764.7,23228.109,26692.335,5823.696,5,2,36.44,36.44,36.44,36.44,0.87
2026-01-31,2026-01-31 04:30:16,318,262,41.158,379.719,14767.8,23251.446,26692.317,5846.257,5,3,37.71,37.71,37.71,37.71,0.871
2026-01-31,2026-01-31 04:35:15,318,262,335.958,401.804,14748.1,23250.308,26690.084,5733.663,5,3,37.71,37.71,37.71,37.71,0.871
2026-01-31,2026-01-31 04:40:15,318,262,97.709,290.012,14738.5,23252.742,26689.574,5650.618,5,3,37.71,37.71,37.71,37.71,0.871
2026-01-31,2026-01-31 04:45:15,318,262,177.995,241.688,14742.8,23247.318,26682.014,5655.159,5,4,41.62,41.625,41.625,41.625,0.871
2026-01-31,2026-01-31 04:50:16,318,262,220.754,187.308,14739.8,23222.346,26667.655,5666.976,5,4,41.62,41.625,41.625,41.625,0.871
2026-01-31,2026-01-31 04:55:16,318,262,65.86,300.796,14732.7,23225.419,26668.568,5669.74,5,4,41.62,41.625,41.625,41.625,0.871
2026-01-31,2026-01-31 05:00:19,318,261,133.074,244.036,14703.3,23229.174,26662.238,5619.058,6,1,42.37,42.37,42.38,42.37,0.871
2026-01-31,2026-01-31 05:05:17,318,261,600.076,89.883,14696.2,23229.814,26690.904,5575.418,6,1,42.37,42.37,42.38,42.37,0.87
2026-01-31,2026-01-31 05:10:17,318,261,718.612,50.635,14700.0,23164.535,26689.765,5547.39,6,1,42.37,42.37,42.38,42.37,0.868
2026-01-31,2026-01-31 05:15:17,318,261,673.432,67.268,14693.4,23110.926,26684.499,5556.035,6,2,46.33,46.33,46.33,46.33,0.866
2026-01-31,2026-01-31 05:20:15,318,261,703.485,50.637,14692.3,23036.629,26681.699,5558.053,6,2,46.33,46.33,46.33,46.33,0.863
2026-01-31,2026-01-31 05:25:16,318,261,706.215,288.091,14689.6,22983.69,26684.296,5508.091,6,2,46.33,46.33,46.33,46.33,0.861
2026-01-31,2026-01-31 05:30:15,318,261,640.788,270.839,14699.1,22944.069,26684.342,5478.476,6,3,43.05,43.05,43.05,43.05,0.86
2026-01-31,2026-01-31 05:35:16,318,261,625.397,51.687,14655.8,22891.265,26680.845,5463.562,6,3,43.05,43.05,43.05,43.05,0.858
2026-01-31,2026-01-31 05:40:15,318,261,860.143,57.084,14658.4,22827.676,26681.905,5468.3,6,3,43.05,43.05,43.05,43.05,0.856
2026-01-31,2026-01-31 05:45:15,318,261,938.944,165.551,14672.3,22751.188,26677.072,5383.159,6,4,39.79,39.79,39.785,39.79,0.853
2026-01-31,2026-01-31 05:50:17,318,261,1082.529,139.921,14684.1,22672.224,26662.561,5369.557,6,4,39.79,39.79,39.785,39.79,0.85
2026-01-31,2026-01-31 05:55:15,318,261,1150.897,61.252,14679.0,22585.266,26665.738,5409.204,6,4,39.79,39.79,39.785,39.79,0.847
2026-01-31,2026-01-31 06:00:22,318,261,1598.801,50.045,14678.9,22463.506,26661.22,5015.552,7,1,44.2,44.205,44.205,44.215,0.843
2026-01-31,2026-01-31 06:05:17,318,261,2434.154,38.405,14688.1,22298.567,26667.083,5069.714,7,1,44.2,44.205,44.205,44.215,0.836
2026-01-31,2026-01-31 06:10:24,318,261,2699.823,682.008,14690.7,22088.336,26666.254,5015.04,7,1,44.2,44.205,44.205,44.215,0.828
2026-01-31,2026-01-31 06:15:15,318,261,2414.085,198.316,14689.8,21900.905,26665.224,4730.718,7,2,43.19,43.19,43.195,43.19,0.821
2026-01-31,2026-01-31 06:20:14,318,261,2787.918,87.187,14608.5,21594.98,26567.89,4625.278,7,2,43.19,43.19,43.195,43.19,0.813
2026-01-31,2026-01-31 06:25:15,318,261,3132.834,33.736,14674.2,21418.414,26665.027,4695.231,7,2,43.19,43.19,43.195,43.19,0.803
2026-01-31,2026-01-31 06:30:16,318,261,3179.524,31.348,14676.8,21141.887,26662.859,4662.677,7,3,48.96,49.025,49.75,48.69,0.793
2026-01-31,2026-01-31 06:35:16,318,261,3601.507,10.762,14686.1,20851.898,26662.168,4591.7,7,3,48.96,49.025,49.75,48.69,0.782
2026-01-31,2026-01-31 06:40:17,318,261,4156.349,74.147,14700.8,20513.125,26660.185,4493.845,7,3,48.96,49.025,49.75,48.69,0.769
2026-01-31,2026-01-31 06:45:17,318,261,4366.894,26.802,14694.7,20150.113,26660.798,4387.013,7,4,52.87,52.87,52.875,52.87,0.756
2026-01-31,2026-01-31 06:50:16,318,261,4508.048,40.109,14699.3,19757.601,26659.864,4342.416,7,4,52.87,52.87,52.875,52.87,0.741
2026-01-31,2026-01-31 06:55:17,318,261,4831.866,17.133,14701.8,19348.964,26652.826,4307.718,7,4,52.87,52.87,52.875,52.87,0.726
2026-01-31,2026-01-31 07:00:19,318,261,4904.364,22.239,14704.7,18922.086,26651.239,4445.03,8,1,54.75,54.75,54.755,54.75,0.71
2026-01-31,2026-01-31 07:05:17,318,261,5457.185,28.675,14698.8,18472.731,26649.541,4475.479,8,1,54.75,54.75,54.755,54.75,0.693
2026-01-31,2026-01-31 07:10:17,318,261,5435.847,19.687,14676.8,17987.194,26648.967,4457.844,8,1,54.75,54.75,54.755,54.75,0.675
2026-01-31,2026-01-31 07:15:18,318,261,5522.914,18.033,14681.3,17513.66,26651.633,4553.664,8,2,56.5,56.5,56.5,56.495,0.657
2026-01-31,2026-01-31 07:20:17,318,261,5554.154,16.353,14682.2,17023.003,26649.226,4556.592,8,2,56.5,56.5,56.5,56.495,0.639
2026-01-31,2026-01-31 07:25:16,318,261,5798.059,21.05,14681.7,16538.361,26651.348,4526.532,8,2,56.5,56.5,56.5,56.495,0.621
2026-01-31,2026-01-31 07:30:17,318,261,5978.164,8.663,14682.4,16011.039,26650.652,4340.045,8,3,59.58,59.58,59.58,59.585,0.601
2026-01-31,2026-01-31 07:35:16,318,261,5832.079,31.331,14668.2,15469.12,26641.489,4239.568,8,3,59.58,59.58,59.58,59.585,0.581
2026-01-31,2026-01-31 07:40:16,318,261,5760.798,22.23,14672.8,14937.944,26634.348,4220.533,8,3,59.58,59.58,59.58,59.585,0.561
2026-01-31,2026-01-31 07:45:16,318,261,5513.54,20.189,14669.9,14433.814,26635.056,4390.567,8,4,53.75,48.94,58.13,51.44,0.542
2026-01-31,2026-01-31 07:50:18,318,261,5278.976,32.95,14626.5,13952.921,26636.967,4341.297,8,4,53.75,48.94,58.13,51.44,0.524
2026-01-31,2026-01-31 07:55:17,318,261,4834.369,105.109,14473.7,13499.457,26635.454,4237.131,8,4,53.75,48.94,58.13,51.44,0.507
2026-01-31,2026-01-31 08:00:20,318,261,4638.861,130.243,14478.1,13070.262,26634.123,4624.411,9,1,48.13,46.05,50.23,46.865,0.491
2026-01-31,2026-01-31 08:05:18,318,261,4182.648,238.052,14405.6,12664.582,26614.564,4578.918,9,1,48.13,46.05,50.23,46.865,0.476
2026-01-31,2026-01-31 08:10:18,318,261,3800.102,655.668,14376.0,12346.336,26615.172,4728.372,9,1,48.13,46.05,50.23,46.865,0.464
2026-01-31,2026-01-31 08:15:17,318,261,3347.411,596.222,14381.8,12059.215,26616.853,4875.945,9,2,36.71,33.89,39.285,35.34,0.453
2026-01-31,2026-01-31 08:20:17,318,261,2833.196,750.939,14367.6,11841.895,26616.353,4964.966,9,2,36.71,33.89,39.285,35.34,0.445
2026-01-31,2026-01-31 08:25:15,318,261,2122.501,821.697,14290.1,11673.232,26618.921,4879.766,9,2,36.71,33.89,39.285,35.34,0.439
2026-01-31,2026-01-31 08:30:16,318,261,2052.19,959.464,14293.8,11551.547,26611.715,4900.812,9,3,28.31,30.36,28.63,27.64,0.434
2026-01-31,2026-01-31 08:35:15,318,261,2077.734,1189.301,14295.0,11445.849,26611.028,4917.771,9,3,28.31,30.36,28.63,27.64,0.43
2026-01-31,2026-01-31 08:40:15,318,261,1655.191,1308.098,14221.0,11374.763,26611.945,4920.564,9,3,28.31,30.36,28.63,27.64,0.427
2026-01-31,2026-01-31 08:45:15,318,261,1546.391,1531.892,14227.1,11222.457,26612.909,4823.662,9,4,24.48,25.89,24.67,24.04,0.422
2026-01-31,2026-01-31 08:50:15,318,261,1354.424,1837.531,14229.2,11277.69,26613.718,4629.212,9,4,24.48,25.89,24.67,24.04,0.424
2026-01-31,2026-01-31 08:55:15,318,261,1413.327,1991.232,14322.9,11309.704,26615.546,4692.338,9,4,24.48,25.89,24.67,24.04,0.425
2026-01-31,2026-01-31 09:00:18,318,261,1340.455,1934.063,14207.7,11425.695,26628.239,4444.663,10,1,24.41,22.89,28.335,21.285,0.429
2026-01-31,2026-01-31 09:05:17,318,261,1236.345,1013.959,14106.2,11429.117,26612.737,4533.007,10,1,24.41,22.89,28.335,21.285,0.429
2026-01-31,2026-01-31 09:10:16,318,261,1297.602,802.747,14082.7,11388.866,26610.725,4550.0,10,1,24.41,22.89,28.335,21.285,0.428
2026-01-31,2026-01-31 09:15:15,318,261,1226.716,925.474,13994.8,11335.775,26607.599,4530.95,10,2,24.94,22.28,30.51,20.51,0.426
2026-01-31,2026-01-31 09:20:15,318,261,947.299,952.758,13952.9,11305.882,26605.046,4500.234,10,2,24.94,22.28,30.51,20.51,0.425
2026-01-31,2026-01-31 09:25:15,318,261,923.13,1066.099,13931.9,11291.846,26605.108,4477.066,10,2,24.94,22.28,30.51,20.51,0.424
2026-01-31,2026-01-31 09:30:15,318,261,791.539,1229.301,13816.6,11312.735,26608.97,4530.73,10,3,24.68,21.95,30.32,20.185,0.425
2026-01-31,2026-01-31 09:35:16,318,261,667.441,982.733,13785.1,11329.157,26602.332,4531.861,10,3,24.68,21.95,30.32,20.185,0.426
2026-01-31,2026-01-31 09:40:15,318,261,582.295,982.696,13760.6,11336.857,26612.3,4607.776,10,3,24.68,21.95,30.32,20.185,0.426
2026-01-31,2026-01-31 09:45:15,318,261,434.309,1180.093,13597.8,11362.906,26630.209,4606.996,10,4,24.29,21.93,29.2,20.37,0.427
2026-01-31,2026-01-31 09:50:15,318,261,465.997,1256.312,13587.9,11408.716,26648.59,4628.668,10,4,24.29,21.93,29.2,20.37,0.428
2026-01-31,2026-01-31 09:55:16,318,261,476.454,1192.976,13538.4,11480.769,26722.61,4636.192,10,4,24.29,21.93,29.2,20.37,0.43
2026-01-31,2026-01-31 10:00:18,318,261,308.894,1166.497,13457.4,11543.103,26789.404,4463.477,11,1,25.71,22.63,32.44,20.31,0.431
2026-01-31,2026-01-31 10:05:19,318,261,180.844,1137.54,13407.5,11605.449,26789.971,4343.117,11,1,25.71,22.63,32.44,20.31,0.433
2026-01-31,2026-01-31 10:10:17,318,261,172.129,1402.193,13543.6,11679.671,26787.201,4179.152,11,1,25.71,22.63,32.44,20.31,0.436
2026-01-31,2026-01-31 10:15:17,318,261,213.564,920.17,13536.1,11761.746,26791.169,4135.844,11,2,25.9,22.39,33.73,18.92,0.439
2026-01-31,2026-01-31 10:20:15,318,261,236.012,1077.223,13550.9,11802.837,26783.229,4198.447,11,2,25.9,22.39,33.73,18.92,0.441
2026-01-31,2026-01-31 10:25:15,318,261,242.622,1250.644,13548.0,11878.218,26783.071,4163.387,11,2,25.9,22.39,33.73,18.92,0.443
2026-01-31,2026-01-31 10:30:18,318,261,227.4,990.025,13541.6,11944.72,26782.412,4180.722,11,3,25.78,22.62,33.76,17.61,0.446
2026-01-31,2026-01-31 10:35:18,318,261,230.189,1242.796,13539.5,11998.732,26777.26,4197.263,11,3,25.78,22.62,33.76,17.61,0.448
2026-01-31,2026-01-31 10:40:17,318,261,227.516,1438.471,13559.3,12089.765,26786.782,4199.063,11,3,25.78,22.62,33.76,17.61,0.451
2026-01-31,2026-01-31 10:45:16,318,260,220.585,1500.978,13498.4,12171.807,26778.774,4191.53,11,4,25.52,22.53,33.53,17.29,0.455
2026-01-31,2026-01-31 10:50:17,318,260,246.572,1480.021,13515.4,12275.155,26794.57,4197.869,11,4,25.52,22.53,33.53,17.29,0.458
2026-01-31,2026-01-31 10:55:17,318,260,253.711,1546.763,13507.7,12363.514,26792.266,4266.526,11,4,25.52,22.53,33.53,17.29,0.461
2026-01-31,2026-01-31 11:00:22,318,260,255.834,1381.261,13497.0,12448.935,26788.854,4198.655,12,1,28.16,22.7,41.11,16.25,0.465
2026-01-31,2026-01-31 11:05:18,318,260,145.56,1511.359,13506.3,12544.435,26792.5,4208.524,12,1,28.16,22.7,41.11,16.25,0.468
2026-01-31,2026-01-31 11:10:16,318,260,118.659,1457.51,13513.1,12636.743,26791.239,4228.431,12,1,28.16,22.7,41.11,16.25,0.472
2026-01-31,2026-01-31 11:15:16,318,260,71.301,1393.885,13517.1,12722.18,26773.492,4229.84,12,2,26.39,21.53,37.66,15.895,0.475
2026-01-31,2026-01-31 11:20:16,318,260,48.368,1574.372,13538.2,12830.418,26780.611,4219.204,12,2,26.39,21.53,37.66,15.895,0.479
2026-01-31,2026-01-31 11:25:16,318,260,28.143,1763.388,13542.0,12955.607,26779.111,4241.471,12,2,26.39,21.53,37.66,15.895,0.484
2026-01-31,2026-01-31 11:30:17,318,260,42.875,1575.852,13542.1,13079.604,26781.018,4221.088,12,3,25.84,21.82,34.82,17.13,0.488
2026-01-31,2026-01-31 11:35:16,318,260,46.701,1730.299,13669.7,13199.196,26780.112,4249.705,12,3,25.84,21.82,34.82,17.13,0.493
2026-01-31,2026-01-31 11:40:15,318,260,41.271,1908.336,14002.5,13346.207,26776.654,4340.267,12,3,25.84,21.82,34.82,17.13,0.498
2026-01-31,2026-01-31 11:45:15,318,260,41.481,2087.269,14020.8,13492.204,26776.324,4349.491,12,4,24.31,20.33,33.015,15.96,0.504
2026-01-31,2026-01-31 11:50:15,318,260,31.098,2134.396,14029.3,13643.8,26776.336,4593.286,12,4,24.31,20.33,33.015,15.96,0.51
2026-01-31,2026-01-31 11:55:17,318,260,47.895,2087.361,14030.3,13803.511,26774.385,4620.329,12,4,24.31,20.33,33.015,15.96,0.516
2026-01-31,2026-01-31 12:00:21,318,260,32.399,2227.569,14054.2,13949.891,26775.102,4584.82,13,1,24.58,19.46,36.32,14.06,0.521
2026-01-31,2026-01-31 12:05:18,318,260,174.56,1921.985,14055.5,14111.114,26770.953,4587.652,13,1,24.58,19.46,36.32,14.06,0.527
2026-01-31,2026-01-31 12:10:17,318,260,230.679,1530.118,14060.2,14211.303,26770.236,4703.791,13,1,24.58,19.46,36.32,14.06,0.531
2026-01-31,2026-01-31 12:15:16,318,260,128.064,1621.838,14058.6,14315.541,26770.112,4758.062,13,2,26.83,20.125,40.97,14.48,0.535
2026-01-31,2026-01-31 12:20:17,318,260,50.688,1480.285,14063.5,14423.725,26765.456,4809.182,13,2,26.83,20.125,40.97,14.48,0.539
2026-01-31,2026-01-31 12:25:16,318,260,41.79,1602.615,14072.4,14540.203,26763.364,4846.623,13,2,26.83,20.125,40.97,14.48,0.543
2026-01-31,2026-01-31 12:30:17,318,260,41.066,1588.393,14100.8,14661.885,26773.684,4890.589,13,3,24.81,19.02,37.33,13.82,0.548
2026-01-31,2026-01-31 12:35:16,318,260,205.703,1536.111,14102.1,14774.342,26776.169,4923.437,13,3,24.81,19.02,37.33,13.82,0.552
2026-01-31,2026-01-31 12:40:17,318,260,86.352,1482.923,14070.8,14879.972,26773.078,4912.401,13,3,24.81,19.02,37.33,13.82,0.556
2026-01-31,2026-01-31 12:45:16,318,260,40.566,1415.959,14082.8,14968.249,26771.488,4925.932,13,4,23.66,18.18,35.58,13.17,0.559
2026-01-31,2026-01-31 12:50:16,318,260,48.101,1497.27,14083.2,15075.911,26767.546,4974.102,13,4,23.66,18.18,35.58,13.17,0.563
2026-01-31,2026-01-31 12:55:17,318,260,50.626,1545.047,14083.0,15183.956,26763.817,4996.343,13,4,23.66,18.18,35.58,13.17,0.567
2026-01-31,2026-01-31 13:00:19,318,260,31.442,1514.931,14096.5,15286.274,26728.297,5372.462,14,1,24.05,17.99,37.095,12.75,0.572
2026-01-31,2026-01-31 13:05:16,318,260,26.287,1409.04,14098.3,15391.556,26728.518,5364.018,14,1,24.05,17.99,37.095,12.75,0.576
2026-01-31,2026-01-31 13:10:20,318,260,15.508,1564.001,14247.9,15503.166,26727.855,5396.001,14,1,24.05,17.99,37.095,12.75,0.58
2026-01-31,2026-01-31 13:15:21,318,260,23.234,1692.322,14255.3,15633.378,26724.17,5433.163,14,2,23.04,17.33,35.1,12.52,0.585
2026-01-31,2026-01-31 13:20:17,318,260,16.038,1912.993,14255.2,15761.278,26720.035,5444.186,14,2,23.04,17.33,35.1,12.52,0.59
2026-01-31,2026-01-31 13:25:15,318,260,4.992,2018.273,14254.3,15910.369,26724.425,5437.759,14,2,23.04,17.33,35.1,12.52,0.595
2026-01-31,2026-01-31 13:30:18,318,260,38.683,1983.127,14255.7,16059.642,26725.414,5477.5,14,3,21.84,16.26,33.605,11.595,0.601
2026-01-31,2026-01-31 13:35:16,318,260,4.498,2314.139,14255.9,16217.346,26726.209,5516.935,14,3,21.84,16.26,33.605,11.595,0.607
2026-01-31,2026-01-31 13:40:18,318,260,75.698,2244.043,14255.4,16386.508,26725.16,5535.802,14,3,21.84,16.26,33.605,11.595,0.613
2026-01-31,2026-01-31 13:45:17,318,261,8.92,2127.777,14415.6,16538.283,26723.761,5557.074,14,4,21.32,15.85,32.84,11.26,0.619
2026-01-31,2026-01-31 13:50:18,318,260,5.435,2375.101,14353.2,16713.881,26726.393,5554.754,14,4,21.32,15.85,32.84,11.26,0.625
2026-01-31,2026-01-31 13:55:19,318,260,4.101,2536.632,14352.7,16900.25,26729.677,5571.201,14,4,21.32,15.85,32.84,11.26,0.632
2026-01-31,2026-01-31 14:00:20,318,261,5.966,2670.854,14326.6,17029.747,26708.366,5961.598,15,1,21.53,16.53,32.06,12.18,0.638
2026-01-31,2026-01-31 14:05:17,318,261,20.103,2975.833,14373.2,17299.487,26728.311,5933.179,15,1,21.53,16.53,32.06,12.18,0.647
2026-01-31,2026-01-31 14:10:19,318,261,11.129,3032.657,14402.3,17537.71,26773.793,6006.383,15,1,21.53,16.53,32.06,12.18,0.655
2026-01-31,2026-01-31 14:15:16,318,261,19.324,3223.644,14393.6,17784.509,26781.126,6106.916,15,2,22.97,18.28,32.85,13.95,0.664
2026-01-31,2026-01-31 14:20:16,318,261,29.318,3498.988,14421.9,18032.763,26783.676,6105.563,15,2,22.97,18.28,32.85,13.95,0.673
2026-01-31,2026-01-31 14:25:16,318,261,19.637,3957.29,14427.4,18326.174,26796.485,6147.232,15,2,22.97,18.28,32.85,13.95,0.684
2026-01-31,2026-01-31 14:30:16,318,261,24.662,4055.891,14426.2,18624.252,26787.271,6214.567,15,3,20.95,15.69,31.99,11.24,0.695
2026-01-31,2026-01-31 14:35:16,318,261,23.496,4180.112,14426.2,18946.161,26790.677,6258.646,15,3,20.95,15.69,31.99,11.24,0.707
2026-01-31,2026-01-31 14:40:15,318,261,57.859,4020.997,14426.1,19261.422,26792.625,6296.543,15,3,20.95,15.69,31.99,11.24,0.719
2026-01-31,2026-01-31 14:45:18,318,261,6.404,4236.854,14426.4,19575.836,26797.759,6346.539,15,4,19.95,14.715,31.195,9.935,0.731
2026-01-31,2026-01-31 14:50:15,318,260,23.753,4716.531,14506.3,19926.054,26807.561,6397.457,15,4,19.95,14.715,31.195,9.935,0.743
2026-01-31,2026-01-31 14:55:18,318,261,6.423,4691.055,14643.5,20268.64,26798.423,6441.127,15,4,19.95,14.715,31.195,9.935,0.756
2026-01-31,2026-01-31 15:00:19,318,261,4.343,4806.283,14652.5,20633.385,26800.389,6351.602,16,1,14.49,10.21,23.93,5.64,0.77
2026-01-31,2026-01-31 15:05:17,318,260,22.11,4311.971,14590.7,20980.515,26800.23,6410.926,16,1,14.49,10.21,23.93,5.64,0.783
2026-01-31,2026-01-31 15:10:18,318,261,5.401,4103.905,14652.2,21298.297,26801.381,6407.411,16,1,14.49,10.21,23.93,5.64,0.795
2026-01-31,2026-01-31 15:15:16,318,260,30.109,4031.587,14592.1,21614.024,26803.433,6395.726,16,2,14.86,10.58,24.36,5.99,0.806
2026-01-31,2026-01-31 15:20:15,318,261,6.689,4112.936,14648.2,21876.195,26803.041,6417.639,16,2,14.86,10.58,24.36,5.99,0.816
2026-01-31,2026-01-31 15:25:16,318,260,7.047,3906.279,14594.2,22238.644,26806.194,6429.87,16,2,14.86,10.58,24.36,5.99,0.83
2026-01-31,2026-01-31 15:30:17,318,260,7.456,3597.929,14594.9,22526.851,26807.018,6476.02,16,3,15.81,11.53,25.42,6.73,0.84
2026-01-31,2026-01-31 15:35:16,318,260,7.249,3740.921,14595.3,22809.019,26805.492,6505.182,16,3,15.81,11.53,25.42,6.73,0.851
2026-01-31,2026-01-31 15:40:18,318,260,209.745,3522.554,14595.5,23086.147,26812.949,6575.66,16,3,15.81,11.53,25.42,6.73,0.861
2026-01-31,2026-01-31 15:45:16,318,261,64.49,3839.71,14658.2,23346.714,26807.79,6600.789,16,4,17.4,13.12,27.83,6.51,0.871
2026-01-31,2026-01-31 15:50:17,318,260,31.983,3652.583,14596.5,23621.86,26798.759,6554.673,16,4,17.4,13.12,27.83,6.51,0.881
2026-01-31,2026-01-31 15:53:20,318,260,8.773,3510.826,14592.4,23778.113,26804.718,6511.631,16,4,17.4,13.12,27.83,6.51,0.887
2026-01-31,2026-01-31 15:55:17,318,261,7.458,3474.456,14645.3,23888.045,26807.503,6503.637,16,4,17.4,13.12,27.83,6.51,0.891
2026-01-31,2026-01-31 16:00:18,318,261,19.572,3319.509,14678.0,24136.723,26815.601,6315.201,17,1,13.75,9.82,23.32,3.78,0.9
2026-01-31,2026-01-31 16:05:17,318,260,6.025,1969.903,14611.4,24330.608,26818.186,6326.118,17,1,13.75,9.82,23.32,3.78,0.907
2026-01-31,2026-01-31 16:10:19,318,261,16.808,1400.401,14677.8,24447.358,26818.342,6316.654,17,1,13.75,9.82,23.32,3.78,0.912
2026-01-31,2026-01-31 16:15:19,318,260,30.76,1167.798,14615.5,24542.111,26822.716,6212.637,17,2,22.82,20.51,29.145,14.28,0.915
2026-01-31,2026-01-31 16:20:18,318,260,157.394,789.392,14615.4,24596.127,26821.528,6309.211,17,2,22.82,20.51,29.145,14.28,0.917
2026-01-31,2026-01-31 16:25:15,318,260,10.67,724.952,14614.2,24631.927,26822.001,6346.025,17,2,22.82,20.51,29.145,14.28,0.918
2026-01-31,2026-01-31 16:30:15,318,260,245.594,556.678,14614.3,24660.318,26817.098,6369.951,17,3,31.99,30.68,36.975,23.635,0.92
2026-01-31,2026-01-31 16:35:15,318,260,318.311,456.465,14610.8,24650.728,26812.641,6339.817,17,3,31.99,30.68,36.975,23.635,0.919
2026-01-31,2026-01-31 16:40:14,318,260,398.394,410.309,14611.1,24637.382,26812.288,6330.21,17,3,31.99,30.68,36.975,23.635,0.919
2026-01-31,2026-01-31 16:45:16,318,260,564.425,518.075,14614.9,24619.641,26813.185,6430.576,17,4,41.59,42.61,42.915,35.955,0.918
2026-01-31,2026-01-31 16:50:16,318,260,509.866,682.28,14614.0,24605.815,26811.268,6483.377,17,4,41.59,42.61,42.915,35.955,0.918
2026-01-31,2026-01-31 16:55:16,318,260,691.78,515.665,14613.6,24588.386,26809.589,6514.245,17,4,41.59,42.61,42.915,35.955,0.917
2026-01-31,2026-01-31 17:00:23,318,260,201.818,513.641,14806.3,24599.407,26832.38,6134.374,18,1,53.82,55.255,55.275,46.78,0.917
2026-01-31,2026-01-31 17:02:58,318,260,420.321,415.457,14809.0,24590.898,26830.47,6165.535,18,1,53.82,55.255,55.275,46.78,0.917
2026-01-31,2026-01-31 17:05:16,318,260,690.713,484.872,14808.9,24591.874,26840.13,6160.49,18,1,53.82,55.255,55.275,46.78,0.916
2026-01-31,2026-01-31 17:06:30,318,260,686.453,473.881,14808.1,24584.536,26839.45,6161.874,18,1,53.82,55.255,55.275,46.78,0.916
2026-01-31,2026-01-31 17:10:17,318,260,671.919,223.514,14806.8,24553.119,26838.099,6024.59,18,1,53.82,55.255,55.275,46.78,0.915
2026-01-31,2026-01-31 17:15:14,318,260,779.855,162.826,14806.8,24496.22,26834.881,6063.512,18,2,77.56,79.56,79.545,67.745,0.913
2026-01-31,2026-01-31 17:20:15,318,260,1178.34,58.387,14805.8,24410.167,26828.559,5825.497,18,2,77.56,79.56,79.545,67.745,0.91
2026-01-31,2026-01-31 17:25:17,318,260,1857.755,45.665,14647.5,24097.841,26665.767,5560.684,18,2,77.56,79.56,79.545,67.745,0.904
2026-01-31,2026-01-31 17:30:17,318,260,2536.391,33.591,14805.2,24079.235,26825.797,5701.69,18,3,91.83,77.71,112.94,68.35,0.898
2026-01-31,2026-01-31 17:35:16,318,260,3080.713,72.357,14803.9,23799.008,26812.068,5778.106,18,3,91.83,77.71,112.94,68.35,0.888
2026-01-31,2026-01-31 17:40:17,318,260,3706.079,59.21,14801.6,23491.023,26796.879,5668.801,18,3,91.83,77.71,112.94,68.35,0.877
2026-01-31,2026-01-31 17:45:16,318,260,4109.359,23.518,14809.1,23149.59,26788.962,5517.391,18,4,122.51,75.86,180.36,73.33,0.864
2026-01-31,2026-01-31 17:50:16,318,261,4660.236,35.638,14868.9,22777.666,26797.246,5265.224,18,4,122.51,75.86,180.36,73.33,0.85
2026-01-31,2026-01-31 17:55:16,318,261,4864.468,130.655,14868.2,22379.003,26793.8,5290.35,18,4,122.51,75.86,180.36,73.33,0.835
2026-01-31,2026-01-31 18:00:21,318,261,4902.459,84.159,14914.7,21951.876,26788.06,4815.35,19,1,114.37,73.155,160.925,74.57,0.819
2026-01-31,2026-01-31 18:05:18,318,261,5176.441,5.922,14917.3,21498.314,26748.266,4797.462,19,1,114.37,73.155,160.925,74.57,0.804
2026-01-31,2026-01-31 18:10:17,318,261,5512.545,22.371,14914.2,21047.137,26753.3,4732.301,19,1,114.37,73.155,160.925,74.57,0.787
2026-01-31,2026-01-31 18:15:19,318,261,5944.027,13.732,14913.8,20548.569,26746.948,4694.076,19,2,130.45,74.0,191.5,83.27,0.768
2026-01-31,2026-01-31 18:20:19,318,261,6094.298,11.452,14914.1,20025.316,26745.404,4640.403,19,2,130.45,74.0,191.5,83.27,0.749
2026-01-31,2026-01-31 18:25:18,318,261,6097.04,15.441,14915.2,19485.72,26740.139,4616.285,19,2,130.45,74.0,191.5,83.27,0.729
2026-01-31,2026-01-31 18:30:18,318,261,5813.101,83.581,14910.8,18983.295,26741.982,4583.87,19,3,127.04,79.77,180.615,80.895,0.71
2026-01-31,2026-01-31 18:35:17,318,261,5905.259,15.212,14900.4,18456.943,26729.847,4524.734,19,3,127.04,79.77,180.615,80.895,0.69
2026-01-31,2026-01-31 18:40:17,318,261,5708.42,164.114,14904.2,17972.448,26740.66,4548.224,19,3,127.04,79.77,180.615,80.895,0.672
2026-01-31,2026-01-31 18:45:19,318,262,5237.058,20.002,14912.9,17521.247,26757.387,4505.24,19,4,127.82,68.42,189.825,80.405,0.655
2026-01-31,2026-01-31 18:50:17,318,262,5080.567,22.406,14911.1,17075.312,26765.354,4455.825,19,4,127.82,68.42,189.825,80.405,0.638
2026-01-31,2026-01-31 18:55:17,318,262,4792.123,23.275,14904.8,16653.99,26761.76,4565.528,19,4,127.82,68.42,189.825,80.405,0.622
2026-01-31,2026-01-31 19:00:20,318,262,4751.957,193.165,14890.0,16224.855,26751.938,4375.072,20,1,140.57,53.965,227.11,81.52,0.606
2026-01-31,2026-01-31 19:05:19,318,262,4726.758,300.397,14890.3,15839.141,26762.539,4310.468,20,1,140.57,53.965,227.11,81.52,0.592
2026-01-31,2026-01-31 19:10:19,318,262,4708.519,345.466,14886.7,15444.548,26766.068,4279.766,20,1,140.57,53.965,227.11,81.52,0.577
2026-01-31,2026-01-31 19:15:19,318,262,4521.906,356.603,14885.3,15055.217,26762.731,4312.951,20,2,149.2,53.35,243.3,86.385,0.563
2026-01-31,2026-01-31 19:20:19,318,262,4414.186,259.692,14886.9,14671.551,26765.54,4293.037,20,2,149.2,53.35,243.3,86.385,0.548
2026-01-31,2026-01-31 19:25:18,318,262,4515.462,288.924,14851.2,14284.175,26763.715,4211.235,20,2,149.2,53.35,243.3,86.385,0.534
2026-01-31,2026-01-31 19:30:19,318,262,4462.431,333.313,14763.4,13915.321,26764.748,4181.284,20,3,191.22,57.22,337.245,85.695,0.52
2026-01-31,2026-01-31 19:35:19,318,262,4389.568,203.235,14486.3,13534.047,26762.786,4177.562,20,3,191.22,57.22,337.245,85.695,0.506
2026-01-31,2026-01-31 19:40:17,318,261,4334.61,169.221,14394.0,13163.371,26760.66,4138.294,20,3,191.22,57.22,337.245,85.695,0.492
2026-01-31,2026-01-31 19:45:19,318,262,4260.029,213.632,14431.0,12778.724,26735.543,4178.592,20,4,270.7,53.77,508.33,103.045,0.478
2026-01-31,2026-01-31 19:50:19,318,262,4250.345,248.826,14366.0,12415.874,26732.086,4138.594,20,4,270.7,53.77,508.33,103.045,0.464
2026-01-31,2026-01-31 19:55:20,318,262,4411.741,382.809,14341.9,12062.139,26743.443,4135.614,20,4,270.7,53.77,508.33,103.045,0.451
2026-01-31,2026-01-31 20:00:20,318,262,4397.764,407.771,14297.0,11714.43,26760.018,3849.06,21,1,348.24,57.16,673.265,106.39,0.438
2026-01-31,2026-01-31 20:05:19,318,262,3996.049,420.819,14217.1,11369.072,26743.605,3863.683,21,1,348.24,57.16,673.265,106.39,0.425
2026-01-31,2026-01-31 20:10:20,318,262,3685.789,353.669,14179.3,11054.048,26743.564,3855.744,21,1,348.24,57.16,673.265,106.39,0.413
2026-01-31,2026-01-31 20:15:19,318,262,3358.572,311.02,14120.5,10748.152,26723.115,3869.829,21,2,281.96,61.5,529.55,96.6,0.402
2026-01-31,2026-01-31 20:20:19,318,262,3250.192,295.874,14042.0,10483.588,26730.88,3783.425,21,2,281.96,61.5,529.55,96.6,0.392
2026-01-31,2026-01-31 20:25:19,318,262,3145.523,155.764,14016.6,10214.727,26722.034,3773.099,21,2,281.96,61.5,529.55,96.6,0.382
2026-01-31,2026-01-31 20:30:20,318,262,3263.304,288.356,13982.6,9943.14,26720.369,3703.155,21,3,356.35,65.79,692.2,104.985,0.372
2026-01-31,2026-01-31 20:35:18,318,262,3335.167,291.5,13890.2,9686.934,26737.443,3760.379,21,3,356.35,65.79,692.2,104.985,0.362
2026-01-31,2026-01-31 20:40:20,318,262,3122.441,294.245,13765.9,9423.773,26744.891,3745.119,21,3,356.35,65.79,692.2,104.985,0.352
2026-01-31,2026-01-31 20:45:20,318,262,2797.677,211.424,13573.0,9185.631,26755.952,3729.418,21,4,351.22,70.68,678.51,100.815,0.343
2026-01-31,2026-01-31 20:50:22,318,262,2628.129,61.187,13260.2,8942.436,26740.924,3652.025,21,4,351.22,70.68,678.51,100.815,0.334
2026-01-31,2026-01-31 20:55:21,318,262,2632.626,284.483,13166.3,8694.141,26716.522,3661.734,21,4,351.22,70.68,678.51,100.815,0.325
2026-01-31,2026-01-31 21:00:22,318,262,2297.534,361.247,12805.6,8502.24,26718.78,3691.06,22,1,372.44,83.3,719.88,99.515,0.318
2026-01-31,2026-01-31 21:05:22,318,262,1682.121,138.037,12476.7,8339.497,26713.165,3686.34,22,1,372.44,83.3,719.88,99.515,0.312
2026-01-31,2026-01-31 21:07:28,318,262,1615.384,145.806,12524.0,8281.516,26715.012,3680.873,22,1,372.44,83.3,719.88,99.515,0.31
2026-01-31,2026-01-31 21:10:22,318,262,1572.223,171.203,12555.1,8214.085,26729.512,3635.082,22,1,372.44,83.3,719.88,99.515,0.307
2026-01-31,2026-01-31 21:15:21,318,262,1299.139,224.25,12438.1,8093.956,26714.794,3646.724,22,2,173.83,96.0,279.4,77.14,0.303
2026-01-31,2026-01-31 21:20:21,318,262,1331.568,329.278,12419.6,8009.776,26725.526,3623.429,22,2,173.83,96.0,279.4,77.14,0.3
2026-01-31,2026-01-31 21:25:20,318,262,1147.352,281.876,12332.4,7916.54,26703.203,3632.118,22,2,173.83,96.0,279.4,77.14,0.296
2026-01-31,2026-01-31 21:30:21,318,262,1156.37,341.248,12312.5,7843.324,26642.711,3617.612,22,3,113.78,94.62,150.39,69.56,0.294
2026-01-31,2026-01-31 21:35:19,318,262,1295.842,535.929,12203.5,7768.306,26663.211,3615.993,22,3,113.78,94.62,150.39,69.56,0.291
2026-01-31,2026-01-31 21:40:19,318,262,1275.765,547.437,12319.1,7693.319,26674.37,3550.891,22,3,113.78,94.62,150.39,69.56,0.288
2026-01-31,2026-01-31 21:45:19,318,262,1277.418,596.249,12096.8,7612.775,26677.264,3527.296,22,4,110.27,95.06,145.28,68.44,0.285
2026-01-31,2026-01-31 21:50:19,318,262,1249.245,424.484,12027.5,7537.375,26691.896,3515.853,22,4,110.27,95.06,145.28,68.44,0.282
2026-01-31,2026-01-31 21:55:21,318,262,1129.18,415.659,12023.4,7504.928,26737.45,3490.426,22,4,110.27,95.06,145.28,68.44,0.281
2026-01-31,2026-01-31 22:00:21,318,262,863.861,399.449,11948.0,7445.428,26738.614,3458.379,23,1,90.57,82.865,111.895,62.48,0.278
2026-01-31,2026-01-31 22:05:20,318,262,1089.161,998.12,12041.8,7425.228,26755.365,3445.417,23,1,90.57,82.865,111.895,62.48,0.278
2026-01-31,2026-01-31 22:10:20,318,262,1090.48,1153.515,12072.6,7407.614,26759.882,3435.69,23,1,90.57,82.865,111.895,62.48,0.277
2026-01-31,2026-01-31 22:15:19,318,262,1087.368,1215.845,12203.4,7399.051,26768.134,3538.19,23,2,98.99,90.19,123.305,67.355,0.276
2026-01-31,2026-01-31 22:20:20,318,262,935.897,951.965,12184.2,7389.134,26766.077,3496.531,23,2,98.99,90.19,123.305,67.355,0.276
2026-01-31,2026-01-31 22:25:21,318,262,1190.895,1104.241,12210.7,7371.636,26774.166,3497.665,23,2,98.99,90.19,123.305,67.355,0.275
2026-01-31,2026-01-31 22:30:30,318,262,1220.902,955.641,12083.1,7344.366,26775.33,3504.032,23,3,107.05,96.62,134.71,71.255,0.274
2026-01-31,2026-01-31 22:35:19,318,262,1300.339,829.052,12066.7,7294.666,26763.69,3349.473,23,3,107.05,96.62,134.71,71.255,0.273
2026-01-31,2026-01-31 22:40:22,318,262,1265.837,709.698,12205.2,7238.224,26756.127,3327.906,23,3,107.05,96.62,134.71,71.255,0.271
2026-01-31,2026-01-31 22:45:23,318,262,1156.537,707.797,12108.9,7177.046,26747.629,3345.222,23,4,99.29,90.6,123.275,67.82,0.268
2026-01-31,2026-01-31 22:50:18,318,262,1030.636,700.631,12032.0,7131.989,26665.72,3332.557,23,4,99.29,90.6,123.275,67.82,0.267
2026-01-31,2026-01-31 22:55:19,318,262,1039.854,865.59,12081.7,7097.098,26656.509,3441.032,23,4,99.29,90.6,123.275,67.82,0.266
2026-01-31,2026-01-31 23:00:22,318,262,811.819,716.511,12015.2,7078.057,26656.612,3345.588,24,1,110.9,100.525,139.81,73.345,0.266
2026-01-31,2026-01-31 23:05:19,318,262,665.325,905.471,11979.5,7067.878,26655.95,3357.682,24,1,110.9,100.525,139.81,73.345,0.265
2026-01-31,2026-01-31 23:10:19,318,262,625.082,923.934,12113.1,7075.569,26659.155,3359.552,24,1,110.9,100.525,139.81,73.345,0.265
2026-01-31,2026-01-31 23:15:20,318,262,576.202,881.201,12061.4,7071.917,26690.276,3367.06,24,2,105.62,96.2,131.85,70.77,0.265
2026-01-31,2026-01-31 23:20:19,318,262,589.742,977.998,12013.0,7086.683,26741.696,3365.973,24,2,105.62,96.2,131.85,70.77,0.265
2026-01-31,2026-01-31 23:25:19,318,262,533.221,943.841,12003.7,7104.694,26748.89,3401.444,24,2,105.62,96.2,131.85,70.77,0.266
2026-01-31,2026-01-31 23:30:20,318,262,464.34,1035.864,11995.9,7133.74,26748.054,3403.091,24,3,107.75,97.96,134.73,72.31,0.267
2026-01-31,2026-01-31 23:35:18,318,262,425.954,969.327,12012.1,7151.675,26708.601,3478.453,24,3,107.75,97.96,134.73,72.31,0.268
2026-01-31,2026-01-31 23:40:19,318,262,535.577,1255.114,12063.0,7181.54,26709.077,3466.892,24,3,107.75,97.96,134.73,72.31,0.269
2026-01-31,2026-01-31 23:45:19,318,262,360.94,1216.988,12120.6,7250.613,26708.21,3466.417,24,4,104.9,95.38,131.27,70.48,0.271
2026-01-31,2026-01-31 23:50:18,318,262,538.287,1142.147,11936.3,7292.642,26700.4,3473.112,24,4,104.9,95.38,131.27,70.48,0.273
2026-01-31,2026-01-31 23:51:34,318,262,545.023,1136.077,11921.0,7304.46,26701.187,3475.109,24,4,104.9,95.38,131.27,70.48,0.274
2026-01-31,2026-01-31 23:55:25,318,262,511.213,1071.171,12180.2,7331.759,26705.355,3495.512,24,4,104.9,95.38,131.27,70.48,0.275
2026-03-23,2026-03-23 00:00:22,324,273,174.816,761.621,13716.3,11873.558,29034.23,3158.739,1,1,19.64,24.2,20.135,25.01,0.409
2026-03-23,2026-03-23 00:05:19,324,272,499.449,370.418,13556.4,11877.184,28985.64,3090.7,1,1,19.64,24.2,20.135,25.01,0.41
2026-03-23,2026-03-23 00:10:19,324,272,378.957,308.583,13558.5,11836.686,28970.676,3303.179,1,1,19.64,24.2,20.135,25.01,0.409
2026-03-23,2026-03-23 00:15:19,324,272,416.855,444.763,13572.4,11823.674,28971.42,3282.636,1,2,21.06,24.59,21.46,25.23,0.408
2026-03-23,2026-03-23 00:20:18,324,272,395.642,464.862,13579.7,11816.748,28968.507,3383.518,1,2,21.06,24.59,21.46,25.23,0.408
2026-03-23,2026-03-23 00:25:20,324,272,272.641,373.961,13701.4,11815.621,28967.35,3372.172,1,2,21.06,24.59,21.46,25.23,0.408
2026-03-23,2026-03-23 00:30:18,324,272,240.11,482.324,13736.2,11814.327,28966.226,3267.775,1,3,20.74,23.82,21.145,24.31,0.408
2026-03-23,2026-03-23 00:35:18,324,272,152.185,367.62,13738.1,11820.772,28967.878,3280.407,1,3,20.74,23.82,21.145,24.31,0.408
2026-03-23,2026-03-23 00:40:18,324,272,197.243,400.23,13880.8,11829.63,28968.82,3335.114,1,3,20.74,23.82,21.145,24.31,0.408
2026-03-23,2026-03-23 00:45:17,324,272,248.599,388.079,13928.7,11848.409,28978.59,3351.819,1,4,22.58,24.195,22.785,24.395,0.409
2026-03-23,2026-03-23 00:50:18,324,272,235.321,170.648,13929.7,11847.2,28980.541,3362.423,1,4,22.58,24.195,22.785,24.395,0.409
2026-03-23,2026-03-23 00:55:19,324,272,180.425,143.289,13936.1,11852.656,29005.166,3179.336,1,4,22.58,24.195,22.785,24.395,0.409
2026-03-23,2026-03-23 01:00:21,324,272,655.875,860.311,13863.5,11851.447,29007.516,3433.444,2,1,24.5,24.67,24.46,24.61,0.409
2026-03-23,2026-03-23 01:05:18,324,272,551.91,1128.669,13909.2,11877.923,29054.984,3473.467,2,1,24.5,24.67,24.46,24.61,0.409
2026-03-23,2026-03-23 01:10:21,324,272,484.261,1137.618,13911.9,11896.111,29035.763,3457.844,2,1,24.5,24.67,24.46,24.61,0.41
2026-03-23,2026-03-23 01:15:19,324,272,428.436,1176.551,13910.7,11930.227,29023.435,3462.56,2,2,24.19,24.13,24.09,24.03,0.411
2026-03-23,2026-03-23 01:20:17,324,272,298.115,1181.554,13960.0,11987.371,29022.233,3427.042,2,2,24.19,24.13,24.09,24.03,0.413
2026-03-23,2026-03-23 01:25:18,324,272,274.623,1292.595,13960.1,12049.931,29024.139,3426.713,2,2,24.19,24.13,24.09,24.03,0.415
2026-03-23,2026-03-23 01:30:18,324,272,230.347,1406.474,13967.0,12123.567,29024.057,3394.162,2,3,23.43,23.39,23.35,23.29,0.418
2026-03-23,2026-03-23 01:35:19,324,272,173.726,1512.468,13980.1,12215.357,29025.235,3436.544,2,3,23.43,23.39,23.35,23.29,0.421
2026-03-23,2026-03-23 01:40:17,324,272,92.119,1492.462,13990.5,12315.679,29026.816,3490.641,2,3,23.43,23.39,23.35,23.29,0.424
2026-03-23,2026-03-23 01:45:17,324,272,53.046,1409.252,13977.2,12409.732,29027.031,3507.146,2,4,22.86,23.37,22.92,23.35,0.428
2026-03-23,2026-03-23 01:50:18,324,272,130.095,1554.062,13962.7,12505.574,29028.269,3536.761,2,4,22.86,23.37,22.92,23.35,0.431
2026-03-23,2026-03-23 01:55:20,324,272,114.465,1720.591,13952.1,12615.337,29028.677,3552.802,2,4,22.86,23.37,22.92,23.35,0.435
2026-03-23,2026-03-23 02:00:22,324,272,13.082,1608.493,14000.7,12727.129,29029.863,3729.989,3,1,22.11,23.0,22.255,23.04,0.438
2026-03-23,2026-03-23 02:05:21,324,272,50.15,1369.298,14058.0,12833.845,29029.371,3684.283,3,1,22.11,23.0,22.255,23.04,0.442
2026-03-23,2026-03-23 02:10:20,324,272,138.349,1264.718,14058.9,12915.973,29027.749,3650.558,3,1,22.11,23.0,22.255,23.04,0.445
2026-03-23,2026-03-23 02:15:22,324,272,103.256,1384.246,14068.8,13001.742,29027.44,3600.963,3,2,21.85,22.94,22.04,23.0,0.448
2026-03-23,2026-03-23 02:20:18,324,272,80.746,1692.629,14075.4,13112.269,29026.964,3596.7,3,2,21.85,22.94,22.04,23.0,0.452
2026-03-23,2026-03-23 02:25:19,324,272,15.822,1499.092,14067.4,13233.65,29026.389,3596.114,3,2,21.85,22.94,22.04,23.0,0.456
2026-03-23,2026-03-23 02:30:19,324,272,8.596,1397.025,14064.1,13339.67,29026.778,3602.353,3,3,21.61,22.95,21.86,23.05,0.46
2026-03-23,2026-03-23 02:35:18,324,272,4.34,1568.686,14072.2,13454.429,29026.326,3624.847,3,3,21.61,22.95,21.86,23.05,0.464
2026-03-23,2026-03-23 02:40:18,324,272,50.159,1537.099,14051.7,13568.258,29027.152,3619.25,3,3,21.61,22.95,21.86,23.05,0.467
2026-03-23,2026-03-23 02:45:18,324,272,65.306,1517.434,14045.2,13680.276,28856.324,3640.351,3,4,22.16,23.22,22.345,23.28,0.474
2026-03-23,2026-03-23 02:50:18,324,272,76.509,1631.323,14133.6,13791.117,28856.706,3641.182,3,4,22.16,23.22,22.345,23.28,0.478
2026-03-23,2026-03-23 02:55:18,324,272,64.591,1712.188,14233.5,13902.8,28837.714,3763.05,3,4,22.16,23.22,22.345,23.28,0.482
2026-03-23,2026-03-23 03:00:19,324,272,115.046,1754.025,14272.9,14029.378,28836.369,3647.285,4,1,21.96,22.62,22.07,22.66,0.487
2026-03-23,2026-03-23 03:05:18,324,272,114.472,1481.993,14340.6,14134.135,28836.725,3667.938,4,1,21.96,22.62,22.07,22.66,0.49
2026-03-23,2026-03-23 03:10:18,324,272,85.622,1525.61,14383.7,14228.42,28835.796,3684.149,4,1,21.96,22.62,22.07,22.66,0.493
2026-03-23,2026-03-23 03:15:19,324,272,68.882,1393.627,14386.8,14352.404,28868.452,3773.907,4,2,20.57,22.49,21.02,22.77,0.497
2026-03-23,2026-03-23 03:20:17,324,272,39.121,1100.425,14374.2,14437.651,28868.444,3767.003,4,2,20.57,22.49,21.02,22.77,0.5
2026-03-23,2026-03-23 03:25:16,324,272,36.016,1070.864,14381.8,14524.274,28892.883,3798.321,4,2,20.57,22.49,21.02,22.77,0.503
2026-03-23,2026-03-23 03:30:18,324,272,28.985,1171.115,14374.7,14602.988,28898.325,3810.686,4,3,19.22,21.34,19.72,21.66,0.505
2026-03-23,2026-03-23 03:35:17,324,272,64.906,1047.627,14370.7,14668.431,28888.702,3792.502,4,3,19.22,21.34,19.72,21.66,0.508
2026-03-23,2026-03-23 03:40:19,324,272,86.23,932.387,14358.7,14735.773,28892.27,3825.79,4,3,19.22,21.34,19.72,21.66,0.51
2026-03-23,2026-03-23 03:45:20,324,272,50.468,865.679,14353.0,14793.151,29060.859,3827.597,4,4,20.32,21.92,20.68,22.13,0.509
2026-03-23,2026-03-23 03:50:19,324,272,161.966,765.167,14424.6,14840.197,29060.763,3853.103,4,4,20.32,21.92,20.68,22.13,0.511
2026-03-23,2026-03-23 03:55:17,324,272,114.341,892.842,14420.6,14871.25,29044.388,3851.687,4,4,20.32,21.92,20.68,22.13,0.512
2026-03-23,2026-03-23 04:00:23,324,272,71.93,626.066,14434.4,14892.884,29033.233,3895.904,5,1,21.56,21.84,21.62,21.88,0.513
2026-03-23,2026-03-23 04:05:17,324,272,28.183,569.948,14528.1,14928.253,29032.278,3812.403,5,1,21.56,21.84,21.62,21.88,0.514
2026-03-23,2026-03-23 04:10:19,324,272,23.089,635.076,14543.5,14954.988,29023.096,3856.218,5,1,21.56,21.84,21.62,21.88,0.515
2026-03-23,2026-03-23 04:15:16,324,272,74.438,561.913,14574.2,14985.584,29013.739,3797.189,5,2,21.11,21.85,21.29,21.95,0.516
2026-03-23,2026-03-23 04:20:15,324,272,16.656,519.836,14594.8,15006.272,28998.184,3862.846,5,2,21.11,21.85,21.29,21.95,0.517
2026-03-23,2026-03-23 04:25:15,324,272,44.736,551.298,14596.8,15031.938,28998.058,3764.55,5,2,21.11,21.85,21.29,21.95,0.518
2026-03-23,2026-03-23 04:30:17,324,273,36.193,466.654,14720.8,15056.799,28990.937,3837.425,5,3,19.36,21.38,19.84,21.69,0.519
2026-03-23,2026-03-23 04:35:16,324,273,9.987,443.689,14703.6,15094.592,29005.13,3831.54,5,3,19.36,21.38,19.84,21.69,0.52
2026-03-23,2026-03-23 04:40:17,324,273,46.236,492.662,14700.3,15133.448,29004.069,3829.386,5,3,19.36,21.38,19.84,21.69,0.522
2026-03-23,2026-03-23 04:45:16,324,273,68.144,407.072,14693.0,15164.107,29010.774,3820.011,5,4,18.79,21.26,19.4,21.63,0.523
2026-03-23,2026-03-23 04:50:16,324,273,4.4,505.214,14683.9,15183.792,29012.429,3815.873,5,4,18.79,21.26,19.4,21.63,0.523
2026-03-23,2026-03-23 04:55:17,324,273,91.778,478.329,14685.2,15217.148,29010.95,3814.46,5,4,18.79,21.26,19.4,21.63,0.525
2026-03-23,2026-03-23 05:00:20,324,273,4.776,526.673,14705.5,15236.194,29011.006,3890.988,6,1,19.84,22.76,20.59,23.185,0.525
2026-03-23,2026-03-23 05:05:18,324,273,293.919,377.953,14707.5,15254.919,29020.666,3854.726,6,1,19.84,22.76,20.59,23.185,0.526
2026-03-23,2026-03-23 05:10:20,324,273,82.426,354.234,14716.3,15250.765,29020.657,3823.958,6,1,19.84,22.76,20.59,23.185,0.526
2026-03-23,2026-03-23 05:15:17,324,273,184.868,293.61,14736.5,15258.274,29021.937,3935.536,6,2,20.24,24.06,21.225,24.6,0.526
2026-03-23,2026-03-23 05:20:16,324,273,107.683,296.055,14742.1,15259.599,29014.721,3862.391,6,2,20.24,24.06,21.225,24.6,0.526
2026-03-23,2026-03-23 05:25:16,324,273,117.454,404.079,14750.4,15270.149,29006.16,3950.668,6,2,20.24,24.06,21.225,24.6,0.526
2026-03-23,2026-03-23 05:30:17,324,273,131.682,366.651,14773.3,15279.005,29017.894,3970.185,6,3,18.43,24.43,20.0,25.27,0.527
2026-03-23,2026-03-23 05:35:16,324,273,238.075,284.733,14781.9,15288.66,29030.583,3969.679,6,3,18.43,24.43,20.0,25.27,0.527
2026-03-23,2026-03-23 05:40:17,324,273,423.783,275.966,14784.4,15260.701,29002.337,3848.042,6,3,18.43,24.43,20.0,25.27,0.526
2026-03-23,2026-03-23 05:45:16,324,273,353.895,364.789,14789.1,15249.829,29009.285,3897.718,6,4,19.92,24.96,21.23,25.67,0.526
2026-03-23,2026-03-23 05:50:17,324,273,355.185,227.325,14804.6,15240.504,29009.681,3952.392,6,4,19.92,24.96,21.23,25.67,0.525
2026-03-23,2026-03-23 05:55:17,324,273,521.175,242.385,14816.9,15209.535,29005.43,3873.696,6,4,19.92,24.96,21.23,25.67,0.524
2026-03-23,2026-03-23 06:00:20,324,274,898.032,304.904,14829.1,15167.955,29015.103,3562.452,7,1,22.43,26.515,23.51,27.075,0.523
2026-03-23,2026-03-23 06:05:20,324,276,1215.778,134.098,14836.5,15089.847,29007.171,3483.662,7,1,22.43,26.515,23.51,27.075,0.52
2026-03-23,2026-03-23 06:10:17,324,276,1362.114,147.314,14845.6,14990.374,29015.194,3467.0,7,1,22.43,26.515,23.51,27.075,0.517
2026-03-23,2026-03-23 06:15:16,324,276,1522.471,125.28,14835.1,14880.486,29019.203,3485.989,7,2,23.63,27.27,24.58,27.76,0.513
2026-03-23,2026-03-23 06:20:15,324,276,1586.204,136.946,14832.4,14733.151,28958.99,3424.101,7,2,23.63,27.27,24.58,27.76,0.509
2026-03-23,2026-03-23 06:25:15,324,276,1684.222,115.004,14815.6,14598.562,28981.484,3457.776,7,2,23.63,27.27,24.58,27.76,0.504
2026-03-23,2026-03-23 06:30:16,324,276,1743.895,126.298,14780.9,14467.537,28979.545,3341.663,7,3,24.23,26.66,24.86,26.98,0.499
2026-03-23,2026-03-23 06:35:15,324,275,1762.933,97.353,14758.9,14327.203,28988.831,3375.34,7,3,24.23,26.66,24.86,26.98,0.494
2026-03-23,2026-03-23 06:40:16,324,274,2038.922,276.944,14636.1,14179.306,28991.838,3399.881,7,3,24.23,26.66,24.86,26.98,0.489
2026-03-23,2026-03-23 06:45:18,324,274,2255.544,245.486,14652.2,13996.567,28959.539,3362.902,7,4,28.12,34.495,25.38,29.75,0.483
2026-03-23,2026-03-23 06:50:17,324,274,2398.658,78.338,14646.0,13801.226,28953.143,3340.746,7,4,28.12,34.495,25.38,29.75,0.477
2026-03-23,2026-03-23 06:55:17,324,274,2575.322,88.771,14638.2,13578.895,28963.503,3358.889,7,4,28.12,34.495,25.38,29.75,0.469
2026-03-23,2026-03-23 07:00:20,324,273,2685.594,97.342,14457.0,13365.635,28979.86,3317.896,8,1,30.82,43.57,23.71,32.04,0.461
2026-03-23,2026-03-23 07:05:18,324,274,3024.861,79.633,14589.6,13134.945,28997.961,3279.647,8,1,30.82,43.57,23.71,32.04,0.453
2026-03-23,2026-03-23 07:10:18,324,273,3177.263,72.84,14424.9,12856.571,28998.729,3254.142,8,1,30.82,43.57,23.71,32.04,0.443
2026-03-23,2026-03-23 07:15:17,324,273,3487.819,65.519,14449.2,12563.289,28990.55,3203.202,8,2,36.52,55.17,25.45,37.39,0.433
2026-03-23,2026-03-23 07:20:16,324,273,3592.708,164.911,14449.0,12258.868,28995.899,3190.13,8,2,36.52,55.17,25.45,37.39,0.423
2026-03-23,2026-03-23 07:25:18,324,273,3464.481,79.041,14428.4,11916.572,28749.728,3178.732,8,2,36.52,55.17,25.45,37.39,0.414
2026-03-23,2026-03-23 07:30:18,324,273,3297.947,70.585,14393.3,11606.139,28718.406,3233.28,8,3,32.39,41.13,27.62,33.315,0.404
2026-03-23,2026-03-23 07:35:20,324,272,3225.802,31.184,14373.6,11321.082,28730.028,3228.636,8,3,32.39,41.13,27.62,33.315,0.394
2026-03-23,2026-03-23 07:40:20,324,272,3161.996,27.238,14305.0,11049.598,28745.2,3188.567,8,3,32.39,41.13,27.62,33.315,0.384
2026-03-23,2026-03-23 07:45:17,324,273,2994.295,37.793,14154.5,10785.854,28743.709,3164.737,8,4,29.0,30.89,27.82,28.96,0.375
2026-03-23,2026-03-23 07:50:21,324,273,2733.407,28.812,13904.4,10545.555,28760.166,3133.889,8,4,29.0,30.89,27.82,28.96,0.367
2026-03-23,2026-03-23 07:55:18,324,273,2473.05,42.633,13892.3,10343.825,28761.24,3119.857,8,4,29.0,30.89,27.82,28.96,0.36
2026-03-23,2026-03-23 08:00:20,324,273,2205.641,114.055,13796.1,10156.274,28791.134,3629.199,9,1,27.32,29.19,26.115,27.26,0.353
2026-03-23,2026-03-23 08:05:18,324,271,1852.984,119.751,13639.7,10094.335,28859.658,3568.147,9,1,27.32,29.19,26.115,27.26,0.35
2026-03-23,2026-03-23 08:10:17,324,272,1262.862,145.621,13775.0,9979.936,28888.957,3604.884,9,1,27.32,29.19,26.115,27.26,0.345
2026-03-23,2026-03-23 08:15:17,324,272,598.149,387.736,13739.7,10019.888,28995.463,3473.768,9,2,23.49,29.53,19.535,23.24,0.346
2026-03-23,2026-03-23 08:20:17,324,272,622.792,587.511,13741.9,9702.114,28663.526,3482.705,9,2,23.49,29.53,19.535,23.24,0.338
2026-03-23,2026-03-23 08:25:17,324,272,407.126,788.213,13717.6,9706.642,28668.901,3471.586,9,2,23.49,29.53,19.535,23.24,0.339
2026-03-23,2026-03-23 08:30:17,324,272,299.862,948.875,13735.7,9733.701,28660.512,3360.273,9,3,19.18,28.19,13.28,18.785,0.34
2026-03-23,2026-03-23 08:35:16,324,272,179.057,950.909,13769.6,9777.207,28639.274,3440.796,9,3,19.18,28.19,13.28,18.785,0.341
2026-03-23,2026-03-23 08:40:15,324,272,192.671,1218.316,13790.0,9850.596,28638.712,3450.238,9,3,19.18,28.19,13.28,18.785,0.344
2026-03-23,2026-03-23 08:45:15,324,272,56.854,1518.099,13798.2,9930.155,28630.648,3538.087,9,4,16.6,30.46,7.19,16.57,0.347
2026-03-23,2026-03-23 08:50:15,324,273,82.903,2704.96,14154.4,10079.38,28628.002,3569.135,9,4,16.6,30.46,7.19,16.57,0.352
2026-03-23,2026-03-23 08:55:16,324,272,85.44,3847.763,14467.1,10381.851,28723.874,3707.628,9,4,16.6,30.46,7.19,16.57,0.361
2026-03-23,2026-03-23 09:00:22,324,274,81.449,4456.559,14313.0,10799.793,28522.356,3955.735,10,1,16.03,37.29,1.2,16.66,0.379
2026-03-23,2026-03-23 09:05:17,324,275,112.365,5397.977,14633.1,11165.569,28501.216,4082.717,10,1,16.03,37.29,1.2,16.66,0.392
2026-03-23,2026-03-23 09:10:17,324,275,102.325,5874.054,14609.8,11566.081,28533.731,4129.494,10,1,16.03,37.29,1.2,16.66,0.405
2026-03-23,2026-03-23 09:15:16,324,276,78.962,6177.314,14616.0,12024.479,28523.512,4155.076,10,2,14.83,39.05,-1.555,15.58,0.422
2026-03-23,2026-03-23 09:20:16,324,275,2.332,6183.167,14764.6,12509.321,28815.201,4221.756,10,2,14.83,39.05,-1.555,15.58,0.434
2026-03-23,2026-03-23 09:25:16,324,275,56.473,6111.662,14819.0,12973.264,28815.618,4247.69,10,2,14.83,39.05,-1.555,15.58,0.45
2026-03-23,2026-03-23 09:30:16,324,274,61.381,6285.443,14812.7,13439.185,28839.295,4279.124,10,3,16.57,45.53,-2.44,16.795,0.466
2026-03-23,2026-03-23 09:35:17,324,274,55.82,6635.212,14824.3,13954.032,28861.564,4299.036,10,3,16.57,45.53,-2.44,16.795,0.483
2026-03-23,2026-03-23 09:40:16,324,273,76.163,6777.34,14909.6,14458.651,28874.495,4338.035,10,3,16.57,45.53,-2.44,16.795,0.501
2026-03-23,2026-03-23 09:45:16,324,274,60.463,7576.89,14981.8,14982.338,28849.094,4421.485,10,4,15.78,42.96,-2.06,16.4,0.519
2026-03-23,2026-03-23 09:50:16,324,274,78.53,7192.625,15140.9,15573.682,28891.865,4466.849,10,4,15.78,42.96,-2.06,16.4,0.539
2026-03-23,2026-03-23 09:55:17,324,273,58.268,7186.839,15145.5,16117.504,28894.926,4523.715,10,4,15.78,42.96,-2.06,16.4,0.558
2026-03-23,2026-03-23 10:00:23,324,273,88.137,6825.82,15101.0,16579.247,28787.684,4437.694,11,1,16.4,44.76,-2.1,17.095,0.576
2026-03-23,2026-03-23 10:05:17,324,273,80.975,6480.377,15135.9,17079.122,28813.021,4372.154,11,1,16.4,44.76,-2.1,17.095,0.593
2026-03-23,2026-03-23 10:10:17,324,273,62.705,6803.968,15186.7,17645.381,28898.009,4422.662,11,1,16.4,44.76,-2.1,17.095,0.611
2026-03-23,2026-03-23 10:15:16,324,273,64.717,6393.885,15192.7,18156.319,28920.831,4625.796,11,2,14.86,40.56,-2.11,15.45,0.628
2026-03-23,2026-03-23 10:20:16,324,273,68.592,6414.605,15431.6,18603.876,28904.9,4662.347,11,2,14.86,40.56,-2.11,15.45,0.644
2026-03-23,2026-03-23 10:25:16,324,273,82.983,6143.708,15458.0,19087.279,28936.915,4617.239,11,2,14.86,40.56,-2.11,15.45,0.66
2026-03-23,2026-03-23 10:30:16,324,273,205.222,5738.812,15476.5,19529.764,29079.548,4603.392,11,3,16.68,44.5,-1.66,17.08,0.672
2026-03-23,2026-03-23 10:35:16,324,273,60.6,5871.087,15667.1,20017.904,29473.672,4648.883,11,3,16.68,44.5,-1.66,17.08,0.679
2026-03-23,2026-03-23 10:40:16,324,273,121.005,5297.408,15422.8,20433.792,29468.466,4680.322,11,3,16.68,44.5,-1.66,17.08,0.693
2026-03-23,2026-03-23 10:45:17,324,273,97.05,5142.439,15426.7,20816.028,29504.927,4712.407,11,4,18.14,48.41,-1.36,18.04,0.706
2026-03-23,2026-03-23 10:50:17,324,273,62.549,5174.448,15669.5,21182.662,29498.713,4655.552,11,4,18.14,48.41,-1.36,18.04,0.718
2026-03-23,2026-03-23 10:55:18,324,273,222.651,4816.184,15666.6,21525.427,29467.325,4599.909,11,4,18.14,48.41,-1.36,18.04,0.73
2026-03-23,2026-03-23 11:00:20,324,273,348.042,4218.125,15621.5,21825.65,29431.752,4832.043,12,1,15.86,42.63,-1.23,15.785,0.742
2026-03-23,2026-03-23 11:05:18,324,273,316.338,3800.498,15623.7,22120.784,29467.097,4853.35,12,1,15.86,42.63,-1.23,15.785,0.751
2026-03-23,2026-03-23 11:10:17,324,273,301.802,3828.148,15652.7,22372.223,29467.608,4831.839,12,1,15.86,42.63,-1.23,15.785,0.759
2026-03-23,2026-03-23 11:15:17,324,272,335.355,3278.597,15662.8,22618.562,29466.108,4888.387,12,2,15.83,42.67,-0.74,14.86,0.768
2026-03-23,2026-03-23 11:20:17,324,272,393.757,2974.94,15665.2,22817.565,29458.19,4913.612,12,2,15.83,42.67,-0.74,14.86,0.775
2026-03-23,2026-03-23 11:25:16,324,270,388.006,2951.62,15374.0,23012.48,29270.384,4925.177,12,2,15.83,42.67,-0.74,14.86,0.786
2026-03-23,2026-03-23 11:30:16,324,270,388.125,3030.508,15366.4,23211.748,29306.731,4953.315,12,3,14.85,39.04,0.03,13.99,0.792
2026-03-23,2026-03-23 11:35:15,324,270,387.163,2717.881,15358.6,23365.663,29291.808,4992.765,12,3,14.85,39.04,0.03,13.99,0.798
2026-03-23,2026-03-23 11:40:17,324,270,248.734,2365.168,15368.2,23523.452,29296.542,5010.778,12,3,14.85,39.04,0.03,13.99,0.803
2026-03-23,2026-03-23 11:45:20,324,270,153.277,2307.289,15366.1,23700.08,29316.119,4924.813,12,4,16.38,42.71,0.19,14.24,0.808
2026-03-23,2026-03-23 11:50:17,324,270,232.505,1960.995,15368.9,23814.926,29317.336,4994.284,12,4,16.38,42.71,0.19,14.24,0.812
2026-03-23,2026-03-23 11:55:19,324,270,197.486,1902.894,15351.8,23923.275,29187.361,4966.141,12,4,16.38,42.71,0.19,14.24,0.82
2026-03-23,2026-03-23 12:00:21,324,270,256.918,1398.722,15381.2,23984.484,29214.327,4954.88,13,1,17.1,42.29,1.56,14.94,0.821
2026-03-23,2026-03-23 12:05:17,324,270,349.187,1112.582,15383.7,24068.821,29237.605,5120.147,13,1,17.1,42.29,1.56,14.94,0.823
2026-03-23,2026-03-23 12:10:17,324,270,474.091,1298.617,15395.4,24100.15,29250.353,5142.375,13,1,17.1,42.29,1.56,14.94,0.824
2026-03-23,2026-03-23 12:15:18,324,270,162.075,1362.918,15388.7,24154.908,29228.434,5036.58,13,2,19.34,39.71,7.115,17.195,0.826
2026-03-23,2026-03-23 12:20:15,324,270,216.756,1318.24,15325.8,24239.617,29098.778,5074.209,13,2,19.34,39.71,7.115,17.195,0.833
2026-03-23,2026-03-23 12:25:16,324,270,308.603,1172.33,15328.3,24272.255,29116.494,5061.478,13,2,19.34,39.71,7.115,17.195,0.834
2026-03-23,2026-03-23 12:30:16,324,270,141.645,1063.78,15330.8,24364.942,29128.781,5057.085,13,3,21.48,37.07,12.29,19.3,0.836
2026-03-23,2026-03-23 12:35:15,324,270,278.31,1031.263,15337.0,24451.961,29166.035,5090.786,13,3,21.48,37.07,12.29,19.3,0.838
2026-03-23,2026-03-23 12:40:17,324,270,345.496,1333.169,15364.5,24516.543,29163.88,5143.006,13,3,21.48,37.07,12.29,19.3,0.841
2026-03-23,2026-03-23 12:45:16,324,270,645.11,1065.956,15365.2,24547.861,29142.165,5227.52,13,4,22.78,37.11,14.44,20.89,0.842
2026-03-23,2026-03-23 12:50:17,324,270,356.532,1154.508,15368.0,24557.561,29139.873,5234.77,13,4,22.78,37.11,14.44,20.89,0.843
2026-03-23,2026-03-23 12:55:17,324,269,363.798,983.669,15216.4,24465.156,28385.55,5230.361,13,4,22.78,37.11,14.44,20.89,0.862
2026-03-23,2026-03-23 13:00:22,324,269,584.05,763.935,15212.6,24494.066,28397.236,5173.002,14,1,24.0,41.245,13.69,22.75,0.863
2026-03-23,2026-03-23 13:05:17,324,269,336.358,605.503,15213.1,24514.218,28402.236,5158.276,14,1,24.0,41.245,13.69,22.75,0.863
2026-03-23,2026-03-23 13:10:18,324,269,399.305,506.953,15202.3,24488.132,28386.766,4976.444,14,1,24.0,41.245,13.69,22.75,0.863
2026-03-23,2026-03-23 13:15:18,324,269,538.231,836.943,15200.5,24520.583,28374.357,5064.313,14,2,33.93,59.085,17.665,32.195,0.864
2026-03-23,2026-03-23 13:20:18,324,269,1010.398,373.021,15195.4,24492.097,28368.696,4946.126,14,2,33.93,59.085,17.665,32.195,0.863
2026-03-23,2026-03-23 13:25:18,324,269,617.904,462.17,15186.9,24428.072,28372.802,5077.951,14,2,33.93,59.085,17.665,32.195,0.861
2026-03-23,2026-03-23 13:30:18,324,269,442.438,394.79,15190.2,24385.604,28361.612,5177.013,14,3,43.73,79.945,21.16,40.2,0.86
2026-03-23,2026-03-23 13:35:17,324,269,552.784,230.683,15192.1,24351.606,28361.193,5102.816,14,3,43.73,79.945,21.16,40.2,0.859
2026-03-23,2026-03-23 13:40:17,324,269,380.513,483.758,15396.5,24359.765,28579.412,5123.198,14,3,43.73,79.945,21.16,40.2,0.852
2026-03-23,2026-03-23 13:45:18,324,269,280.1,664.866,15194.3,24343.322,28391.19,5113.364,14,4,36.41,77.935,9.495,32.55,0.857
2026-03-23,2026-03-23 13:50:16,324,269,338.609,795.438,15197.4,24371.028,28392.284,5105.9,14,4,36.41,77.935,9.495,32.55,0.858
2026-03-23,2026-03-23 13:55:17,324,269,157.76,852.14,15203.5,24411.612,28403.658,5157.447,14,4,36.41,77.935,9.495,32.55,0.859
2026-03-23,2026-03-23 14:00:18,324,269,145.296,1166.725,15174.3,24452.457,28386.674,5576.308,15,1,29.67,57.13,12.27,27.23,0.861
2026-03-23,2026-03-23 14:05:20,324,268,167.894,824.674,15086.2,24521.218,28401.051,5549.615,15,1,29.67,57.13,12.27,27.23,0.863
2026-03-23,2026-03-23 14:10:17,324,268,54.9,932.102,15080.1,24562.361,28393.715,5599.083,15,1,29.67,57.13,12.27,27.23,0.865
2026-03-23,2026-03-23 14:15:17,324,268,83.059,1010.384,15075.4,24617.816,28395.167,5546.079,15,2,29.62,54.73,13.815,27.745,0.867
2026-03-23,2026-03-23 14:20:16,324,268,505.181,709.495,15341.7,24993.21,28931.119,5622.632,15,2,29.62,54.73,13.815,27.745,0.864
2026-03-23,2026-03-23 14:25:17,324,268,16.198,956.177,15095.1,25035.042,28948.112,5647.787,15,2,29.62,54.73,13.815,27.745,0.865
2026-03-23,2026-03-23 14:30:17,324,268,251.767,1214.348,15545.1,25245.614,29344.768,5581.003,15,3,26.23,44.06,14.38,24.545,0.86
2026-03-23,2026-03-23 14:35:17,324,269,254.77,1543.038,15647.4,25302.128,29353.473,5573.57,15,3,26.23,44.06,14.38,24.545,0.862
2026-03-23,2026-03-23 14:40:17,324,269,949.371,1069.882,15660.2,25291.9,29348.526,5588.724,15,3,26.23,44.06,14.38,24.545,0.862
2026-03-23,2026-03-23 14:45:19,324,269,176.307,894.216,15691.8,25345.359,29489.501,5706.169,15,4,25.94,36.825,13.5,28.31,0.859
2026-03-23,2026-03-23 14:50:18,324,269,188.454,1524.05,15445.8,25400.789,29480.617,5724.935,15,4,25.94,36.825,13.5,28.31,0.862
2026-03-23,2026-03-23 14:55:17,324,269,271.146,1308.965,15695.0,25465.009,29478.56,5620.277,15,4,25.94,36.825,13.5,28.31,0.864
2026-03-23,2026-03-23 15:00:21,324,269,638.394,1127.496,15729.4,25481.809,29467.916,5672.177,16,1,25.69,31.465,14.665,31.49,0.865
2026-03-23,2026-03-23 15:05:19,324,269,20.346,908.005,15727.4,25578.051,29474.151,5654.953,16,1,25.69,31.465,14.665,31.49,0.868
2026-03-23,2026-03-23 15:10:19,324,269,210.237,1011.912,15537.6,25495.835,29078.577,5636.297,16,1,25.69,31.465,14.665,31.49,0.877
2026-03-23,2026-03-23 15:15:18,324,269,13.548,1260.382,15535.4,25603.931,29082.931,5650.448,16,2,25.01,35.42,11.9,29.94,0.88
2026-03-23,2026-03-23 15:20:16,324,270,5.49,1440.086,15336.3,25352.196,28696.158,5556.62,16,2,25.01,35.42,11.9,29.94,0.883
2026-03-23,2026-03-23 15:25:18,324,270,6.395,1369.713,15697.1,25836.08,29297.398,5637.377,16,2,25.01,35.42,11.9,29.94,0.882
2026-03-23,2026-03-23 15:30:18,324,270,177.275,1116.143,15697.7,25899.862,29293.567,5635.311,16,3,27.23,30.315,16.535,34.425,0.884
2026-03-23,2026-03-23 15:35:16,324,270,192.352,1134.227,15901.0,25949.525,29500.732,5606.217,16,3,27.23,30.315,16.535,34.425,0.88
2026-03-23,2026-03-23 15:40:17,324,270,139.238,961.232,15904.5,26000.268,29512.753,5672.71,16,3,27.23,30.315,16.535,34.425,0.881
2026-03-23,2026-03-23 15:45:17,324,270,29.717,868.961,15911.9,26062.552,29525.59,5671.802,16,4,28.35,26.46,20.06,36.455,0.883
2026-03-23,2026-03-23 15:50:18,324,270,160.394,743.986,15662.5,26150.056,29537.787,5663.089,16,4,28.35,26.46,20.06,36.455,0.885
2026-03-23,2026-03-23 15:55:17,324,270,91.501,664.465,15658.5,26155.346,29517.138,5675.609,16,4,28.35,26.46,20.06,36.455,0.886
2026-03-23,2026-03-23 16:00:19,324,270,215.398,902.581,15665.8,26157.247,29521.774,5814.664,17,1,28.05,26.14,19.76,35.74,0.886
2026-03-23,2026-03-23 16:05:17,324,270,512.63,893.141,15869.1,26311.136,29924.776,5788.256,17,1,28.05,26.14,19.76,35.74,0.879
2026-03-23,2026-03-23 16:10:19,324,270,310.177,997.363,15771.7,26231.54,29735.986,5754.344,17,1,28.05,26.14,19.76,35.74,0.882
2026-03-23,2026-03-23 16:15:19,324,270,277.002,864.187,15788.3,26636.354,29766.276,5793.745,17,2,26.7,25.16,19.865,33.545,0.895
2026-03-23,2026-03-23 16:20:16,324,270,82.79,1274.675,15623.7,26442.51,29453.12,5810.758,17,2,26.7,25.16,19.865,33.545,0.898
2026-03-23,2026-03-23 16:25:17,324,270,54.835,926.9,15678.8,26733.569,29583.293,5789.121,17,2,26.7,25.16,19.865,33.545,0.904
2026-03-23,2026-03-23 16:30:17,324,270,103.504,710.251,15678.5,26757.534,29587.819,5839.671,17,3,27.01,26.645,24.205,30.785,0.904
2026-03-23,2026-03-23 16:35:17,324,270,161.012,741.254,15678.7,27154.664,29985.181,5846.476,17,3,27.01,26.645,24.205,30.785,0.906
2026-03-23,2026-03-23 16:40:17,324,270,454.622,374.185,15678.1,27103.52,30170.91,5914.928,17,3,27.01,26.645,24.205,30.785,0.898
2026-03-23,2026-03-23 16:45:17,324,270,202.241,517.459,15671.6,27088.917,30179.313,5976.199,17,4,28.54,28.09,26.1,31.5,0.898
2026-03-23,2026-03-23 16:50:18,324,270,208.584,279.353,15668.9,27082.521,30176.071,6035.001,17,4,28.54,28.09,26.1,31.5,0.897
2026-03-23,2026-03-23 16:55:17,324,270,395.206,494.623,15672.3,27153.8,30198.704,5917.683,17,4,28.54,28.09,26.1,31.5,0.899
2026-03-23,2026-03-23 17:00:22,324,270,426.716,444.508,15859.8,27258.481,30587.693,5843.38,18,1,25.87,25.87,22.95,30.555,0.891
2026-03-23,2026-03-23 17:05:18,324,269,63.494,400.553,15662.9,27039.219,30591.284,5845.892,18,1,25.87,25.87,22.95,30.555,0.884
2026-03-23,2026-03-23 17:10:17,324,269,14.851,417.812,15763.4,27027.725,30583.243,5859.758,18,1,25.87,25.87,22.95,30.555,0.884
2026-03-23,2026-03-23 17:15:18,324,269,5.966,385.106,15565.4,26993.392,30386.005,5824.58,18,2,25.14,25.355,22.415,34.26,0.888
2026-03-23,2026-03-23 17:20:18,324,269,342.28,418.022,15564.1,27188.292,30389.466,5845.354,18,2,25.14,25.355,22.415,34.26,0.895
2026-03-23,2026-03-23 17:25:18,324,269,486.617,207.574,15363.9,26928.603,30007.88,5858.415,18,2,25.14,25.355,22.415,34.26,0.897
2026-03-23,2026-03-23 17:30:18,324,269,107.539,201.038,15361.5,26911.42,29995.015,5941.434,18,3,34.07,32.89,29.26,34.805,0.897
2026-03-23,2026-03-23 17:35:16,324,269,445.624,197.7,15281.9,26884.89,29981.837,5980.618,18,3,34.07,32.89,29.26,34.805,0.897
2026-03-23,2026-03-23 17:40:18,324,269,5.504,589.896,15283.6,27033.647,29995.694,5992.363,18,3,34.07,32.89,29.26,34.805,0.901
2026-03-23,2026-03-23 17:45:18,324,269,130.571,388.495,15307.3,26968.923,30045.209,5967.495,18,4,36.65,34.935,30.49,42.06,0.898
2026-03-23,2026-03-23 17:50:18,324,269,333.381,441.311,15479.7,27239.02,30380.004,6023.508,18,4,36.65,34.935,30.49,42.06,0.897
2026-03-23,2026-03-23 17:55:19,324,269,4.477,533.132,15478.5,27267.203,30390.847,6033.092,18,4,36.65,34.935,30.49,42.06,0.897
2026-03-23,2026-03-23 18:00:23,324,269,257.34,526.617,15627.7,27267.583,30392.359,5458.037,19,1,38.58,38.16,38.825,32.26,0.897
2026-03-23,2026-03-23 18:05:19,324,269,229.132,402.719,15631.9,26928.723,29791.265,5337.693,19,1,38.58,38.16,38.825,32.26,0.904
2026-03-23,2026-03-23 18:10:19,324,269,321.991,549.623,15632.7,26997.148,29806.592,5500.941,19,1,38.58,38.16,38.825,32.26,0.906
2026-03-23,2026-03-23 18:15:22,324,269,718.846,452.58,15635.3,26974.552,29790.079,5269.6,19,2,95.73,94.655,97.14,76.825,0.905
2026-03-23,2026-03-23 18:20:19,324,270,1461.066,439.039,15640.8,26898.194,29783.956,5297.641,19,2,95.73,94.655,97.14,76.825,0.903
2026-03-23,2026-03-23 18:25:22,324,270,2015.724,499.132,15640.7,26767.288,29730.084,5394.861,19,2,95.73,94.655,97.14,76.825,0.9
2026-03-23,2026-03-23 18:30:23,324,270,1940.654,379.076,15239.5,26031.35,28924.692,5622.267,19,3,115.21,114.63,116.795,89.25,0.9
2026-03-23,2026-03-23 18:35:21,324,270,1909.628,159.279,15238.0,25897.789,28981.136,5718.392,19,3,115.21,114.63,116.795,89.25,0.894
2026-03-23,2026-03-23 18:40:21,324,269,2390.25,134.428,15239.4,25722.394,28996.736,5694.44,19,3,115.21,114.63,116.795,89.25,0.887
2026-03-23,2026-03-23 18:45:22,324,269,3287.12,128.335,15237.1,25478.825,28992.215,5609.878,19,4,145.48,147.12,146.99,114.12,0.879
2026-03-23,2026-03-23 18:50:21,324,269,4000.557,120.791,15220.5,25171.541,28980.897,5480.538,19,4,145.48,147.12,146.99,114.12,0.869
2026-03-23,2026-03-23 18:55:22,324,269,4790.359,125.803,15285.0,24793.47,28979.465,5567.141,19,4,145.48,147.12,146.99,114.12,0.856
2026-03-23,2026-03-23 19:00:27,324,269,5182.263,164.47,15464.1,24367.322,28969.271,5285.257,20,1,142.34,144.275,143.72,122.465,0.841
2026-03-23,2026-03-23 19:05:26,324,269,5844.266,201.217,15459.3,23899.209,28967.41,5095.357,20,1,142.34,144.275,143.72,122.465,0.825
2026-03-23,2026-03-23 19:10:25,324,269,6676.865,134.587,15468.8,23385.474,28966.509,4982.359,20,1,142.34,144.275,143.72,122.465,0.807
2026-03-23,2026-03-23 19:15:22,324,269,7588.89,118.01,15465.2,22774.922,28958.339,4737.28,20,2,181.96,183.8,183.65,152.825,0.786
2026-03-23,2026-03-23 19:20:24,324,269,8033.533,171.792,15467.1,22110.64,28960.371,4717.768,20,2,181.96,183.8,183.65,152.825,0.763
2026-03-23,2026-03-23 19:25:23,324,269,8570.128,149.933,15463.0,21425.411,28969.357,4630.709,20,2,181.96,183.8,183.65,152.825,0.74
2026-03-23,2026-03-23 19:30:22,324,269,8852.421,161.18,15463.1,20689.59,28976.706,4593.157,20,3,197.19,199.55,198.455,165.31,0.714
2026-03-23,2026-03-23 19:35:23,324,269,9041.103,181.124,15458.8,19938.688,28976.841,4545.723,20,3,197.19,199.55,198.455,165.31,0.688
2026-03-23,2026-03-23 19:40:24,324,269,9102.78,139.1,15450.5,19124.005,28924.903,4475.849,20,3,197.19,199.55,198.455,165.31,0.661
2026-03-23,2026-03-23 19:45:22,324,269,9300.543,180.757,15424.8,18369.252,28957.236,4375.869,20,4,221.05,223.78,221.265,211.915,0.634
2026-03-23,2026-03-23 19:50:24,324,269,9293.076,221.945,15394.9,17582.012,28969.555,4381.002,20,4,221.05,223.78,221.265,211.915,0.607
2026-03-23,2026-03-23 19:55:22,324,269,9314.954,224.41,15400.9,16774.572,28969.898,4353.356,20,4,221.05,223.78,221.265,211.915,0.579
2026-03-23,2026-03-23 20:00:24,324,269,9464.044,142.487,15312.6,15935.801,28939.298,4138.343,21,1,231.88,235.945,230.415,236.51,0.551
2026-03-23,2026-03-23 20:05:24,324,269,9248.779,55.651,15226.3,15127.763,28934.392,4122.105,21,1,231.88,235.945,230.415,236.51,0.523
2026-03-23,2026-03-23 20:10:26,324,269,9117.553,44.612,15168.0,14320.918,28900.321,4061.188,21,1,231.88,235.945,230.415,236.51,0.496
2026-03-23,2026-03-23 20:15:24,324,268,8989.036,131.174,15119.4,13526.975,28898.028,4052.361,21,2,247.47,251.835,248.12,253.885,0.468
2026-03-23,2026-03-23 20:20:23,324,268,8565.413,106.056,14953.4,12753.244,28887.012,3910.781,21,2,247.47,251.835,248.12,253.885,0.441
2026-03-23,2026-03-23 20:25:23,324,268,8242.175,63.476,14825.2,12028.927,28877.281,3846.32,21,2,247.47,251.835,248.12,253.885,0.417
2026-03-23,2026-03-23 20:30:23,324,268,8125.755,66.518,14762.6,11298.856,28874.517,3737.101,21,3,288.0,292.665,289.41,263.475,0.391
2026-03-23,2026-03-23 20:35:24,324,268,7878.142,69.139,14637.4,10968.399,29250.579,3621.632,21,3,288.0,292.665,289.41,263.475,0.375
2026-03-23,2026-03-23 20:40:22,324,268,7498.426,71.666,14403.1,10269.839,29501.099,3504.825,21,3,288.0,292.665,289.41,263.475,0.348
2026-03-23,2026-03-23 20:45:21,324,268,7060.511,36.604,14002.9,9565.733,29501.682,3434.006,21,4,413.42,417.975,418.12,384.265,0.324
2026-03-23,2026-03-23 20:50:21,324,268,6824.383,60.286,13598.8,8819.87,29493.191,3383.273,21,4,413.42,417.975,418.12,384.265,0.299
2026-03-23,2026-03-23 20:55:22,324,268,6280.049,50.342,13461.3,8374.64,29491.38,3324.623,21,4,413.42,417.975,418.12,384.265,0.284
2026-03-23,2026-03-23 21:00:23,324,268,5926.949,51.282,13267.9,7841.672,29486.611,2947.35,22,1,852.32,867.445,858.235,787.185,0.266
2026-03-23,2026-03-23 21:05:23,324,268,5420.259,52.123,13068.2,7316.028,29484.435,2865.965,22,1,852.32,867.445,858.235,787.185,0.248
2026-03-23,2026-03-23 21:10:22,324,268,4983.849,100.283,12964.6,6833.961,29482.122,2748.063,22,1,852.32,867.445,858.235,787.185,0.232
2026-03-23,2026-03-23 21:15:21,324,268,4661.636,91.248,12775.0,6397.099,29476.082,2733.182,22,2,863.86,873.585,874.845,769.83,0.217
2026-03-23,2026-03-23 21:20:22,324,268,4224.643,75.936,12396.6,5996.069,29476.304,2693.528,22,2,863.86,873.585,874.845,769.83,0.203
2026-03-23,2026-03-23 21:25:20,324,268,3976.105,129.797,12321.6,5631.124,29467.645,2631.486,22,2,863.86,873.585,874.845,769.83,0.191
2026-03-23,2026-03-23 21:30:23,324,268,3473.133,88.104,12299.4,4964.919,28854.865,2594.98,22,3,935.88,938.585,950.83,872.745,0.172
2026-03-23,2026-03-23 21:35:21,324,268,2966.834,189.893,12119.1,4686.072,28849.389,2559.451,22,3,935.88,938.585,950.83,872.745,0.162
2026-03-23,2026-03-23 21:40:23,324,268,2591.994,47.145,11834.6,4445.117,28846.72,2517.622,22,3,935.88,938.585,950.83,872.745,0.154
2026-03-23,2026-03-23 21:45:25,324,268,2285.646,45.183,11712.3,4223.429,28852.3,2500.951,22,4,931.86,933.015,943.455,936.005,0.146
2026-03-23,2026-03-23 21:50:23,324,268,1922.527,66.76,11455.3,4025.914,28848.498,2471.25,22,4,931.86,933.015,943.455,936.005,0.14
2026-03-23,2026-03-23 21:55:22,324,268,1593.876,217.853,11227.1,3870.943,28840.405,2451.823,22,4,931.86,933.015,943.455,936.005,0.134
2026-03-23,2026-03-23 22:00:23,324,268,1315.606,212.853,11128.8,3759.175,28832.896,2438.936,23,1,610.05,610.875,618.07,624.07,0.13
2026-03-23,2026-03-23 22:05:21,324,266,1016.452,143.344,10878.4,3654.16,28824.481,2418.777,23,1,610.05,610.875,618.07,624.07,0.127
2026-03-23,2026-03-23 22:10:21,324,266,651.302,174.465,10641.0,3571.944,28826.46,2375.398,23,1,610.05,610.875,618.07,624.07,0.124
2026-03-23,2026-03-23 22:15:19,324,266,763.222,221.459,10557.5,3528.942,28822.806,2361.991,23,2,333.71,333.97,337.55,334.725,0.122
2026-03-23,2026-03-23 22:20:20,324,266,998.287,413.431,10412.6,3443.663,28797.564,2345.741,23,2,333.71,333.97,337.55,334.725,0.12
2026-03-23,2026-03-23 22:25:19,324,266,814.623,504.453,10180.1,3422.623,28807.017,2344.646,23,2,333.71,333.97,337.55,334.725,0.119
2026-03-23,2026-03-23 22:30:21,324,266,937.334,861.492,10155.8,3387.085,28810.126,2345.203,23,3,227.83,227.98,229.84,220.005,0.118
2026-03-23,2026-03-23 22:35:19,324,266,892.219,1002.971,10339.4,3373.058,28807.528,2334.481,23,3,227.83,227.98,229.84,220.005,0.117
2026-03-23,2026-03-23 22:40:19,324,269,630.474,1040.627,10537.3,3381.667,28816.417,2322.694,23,3,227.83,227.98,229.84,220.005,0.117
2026-03-23,2026-03-23 22:45:20,324,269,532.055,1144.287,10550.2,3442.171,28869.821,2296.517,23,4,121.87,121.9,122.6,117.58,0.119
2026-03-23,2026-03-23 22:50:19,324,269,548.753,1246.029,10513.2,3477.719,28867.198,2264.028,23,4,121.87,121.9,122.6,117.58,0.12
2026-03-23,2026-03-23 22:55:19,324,269,604.93,949.75,10597.4,3522.17,28873.664,2312.519,23,4,121.87,121.9,122.6,117.58,0.122
2026-03-23,2026-03-23 23:00:22,324,269,344.852,1000.531,10620.9,3552.601,28876.09,2282.004,24,1,105.73,105.755,106.305,104.17,0.123
2026-03-23,2026-03-23 23:05:19,324,269,379.946,774.581,10687.1,3596.538,28708.035,2202.071,24,1,105.73,105.755,106.305,104.17,0.125
2026-03-23,2026-03-23 23:10:19,324,269,683.243,790.303,10764.5,3610.56,28709.06,2202.253,24,1,105.73,105.755,106.305,104.17,0.126
2026-03-23,2026-03-23 23:15:18,324,269,518.094,523.367,10698.8,3588.304,28682.228,2255.542,24,2,93.61,93.56,93.78,92.845,0.125
2026-03-23,2026-03-23 23:20:18,324,269,395.541,695.554,10623.6,3561.883,28678.384,2213.758,24,2,93.61,93.56,93.78,92.845,0.124
2026-03-23,2026-03-23 23:25:18,324,268,477.39,680.305,10609.8,3572.168,28677.888,2207.92,24,2,93.61,93.56,93.78,92.845,0.125
2026-03-23,2026-03-23 23:30:18,324,268,349.936,708.876,10744.2,3584.807,28675.532,2164.798,24,3,73.77,73.695,73.675,73.615,0.125
2026-03-23,2026-03-23 23:35:17,324,268,419.782,598.432,10831.2,3602.908,28673.464,2136.52,24,3,73.77,73.695,73.675,73.615,0.126
2026-03-23,2026-03-23 23:40:18,324,268,473.864,513.507,10752.9,3600.864,28673.715,2109.399,24,3,73.77,73.695,73.675,73.615,0.126
2026-03-23,2026-03-23 23:45:18,324,268,347.443,270.34,10673.8,3589.486,28665.11,2101.029,24,4,66.38,73.26,73.23,73.22,0.125
2026-03-23,2026-03-23 23:50:18,324,268,184.141,308.173,10677.4,3576.649,28663.485,2107.296,24,4,66.38,73.26,73.23,73.22,0.125
2026-03-23,2026-03-23 23:55:19,324,268,296.37,359.242,10689.9,3576.65,28668.818,2106.894,24,4,66.38,73.26,73.23,73.22,0.125
2026-04-11,2026-04-11 00:00:20,325,278,1050.329,1651.103,14315.8,9929.205,29850.207,3505.466,1,1,30.59,30.59,30.6,30.56,0.333
2026-04-11,2026-04-11 00:05:20,325,277,708.729,1237.144,14247.2,9961.475,29810.184,3422.211,1,1,30.59,30.59,30.6,30.56,0.334
2026-04-11,2026-04-11 00:10:18,325,277,603.786,1022.476,14214.4,9976.574,29802.24,3379.052,1,1,30.59,30.59,30.6,30.56,0.335
2026-04-11,2026-04-11 00:15:18,325,277,524.283,1015.028,14231.0,10000.148,29804.341,3376.466,1,2,30.94,30.92,30.91,30.88,0.336
2026-04-11,2026-04-11 00:20:17,325,277,714.856,1002.588,14239.7,10012.304,29804.218,3348.379,1,2,30.94,30.92,30.91,30.88,0.336
2026-04-11,2026-04-11 00:25:17,325,277,515.433,829.953,14258.1,10025.81,29750.081,3394.966,1,2,30.94,30.92,30.91,30.88,0.337
2026-04-11,2026-04-11 00:30:17,325,277,481.956,857.209,14293.8,10041.549,29839.29,3373.879,1,3,30.48,30.47,30.46,30.45,0.337
2026-04-11,2026-04-11 00:35:17,325,277,488.93,966.693,14298.3,10054.606,29833.716,3384.731,1,3,30.48,30.47,30.46,30.45,0.337
2026-04-11,2026-04-11 00:40:19,325,277,429.151,1181.857,14316.2,10095.517,29834.573,3388.847,1,3,30.48,30.47,30.46,30.45,0.338
2026-04-11,2026-04-11 00:45:19,325,277,424.336,1298.372,14310.6,10140.153,29832.439,3395.57,1,4,27.86,27.86,27.865,27.86,0.34
2026-04-11,2026-04-11 00:50:17,325,277,271.669,1224.303,14315.7,10207.628,29837.731,3397.58,1,4,27.86,27.86,27.865,27.86,0.342
2026-04-11,2026-04-11 00:55:19,325,277,265.213,1217.422,14323.5,10272.147,29821.003,3394.642,1,4,27.86,27.86,27.865,27.86,0.344
2026-04-11,2026-04-11 01:00:24,325,277,379.588,1221.865,14335.2,10326.938,29719.91,3623.869,2,1,27.85,27.85,27.85,27.85,0.347
2026-04-11,2026-04-11 01:05:19,325,277,240.384,939.312,14431.5,10375.602,29717.631,3652.932,2,1,27.85,27.85,27.85,27.85,0.349
2026-04-11,2026-04-11 01:10:18,325,277,196.704,913.253,14484.0,10423.813,29718.753,3652.416,2,1,27.85,27.85,27.85,27.85,0.351
2026-04-11,2026-04-11 01:15:19,325,277,309.855,810.243,14498.0,10458.592,29712.976,3661.254,2,2,29.83,29.83,29.83,29.83,0.352
2026-04-11,2026-04-11 01:20:17,325,277,328.044,702.814,14482.3,10474.12,29610.517,3653.382,2,2,29.83,29.83,29.83,29.83,0.354
2026-04-11,2026-04-11 01:25:17,325,277,341.31,614.559,14484.1,10497.571,29803.733,3616.184,2,2,29.83,29.83,29.83,29.83,0.352
2026-04-11,2026-04-11 01:30:18,325,277,337.358,661.648,14533.0,10504.87,29833.88,3608.959,2,3,30.38,30.38,30.38,30.385,0.352
2026-04-11,2026-04-11 01:35:18,325,277,328.843,787.164,14533.0,10515.562,29839.1,3626.167,2,3,30.38,30.38,30.38,30.385,0.352
2026-04-11,2026-04-11 01:40:17,325,277,262.726,860.13,14559.5,10537.948,29833.753,3670.384,2,3,30.38,30.38,30.38,30.385,0.353
2026-04-11,2026-04-11 01:45:18,325,277,273.287,942.568,14548.7,10570.144,29833.501,3640.116,2,4,28.96,28.96,28.955,28.96,0.354
2026-04-11,2026-04-11 01:50:17,325,277,251.106,1081.546,14563.8,10611.945,29827.626,3643.746,2,4,28.96,28.96,28.955,28.96,0.356
2026-04-11,2026-04-11 01:55:19,325,277,213.325,1073.011,14573.1,10670.318,29833.345,3655.727,2,4,28.96,28.96,28.955,28.96,0.358
2026-04-11,2026-04-11 02:00:20,325,277,212.883,1040.319,14577.2,10721.653,29828.198,3750.21,3,1,33.4,33.4,33.4,33.4,0.359
2026-04-11,2026-04-11 02:05:19,325,277,375.857,1169.155,14618.4,10761.355,29840.399,3761.453,3,1,33.4,33.4,33.4,33.4,0.361
2026-04-11,2026-04-11 02:10:19,325,277,426.765,1425.862,14617.7,10807.754,29840.154,3748.85,3,1,33.4,33.4,33.4,33.4,0.362
2026-04-11,2026-04-11 02:15:20,325,277,209.19,1238.278,14602.1,10874.513,29846.659,3767.974,3,2,33.8,33.8,33.8,33.8,0.364
2026-04-11,2026-04-11 02:20:17,325,277,176.335,1274.753,14568.9,10949.247,29735.05,3778.888,3,2,33.8,33.8,33.8,33.8,0.368
2026-04-11,2026-04-11 02:25:17,325,277,191.461,1198.706,14433.2,11026.898,29733.079,3816.25,3,2,33.8,33.8,33.8,33.8,0.371
2026-04-11,2026-04-11 02:30:18,325,277,111.699,1068.531,14413.3,11078.41,29629.368,3777.367,3,3,35.2,35.2,35.205,35.205,0.374
2026-04-11,2026-04-11 02:35:17,325,277,177.309,1217.247,14437.4,11160.018,29852.989,3796.78,3,3,35.2,35.2,35.205,35.205,0.374
2026-04-11,2026-04-11 02:40:17,325,277,140.845,1222.907,14438.0,11230.245,29848.837,3795.223,3,3,35.2,35.2,35.205,35.205,0.376
2026-04-11,2026-04-11 02:45:17,325,277,99.208,1294.433,14424.2,11307.302,29849.496,3803.756,3,4,33.5,33.5,33.5,33.505,0.379
2026-04-11,2026-04-11 02:50:17,325,277,73.697,1241.885,14428.5,11393.646,29848.529,3807.828,3,4,33.5,33.5,33.5,33.505,0.382
2026-04-11,2026-04-11 02:55:18,325,277,33.703,1427.779,14500.3,11484.496,29849.127,3829.759,3,4,33.5,33.5,33.5,33.505,0.385
2026-04-11,2026-04-11 03:00:19,325,277,95.232,1348.496,14526.0,11583.24,29849.389,3715.844,4,1,31.22,31.22,31.22,31.215,0.388
2026-04-11,2026-04-11 03:05:18,325,277,90.501,1148.071,14504.8,11665.406,29849.033,3721.874,4,1,31.22,31.22,31.22,31.215,0.391
2026-04-11,2026-04-11 03:10:17,325,277,70.144,1142.602,14580.0,11732.25,29848.292,3734.901,4,1,31.22,31.22,31.22,31.215,0.393
2026-04-11,2026-04-11 03:15:19,325,277,63.629,1235.604,14562.8,11813.95,29848.513,3767.368,4,2,28.5,28.505,28.505,28.5,0.396
2026-04-11,2026-04-11 03:20:17,325,277,48.845,1394.596,14557.0,11904.164,29848.304,3772.145,4,2,28.5,28.505,28.505,28.5,0.399
2026-04-11,2026-04-11 03:25:16,325,277,37.302,1387.113,14557.4,11994.736,29844.028,3791.802,4,2,28.5,28.505,28.505,28.5,0.402
2026-04-11,2026-04-11 03:30:18,325,277,71.089,1456.268,14543.5,12090.692,29843.399,3771.172,4,3,26.92,26.92,26.92,26.92,0.405
2026-04-11,2026-04-11 03:35:17,325,277,55.989,1465.931,14571.3,12197.342,29851.25,3809.117,4,3,26.92,26.92,26.92,26.92,0.409
2026-04-11,2026-04-11 03:40:17,325,277,31.125,1400.204,14543.6,12292.094,29847.701,3809.102,4,3,26.92,26.92,26.92,26.92,0.412
2026-04-11,2026-04-11 03:45:17,325,277,52.101,1314.107,14409.8,12278.37,29589.604,3826.142,4,4,27.92,27.92,27.92,27.92,0.415
2026-04-11,2026-04-11 03:50:20,325,276,29.743,1230.379,14518.1,12400.495,29850.496,3843.242,4,4,27.92,27.92,27.92,27.92,0.415
2026-04-11,2026-04-11 03:55:20,325,276,42.96,1102.356,14524.7,12476.649,29849.845,3852.117,4,4,27.92,27.92,27.92,27.92,0.418
2026-04-11,2026-04-11 04:00:20,325,276,180.522,1033.238,14523.3,12538.999,29852.348,3817.348,5,1,27.95,27.95,27.95,27.95,0.42
2026-04-11,2026-04-11 04:05:18,325,276,124.967,1011.893,14601.6,12603.798,29859.875,3778.907,5,1,27.95,27.95,27.95,27.95,0.422
2026-04-11,2026-04-11 04:10:18,325,276,121.089,992.157,14514.1,12659.845,29860.909,3813.082,5,1,27.95,27.95,27.95,27.95,0.424
2026-04-11,2026-04-11 04:15:19,325,276,120.682,1036.554,14507.4,12715.101,29857.144,3851.313,5,2,26.82,26.82,26.82,26.82,0.426
2026-04-11,2026-04-11 04:20:16,325,276,132.77,1127.654,14506.1,12778.456,29860.213,3869.017,5,2,26.82,26.82,26.82,26.82,0.428
2026-04-11,2026-04-11 04:25:17,325,276,148.983,1074.971,14556.2,12845.229,29859.646,3885.825,5,2,26.82,26.82,26.82,26.82,0.43
2026-04-11,2026-04-11 04:30:17,325,276,130.569,1036.65,14670.3,12910.242,29867.838,3839.676,5,3,25.1,25.1,25.1,25.1,0.432
2026-04-11,2026-04-11 04:35:18,325,276,137.011,950.596,14695.2,12964.212,29867.657,3854.079,5,3,25.1,25.1,25.1,25.1,0.434
2026-04-11,2026-04-11 04:40:15,325,276,211.656,1125.182,14780.0,13023.976,29869.262,3866.446,5,3,25.1,25.1,25.1,25.1,0.436
2026-04-11,2026-04-11 04:45:18,325,276,145.77,1102.833,15013.1,13086.537,29868.275,3902.522,5,4,24.6,24.6,24.6,24.6,0.438
2026-04-11,2026-04-11 04:50:17,325,276,151.833,968.752,15047.6,13151.904,29866.412,3889.787,5,4,24.6,24.6,24.6,24.6,0.44
2026-04-11,2026-04-11 04:55:18,325,276,309.58,866.22,15101.8,13198.726,29870.645,3918.062,5,4,24.6,24.6,24.6,24.6,0.442
2026-04-11,2026-04-11 05:00:20,325,276,403.935,837.184,15108.6,13230.256,29872.532,3992.669,6,1,26.54,26.54,26.54,26.545,0.443
2026-04-11,2026-04-11 05:05:18,325,276,160.804,453.222,15121.5,13240.693,29867.534,3996.348,6,1,26.54,26.54,26.54,26.545,0.443
2026-04-11,2026-04-11 05:10:18,325,276,240.095,457.418,15109.1,13248.916,29860.762,4067.305,6,1,26.54,26.54,26.54,26.545,0.444
2026-04-11,2026-04-11 05:15:18,325,276,397.482,634.854,15117.9,13260.736,29867.958,3993.12,6,2,27.32,27.32,27.32,27.315,0.444
2026-04-11,2026-04-11 05:20:16,325,276,490.16,592.496,15112.9,13272.014,29875.866,4033.278,6,2,27.32,27.32,27.32,27.315,0.444
2026-04-11,2026-04-11 05:25:17,325,276,416.431,308.547,15098.6,13263.478,29875.96,3992.302,6,2,27.32,27.32,27.32,27.315,0.444
2026-04-11,2026-04-11 05:30:18,325,276,486.45,225.815,15101.5,13235.347,29873.49,3986.746,6,3,29.95,29.95,29.95,29.95,0.443
2026-04-11,2026-04-11 05:35:18,325,276,486.85,216.513,15097.6,13205.669,29875.601,3973.144,6,3,29.95,29.95,29.95,29.95,0.442
2026-04-11,2026-04-11 05:40:18,325,276,638.24,465.363,15085.5,13177.064,29878.308,4005.871,6,3,29.95,29.95,29.95,29.95,0.441
2026-04-11,2026-04-11 05:45:18,325,276,594.424,460.709,15088.3,13153.805,29871.526,3995.471,6,4,29.75,29.75,29.75,29.75,0.44
2026-04-11,2026-04-11 05:50:17,325,276,428.274,284.009,15089.6,13132.086,29869.178,4013.78,6,4,29.75,29.75,29.75,29.75,0.44
2026-04-11,2026-04-11 05:55:18,325,276,806.152,214.265,15098.3,13085.168,29867.416,4009.262,6,4,29.75,29.75,29.75,29.75,0.438
2026-04-11,2026-04-11 06:00:22,325,277,1019.148,231.39,15185.3,13016.294,29865.402,3683.256,7,1,27.65,27.65,27.65,27.65,0.436
2026-04-11,2026-04-11 06:05:18,325,279,1641.279,336.117,15113.6,12921.093,29869.293,3640.618,7,1,27.65,27.65,27.65,27.65,0.433
2026-04-11,2026-04-11 06:10:18,325,279,1714.343,287.118,15151.5,12793.736,29868.342,3619.914,7,1,27.65,27.65,27.65,27.65,0.428
2026-04-11,2026-04-11 06:15:18,325,279,1695.795,79.59,15140.4,12663.366,29868.396,3593.859,7,2,29.56,29.57,29.575,29.57,0.424
2026-04-11,2026-04-11 06:20:18,325,279,1811.059,90.305,15164.9,12516.299,29865.778,3538.818,7,2,29.56,29.57,29.575,29.57,0.419
2026-04-11,2026-04-11 06:25:17,325,279,1947.913,74.778,15143.6,12357.651,29868.57,3583.473,7,2,29.56,29.57,29.575,29.57,0.414
2026-04-11,2026-04-11 06:30:18,325,279,2051.914,73.769,15145.4,12183.683,29867.962,3546.873,7,3,31.26,31.26,31.26,31.255,0.408
2026-04-11,2026-04-11 06:35:18,325,279,2189.033,44.863,15187.5,11998.899,29866.549,3538.095,7,3,31.26,31.26,31.26,31.255,0.402
2026-04-11,2026-04-11 06:40:18,325,279,2298.845,42.014,15143.4,11805.655,29870.972,3506.192,7,3,31.26,31.26,31.26,31.255,0.395
2026-04-11,2026-04-11 06:45:18,325,278,2497.982,47.601,15126.0,11595.274,29853.714,3483.805,7,4,35.38,35.38,35.38,35.385,0.388
2026-04-11,2026-04-11 06:50:17,325,278,2785.595,45.268,15157.6,11361.858,29849.503,3402.508,7,4,35.38,35.38,35.38,35.385,0.381
2026-04-11,2026-04-11 06:55:19,325,278,2945.92,130.098,15146.4,11098.678,29849.18,3364.552,7,4,35.38,35.38,35.38,35.385,0.372
2026-04-11,2026-04-11 07:00:20,325,277,3094.97,61.67,14928.3,10834.012,29851.042,3281.661,8,1,35.91,36.31,33.845,41.74,0.363
2026-04-11,2026-04-11 07:05:18,325,277,3361.873,45.817,14940.2,10509.574,29819.897,3277.346,8,1,35.91,36.31,33.845,41.74,0.352
2026-04-11,2026-04-11 07:10:18,325,277,3488.545,81.238,14862.8,10154.981,29771.32,3117.889,8,1,35.91,36.31,33.845,41.74,0.341
2026-04-11,2026-04-11 07:15:20,325,277,3665.968,180.949,14851.5,9842.156,29767.629,3184.012,8,2,35.1,35.52,32.895,41.355,0.331
2026-04-11,2026-04-11 07:20:18,325,277,3540.354,139.233,14655.2,9533.728,29759.708,3137.379,8,2,35.1,35.52,32.895,41.355,0.32
2026-04-11,2026-04-11 07:25:18,325,277,3290.27,216.968,14794.4,9233.672,29760.032,3121.349,8,2,35.1,35.52,32.895,41.355,0.31
2026-04-11,2026-04-11 07:30:17,325,277,3154.598,180.493,14686.0,8960.094,29759.208,3151.618,8,3,33.6,33.6,33.6,33.605,0.301
2026-04-11,2026-04-11 07:35:18,325,277,2985.151,75.137,14606.6,8675.258,29766.913,3136.519,8,3,33.6,33.6,33.6,33.605,0.291
2026-04-11,2026-04-11 07:40:17,325,277,2866.561,176.329,14552.5,8399.154,29761.258,3044.318,8,3,33.6,33.6,33.6,33.605,0.282
2026-04-11,2026-04-11 07:45:18,325,277,2664.61,73.647,14327.1,8150.488,29685.416,2960.963,8,4,32.2,32.2,32.2,32.2,0.275
2026-04-11,2026-04-11 07:50:16,325,277,2665.675,61.276,14165.2,7915.428,29742.429,2933.313,8,4,32.2,32.2,32.2,32.2,0.266
2026-04-11,2026-04-11 07:55:16,325,277,2263.634,80.168,14028.0,7698.346,29741.504,2944.589,8,4,32.2,32.2,32.2,32.2,0.259
2026-04-11,2026-04-11 08:00:18,325,277,2048.002,88.655,13975.8,7514.76,29740.607,3603.039,9,1,33.68,33.68,33.68,33.68,0.253
2026-04-11,2026-04-11 08:05:17,325,277,1996.628,47.486,13949.7,7341.15,29741.362,3598.539,9,1,33.68,33.68,33.68,33.68,0.247
2026-04-11,2026-04-11 08:10:16,325,277,1850.581,35.244,13872.7,7179.721,29740.954,3551.501,9,1,33.68,33.68,33.68,33.68,0.241
2026-04-11,2026-04-11 08:15:18,325,277,1556.878,56.634,13656.5,7031.287,29738.298,3586.117,9,2,32.03,32.025,32.035,32.02,0.236
2026-04-11,2026-04-11 08:20:18,325,277,1269.388,176.999,13574.4,6901.975,29728.784,3591.34,9,2,32.03,32.025,32.035,32.02,0.232
2026-04-11,2026-04-11 08:25:16,325,277,910.26,427.122,13532.4,6823.272,29734.321,3654.305,9,2,32.03,32.025,32.035,32.02,0.229
2026-04-11,2026-04-11 08:30:16,325,277,403.864,546.932,13498.3,6786.874,29733.855,3763.559,9,3,23.55,23.55,23.55,23.555,0.228
2026-04-11,2026-04-11 08:35:16,325,277,200.627,813.786,13494.3,6820.465,29753.6,3712.708,9,3,23.55,23.55,23.55,23.555,0.229
2026-04-11,2026-04-11 08:40:15,325,277,316.179,822.696,13449.0,6857.464,29757.806,3722.68,9,3,23.55,23.55,23.55,23.555,0.23
2026-04-11,2026-04-11 08:45:15,325,277,86.391,1252.269,13281.6,6916.728,29772.27,3623.016,9,4,18.93,18.925,18.925,18.925,0.232
2026-04-11,2026-04-11 08:50:15,325,277,113.243,1582.228,13259.4,7018.775,29760.508,3617.318,9,4,18.93,18.925,18.925,18.925,0.236
2026-04-11,2026-04-11 08:55:16,325,277,53.127,1921.318,13169.9,7151.548,29766.046,3683.549,9,4,18.93,18.925,18.925,18.925,0.24
2026-04-11,2026-04-11 09:00:17,325,277,171.653,1794.53,13119.7,7280.284,29768.727,4059.105,10,1,19.09,19.31,19.12,19.54,0.245
2026-04-11,2026-04-11 09:05:18,325,277,63.314,1781.567,13079.1,7398.967,29752.177,4112.966,10,1,19.09,19.31,19.12,19.54,0.249
2026-04-11,2026-04-11 09:10:17,325,277,76.193,1926.623,13299.2,7531.287,29748.863,4116.095,10,1,19.09,19.31,19.12,19.54,0.253
2026-04-11,2026-04-11 09:15:17,325,277,73.736,2034.46,13306.5,7681.827,29761.974,4206.326,10,2,19.13,19.36,19.16,19.59,0.258
2026-04-11,2026-04-11 09:20:16,325,277,65.243,2081.34,13410.5,7824.375,29765.71,4237.056,10,2,19.13,19.36,19.16,19.59,0.263
2026-04-11,2026-04-11 09:25:17,325,277,63.955,2675.873,13427.1,8011.088,29767.665,4282.101,10,2,19.13,19.36,19.16,19.59,0.269
2026-04-11,2026-04-11 09:30:16,325,277,58.423,3133.841,13272.4,8264.223,29764.948,4282.514,10,3,14.89,16.0,17.71,15.76,0.278
2026-04-11,2026-04-11 09:35:17,325,276,47.309,3537.71,13273.8,8516.197,29755.801,4279.426,10,3,14.89,16.0,17.71,15.76,0.286
2026-04-11,2026-04-11 09:40:16,325,276,37.55,3607.984,13427.4,8800.113,29742.785,4337.159,10,3,14.89,16.0,17.71,15.76,0.296
2026-04-11,2026-04-11 09:45:17,325,276,17.847,3204.229,13501.6,9086.63,29745.356,4346.123,10,4,12.69,16.375,24.725,14.16,0.305
2026-04-11,2026-04-11 09:50:16,325,276,154.644,3000.342,13589.1,9316.336,29739.983,4490.866,10,4,12.69,16.375,24.725,14.16,0.313
2026-04-11,2026-04-11 09:55:18,325,276,43.204,3156.922,13829.2,9549.846,29741.033,4559.395,10,4,12.69,16.375,24.725,14.16,0.321
2026-04-11,2026-04-11 10:00:18,325,276,38.519,3353.576,13933.5,9788.527,29747.776,4734.718,11,1,12.91,17.24,27.52,14.39,0.329
2026-04-11,2026-04-11 10:05:19,325,276,40.358,3867.495,14090.8,10052.411,29750.587,4776.003,11,1,12.91,17.24,27.52,14.39,0.338
2026-04-11,2026-04-11 10:10:17,325,276,38.21,3934.105,14396.7,10349.684,29749.242,4947.494,11,1,12.91,17.24,27.52,14.39,0.348
2026-04-11,2026-04-11 10:15:17,325,276,43.886,3939.002,14450.7,10662.522,29772.5,5013.915,11,2,12.95,17.855,29.86,14.5,0.358
2026-04-11,2026-04-11 10:20:16,325,276,40.443,4227.134,14644.2,11007.94,29798.826,5072.151,11,2,12.95,17.855,29.86,14.5,0.369
2026-04-11,2026-04-11 10:25:17,325,276,454.39,3828.291,14655.3,11309.752,29804.248,5116.496,11,2,12.95,17.855,29.86,14.5,0.379
2026-04-11,2026-04-11 10:30:17,325,276,149.746,3634.568,14809.3,11581.713,29806.195,5102.434,11,3,13.29,18.51,31.27,14.86,0.389
2026-04-11,2026-04-11 10:35:17,325,276,40.521,3882.92,14815.0,11856.341,29805.679,5178.93,11,3,13.29,18.51,31.27,14.86,0.398
2026-04-11,2026-04-11 10:40:17,325,276,40.162,4271.034,14826.7,12175.724,29820.285,5265.803,11,3,13.29,18.51,31.27,14.86,0.408
2026-04-11,2026-04-11 10:45:21,325,276,39.452,4388.148,14846.6,12516.494,29832.514,5324.802,11,4,11.87,16.66,28.39,13.23,0.42
2026-04-11,2026-04-11 10:50:17,325,276,199.995,4207.736,14864.1,12849.155,29829.006,5355.181,11,4,11.87,16.66,28.39,13.23,0.431
2026-04-11,2026-04-11 10:55:18,325,276,16.893,4343.164,14881.6,13168.965,29825.275,5362.281,11,4,11.87,16.66,28.39,13.23,0.442
2026-04-11,2026-04-11 11:00:19,325,277,801.556,3871.929,14894.4,13454.977,29824.567,5238.542,12,1,13.85,19.15,32.08,15.05,0.451
2026-04-11,2026-04-11 11:05:19,325,277,61.08,3719.874,15174.5,13688.329,29818.653,5235.062,12,1,13.85,19.15,32.08,15.05,0.459
2026-04-11,2026-04-11 11:10:18,325,277,5.187,4216.406,15435.8,13985.706,29807.9,5237.148,12,1,13.85,19.15,32.08,15.05,0.469
2026-04-11,2026-04-11 11:15:19,325,277,252.314,4284.444,15449.1,14305.125,29806.358,5237.274,12,2,13.92,20.11,32.58,13.005,0.48
2026-04-11,2026-04-11 11:20:17,325,277,2.924,4177.89,15455.0,14609.835,29804.79,5271.32,12,2,13.92,20.11,32.58,13.005,0.49
2026-04-11,2026-04-11 11:25:17,325,277,278.762,4158.393,15460.1,14923.664,29811.635,5342.22,12,2,13.92,20.11,32.58,13.005,0.501
2026-04-11,2026-04-11 11:30:17,325,277,3.151,4406.12,15453.0,15231.519,29810.642,5276.263,12,3,13.2,19.65,31.0,11.28,0.511
2026-04-11,2026-04-11 11:35:18,325,277,21.184,4390.118,15445.6,15568.09,29813.827,5280.706,12,3,13.2,19.65,31.0,11.28,0.522
2026-04-11,2026-04-11 11:40:17,325,277,35.88,4020.554,15459.1,15886.274,29820.794,5297.476,12,3,13.2,19.65,31.0,11.28,0.533
2026-04-11,2026-04-11 11:45:17,325,277,21.203,4484.716,15463.9,16197.923,29818.044,5358.162,12,4,11.72,16.7,27.47,11.715,0.543
2026-04-11,2026-04-11 11:50:18,325,277,45.121,4506.061,15472.1,16547.105,29824.62,5453.986,12,4,11.72,16.7,27.47,11.715,0.555
2026-04-11,2026-04-11 11:55:19,325,277,69.173,4462.628,15476.2,16890.46,29830.84,5471.3,12,4,11.72,16.7,27.47,11.715,0.566
2026-04-11,2026-04-11 12:00:19,325,277,395.943,4274.941,15508.6,17197.398,29827.863,5735.217,13,1,12.08,16.42,26.97,13.39,0.577
2026-04-11,2026-04-11 12:05:18,325,277,75.633,4124.62,15505.9,17477.75,29827.261,5726.459,13,1,12.08,16.42,26.97,13.39,0.586
2026-04-11,2026-04-11 12:10:18,325,277,35.752,4310.13,15648.6,17798.004,29827.745,5768.554,13,1,12.08,16.42,26.97,13.39,0.597
2026-04-11,2026-04-11 12:15:18,325,277,31.89,4323.153,15664.9,18140.084,29828.032,5590.766,13,2,11.82,16.325,26.82,13.22,0.608
2026-04-11,2026-04-11 12:20:17,325,277,17.256,4147.274,15656.7,18444.887,29833.021,5626.908,13,2,11.82,16.325,26.82,13.22,0.618
2026-04-11,2026-04-11 12:25:18,325,277,4.312,4410.185,15653.3,18762.01,29845.023,5691.455,13,2,11.82,16.325,26.82,13.22,0.629
2026-04-11,2026-04-11 12:30:17,325,277,4.504,4590.542,15675.9,19106.581,29859.574,5721.672,13,3,11.13,15.35,25.44,12.72,0.64
2026-04-11,2026-04-11 12:35:18,325,277,13.005,4424.762,15679.2,19444.888,29867.979,5675.152,13,3,11.13,15.35,25.44,12.72,0.651
2026-04-11,2026-04-11 12:40:18,325,277,26.551,4336.881,15683.2,19780.546,29869.779,5717.178,13,3,11.13,15.35,25.44,12.72,0.662
2026-04-11,2026-04-11 12:45:18,325,277,528.891,3524.535,15679.5,20059.254,29879.145,5791.228,13,4,13.31,18.84,25.915,15.09,0.671
2026-04-11,2026-04-11 12:50:18,325,277,251.369,3264.995,15673.2,20264.341,29892.391,5871.206,13,4,13.31,18.84,25.915,15.09,0.678
2026-04-11,2026-04-11 12:55:18,325,277,15.04,3522.097,15605.1,20385.412,29889.12,5902.7,13,4,13.31,18.84,25.915,15.09,0.682
2026-04-11,2026-04-11 13:00:20,325,277,11.397,3667.655,15678.8,20771.891,29888.23,5838.773,14,1,11.33,16.01,21.895,13.71,0.695
2026-04-11,2026-04-11 13:05:18,325,277,9.992,3766.207,15691.4,21049.605,29888.534,5848.574,14,1,11.33,16.01,21.895,13.71,0.704
2026-04-11,2026-04-11 13:10:18,325,277,2.479,3733.663,15707.7,21324.928,29882.851,5930.019,14,1,11.33,16.01,21.895,13.71,0.714
2026-04-11,2026-04-11 13:15:18,325,277,6.387,3786.258,15724.0,21619.577,29888.288,5962.037,14,2,9.27,13.57,18.52,7.47,0.723
2026-04-11,2026-04-11 13:20:17,325,277,5.644,3702.155,15689.0,21900.468,29890.206,6020.973,14,2,9.27,13.57,18.52,7.47,0.733
2026-04-11,2026-04-11 13:25:18,325,277,0.883,3246.662,15664.3,22154.466,29898.109,5973.847,14,2,9.27,13.57,18.52,7.47,0.741
2026-04-11,2026-04-11 13:30:18,325,277,1.572,3437.319,15674.5,22390.63,29889.561,5988.871,14,3,8.67,12.93,17.76,4.94,0.749
2026-04-11,2026-04-11 13:35:18,325,277,31.842,3038.508,15715.9,22627.367,29886.252,6052.267,14,3,8.67,12.93,17.76,4.94,0.757
2026-04-11,2026-04-11 13:40:17,325,277,447.343,2441.758,15730.5,22798.205,29885.361,6089.952,14,3,8.67,12.93,17.76,4.94,0.763
2026-04-11,2026-04-11 13:45:18,325,277,1.885,2446.463,15726.2,22948.068,29885.497,6037.889,14,4,8.42,12.38,17.01,5.13,0.768
2026-04-11,2026-04-11 13:50:18,325,277,4.451,2723.249,15730.1,23227.102,29971.389,6072.628,14,4,8.42,12.38,17.01,5.13,0.775
2026-04-11,2026-04-11 13:55:19,325,277,95.909,2350.991,15713.3,23409.678,29959.672,6098.433,14,4,8.42,12.38,17.01,5.13,0.781
2026-04-11,2026-04-11 14:00:19,325,277,1.277,2553.392,15703.9,23589.642,29962.332,6276.099,15,1,6.91,16.365,9.96,4.52,0.787
2026-04-11,2026-04-11 14:05:20,325,277,414.176,2061.442,15703.5,23727.816,29949.513,6214.987,15,1,6.91,16.365,9.96,4.52,0.792
2026-04-11,2026-04-11 14:10:20,325,277,64.0,1800.854,15687.4,23855.091,29953.898,6075.482,15,1,6.91,16.365,9.96,4.52,0.796
2026-04-11,2026-04-11 14:15:21,325,277,221.36,1851.163,15683.7,23981.377,29943.102,6088.14,15,2,7.26,26.83,8.435,4.35,0.801
2026-04-11,2026-04-11 14:20:18,325,277,133.133,2521.487,15727.5,24117.199,29926.01,6143.915,15,2,7.26,26.83,8.435,4.35,0.806
2026-04-11,2026-04-11 14:25:19,325,277,102.454,2165.546,15864.1,24296.97,29929.904,6106.515,15,2,7.26,26.83,8.435,4.35,0.812
2026-04-11,2026-04-11 14:30:19,325,277,264.656,1763.273,15862.5,24426.613,29928.972,6103.245,15,3,8.79,28.3,11.43,6.265,0.816
2026-04-11,2026-04-11 14:35:21,325,277,413.879,1748.462,15875.0,24523.9,29928.904,6116.15,15,3,8.79,28.3,11.43,6.265,0.819
2026-04-11,2026-04-11 14:40:18,325,277,66.732,1823.287,15882.7,24631.851,29928.358,6181.207,15,3,8.79,28.3,11.43,6.265,0.823
2026-04-11,2026-04-11 14:45:21,325,277,160.893,1651.784,15878.9,24747.691,29928.292,6319.748,15,4,10.01,30.75,14.865,5.82,0.827
2026-04-11,2026-04-11 14:50:17,325,277,438.888,1515.681,15758.4,24841.986,29925.06,6335.717,15,4,10.01,30.75,14.865,5.82,0.83
2026-04-11,2026-04-11 14:55:18,325,277,557.13,1267.591,15763.3,24769.431,29926.173,6332.13,15,4,10.01,30.75,14.865,5.82,0.828
2026-04-11,2026-04-11 15:00:20,325,277,76.544,1407.449,15798.6,24831.912,29925.056,6329.239,16,1,9.05,29.97,11.92,5.71,0.83
2026-04-11,2026-04-11 15:05:19,325,277,29.172,1633.671,15809.6,24921.69,29928.03,6344.812,16,1,9.05,29.97,11.92,5.71,0.833
2026-04-11,2026-04-11 15:08:24,325,277,35.318,1646.815,15807.3,24965.998,29889.089,6345.373,16,1,9.05,29.97,11.92,5.71,0.835
2026-04-11,2026-04-11 15:10:18,325,277,38.851,1589.576,15929.4,25011.051,29893.404,6324.152,16,1,9.05,29.97,11.92,5.71,0.837
2026-04-11,2026-04-11 15:15:19,325,277,151.354,1154.887,15911.2,25125.067,29920.42,6320.316,16,2,8.97,27.77,16.04,4.44,0.84
2026-04-11,2026-04-11 15:20:18,325,277,23.055,1254.872,15877.1,25202.68,29922.204,6413.886,16,2,8.97,27.77,16.04,4.44,0.842
2026-04-11,2026-04-11 15:25:18,325,277,291.235,949.211,15866.5,25264.598,29922.983,6433.407,16,2,8.97,27.77,16.04,4.44,0.844
2026-04-11,2026-04-11 15:30:18,325,277,714.209,847.232,15899.9,25266.092,29920.958,6371.554,16,3,10.99,22.71,24.955,5.88,0.844
2026-04-11,2026-04-11 15:35:18,325,277,109.666,1134.369,15898.0,25303.582,29922.21,6385.22,16,3,10.99,22.71,24.955,5.88,0.846
2026-04-11,2026-04-11 15:40:18,325,277,18.564,1090.851,15911.4,25366.823,29920.948,6407.409,16,3,10.99,22.71,24.955,5.88,0.848
2026-04-11,2026-04-11 15:45:18,325,277,17.4,1385.942,15917.4,25446.324,29920.816,6362.727,16,4,9.42,19.06,20.15,4.45,0.85
2026-04-11,2026-04-11 15:50:18,325,277,81.911,1209.845,15919.5,25542.209,29918.359,6374.63,16,4,9.42,19.06,20.15,4.45,0.854
2026-04-11,2026-04-11 15:55:18,325,277,322.697,787.549,15916.8,25606.422,29921.89,6387.002,16,4,9.42,19.06,20.15,4.45,0.856
2026-04-11,2026-04-11 15:57:33,325,277,375.118,755.819,15921.2,25613.924,29922.414,6390.817,16,4,9.42,19.06,20.15,4.45,0.856
2026-04-11,2026-04-11 16:00:20,325,278,401.797,714.217,16116.8,25618.848,29917.165,6759.082,17,1,11.19,18.68,25.16,5.61,0.856
2026-04-11,2026-04-11 16:02:19,325,278,616.983,679.3,16109.4,25618.719,29917.222,6742.374,17,1,11.19,18.68,25.16,5.61,0.856
2026-04-11,2026-04-11 16:05:20,325,278,358.96,781.054,16107.5,25616.637,29916.911,6660.611,17,1,11.19,18.68,25.16,5.61,0.856
2026-04-11,2026-04-11 16:07:19,325,278,72.463,987.58,16112.3,25634.606,29918.495,6643.785,17,1,11.19,18.68,25.16,5.61,0.857
2026-04-11,2026-04-11 16:10:18,325,278,87.046,1027.31,16110.1,25678.769,29921.144,6706.192,17,1,11.19,18.68,25.16,5.61,0.858
2026-04-11,2026-04-11 16:15:20,325,278,444.097,833.564,16105.5,25703.237,29908.16,6681.492,17,2,19.36,26.42,41.41,12.77,0.859
2026-04-11,2026-04-11 16:17:35,325,278,723.98,738.269,16104.9,25705.31,29908.306,6664.255,17,2,19.36,26.42,41.41,12.77,0.859
2026-04-11,2026-04-11 16:20:19,325,277,942.715,723.731,16110.7,25686.657,29907.788,6495.633,17,2,19.36,26.42,41.41,12.77,0.859
2026-04-11,2026-04-11 16:22:47,325,278,965.075,784.369,16118.2,25667.25,29906.369,6535.862,17,2,19.36,26.42,41.41,12.77,0.858
2026-04-11,2026-04-11 16:25:18,325,278,612.469,928.32,16123.7,25663.351,29907.349,6692.872,17,2,19.36,26.42,41.41,12.77,0.858
2026-04-11,2026-04-11 16:30:18,325,278,41.344,1628.778,16116.1,25711.311,29891.138,6675.827,17,3,10.24,16.555,16.92,6.98,0.86
2026-04-11,2026-04-11 16:35:18,325,278,17.9,1577.137,16116.2,25835.851,29894.714,6647.572,17,3,10.24,16.555,16.92,6.98,0.864
2026-04-11,2026-04-11 16:40:18,325,278,0.83,1299.523,16109.3,25943.074,29895.006,6736.578,17,3,10.24,16.555,16.92,6.98,0.868
2026-04-11,2026-04-11 16:45:18,325,278,0.99,1132.643,16099.2,26020.722,29895.164,6674.215,17,4,12.67,20.45,20.735,9.165,0.87
2026-04-11,2026-04-11 16:50:18,325,278,53.25,728.127,16096.1,26094.534,29902.18,6664.731,17,4,12.67,20.45,20.735,9.165,0.873
2026-04-11,2026-04-11 16:53:31,325,278,498.56,539.497,16104.6,26106.367,29904.341,6665.904,17,4,12.67,20.45,20.735,9.165,0.873
2026-04-11,2026-04-11 16:55:18,325,278,665.812,512.545,16105.7,26099.011,29906.023,6664.601,17,4,12.67,20.45,20.735,9.165,0.873
2026-04-11,2026-04-11 17:00:23,325,278,131.965,829.664,16130.8,26114.372,29920.186,6236.607,18,1,13.37,21.88,24.22,8.76,0.873
2026-04-11,2026-04-11 17:05:21,325,278,60.773,1000.406,16130.7,26174.454,29922.299,6122.929,18,1,13.37,21.88,24.22,8.76,0.875
2026-04-11,2026-04-11 17:10:20,325,278,69.878,574.034,16127.8,26220.787,29927.114,6114.078,18,1,13.37,21.88,24.22,8.76,0.876
2026-04-11,2026-04-11 17:15:21,325,278,19.896,916.885,16128.6,26254.989,29923.907,6256.005,18,2,13.33,19.97,16.05,9.805,0.877
2026-04-11,2026-04-11 17:20:17,325,278,1.168,886.475,16130.9,26311.555,29924.196,6225.783,18,2,13.33,19.97,16.05,9.805,0.879
2026-04-11,2026-04-11 17:25:21,325,278,138.428,524.04,16121.3,26333.277,29884.696,6257.799,18,2,13.33,19.97,16.05,9.805,0.881
2026-04-11,2026-04-11 17:30:21,325,278,626.137,304.392,16127.9,26305.53,29858.166,6289.745,18,3,29.53,35.66,36.815,19.1,0.881
2026-04-11,2026-04-11 17:32:56,325,278,869.054,287.329,16117.8,26248.114,29790.812,6281.603,18,3,29.53,35.66,36.815,19.1,0.881
2026-04-11,2026-04-11 17:35:21,325,278,779.0,327.376,16101.5,26194.67,29757.051,6276.626,18,3,29.53,35.66,36.815,19.1,0.88
2026-04-11,2026-04-11 17:40:18,325,278,442.481,504.857,16067.2,26098.239,29624.91,6290.725,18,3,29.53,35.66,36.815,19.1,0.881
2026-04-11,2026-04-11 17:45:20,325,278,303.366,434.085,16044.2,26059.537,29540.338,6231.036,18,4,27.45,30.685,31.765,18.775,0.882
2026-04-11,2026-04-11 17:50:17,325,278,284.054,298.0,16042.8,26065.451,29539.673,6303.233,18,4,27.45,30.685,31.765,18.775,0.882
2026-04-11,2026-04-11 17:52:48,325,278,675.046,184.809,16038.2,26045.988,29539.477,6241.85,18,4,27.45,30.685,31.765,18.775,0.882
2026-04-11,2026-04-11 17:55:21,325,278,979.428,164.992,16028.6,25982.094,29476.823,6061.638,18,4,27.45,30.685,31.765,18.775,0.881
2026-04-11,2026-04-11 18:00:23,325,278,1001.149,380.772,15983.5,25851.753,29353.854,5626.101,19,1,36.03,35.56,33.565,21.36,0.881
2026-04-11,2026-04-11 18:05:23,325,278,682.062,289.194,15965.1,25765.529,29305.974,5740.7,19,1,36.03,35.56,33.565,21.36,0.879
2026-04-11,2026-04-11 18:10:27,325,278,1221.492,172.892,15972.9,25687.728,29307.882,5661.105,19,1,36.03,35.56,33.565,21.36,0.876
2026-04-11,2026-04-11 18:15:24,325,278,1234.556,144.263,15972.0,25581.607,29283.022,5703.72,19,2,57.13,56.62,55.0,35.95,0.874
2026-04-11,2026-04-11 18:17:50,325,278,1995.698,66.956,15967.8,25489.252,29250.262,5514.956,19,2,57.13,56.62,55.0,35.95,0.871
2026-04-11,2026-04-11 18:20:22,325,278,2402.982,64.209,15962.4,25372.061,29222.225,5401.27,19,2,57.13,56.62,55.0,35.95,0.868
2026-04-11,2026-04-11 18:25:24,325,278,2654.748,183.672,15941.2,25106.018,29124.033,5515.842,19,2,57.13,56.62,55.0,35.95,0.862
2026-04-11,2026-04-11 18:30:18,325,278,2291.151,277.217,15941.4,24892.812,29119.434,5530.697,19,3,55.52,55.725,55.505,38.305,0.855
2026-04-11,2026-04-11 18:35:19,325,278,2322.214,80.767,15947.8,24722.427,29125.114,5544.453,19,3,55.52,55.725,55.505,38.305,0.849
2026-04-11,2026-04-11 18:40:22,325,278,2727.126,94.016,15830.3,24322.445,29097.58,5541.377,19,3,55.52,55.725,55.505,38.305,0.836
2026-04-11,2026-04-11 18:45:23,325,278,2703.778,160.25,15830.9,24080.728,29086.452,5553.916,19,4,56.74,57.42,57.82,42.07,0.828
2026-04-11,2026-04-11 18:50:21,325,278,2602.771,113.235,15827.3,23837.95,29066.323,5556.398,19,4,56.74,57.42,57.82,42.07,0.82
2026-04-11,2026-04-11 18:55:24,325,278,2503.118,154.717,15726.0,23600.454,29036.707,5609.94,19,4,56.74,57.42,57.82,42.07,0.813
2026-04-11,2026-04-11 19:00:23,325,278,2484.102,136.372,15867.0,23383.095,28997.101,5315.816,20,1,51.84,52.61,53.415,37.215,0.806
2026-04-11,2026-04-11 19:05:26,325,276,2902.178,174.42,15872.6,23184.791,28982.706,5224.025,20,1,51.84,52.61,53.415,37.215,0.8
2026-04-11,2026-04-11 19:10:22,325,275,3403.199,197.315,15863.7,22918.131,28971.053,5098.917,20,1,51.84,52.61,53.415,37.215,0.791
2026-04-11,2026-04-11 19:15:23,325,275,4059.006,146.054,15860.2,22620.308,28955.734,4922.113,20,2,56.75,57.67,58.71,41.52,0.781
2026-04-11,2026-04-11 19:20:23,325,275,4019.058,121.072,15809.1,22275.71,28948.264,4876.215,20,2,56.75,57.67,58.71,41.52,0.77
2026-04-11,2026-04-11 19:25:20,325,275,4023.014,140.176,15797.9,21939.489,28948.731,4815.962,20,2,56.75,57.67,58.71,41.52,0.758
2026-04-11,2026-04-11 19:30:24,325,275,3892.859,140.774,15766.4,21599.462,28958.589,4778.74,20,3,55.53,56.43,57.41,41.04,0.746
2026-04-11,2026-04-11 19:35:25,325,275,4093.476,131.684,15721.2,21266.919,29097.62,4774.92,20,3,55.53,56.43,57.41,41.04,0.731
2026-04-11,2026-04-11 19:40:23,325,275,4303.232,122.507,15700.5,20892.096,29053.412,4738.975,20,3,55.53,56.43,57.41,41.04,0.719
2026-04-11,2026-04-11 19:45:24,325,275,4386.532,115.925,15695.7,20518.439,29041.838,4503.76,20,4,57.18,58.08,59.07,42.54,0.707
2026-04-11,2026-04-11 19:50:19,325,275,4617.156,244.997,15659.9,20140.668,29039.271,4421.067,20,4,57.18,58.08,59.07,42.54,0.694
2026-04-11,2026-04-11 19:55:21,325,275,4625.81,194.43,15667.0,19832.928,29220.487,4512.198,20,4,57.18,58.08,59.07,42.54,0.679
2026-04-11,2026-04-11 20:00:22,325,275,4553.471,100.728,15879.7,19734.29,29807.234,4341.569,21,1,53.62,54.2,54.655,41.79,0.662
2026-04-11,2026-04-11 20:05:22,325,275,4909.55,168.068,15866.2,18953.029,29067.359,4205.808,21,1,53.62,54.2,54.655,41.79,0.652
2026-04-11,2026-04-11 20:10:19,325,275,4704.652,27.241,15680.0,18558.649,29076.021,4163.347,21,1,53.62,54.2,54.655,41.79,0.638
2026-04-11,2026-04-11 20:15:20,325,275,4780.715,19.339,15664.1,18130.529,29050.256,4185.287,21,2,55.65,56.42,57.18,43.03,0.624
2026-04-11,2026-04-11 20:20:20,325,275,4784.922,76.661,15642.3,17720.382,29038.417,4144.248,21,2,55.65,56.42,57.18,43.03,0.61
2026-04-11,2026-04-11 20:25:24,325,276,4730.336,30.492,15669.0,17321.092,29048.346,4107.973,21,2,55.65,56.42,57.18,43.03,0.596
2026-04-11,2026-04-11 20:30:23,325,276,5094.336,16.405,15637.0,16922.087,29041.976,4100.727,21,3,61.42,62.3,63.195,46.925,0.583
2026-04-11,2026-04-11 20:35:23,325,276,5221.979,21.555,15593.7,16500.705,29035.236,4033.117,21,3,61.42,62.3,63.195,46.925,0.568
2026-04-11,2026-04-11 20:40:20,325,276,5219.673,21.002,15554.5,16054.185,29037.152,4014.342,21,3,61.42,62.3,63.195,46.925,0.553
2026-04-11,2026-04-11 20:45:20,325,276,5268.643,21.238,15501.9,15802.305,29040.361,3846.2,21,4,65.36,66.27,67.365,49.91,0.544
2026-04-11,2026-04-11 20:50:22,325,276,5252.152,56.173,15569.3,15377.554,29031.953,3814.937,21,4,65.36,66.27,67.365,49.91,0.53
2026-04-11,2026-04-11 20:55:20,325,276,5018.317,124.223,15609.4,14954.849,29037.53,3773.581,21,4,65.36,66.27,67.365,49.91,0.515
2026-04-11,2026-04-11 21:00:24,325,276,4857.99,51.029,15552.6,14534.288,29036.071,3545.511,22,1,64.41,65.07,65.925,48.15,0.501
2026-04-11,2026-04-11 21:05:27,325,276,4965.241,45.094,15523.8,14123.5,29028.138,3498.238,22,1,64.41,65.07,65.925,48.15,0.487
2026-04-11,2026-04-11 21:10:23,325,278,4884.189,49.655,15677.1,13697.394,29030.193,3506.606,22,1,64.41,65.07,65.925,48.15,0.472
2026-04-11,2026-04-11 21:15:25,325,278,4991.902,28.692,15658.3,13265.375,29028.449,3460.152,22,2,62.79,63.17,63.64,46.81,0.457
2026-04-11,2026-04-11 21:20:22,325,278,4995.759,28.954,15631.5,12827.81,29028.623,3454.897,22,2,62.79,63.17,63.64,46.81,0.442
2026-04-11,2026-04-11 21:25:22,325,278,4925.179,27.666,15603.5,12399.444,29029.509,3463.624,22,2,62.79,63.17,63.64,46.81,0.427
2026-04-11,2026-04-11 21:30:18,325,278,4749.527,74.015,15496.0,11984.16,29040.5,3465.413,22,3,61.81,62.36,63.08,45.43,0.413
2026-04-11,2026-04-11 21:35:19,325,278,4430.285,59.385,15449.0,11584.986,29038.742,3447.2,22,3,61.81,62.36,63.08,45.43,0.399
2026-04-11,2026-04-11 21:40:20,325,278,4060.601,31.297,15209.5,11157.852,29038.911,3409.775,22,3,61.81,62.36,63.08,45.43,0.384
2026-04-11,2026-04-11 21:45:20,325,278,3829.754,46.546,15191.1,10832.627,29038.648,3353.527,22,4,60.22,60.73,61.36,42.98,0.373
2026-04-11,2026-04-11 21:50:20,325,278,3912.378,90.507,15155.8,10502.448,29037.627,3312.83,22,4,60.22,60.73,61.36,42.98,0.362
2026-04-11,2026-04-11 21:55:20,325,278,3759.962,50.248,15112.2,10172.296,29036.006,3267.186,22,4,60.22,60.73,61.36,42.98,0.35
2026-04-11,2026-04-11 22:00:21,325,278,3674.714,52.551,14884.6,9835.049,29022.149,3199.156,23,1,64.46,64.225,63.685,48.045,0.339
2026-04-11,2026-04-11 22:05:21,325,276,3876.769,125.426,14687.8,9466.672,28977.24,3186.616,23,1,64.46,64.225,63.685,48.045,0.327
2026-04-11,2026-04-11 22:10:19,325,276,3897.097,97.348,14549.0,9128.991,28985.387,3118.93,23,1,64.46,64.225,63.685,48.045,0.315
2026-04-11,2026-04-11 22:15:20,325,276,3863.12,54.866,14497.5,8793.74,28981.33,3041.212,23,2,78.59,78.035,76.98,58.605,0.303
2026-04-11,2026-04-11 22:20:19,325,276,3902.366,52.363,14244.1,8447.175,28979.912,2959.503,23,2,78.59,78.035,76.98,58.605,0.291
2026-04-11,2026-04-11 22:25:18,325,276,3708.955,34.876,13902.6,8112.302,28973.184,2922.254,23,2,78.59,78.035,76.98,58.605,0.28
2026-04-11,2026-04-11 22:30:19,325,276,3667.776,37.266,13854.2,7791.335,28980.397,2924.87,23,3,102.54,103.16,103.805,75.85,0.269
2026-04-11,2026-04-11 22:35:19,325,276,3695.908,44.944,13673.9,7467.117,28970.815,2915.863,23,3,102.54,103.16,103.805,75.85,0.258
2026-04-11,2026-04-11 22:40:19,325,276,3506.886,47.067,13516.2,7139.867,28963.991,2874.366,23,3,102.54,103.16,103.805,75.85,0.247
2026-04-11,2026-04-11 22:45:21,325,276,3469.156,49.179,13507.9,6824.952,28955.489,2755.686,23,4,154.5,156.335,158.705,116.07,0.236
2026-04-11,2026-04-11 22:50:20,325,276,3386.507,81.452,13409.8,6531.067,28947.615,2764.198,23,4,154.5,156.335,158.705,116.07,0.226
2026-04-11,2026-04-11 22:55:19,325,276,3317.435,48.761,13357.8,6237.958,28918.383,2773.537,23,4,154.5,156.335,158.705,116.07,0.216
2026-04-11,2026-04-11 23:00:21,325,276,3222.108,110.793,13214.4,5961.255,28903.776,2571.535,24,1,306.65,310.885,317.375,222.175,0.206
2026-04-11,2026-04-11 23:05:20,325,276,2925.242,147.19,13122.3,5691.1,28882.563,2566.922,24,1,306.65,310.885,317.375,222.175,0.197
2026-04-11,2026-04-11 23:10:20,325,276,2374.632,260.578,12916.0,5457.431,28895.748,2587.9,24,1,306.65,310.885,317.375,222.175,0.189
2026-04-11,2026-04-11 23:15:20,325,276,1856.876,448.613,12829.7,5281.422,28891.834,2628.871,24,2,226.75,230.055,234.445,166.225,0.183
2026-04-11,2026-04-11 23:20:17,325,276,1407.885,362.408,12867.4,5155.381,28898.78,2606.204,24,2,226.75,230.055,234.445,166.225,0.178
2026-04-11,2026-04-11 23:25:19,325,276,1722.974,546.581,12882.0,5047.718,28914.136,2595.908,24,2,226.75,230.055,234.445,166.225,0.175
2026-04-11,2026-04-11 23:30:19,325,276,1347.591,477.697,12702.5,4941.116,28909.141,2637.817,24,3,169.45,171.8,174.925,126.385,0.171
2026-04-11,2026-04-11 23:35:17,325,276,1133.605,493.675,12753.6,4865.753,28798.521,2661.354,24,3,169.45,171.8,174.925,126.385,0.169
2026-04-11,2026-04-11 23:40:18,325,276,962.78,511.132,12774.8,4770.078,28780.458,2657.072,24,3,169.45,171.8,174.925,126.385,0.166
2026-04-11,2026-04-11 23:45:18,325,276,825.669,477.008,12732.8,4719.08,28768.075,2632.573,24,4,127.29,129.125,131.555,93.145,0.164
2026-04-11,2026-04-11 23:50:19,325,276,577.94,427.792,12683.5,4685.1,28759.94,2633.656,24,4,127.29,129.125,131.555,93.145,0.163
2026-04-11,2026-04-11 23:55:22,325,276,572.402,663.834,12482.9,4663.983,28718.893,2635.909,24,4,127.29,129.125,131.555,93.145,0.162
2026-04-24,2026-04-24 00:00:21,325,279,162.382,1656.483,14799.4,17180.881,29519.73,4919.662,1,1,17.87,26.65,15.54,27.03,0.582
2026-04-24,2026-04-24 00:05:19,325,279,168.164,1923.682,14878.6,17289.375,29503.472,4848.322,1,1,17.87,26.65,15.54,27.03,0.586
2026-04-24,2026-04-24 00:10:17,325,279,149.41,2091.5,15002.5,17421.636,29497.954,4835.767,1,1,17.87,26.65,15.54,27.03,0.591
2026-04-24,2026-04-24 00:15:17,325,279,148.925,1780.512,15211.6,17540.834,29496.881,4825.093,1,2,17.35,26.36,14.72,27.38,0.595
2026-04-24,2026-04-24 00:20:21,325,279,128.671,1710.059,15209.2,17657.221,29497.858,4808.265,1,2,17.35,26.36,14.72,27.38,0.599
2026-04-24,2026-04-24 00:25:19,325,279,119.573,1808.859,15350.0,17778.48,29494.054,4752.951,1,2,17.35,26.36,14.72,27.38,0.603
2026-04-24,2026-04-24 00:30:20,325,279,68.888,1727.56,15350.4,17904.401,29496.985,4768.896,1,3,17.16,25.84,14.51,27.025,0.607
2026-04-24,2026-04-24 00:35:20,325,279,70.172,1865.832,15350.7,18035.937,29495.977,4766.61,1,3,17.16,25.84,14.51,27.025,0.611
2026-04-24,2026-04-24 00:40:21,325,279,122.414,1752.478,15335.3,18158.945,29495.884,4692.298,1,3,17.16,25.84,14.51,27.025,0.616
2026-04-24,2026-04-24 00:45:22,325,279,76.539,1874.492,15282.8,18276.542,29455.027,4648.535,1,4,16.86,25.37,14.32,26.465,0.62
2026-04-24,2026-04-24 00:50:21,325,278,80.808,1713.926,15218.6,18400.804,29454.804,4716.304,1,4,16.86,25.37,14.32,26.465,0.625
2026-04-24,2026-04-24 00:55:17,325,278,2.907,1765.095,15221.4,18528.06,29462.459,4718.277,1,4,16.86,25.37,14.32,26.465,0.629
2026-04-24,2026-04-24 01:00:24,325,278,7.718,1692.517,15214.9,18656.051,29465.717,5179.618,2,1,16.82,25.21,14.32,26.25,0.633
2026-04-24,2026-04-24 01:05:17,325,278,30.968,1697.776,15216.3,18778.508,29466.252,5154.98,2,1,16.82,25.21,14.32,26.25,0.637
2026-04-24,2026-04-24 01:10:18,325,278,5.544,1667.196,15213.8,18891.139,29449.776,5089.342,2,1,16.82,25.21,14.32,26.25,0.641
2026-04-24,2026-04-24 01:15:18,325,278,1.022,1762.756,15220.1,19014.377,29453.183,5105.147,2,2,16.59,24.95,14.08,26.06,0.646
2026-04-24,2026-04-24 01:20:19,325,278,3.387,1893.568,15205.9,19150.731,29452.168,5050.012,2,2,16.59,24.95,14.08,26.06,0.65
2026-04-24,2026-04-24 01:25:17,325,278,9.951,1861.04,15223.3,19290.39,29452.873,4993.608,2,2,16.59,24.95,14.08,26.06,0.655
2026-04-24,2026-04-24 01:30:18,325,279,2.081,1719.09,15239.6,19417.209,29452.321,5009.318,2,3,16.4,24.3,13.94,25.4,0.659
2026-04-24,2026-04-24 01:35:17,325,279,2.266,1803.836,15234.3,19534.94,29439.618,5041.783,2,3,16.4,24.3,13.94,25.4,0.664
2026-04-24,2026-04-24 01:40:17,325,279,10.145,1758.256,15227.0,19672.824,29440.094,5044.801,2,3,16.4,24.3,13.94,25.4,0.668
2026-04-24,2026-04-24 01:45:17,325,279,27.734,1777.656,15233.3,19804.208,29438.249,5054.782,2,4,16.74,23.87,14.33,24.97,0.673
2026-04-24,2026-04-24 01:50:17,325,279,70.138,1770.874,15467.3,19931.785,29439.064,5195.308,2,4,16.74,23.87,14.33,24.97,0.677
2026-04-24,2026-04-24 01:55:17,325,279,18.505,1790.842,15522.6,20158.569,29576.946,5165.571,2,4,16.74,23.87,14.33,24.97,0.682
2026-04-24,2026-04-24 02:00:21,325,279,14.399,1744.59,15525.5,20290.4,29577.521,5294.227,3,1,16.65,24.115,14.3,25.23,0.686
2026-04-24,2026-04-24 02:05:20,325,279,116.707,1795.671,15511.3,20422.426,29593.176,5142.468,3,1,16.65,24.115,14.3,25.23,0.69
2026-04-24,2026-04-24 02:10:19,325,279,123.954,1956.916,15527.3,20560.436,29594.58,5149.857,3,1,16.65,24.115,14.3,25.23,0.695
2026-04-24,2026-04-24 02:15:18,325,279,120.376,1952.886,15529.2,20697.671,29592.215,5454.502,3,2,16.17,23.12,13.9,24.15,0.699
2026-04-24,2026-04-24 02:20:21,325,279,120.572,1923.187,15537.8,20839.094,29601.006,5466.222,3,2,16.17,23.12,13.9,24.15,0.704
2026-04-24,2026-04-24 02:25:19,325,279,97.373,1965.677,15510.2,20978.936,29599.469,5472.123,3,2,16.17,23.12,13.9,24.15,0.709
2026-04-24,2026-04-24 02:30:18,325,279,126.565,1824.143,15528.4,21116.457,29600.287,5493.882,3,3,16.48,23.39,14.05,24.52,0.713
2026-04-24,2026-04-24 02:35:17,325,280,257.785,1731.797,15554.0,21234.19,29597.259,5521.398,3,3,16.48,23.39,14.05,24.52,0.717
2026-04-24,2026-04-24 02:40:17,325,280,177.013,1687.506,15547.7,21351.775,29598.295,5467.943,3,3,16.48,23.39,14.05,24.52,0.721
2026-04-24,2026-04-24 02:45:17,325,280,205.317,1722.45,15575.7,21466.887,29597.321,5563.829,3,4,16.93,23.97,14.41,25.12,0.725
2026-04-24,2026-04-24 02:50:17,325,280,134.38,1714.126,15571.6,21583.546,29598.889,5516.922,3,4,16.93,23.97,14.41,25.12,0.729
2026-04-24,2026-04-24 02:55:16,325,280,249.144,1771.326,15553.9,21691.748,29585.917,5707.835,3,4,16.93,23.97,14.41,25.12,0.733
2026-04-24,2026-04-24 03:00:20,325,280,268.256,1744.426,15532.0,21796.353,29578.859,5727.34,4,1,18.27,25.65,15.74,26.87,0.737
2026-04-24,2026-04-24 03:05:17,325,280,104.865,1629.162,15544.4,21905.891,29588.871,5744.915,4,1,18.27,25.65,15.74,26.87,0.74
2026-04-24,2026-04-24 03:10:18,325,280,60.523,1899.617,15530.0,22029.074,29590.944,5722.056,4,1,18.27,25.65,15.74,26.87,0.744
2026-04-24,2026-04-24 03:15:17,325,280,1.182,1961.887,15574.9,22165.422,29574.474,5773.731,4,2,18.08,25.17,15.61,26.3,0.749
2026-04-24,2026-04-24 03:20:16,325,280,136.365,1967.11,15533.3,22304.165,29587.073,5771.995,4,2,18.08,25.17,15.61,26.3,0.754
2026-04-24,2026-04-24 03:25:15,325,280,1.128,1938.101,15485.7,22439.429,29584.383,5827.52,4,2,18.08,25.17,15.61,26.3,0.758
2026-04-24,2026-04-24 03:30:16,325,280,61.282,1911.784,15468.9,22578.043,29588.085,5863.733,4,3,18.23,24.98,15.83,26.02,0.763
2026-04-24,2026-04-24 03:35:16,325,280,14.326,1810.595,15551.2,22711.832,29604.355,5865.064,4,3,18.23,24.98,15.83,26.02,0.767
2026-04-24,2026-04-24 03:40:16,325,279,26.973,1682.866,15586.0,22837.376,29606.907,5878.937,4,3,18.23,24.98,15.83,26.02,0.771
2026-04-24,2026-04-24 03:45:20,325,279,2.814,1590.691,15574.4,22934.428,29586.582,5885.919,4,4,18.31,24.44,16.015,25.36,0.775
2026-04-24,2026-04-24 03:50:19,325,279,10.441,1591.41,15542.7,23046.104,29590.621,5882.827,4,4,18.31,24.44,16.015,25.36,0.779
2026-04-24,2026-04-24 03:55:20,325,279,0.633,1372.221,15483.6,23151.084,29598.258,5981.67,4,4,18.31,24.44,16.015,25.36,0.782
2026-04-24,2026-04-24 04:00:23,325,279,1.741,1203.613,15596.1,23242.379,29607.492,5804.643,5,1,18.79,25.06,16.44,26.06,0.785
2026-04-24,2026-04-24 04:05:19,325,279,142.014,1290.307,15534.9,23324.768,29617.829,5842.444,5,1,18.79,25.06,16.44,26.06,0.788
2026-04-24,2026-04-24 04:10:17,325,279,23.447,1117.917,15516.4,23402.327,29617.925,5812.545,5,1,18.79,25.06,16.44,26.06,0.79
2026-04-24,2026-04-24 04:15:17,325,279,66.784,1081.622,15489.1,23473.936,29616.088,5776.578,5,2,18.75,24.8,16.46,25.685,0.793
2026-04-24,2026-04-24 04:20:17,325,279,69.493,1005.91,15486.3,23544.305,29616.668,5784.308,5,2,18.75,24.8,16.46,25.685,0.795
2026-04-24,2026-04-24 04:25:15,325,279,129.427,961.618,15551.5,23593.718,29615.473,5725.924,5,2,18.75,24.8,16.46,25.685,0.797
2026-04-24,2026-04-24 04:30:18,325,279,250.935,887.297,15522.5,23636.267,29615.419,5752.548,5,3,20.91,25.59,18.355,26.52,0.798
2026-04-24,2026-04-24 04:35:15,325,279,221.918,820.509,15501.8,23673.997,29617.735,5789.662,5,3,20.91,25.59,18.355,26.52,0.799
2026-04-24,2026-04-24 04:40:17,325,280,76.546,750.037,15495.0,23720.574,29626.821,5855.179,5,3,20.91,25.59,18.355,26.52,0.801
2026-04-24,2026-04-24 04:45:16,325,280,92.694,991.33,15501.6,23755.794,29617.776,5891.163,5,4,21.9,25.4,19.53,26.11,0.802
2026-04-24,2026-04-24 04:50:17,325,280,164.663,893.015,15509.7,23808.974,29617.486,5902.722,5,4,21.9,25.4,19.53,26.11,0.804
2026-04-24,2026-04-24 04:55:16,325,280,140.497,914.32,15503.6,23851.993,29612.652,5885.192,5,4,21.9,25.4,19.53,26.11,0.805
2026-04-24,2026-04-24 05:00:21,325,280,196.656,812.261,15508.2,23887.729,29603.476,5933.811,6,1,22.13,26.365,19.445,27.445,0.807
2026-04-24,2026-04-24 05:05:19,325,280,294.53,410.419,15496.7,23911.812,29613.892,6003.797,6,1,22.13,26.365,19.445,27.445,0.807
2026-04-24,2026-04-24 05:10:18,325,280,373.545,299.959,15496.1,23908.625,29623.214,6005.886,6,1,22.13,26.365,19.445,27.445,0.807
2026-04-24,2026-04-24 05:15:18,325,280,247.65,227.818,15496.6,23891.349,29625.872,5915.526,6,2,23.67,28.76,20.97,29.865,0.806
2026-04-24,2026-04-24 05:20:17,325,280,339.543,184.813,15496.5,23871.511,29623.024,5702.94,6,2,23.67,28.76,20.97,29.865,0.806
2026-04-24,2026-04-24 05:25:17,325,280,220.986,78.383,15496.4,23852.175,29627.552,5683.899,6,2,23.67,28.76,20.97,29.865,0.805
2026-04-24,2026-04-24 05:30:17,325,280,292.306,123.079,15495.4,23820.903,29619.008,5732.87,6,3,25.18,30.86,22.3,32.06,0.804
2026-04-24,2026-04-24 05:35:16,325,280,472.533,64.295,15499.1,23787.726,29617.894,5782.087,6,3,25.18,30.86,22.3,32.06,0.803
2026-04-24,2026-04-24 05:40:18,325,280,265.682,83.448,15499.0,23748.227,29619.626,5772.796,6,3,25.18,30.86,22.3,32.06,0.802
2026-04-24,2026-04-24 05:45:16,325,280,367.614,127.951,15499.2,23711.412,29611.242,5785.568,6,4,26.36,32.67,23.43,33.98,0.801
2026-04-24,2026-04-24 05:50:18,325,280,378.783,103.378,15499.6,23678.52,29610.538,5800.416,6,4,26.36,32.67,23.43,33.98,0.8
2026-04-24,2026-04-24 05:55:19,325,280,268.241,63.18,15499.0,23646.766,29610.946,5769.261,6,4,26.36,32.67,23.43,33.98,0.799
2026-04-24,2026-04-24 06:00:21,325,279,440.051,156.773,15493.0,23619.415,29614.765,5534.082,7,1,27.41,31.16,25.82,32.15,0.798
2026-04-24,2026-04-24 06:05:20,325,279,1151.109,114.351,15545.1,23548.218,29606.665,5518.507,7,1,27.41,31.16,25.82,32.15,0.795
2026-04-24,2026-04-24 06:10:18,325,279,1422.638,154.129,15505.0,23440.984,29603.14,5517.403,7,1,27.41,31.16,25.82,32.15,0.792
2026-04-24,2026-04-24 06:15:17,325,279,1363.568,107.464,15500.2,23327.088,29607.255,5525.455,7,2,30.84,36.2,29.1,37.91,0.788
2026-04-24,2026-04-24 06:20:19,325,279,1334.553,248.982,15499.0,23226.319,29608.385,5525.999,7,2,30.84,36.2,29.1,37.91,0.784
2026-04-24,2026-04-24 06:25:18,325,279,1322.256,178.996,15492.5,23125.915,29609.251,5523.271,7,2,30.84,36.2,29.1,37.91,0.781
2026-04-24,2026-04-24 06:30:20,325,279,1298.752,61.936,15495.1,23016.398,29603.813,5283.487,7,3,18.07,35.59,26.79,38.175,0.777
2026-04-24,2026-04-24 06:35:19,325,279,1782.577,62.144,15548.5,22876.405,29601.467,5267.716,7,3,18.07,35.59,26.79,38.175,0.773
2026-04-24,2026-04-24 06:38:46,325,279,1709.008,104.967,15548.6,22767.059,29597.529,5258.649,7,3,18.07,35.59,26.79,38.175,0.769
2026-04-24,2026-04-24 06:40:19,325,279,1750.378,95.079,15532.2,22724.714,29598.145,5253.519,7,3,18.07,35.59,26.79,38.175,0.768
2026-04-24,2026-04-24 06:45:21,325,279,1987.17,28.503,15500.9,22795.994,29862.851,5290.976,7,4,34.11,38.28,33.665,39.635,0.763
2026-04-24,2026-04-24 06:50:20,325,280,2058.699,35.29,15514.0,22626.568,29867.972,5332.157,7,4,34.11,38.28,33.665,39.635,0.758
2026-04-24,2026-04-24 06:55:18,325,280,2011.157,40.04,15509.3,22686.015,30107.605,5404.988,7,4,34.11,38.28,33.665,39.635,0.753
2026-04-24,2026-04-24 07:00:21,325,280,1564.775,74.206,15475.4,22537.995,30127.773,5368.841,8,1,31.02,35.29,29.23,37.09,0.748
2026-04-24,2026-04-24 07:05:20,325,280,1562.675,26.201,15499.1,22419.86,30171.435,5371.09,8,1,31.02,35.29,29.23,37.09,0.743
2026-04-24,2026-04-24 07:10:19,325,280,1439.974,87.855,15562.5,22306.113,30207.097,5345.629,8,1,31.02,35.29,29.23,37.09,0.738
2026-04-24,2026-04-24 07:15:19,325,280,1389.864,57.236,15561.1,22186.016,30209.559,5309.774,8,2,28.07,32.53,26.315,34.405,0.734
2026-04-24,2026-04-24 07:20:18,325,280,1392.994,102.933,15534.6,22108.028,30229.324,5380.299,8,2,28.07,32.53,26.315,34.405,0.731
2026-04-24,2026-04-24 07:25:20,325,281,1081.156,189.799,15669.4,22017.482,30241.793,5365.368,8,2,28.07,32.53,26.315,34.405,0.728
2026-04-24,2026-04-24 07:30:19,325,281,994.757,200.356,15581.3,21942.76,30237.906,5323.928,8,3,22.87,26.54,21.01,28.78,0.726
2026-04-24,2026-04-24 07:35:19,325,281,855.568,396.295,15701.4,21886.265,30238.23,5321.796,8,3,22.87,26.54,21.01,28.78,0.724
2026-04-24,2026-04-24 07:40:17,325,281,901.725,500.631,15643.5,21836.445,30230.366,5225.252,8,3,22.87,26.54,21.01,28.78,0.722
2026-04-24,2026-04-24 07:45:20,325,281,1010.728,482.057,15675.5,21763.706,30212.536,5253.799,8,4,22.49,25.97,20.875,28.51,0.72
2026-04-24,2026-04-24 07:50:19,325,281,819.505,788.577,15679.8,21725.622,30223.736,5270.634,8,4,22.49,25.97,20.875,28.51,0.719
2026-04-24,2026-04-24 07:55:17,325,281,553.138,856.515,15640.2,21728.569,30233.042,5250.372,8,4,22.49,25.97,20.875,28.51,0.719
2026-04-24,2026-04-24 08:00:22,325,281,504.726,947.639,15588.7,21759.981,30238.712,6028.346,9,1,23.69,26.97,21.84,30.75,0.72
2026-04-24,2026-04-24 08:05:19,325,281,593.744,1079.354,15740.6,21780.843,30249.848,6013.506,9,1,23.69,26.97,21.84,30.75,0.72
2026-04-24,2026-04-24 08:10:18,325,281,278.719,1354.299,15900.8,21844.922,30271.35,5925.284,9,1,23.69,26.97,21.84,30.75,0.722
2026-04-24,2026-04-24 08:15:17,325,281,39.626,1692.716,15863.9,21976.368,30303.919,5867.678,9,2,20.85,21.875,20.09,36.24,0.725
2026-04-24,2026-04-24 08:20:21,325,281,23.456,2254.404,15830.3,22121.119,30302.4,5851.735,9,2,20.85,21.875,20.09,36.24,0.73
2026-04-24,2026-04-24 08:25:18,325,281,46.108,2125.621,15798.3,22279.532,30301.399,5890.209,9,2,20.85,21.875,20.09,36.24,0.735
2026-04-24,2026-04-24 08:30:19,325,282,77.389,2092.99,15741.7,22428.986,30284.435,5884.007,9,3,18.15,20.06,18.02,40.81,0.741
2026-04-24,2026-04-24 08:35:17,325,281,33.436,2215.582,15708.4,22573.141,30272.386,5901.186,9,3,18.15,20.06,18.02,40.81,0.746
2026-04-24,2026-04-24 08:40:21,325,281,50.16,2503.845,15664.7,22759.008,30288.573,5910.386,9,3,18.15,20.06,18.02,40.81,0.751
2026-04-24,2026-04-24 08:45:19,325,281,28.131,2355.709,15637.7,22932.588,30295.986,5921.033,9,4,16.76,21.25,16.28,42.085,0.757
2026-04-24,2026-04-24 08:50:20,325,281,15.095,2234.278,15606.2,23121.528,30318.432,5842.452,9,4,16.76,21.25,16.28,42.085,0.763
2026-04-24,2026-04-24 08:55:18,325,282,37.344,1694.889,15561.2,23268.94,30612.608,5851.004,9,4,16.76,21.25,16.28,42.085,0.76
2026-04-24,2026-04-24 08:56:24,325,282,38.686,1718.44,15560.0,23280.909,30600.041,5843.773,9,4,16.76,21.25,16.28,42.085,0.761
2026-04-24,2026-04-24 08:58:38,325,282,143.384,1641.934,15527.9,23313.451,30583.248,5839.176,9,4,16.76,21.25,16.28,42.085,0.762
2026-04-24,2026-04-24 09:00:21,325,284,126.036,1627.347,15581.9,23352.624,30582.879,6279.298,10,1,19.61,30.875,17.085,40.23,0.764
2026-04-24,2026-04-24 09:05:19,325,284,70.41,1951.825,15660.7,23469.071,30583.27,6360.771,10,1,19.61,30.875,17.085,40.23,0.767
2026-04-24,2026-04-24 09:10:19,325,284,327.572,1879.256,15800.9,23592.003,30579.323,6293.637,10,1,19.61,30.875,17.085,40.23,0.772
2026-04-24,2026-04-24 09:15:20,325,284,590.908,2097.587,15593.1,23689.344,30359.084,6323.836,10,2,16.69,26.29,12.685,36.84,0.78
2026-04-24,2026-04-24 09:20:21,325,282,270.598,1766.938,15579.9,23793.958,30336.131,6299.434,10,2,16.69,26.29,12.685,36.84,0.784
2026-04-24,2026-04-24 09:23:39,325,282,146.42,1416.905,15575.0,23864.078,30347.729,6300.314,10,2,16.69,26.29,12.685,36.84,0.786
2026-04-24,2026-04-24 09:25:18,325,282,126.533,1389.776,15572.5,23876.165,30367.954,6309.396,10,2,16.69,26.29,12.685,36.84,0.786
2026-04-24,2026-04-24 09:30:18,325,282,72.834,1762.243,15579.7,24011.863,30394.295,6323.707,10,3,16.91,26.44,12.41,37.065,0.79
2026-04-24,2026-04-24 09:35:17,325,282,76.54,1596.138,15433.0,24135.964,30383.588,6350.1,10,3,16.91,26.44,12.41,37.065,0.794
2026-04-24,2026-04-24 09:40:18,325,282,85.685,1760.82,15418.2,24244.451,30385.624,6356.442,10,3,16.91,26.44,12.41,37.065,0.798
2026-04-24,2026-04-24 09:45:17,325,282,74.355,1591.889,15434.8,24369.921,30385.449,6349.495,10,4,17.01,24.8,10.98,38.405,0.802
2026-04-24,2026-04-24 09:50:19,325,282,71.781,1537.623,15410.7,24484.904,30399.766,6360.432,10,4,17.01,24.8,10.98,38.405,0.805
2026-04-24,2026-04-24 09:55:18,325,282,62.759,1493.464,15430.1,24596.079,30395.492,6347.198,10,4,17.01,24.8,10.98,38.405,0.809
2026-04-24,2026-04-24 10:00:23,325,282,49.182,1518.452,15435.1,24685.827,30384.67,6389.397,11,1,18.04,24.0,9.335,42.08,0.812
2026-04-24,2026-04-24 10:05:23,325,283,94.938,1581.458,15459.4,24764.257,30367.949,6463.764,11,1,18.04,24.0,9.335,42.08,0.815
2026-04-24,2026-04-24 10:10:18,325,283,131.374,1960.221,15432.9,24839.43,30311.045,6402.097,11,1,18.04,24.0,9.335,42.08,0.819
2026-04-24,2026-04-24 10:15:19,325,283,82.379,1870.641,15565.3,24967.557,30290.992,6454.342,11,2,13.96,19.605,7.015,31.99,0.824
2026-04-24,2026-04-24 10:20:21,325,283,29.211,1945.192,15543.1,25112.077,30309.252,6507.669,11,2,13.96,19.605,7.015,31.99,0.829
2026-04-24,2026-04-24 10:25:19,325,283,29.37,1955.591,15556.5,25253.36,30305.979,6495.935,11,2,13.96,19.605,7.015,31.99,0.833
2026-04-24,2026-04-24 10:30:21,325,283,31.17,1940.597,15537.0,25394.037,30324.445,6526.585,11,3,12.34,19.77,5.96,28.325,0.837
2026-04-24,2026-04-24 10:35:20,325,283,30.48,1596.737,15557.6,25511.805,30326.393,6534.01,11,3,12.34,19.77,5.96,28.325,0.841
2026-04-24,2026-04-24 10:40:22,325,283,30.458,1656.036,15548.6,25641.912,30358.772,6555.669,11,3,12.34,19.77,5.96,28.325,0.845
2026-04-24,2026-04-24 10:45:20,325,283,56.487,1632.248,15554.9,25720.035,30322.27,6574.707,11,4,13.27,21.09,6.58,29.99,0.848
2026-04-24,2026-04-24 10:50:22,325,283,30.187,1690.447,15555.9,25816.511,30305.318,6518.795,11,4,13.27,21.09,6.58,29.99,0.852
2026-04-24,2026-04-24 10:55:21,325,283,95.498,1390.128,15557.7,25896.139,30302.358,6539.056,11,4,13.27,21.09,6.58,29.99,0.855
2026-04-24,2026-04-24 11:00:27,325,284,27.959,1480.368,15553.3,25984.772,30334.551,6583.621,12,1,14.72,23.355,8.89,30.34,0.857
2026-04-24,2026-04-24 11:05:23,325,284,390.755,1170.9,15549.8,26041.692,30316.867,6500.618,12,1,14.72,23.355,8.89,30.34,0.859
2026-04-24,2026-04-24 11:10:22,325,284,44.92,1574.848,15545.1,26192.729,30751.065,6465.5,12,1,14.72,23.355,8.89,30.34,0.852
2026-04-24,2026-04-24 11:15:21,325,284,27.644,1714.397,15738.9,26294.945,30810.133,6527.494,12,2,16.34,24.865,7.55,36.58,0.853
2026-04-24,2026-04-24 11:20:23,325,284,157.861,1247.775,15735.9,26384.39,30814.688,6499.295,12,2,16.34,24.865,7.55,36.58,0.856
2026-04-24,2026-04-24 11:25:20,325,284,102.177,1028.125,15726.2,26418.806,30806.93,6457.627,12,2,16.34,24.865,7.55,36.58,0.858
2026-04-24,2026-04-24 11:30:18,325,284,282.957,923.447,15732.4,26423.868,30793.743,6450.349,12,3,23.51,32.35,10.46,51.125,0.858
2026-04-24,2026-04-24 11:35:20,325,284,178.81,905.322,15736.1,26463.469,30823.637,6365.4,12,3,23.51,32.35,10.46,51.125,0.859
2026-04-24,2026-04-24 11:40:24,325,284,233.594,1621.408,15741.9,26520.692,30814.371,6588.582,12,3,23.51,32.35,10.46,51.125,0.861
2026-04-24,2026-04-24 11:45:20,325,284,11.49,1182.436,15743.1,26598.149,30818.197,6561.046,12,4,18.44,22.82,18.81,40.97,0.863
2026-04-24,2026-04-24 11:50:21,325,284,18.902,1551.771,15748.6,26670.929,30821.277,6527.465,12,4,18.44,22.82,18.81,40.97,0.865
2026-04-24,2026-04-24 11:55:20,325,284,64.277,985.467,15775.8,26758.559,30853.865,6460.529,12,4,18.44,22.82,18.81,40.97,0.867
2026-04-24,2026-04-24 12:00:25,325,284,218.568,1065.693,15773.2,26773.907,30841.959,6710.96,13,1,21.43,25.8,20.67,45.86,0.868
2026-04-24,2026-04-24 12:05:19,325,284,91.497,787.384,15728.0,26631.835,30655.861,6685.545,13,1,21.43,25.8,20.67,45.86,0.869
2026-04-24,2026-04-24 12:10:21,325,284,361.491,720.314,15726.6,26625.43,30641.065,6543.032,13,1,21.43,25.8,20.67,45.86,0.869
2026-04-24,2026-04-24 12:15:18,325,284,157.217,886.515,15725.9,26633.338,30644.218,6570.945,13,2,20.96,24.635,15.55,47.635,0.869
2026-04-24,2026-04-24 12:20:18,325,284,8.03,1030.991,15730.1,26664.58,30640.509,6606.678,13,2,20.96,24.635,15.55,47.635,0.87
2026-04-24,2026-04-24 12:25:19,325,284,128.95,777.191,15725.0,26686.372,30597.317,6554.514,13,2,20.96,24.635,15.55,47.635,0.872
2026-04-24,2026-04-24 12:30:20,325,284,205.036,899.915,15696.2,26692.678,30604.437,6610.595,13,3,20.86,22.24,9.23,41.75,0.872
2026-04-24,2026-04-24 12:35:18,325,284,13.398,875.315,15693.4,26710.446,30600.633,6647.063,13,3,20.86,22.24,9.23,41.75,0.873
2026-04-24,2026-04-24 12:40:19,325,286,430.476,803.72,15756.9,26945.837,30819.639,6516.694,13,3,20.86,22.24,9.23,41.75,0.874
2026-04-24,2026-04-24 12:45:18,325,286,252.962,759.422,15770.8,26943.48,30816.682,6465.342,13,4,22.29,23.75,10.66,43.255,0.874
2026-04-24,2026-04-24 12:50:20,325,286,115.275,806.605,15767.6,26949.316,31124.19,6523.249,13,4,22.29,23.75,10.66,43.255,0.866
2026-04-24,2026-04-24 12:55:20,325,286,146.869,855.192,15760.6,27019.329,31354.085,6572.344,13,4,22.29,23.75,10.66,43.255,0.862
2026-04-24,2026-04-24 13:00:25,325,286,158.077,1096.222,15758.2,27051.537,31345.526,6863.382,14,1,20.5,21.845,10.87,38.13,0.863
2026-04-24,2026-04-24 13:05:21,325,286,437.14,487.72,15958.0,27172.873,31558.283,6899.61,14,1,20.5,21.845,10.87,38.13,0.861
2026-04-24,2026-04-24 13:10:20,325,286,221.759,385.299,15949.3,27151.902,31548.333,6645.361,14,1,20.5,21.845,10.87,38.13,0.861
2026-04-24,2026-04-24 13:15:19,325,286,701.969,261.924,15958.6,27122.659,31560.63,6673.78,14,2,24.32,26.935,11.01,47.57,0.859
2026-04-24,2026-04-24 13:20:20,325,286,673.49,558.854,15972.4,27113.09,31549.787,6733.725,14,2,24.32,26.935,11.01,47.57,0.859
2026-04-24,2026-04-24 13:25:18,325,286,1064.619,215.38,15987.2,27085.307,31551.275,6659.774,14,2,24.32,26.935,11.01,47.57,0.858
2026-04-24,2026-04-24 13:30:18,325,286,712.787,161.646,15901.2,26886.446,31399.004,6633.386,14,3,39.8,52.265,11.365,83.52,0.856
2026-04-24,2026-04-24 13:35:18,325,286,837.243,174.463,15890.0,26840.355,31420.468,6696.284,14,3,39.8,52.265,11.365,83.52,0.854
2026-04-24,2026-04-24 13:40:18,325,286,943.408,90.098,15895.6,26782.375,31478.934,6696.049,14,3,39.8,52.265,11.365,83.52,0.851
2026-04-24,2026-04-24 13:45:19,325,286,698.978,220.548,15876.2,26763.029,31597.436,6688.59,14,4,46.93,51.575,12.465,108.94,0.847
2026-04-24,2026-04-24 13:50:19,325,285,889.147,414.713,15909.2,26819.654,31795.812,6683.247,14,4,46.93,51.575,12.465,108.94,0.843
2026-04-24,2026-04-24 13:55:18,325,285,771.42,463.232,15904.7,26818.34,31836.34,6699.171,14,4,46.93,51.575,12.465,108.94,0.842
2026-04-24,2026-04-24 14:00:22,325,285,916.362,507.287,15897.4,26804.318,31851.784,6857.715,15,1,59.49,63.615,16.32,141.22,0.842
2026-04-24,2026-04-24 14:03:39,325,284,787.223,545.587,15904.0,26795.019,31850.168,6828.177,15,1,59.49,63.615,16.32,141.22,0.841
2026-04-24,2026-04-24 14:05:19,325,284,806.954,600.282,15911.8,26793.625,31861.753,6856.346,15,1,59.49,63.615,16.32,141.22,0.841
2026-04-24,2026-04-24 14:10:21,325,284,844.506,557.808,15878.9,26763.349,31843.36,6847.403,15,1,59.49,63.615,16.32,141.22,0.84
2026-04-24,2026-04-24 14:15:19,325,284,1341.69,727.342,15872.1,26730.462,31845.145,6924.28,15,2,70.36,75.835,17.81,163.77,0.839
2026-04-24,2026-04-24 14:20:22,325,284,1125.795,781.84,15869.3,26678.772,31835.871,7104.514,15,2,70.36,75.835,17.81,163.77,0.838
2026-04-24,2026-04-24 14:25:18,325,284,813.12,1244.842,15889.6,26691.149,31727.151,7038.222,15,2,70.36,75.835,17.81,163.77,0.841
2026-04-24,2026-04-24 14:30:19,325,284,805.365,1179.861,15903.0,26503.587,31268.65,7138.087,15,3,60.3,64.415,16.01,152.995,0.848
2026-04-24,2026-04-24 14:35:19,325,284,572.077,1198.156,15888.7,26562.834,31212.066,7206.917,15,3,60.3,64.415,16.01,152.995,0.851
2026-04-24,2026-04-24 14:40:22,325,283,467.844,956.257,15901.8,26585.852,31189.017,7175.489,15,3,60.3,64.415,16.01,152.995,0.852
2026-04-24,2026-04-24 14:45:20,325,283,423.162,816.789,15896.5,26617.346,31213.777,7157.214,15,4,63.55,59.47,40.155,138.095,0.853
2026-04-24,2026-04-24 14:50:20,325,284,535.13,612.681,15898.3,26646.005,31187.641,7057.259,15,4,63.55,59.47,40.155,138.095,0.854
2026-04-24,2026-04-24 14:55:20,325,284,654.862,717.966,15900.1,26670.954,31204.32,7101.544,15,4,63.55,59.47,40.155,138.095,0.855
2026-04-24,2026-04-24 15:00:23,325,284,784.554,718.829,15891.8,26677.129,31217.213,7217.477,16,1,73.94,61.43,67.02,149.025,0.855
2026-04-24,2026-04-24 15:05:20,325,284,618.744,964.867,15891.9,26709.587,31201.22,7248.872,16,1,73.94,61.43,67.02,149.025,0.856
2026-04-24,2026-04-24 15:10:21,325,284,860.775,691.112,15890.2,26700.65,31190.467,7327.483,16,1,73.94,61.43,67.02,149.025,0.856
2026-04-24,2026-04-24 15:15:18,325,284,493.946,363.66,15901.2,26706.394,31234.889,7252.464,16,2,76.33,69.185,59.79,162.63,0.855
2026-04-24,2026-04-24 15:20:20,325,285,420.781,597.304,15930.0,26725.457,31242.012,7283.59,16,2,76.33,69.185,59.79,162.63,0.855
2026-04-24,2026-04-24 15:25:18,325,286,405.085,553.705,15923.8,26760.977,31257.349,7260.866,16,2,76.33,69.185,59.79,162.63,0.856
2026-04-24,2026-04-24 15:30:20,325,285,136.467,982.81,15913.5,26773.247,31241.503,7343.089,16,3,64.97,55.82,54.485,140.06,0.857
2026-04-24,2026-04-24 15:35:19,325,285,353.101,1065.965,15919.0,26804.508,31152.563,7341.922,16,3,64.97,55.82,54.485,140.06,0.86
2026-04-24,2026-04-24 15:40:21,325,285,273.657,883.924,15912.1,26784.411,31037.534,7347.67,16,3,64.97,55.82,54.485,140.06,0.863
2026-04-24,2026-04-24 15:45:21,325,285,174.235,593.052,15931.4,26816.47,31063.025,7453.008,16,4,92.33,76.84,93.23,181.385,0.863
2026-04-24,2026-04-24 15:50:20,325,285,345.23,746.536,15928.7,26826.45,31074.542,7432.07,16,4,92.33,76.84,93.23,181.385,0.863
2026-04-24,2026-04-24 15:55:19,325,285,196.19,774.168,15935.2,26834.417,31087.889,7481.165,16,4,92.33,76.84,93.23,181.385,0.863
2026-04-24,2026-04-24 16:00:26,325,285,93.686,923.697,15934.2,26854.743,31094.218,7291.761,17,1,84.67,71.89,87.645,183.75,0.864
2026-04-24,2026-04-24 16:05:21,325,285,195.525,870.09,15939.9,26872.806,31099.884,7098.888,17,1,84.67,71.89,87.645,183.75,0.864
2026-04-24,2026-04-24 16:10:20,325,285,198.823,972.022,15943.6,26912.43,31122.254,7137.708,17,1,84.67,71.89,87.645,183.75,0.865
2026-04-24,2026-04-24 16:15:23,325,285,172.859,746.083,15944.1,26931.458,31128.076,7065.459,17,2,94.01,88.32,79.69,221.855,0.865
2026-04-24,2026-04-24 16:20:29,325,285,172.972,567.09,15945.0,26936.823,31132.136,7160.468,17,2,94.01,88.32,79.69,221.855,0.865
2026-04-24,2026-04-24 16:25:20,325,285,113.636,544.95,15943.1,26937.819,31119.339,7120.683,17,2,94.01,88.32,79.69,221.855,0.866
2026-04-24,2026-04-24 16:30:20,325,285,79.749,418.687,15941.4,26955.355,31131.698,7165.848,17,3,78.82,66.29,82.18,177.05,0.866
2026-04-24,2026-04-24 16:35:21,325,286,33.601,481.712,16088.2,26959.837,31123.933,7161.303,17,3,78.82,66.29,82.18,177.05,0.866
2026-04-24,2026-04-24 16:40:21,325,286,78.903,379.753,16152.0,26994.69,31139.239,7160.194,17,3,78.82,66.29,82.18,177.05,0.867
2026-04-24,2026-04-24 16:43:37,325,287,168.08,400.305,16308.6,27000.694,31130.792,7120.181,17,3,78.82,66.29,82.18,177.05,0.867
2026-04-24,2026-04-24 16:45:18,325,287,124.617,431.341,16309.1,27001.016,31130.775,7099.8,17,4,88.22,74.36,93.09,189.5,0.867
2026-04-24,2026-04-24 16:50:19,325,286,180.763,279.987,16296.7,27013.163,31136.811,7139.738,17,4,88.22,74.36,93.09,189.5,0.868
2026-04-24,2026-04-24 16:55:19,325,286,157.236,241.697,16297.2,27004.617,31134.759,7111.892,17,4,88.22,74.36,93.09,189.5,0.867
2026-04-24,2026-04-24 17:00:25,325,286,44.221,286.377,16295.9,27001.843,31137.358,6799.588,18,1,63.33,53.165,66.515,128.285,0.867
2026-04-24,2026-04-24 17:05:19,325,285,129.774,583.245,16305.3,27019.59,31135.736,6817.986,18,1,63.33,53.165,66.515,128.285,0.868
2026-04-24,2026-04-24 17:10:21,325,285,401.274,446.079,16310.3,27018.775,31146.65,6917.953,18,1,63.33,53.165,66.515,128.285,0.867
2026-04-24,2026-04-24 17:15:19,325,286,66.966,748.827,16342.6,27194.75,31151.527,6879.194,18,2,49.76,51.185,21.57,114.795,0.873
2026-04-24,2026-04-24 17:20:19,325,286,51.855,695.153,16425.0,27221.768,31146.462,6880.667,18,2,49.76,51.185,21.57,114.795,0.874
2026-04-24,2026-04-24 17:24:07,325,286,51.495,643.626,16434.5,27255.023,31148.374,6885.2,18,2,49.76,51.185,21.57,114.795,0.875
2026-04-24,2026-04-24 17:25:18,325,286,77.131,602.799,16436.8,27265.184,31148.191,6869.453,18,2,49.76,51.185,21.57,114.795,0.875
2026-04-24,2026-04-24 17:30:20,325,286,184.992,561.486,16470.0,27282.435,31137.276,6919.085,18,3,50.57,50.305,21.22,121.745,0.876
2026-04-24,2026-04-24 17:35:18,325,286,52.22,536.944,16476.1,27303.583,31143.931,6945.854,18,3,50.57,50.305,21.22,121.745,0.877
2026-04-24,2026-04-24 17:40:20,325,286,108.526,401.019,16505.4,27312.688,31140.098,6984.423,18,3,50.57,50.305,21.22,121.745,0.877
2026-04-24,2026-04-24 17:45:19,325,286,26.738,512.25,16461.6,27319.708,31139.376,6880.787,18,4,55.58,53.865,27.945,131.74,0.877
2026-04-24,2026-04-24 17:50:19,325,286,2.093,482.213,16499.8,27245.217,31159.784,6854.662,18,4,55.58,53.865,27.945,131.74,0.874
2026-04-24,2026-04-24 17:55:20,325,286,88.016,320.603,16460.8,27402.996,31529.06,6939.137,18,4,55.58,53.865,27.945,131.74,0.869
2026-04-24,2026-04-24 18:00:23,325,288,179.886,186.723,16552.1,27439.881,31572.174,6316.457,19,1,87.19,76.75,61.575,169.605,0.869
2026-04-24,2026-04-24 18:05:19,325,288,138.805,486.907,16598.4,27447.056,31578.894,6351.6,19,1,87.19,76.75,61.575,169.605,0.869
2026-04-24,2026-04-24 18:10:22,325,288,163.721,510.668,16667.8,27459.458,31580.253,6089.648,19,1,87.19,76.75,61.575,169.605,0.87
2026-04-24,2026-04-24 18:15:21,325,288,667.714,280.32,16701.0,27450.353,31578.571,6133.068,19,2,147.24,120.14,161.56,254.895,0.869
2026-04-24,2026-04-24 18:20:23,325,288,847.679,249.973,16682.2,27390.43,31580.335,6211.434,19,2,147.24,120.14,161.56,254.895,0.867
2026-04-24,2026-04-24 18:25:18,325,288,624.659,524.362,16736.1,27359.343,31578.42,6283.856,19,2,147.24,120.14,161.56,254.895,0.866
2026-04-24,2026-04-24 18:30:22,325,288,786.488,123.155,16764.7,27320.529,31578.596,6291.697,19,3,209.28,178.35,283.185,271.0,0.865
2026-04-24,2026-04-24 18:34:31,325,288,1375.197,95.79,16799.9,27222.968,31549.517,6472.656,19,3,209.28,178.35,283.185,271.0,0.863
2026-04-24,2026-04-24 18:35:19,325,288,1419.741,109.383,16779.4,27201.97,31547.756,6497.176,19,3,209.28,178.35,283.185,271.0,0.862
2026-04-24,2026-04-24 18:40:20,325,288,2074.86,58.604,16780.2,27073.722,31575.256,6511.83,19,3,209.28,178.35,283.185,271.0,0.857
2026-04-24,2026-04-24 18:41:28,325,288,2263.029,64.276,16791.0,27036.819,31584.28,6488.114,19,3,209.28,178.35,283.185,271.0,0.856
2026-04-24,2026-04-24 18:45:22,325,288,2376.293,63.796,16775.6,26883.726,31577.799,6572.581,19,4,329.78,290.89,487.46,332.48,0.851
2026-04-24,2026-04-24 18:50:24,325,288,2790.031,45.125,16776.8,26665.331,31559.676,6702.229,19,4,329.78,290.89,487.46,332.48,0.845
2026-04-24,2026-04-24 18:55:24,325,288,4126.115,20.525,16682.4,26375.834,31550.024,6356.314,19,4,329.78,290.89,487.46,332.48,0.836
2026-04-24,2026-04-24 19:00:29,325,288,4559.042,162.375,16695.7,26023.219,31552.118,5980.325,20,1,306.21,276.78,469.225,285.635,0.825
2026-04-24,2026-04-24 19:05:29,325,288,5514.755,234.303,16702.7,25608.618,31529.554,5890.881,20,1,306.21,276.78,469.225,285.635,0.812
2026-04-24,2026-04-24 19:10:21,325,288,6310.525,43.022,16699.9,25115.889,31503.756,5762.805,20,1,306.21,276.78,469.225,285.635,0.797
2026-04-24,2026-04-24 19:15:22,325,288,7065.271,29.927,16713.2,24562.33,31436.296,5532.26,20,2,423.4,394.055,592.665,399.765,0.781
2026-04-24,2026-04-24 19:20:23,325,288,7335.712,150.908,16697.6,23944.738,31253.045,5608.407,20,2,423.4,394.055,592.665,399.765,0.766
2026-04-24,2026-04-24 19:25:20,325,289,8093.218,120.295,16679.9,23276.769,31139.514,5429.132,20,2,423.4,394.055,592.665,399.765,0.747
2026-04-24,2026-04-24 19:28:36,325,289,8391.707,80.323,16677.6,22824.568,31144.675,5341.057,20,2,423.4,394.055,592.665,399.765,0.733
2026-04-24,2026-04-24 19:30:22,325,289,8358.938,78.245,16673.5,22589.141,31143.228,5347.488,20,3,676.05,650.715,831.12,631.9,0.725
2026-04-24,2026-04-24 19:33:33,325,289,8681.935,26.091,16669.5,22117.539,31138.609,5161.856,20,3,676.05,650.715,831.12,631.9,0.71
2026-04-24,2026-04-24 19:35:22,325,289,8801.603,32.54,16661.6,21856.104,31138.807,5135.46,20,3,676.05,650.715,831.12,631.9,0.702
2026-04-24,2026-04-24 19:40:24,325,289,9079.939,36.533,16613.3,21062.675,31136.612,4992.906,20,3,676.05,650.715,831.12,631.9,0.676
2026-04-24,2026-04-24 19:45:27,325,289,9546.049,25.066,16587.2,20260.617,31128.698,4883.498,20,4,1085.08,1051.505,1231.785,990.72,0.651
2026-04-24,2026-04-24 19:50:26,325,289,9502.8,30.044,16536.6,19410.588,31120.959,4891.949,20,4,1085.08,1051.505,1231.785,990.72,0.624
2026-04-24,2026-04-24 19:55:24,325,289,9489.911,30.367,16467.6,18579.556,31120.476,5001.898,20,4,1085.08,1051.505,1231.785,990.72,0.597
2026-04-24,2026-04-24 20:00:27,325,289,9155.962,38.617,16425.6,17765.121,31121.228,4471.24,21,1,959.57,935.945,1052.92,890.33,0.571
2026-04-24,2026-04-24 20:05:23,325,289,8844.835,14.537,16402.7,16984.405,31125.525,4388.126,21,1,959.57,935.945,1052.92,890.33,0.546
2026-04-24,2026-04-24 20:10:26,325,289,8837.205,19.0,16297.1,16201.317,31118.035,4234.386,21,1,959.57,935.945,1052.92,890.33,0.521
2026-04-24,2026-04-24 20:15:23,325,289,8654.819,19.392,16176.1,15424.856,31092.791,4134.147,21,2,777.02,758.62,816.995,842.21,0.496
2026-04-24,2026-04-24 20:20:26,325,288,8466.574,18.809,16131.5,14664.637,31073.318,4169.045,21,2,777.02,758.62,816.995,842.21,0.472
2026-04-24,2026-04-24 20:25:26,325,288,8166.62,24.516,15998.8,13939.749,31052.834,4134.789,21,2,777.02,758.62,816.995,842.21,0.449
2026-04-24,2026-04-24 20:30:23,325,288,7719.552,38.857,15799.1,13215.732,31045.67,4014.606,21,3,369.3,342.76,411.495,460.665,0.426
2026-04-24,2026-04-24 20:35:22,325,288,7244.603,19.439,15609.4,12523.911,31042.174,3875.475,21,3,369.3,342.76,411.495,460.665,0.403
2026-04-24,2026-04-24 20:40:26,325,288,7053.489,30.358,15574.3,11868.231,31038.556,3920.077,21,3,369.3,342.76,411.495,460.665,0.382
2026-04-24,2026-04-24 20:45:24,325,288,6738.54,29.199,15437.4,11225.182,31044.605,3968.511,21,4,311.69,282.05,345.32,408.165,0.362
2026-04-24,2026-04-24 20:50:25,325,288,6339.553,50.529,15236.1,10604.013,31029.988,3852.792,21,4,311.69,282.05,345.32,408.165,0.342
2026-04-24,2026-04-24 20:55:25,325,288,6186.236,61.163,15119.6,10009.832,31017.478,3781.081,21,4,311.69,282.05,345.32,408.165,0.323
2026-04-24,2026-04-24 21:00:28,325,288,5922.31,316.25,14769.9,9423.354,31014.787,3382.916,22,1,344.2,203.675,343.37,703.24,0.304
2026-04-24,2026-04-24 21:05:24,325,288,5261.989,25.427,14406.6,8942.32,31003.807,3333.113,22,1,344.2,203.675,343.37,703.24,0.288
2026-04-24,2026-04-24 21:10:27,325,288,4980.451,158.392,14321.2,8510.908,31022.155,3109.624,22,1,344.2,203.675,343.37,703.24,0.274
2026-04-24,2026-04-24 21:15:25,325,288,4455.875,178.831,14211.9,8089.811,31020.206,3068.954,22,2,251.87,195.09,228.785,384.74,0.261
2026-04-24,2026-04-24 21:20:26,325,288,4489.57,289.21,14154.3,7703.66,31019.108,2947.37,22,2,251.87,195.09,228.785,384.74,0.248
2026-04-24,2026-04-24 21:25:22,325,288,4326.675,456.402,14154.9,7318.989,31024.164,2847.564,22,2,251.87,195.09,228.785,384.74,0.236
2026-04-24,2026-04-24 21:30:21,325,288,4089.812,417.874,14181.9,6976.488,31032.898,2815.109,22,3,197.16,160.095,171.29,275.775,0.225
2026-04-24,2026-04-24 21:35:21,325,288,4041.023,224.666,14133.9,6617.419,31033.192,2791.29,22,3,197.16,160.095,171.29,275.775,0.213
2026-04-24,2026-04-24 21:40:22,325,288,3923.33,112.052,14199.1,6253.178,31028.424,2720.742,22,3,197.16,160.095,171.29,275.775,0.202
2026-04-24,2026-04-24 21:45:22,325,288,3855.564,149.228,14157.1,5903.505,31034.546,2695.559,22,4,169.11,137.37,142.525,232.925,0.19
2026-04-24,2026-04-24 21:50:23,325,288,3752.874,160.399,14099.4,5561.073,31035.029,2673.222,22,4,169.11,137.37,142.525,232.925,0.179
2026-04-24,2026-04-24 21:55:21,325,288,3564.767,471.888,13963.9,5230.942,31013.361,2650.771,22,4,169.11,137.37,142.525,232.925,0.169
2026-04-24,2026-04-24 22:00:26,325,289,3192.461,730.912,13674.4,4965.526,31013.529,2836.631,23,1,259.03,173.575,139.76,382.74,0.16
2026-04-24,2026-04-24 22:05:28,325,289,3072.962,404.785,13595.1,4717.75,31016.71,2854.272,23,1,259.03,173.575,139.76,382.74,0.152
2026-04-24,2026-04-24 22:10:27,325,289,2533.416,574.641,13491.8,4490.517,31013.489,2825.221,23,1,259.03,173.575,139.76,382.74,0.145
2026-04-24,2026-04-24 22:15:25,325,289,2002.474,526.705,13123.8,4315.895,31010.907,2818.634,23,2,253.18,203.22,130.915,281.195,0.139
2026-04-24,2026-04-24 22:20:24,325,288,1626.463,455.83,12676.5,4205.89,31024.298,2830.988,23,2,253.18,203.22,130.915,281.195,0.136
2026-04-24,2026-04-24 22:25:22,325,288,1299.883,376.462,12671.4,4116.028,31041.945,2776.233,23,2,253.18,203.22,130.915,281.195,0.133
2026-04-24,2026-04-24 22:30:23,325,288,1105.623,496.971,12559.6,4000.48,31044.807,2757.234,23,3,118.91,100.03,74.08,131.315,0.129
2026-04-24,2026-04-24 22:32:21,325,288,969.464,607.944,12549.4,3977.458,31044.854,2753.641,23,3,118.91,100.03,74.08,131.315,0.128
2026-04-24,2026-04-24 22:35:21,325,288,790.295,463.705,12533.9,3950.728,31044.596,2745.184,23,3,118.91,100.03,74.08,131.315,0.127
2026-04-24,2026-04-24 22:40:21,325,288,676.554,337.065,12576.4,3914.127,31054.252,2726.848,23,3,118.91,100.03,74.08,131.315,0.126
2026-04-24,2026-04-24 22:45:20,325,288,613.902,533.49,12662.5,3847.538,30740.204,2730.04,23,4,76.67,65.865,56.415,88.92,0.125
2026-04-24,2026-04-24 22:50:20,325,288,424.48,509.67,12681.7,3851.755,30420.166,2735.758,23,4,76.67,65.865,56.415,88.92,0.127
2026-04-24,2026-04-24 22:55:22,325,288,346.25,837.512,12702.9,3855.51,30413.684,2659.021,23,4,76.67,65.865,56.415,88.92,0.127
2026-04-24,2026-04-24 23:00:27,325,288,372.234,1064.426,12688.8,3892.78,30416.394,2523.477,24,1,44.6,41.06,40.3,51.175,0.128
2026-04-24,2026-04-24 23:05:28,325,288,278.971,920.539,12730.9,3921.783,30390.126,2537.727,24,1,44.6,41.06,40.3,51.175,0.129
2026-04-24,2026-04-24 23:10:21,325,288,193.09,920.011,12721.7,3968.604,30389.528,2512.387,24,1,44.6,41.06,40.3,51.175,0.131
2026-04-24,2026-04-24 23:15:19,325,288,438.145,1001.06,12742.7,4014.532,30415.283,2419.974,24,2,40.83,37.73,37.12,46.46,0.132
2026-04-24,2026-04-24 23:20:21,325,288,482.985,825.622,12726.2,4031.294,30415.558,2413.747,24,2,40.83,37.73,37.12,46.46,0.133
2026-04-24,2026-04-24 23:25:18,325,288,453.516,1012.409,12742.8,4056.962,30415.539,2431.432,24,2,40.83,37.73,37.12,46.46,0.133
2026-04-24,2026-04-24 23:30:19,325,288,388.438,971.78,12578.7,4083.658,30411.578,2447.179,24,3,34.98,32.5,31.925,39.35,0.134
2026-04-24,2026-04-24 23:35:19,325,288,556.025,1051.273,12601.8,4125.098,30416.308,2444.704,24,3,34.98,32.5,31.925,39.35,0.136
2026-04-24,2026-04-24 23:40:18,325,288,345.606,1153.602,12636.0,4158.567,30420.641,2446.995,24,3,34.98,32.5,31.925,39.35,0.137
2026-04-24,2026-04-24 23:45:17,325,288,520.87,1287.523,12691.4,4207.077,30417.102,2464.28,24,4,32.9,31.93,30.205,33.665,0.138
2026-04-24,2026-04-24 23:50:20,325,288,427.656,1240.094,12707.2,4254.825,30416.048,2460.132,24,4,32.9,31.93,30.205,33.665,0.14
2026-04-24,2026-04-24 23:55:19,325,288,497.113,1146.346,12641.6,4295.765,30414.848,2455.705,24,4,32.9,31.93,30.205,33.665,0.141
2026-04-27,2026-04-27 00:00:20,325,284,81.666,1664.206,15167.5,17451.522,29763.549,4730.86,1,1,17.05,20.95,15.72,22.82,0.586
2026-04-27,2026-04-27 00:05:18,325,282,51.155,1408.701,15183.1,17559.194,29761.889,4583.7,1,1,17.05,20.95,15.72,22.82,0.59
2026-04-27,2026-04-27 00:10:18,325,282,20.088,1527.681,15133.6,17647.92,29724.086,4486.784,1,1,17.05,20.95,15.72,22.82,0.594
2026-04-27,2026-04-27 00:15:17,325,282,16.575,1388.043,15268.0,17771.617,29729.042,4450.16,1,2,17.43,21.34,16.94,22.655,0.598
2026-04-27,2026-04-27 00:20:18,325,282,13.948,1323.412,15271.2,17874.161,29727.632,4458.243,1,2,17.43,21.34,16.94,22.655,0.601
2026-04-27,2026-04-27 00:25:15,325,281,10.422,1332.473,15249.4,17966.241,29718.123,4503.12,1,2,17.43,21.34,16.94,22.655,0.605
2026-04-27,2026-04-27 00:30:17,325,281,23.079,1127.711,15246.5,18056.206,29719.689,4507.351,1,3,16.66,20.405,17.245,21.18,0.608
2026-04-27,2026-04-27 00:35:16,325,281,8.758,1421.859,15119.6,18121.032,29635.911,4560.204,1,3,16.66,20.405,17.245,21.18,0.611
2026-04-27,2026-04-27 00:40:18,325,281,10.405,1461.266,15180.2,18221.77,29636.131,4550.024,1,3,16.66,20.405,17.245,21.18,0.615
2026-04-27,2026-04-27 00:45:17,325,281,11.207,1616.145,15184.6,18339.198,29642.724,4578.561,1,4,16.55,20.06,17.27,20.42,0.619
2026-04-27,2026-04-27 00:50:18,325,281,2.96,1428.78,15181.5,18452.316,29640.277,4617.278,1,4,16.55,20.06,17.27,20.42,0.623
2026-04-27,2026-04-27 00:55:17,325,281,27.075,1451.772,15189.0,18552.354,29636.535,4645.567,1,4,16.55,20.06,17.27,20.42,0.626
2026-04-27,2026-04-27 01:00:23,325,281,2.187,1830.787,15337.0,18677.38,29641.186,4792.627,2,1,16.21,19.89,15.51,20.045,0.63
2026-04-27,2026-04-27 01:05:19,325,281,140.406,1977.202,15647.9,18812.997,29633.582,4706.678,2,1,16.21,19.89,15.51,20.045,0.635
2026-04-27,2026-04-27 01:10:19,325,281,65.202,2228.331,15706.1,18952.235,29618.132,4608.935,2,1,16.21,19.89,15.51,20.045,0.64
2026-04-27,2026-04-27 01:15:19,325,281,84.218,2448.193,15779.9,19130.52,29650.996,4577.567,2,2,16.23,19.92,16.475,18.93,0.645
2026-04-27,2026-04-27 01:20:17,325,281,248.531,2242.382,15798.4,19291.192,29645.692,4641.636,2,2,16.23,19.92,16.475,18.93,0.651
2026-04-27,2026-04-27 01:25:18,325,281,121.538,2026.123,15803.4,19444.83,29649.566,4653.717,2,2,16.23,19.92,16.475,18.93,0.656
2026-04-27,2026-04-27 01:30:17,325,281,112.978,2118.027,15833.8,19596.1,29659.71,4622.992,2,3,16.32,19.97,17.09,19.2,0.661
2026-04-27,2026-04-27 01:35:17,325,281,141.413,1995.926,15862.4,19758.986,29684.128,4646.507,2,3,16.32,19.97,17.09,19.2,0.666
2026-04-27,2026-04-27 01:40:18,325,281,103.08,2052.956,15875.0,19910.014,29693.576,4673.676,2,3,16.32,19.97,17.09,19.2,0.671
2026-04-27,2026-04-27 01:45:17,325,281,97.173,2047.932,15872.3,20052.468,29692.207,4755.032,2,4,16.28,19.42,16.71,18.65,0.675
2026-04-27,2026-04-27 01:50:17,325,281,87.551,2049.588,15868.0,20191.95,29692.391,4836.424,2,4,16.28,19.42,16.71,18.65,0.68
2026-04-27,2026-04-27 01:55:17,325,281,90.318,2160.814,15796.2,20274.003,29560.783,4853.483,2,4,16.28,19.42,16.71,18.65,0.686
2026-04-27,2026-04-27 02:00:21,325,282,125.455,1942.824,15856.2,20467.433,29694.023,5411.806,3,1,15.96,18.93,16.18,18.34,0.689
2026-04-27,2026-04-27 02:05:18,325,282,10.425,2191.253,15852.3,20611.947,29693.519,5402.052,3,1,15.96,18.93,16.18,18.34,0.694
2026-04-27,2026-04-27 02:10:17,325,282,144.736,2093.88,15839.8,20777.572,29697.298,5414.059,3,1,15.96,18.93,16.18,18.34,0.7
2026-04-27,2026-04-27 02:15:18,325,282,141.178,2037.475,15845.1,20899.978,29691.587,5415.27,3,2,16.8,19.36,16.29,18.78,0.704
2026-04-27,2026-04-27 02:20:17,325,282,100.223,1886.708,15855.4,21047.492,29711.064,5402.816,3,2,16.8,19.36,16.29,18.78,0.708
2026-04-27,2026-04-27 02:25:17,325,282,366.018,1828.894,15875.0,21152.551,29698.807,5438.503,3,2,16.8,19.36,16.29,18.78,0.712
2026-04-27,2026-04-27 02:30:17,325,282,396.864,1791.03,15880.8,21253.135,29706.962,5441.794,3,3,17.67,18.29,17.28,17.27,0.715
2026-04-27,2026-04-27 02:35:18,325,282,70.942,1465.851,15885.9,21345.631,29704.86,5455.316,3,3,17.67,18.29,17.28,17.27,0.719
2026-04-27,2026-04-27 02:40:17,325,282,80.748,1366.236,15875.0,21433.842,29697.88,5457.602,3,3,17.67,18.29,17.28,17.27,0.722
2026-04-27,2026-04-27 02:45:19,325,282,154.513,1387.529,15857.1,21510.174,29696.773,5471.822,3,4,17.96,18.23,16.88,18.98,0.724
2026-04-27,2026-04-27 02:50:18,325,282,241.383,1412.727,15835.7,21587.965,29694.3,5474.965,3,4,17.96,18.23,16.88,18.98,0.727
2026-04-27,2026-04-27 02:55:18,325,282,276.608,1364.712,15844.1,21669.675,29697.623,5516.502,3,4,17.96,18.23,16.88,18.98,0.73
2026-04-27,2026-04-27 03:00:20,325,282,299.626,1340.947,15836.1,21737.478,29689.374,5502.408,4,1,16.67,17.36,15.56,18.56,0.732
2026-04-27,2026-04-27 03:05:19,325,282,275.004,1218.851,15821.5,21799.623,29680.619,5399.463,4,1,16.67,17.36,15.56,18.56,0.734
2026-04-27,2026-04-27 03:10:19,325,282,185.734,970.594,15822.6,21834.527,29671.113,5380.022,4,1,16.67,17.36,15.56,18.56,0.736
2026-04-27,2026-04-27 03:15:18,325,282,250.267,777.678,15833.2,21887.049,29672.109,5430.331,4,2,17.19,17.6,15.49,19.09,0.738
2026-04-27,2026-04-27 03:20:17,325,282,338.112,703.177,15862.0,21904.806,29666.177,5445.254,4,2,17.19,17.6,15.49,19.09,0.738
2026-04-27,2026-04-27 03:25:17,325,282,306.181,761.955,15878.9,21913.179,29653.486,5443.985,4,2,17.19,17.6,15.49,19.09,0.739
2026-04-27,2026-04-27 03:30:18,325,282,319.087,746.864,15885.7,21938.417,29662.337,5457.803,4,3,17.86,17.81,15.67,19.32,0.74
2026-04-27,2026-04-27 03:35:17,325,282,312.356,692.629,15888.4,21955.132,29663.178,5412.541,4,3,17.86,17.81,15.67,19.32,0.74
2026-04-27,2026-04-27 03:40:18,325,282,456.115,761.379,15896.3,21966.679,29668.092,5425.249,4,3,17.86,17.81,15.67,19.32,0.74
2026-04-27,2026-04-27 03:45:21,325,282,471.768,738.783,16017.0,21976.026,29670.229,5439.056,4,4,19.0,18.69,16.36,19.97,0.741
2026-04-27,2026-04-27 03:50:24,325,282,321.096,642.708,16088.3,21990.63,29679.077,5426.391,4,4,19.0,18.69,16.36,19.97,0.741
2026-04-27,2026-04-27 03:55:21,325,282,380.379,750.185,16092.0,22007.278,29685.193,5436.734,4,4,19.0,18.69,16.36,19.97,0.741
2026-04-27,2026-04-27 04:00:22,325,282,383.705,504.685,16102.0,22026.567,29705.562,5614.587,5,1,21.34,20.795,17.63,22.655,0.741
2026-04-27,2026-04-27 04:05:19,325,282,857.211,479.714,16110.2,21991.648,29701.498,5456.152,5,1,21.34,20.795,17.63,22.655,0.74
2026-04-27,2026-04-27 04:10:18,325,282,884.345,397.017,16110.4,21937.728,29695.603,5395.806,5,1,21.34,20.795,17.63,22.655,0.739
2026-04-27,2026-04-27 04:15:18,325,282,819.333,473.935,16126.2,21894.552,29699.13,5382.721,5,2,23.9,22.36,17.53,25.69,0.737
2026-04-27,2026-04-27 04:20:18,325,282,756.64,509.934,16108.4,21854.574,29700.268,5382.276,5,2,23.9,22.36,17.53,25.69,0.736
2026-04-27,2026-04-27 04:25:16,325,282,656.815,451.886,16101.0,21822.626,29694.028,5392.881,5,2,23.9,22.36,17.53,25.69,0.735
2026-04-27,2026-04-27 04:30:18,325,282,568.768,560.6,16047.0,21707.679,29574.331,5380.957,5,3,24.01,22.1,17.39,25.42,0.734
2026-04-27,2026-04-27 04:35:15,325,282,738.409,569.04,16121.0,21779.417,29735.431,5380.846,5,3,24.01,22.1,17.39,25.42,0.732
2026-04-27,2026-04-27 04:40:17,325,282,564.147,443.027,16117.2,21761.072,29767.568,5370.75,5,3,24.01,22.1,17.39,25.42,0.731
2026-04-27,2026-04-27 04:45:17,325,282,677.282,314.537,16120.9,21730.54,29770.186,5330.984,5,4,24.2,22.5,18.32,25.35,0.73
2026-04-27,2026-04-27 04:50:17,325,282,821.888,254.033,16117.9,21676.125,29763.531,5373.867,5,4,24.2,22.5,18.32,25.35,0.728
2026-04-27,2026-04-27 04:55:17,325,282,877.89,191.164,16126.7,21627.562,29763.34,5418.329,5,4,24.2,22.5,18.32,25.35,0.727
2026-04-27,2026-04-27 05:00:22,325,282,1077.852,190.459,16124.7,21548.956,29761.576,5503.355,6,1,27.27,25.64,20.47,29.18,0.724
2026-04-27,2026-04-27 05:05:17,325,282,976.812,202.532,16118.7,21457.248,29759.911,5508.845,6,1,27.27,25.64,20.47,29.18,0.721
2026-04-27,2026-04-27 05:10:17,325,282,850.735,157.397,16112.1,21381.005,29748.462,5561.322,6,1,27.27,25.64,20.47,29.18,0.719
2026-04-27,2026-04-27 05:15:17,325,282,912.071,149.177,16115.3,21310.291,29745.846,5600.017,6,2,29.01,26.56,20.665,30.995,0.716
2026-04-27,2026-04-27 05:20:17,325,282,1182.347,39.145,16116.5,21212.455,29741.712,5596.51,6,2,29.01,26.56,20.665,30.995,0.713
2026-04-27,2026-04-27 05:25:17,325,282,1220.125,71.524,16111.2,21099.484,29740.051,5609.803,6,2,29.01,26.56,20.665,30.995,0.709
2026-04-27,2026-04-27 05:30:17,325,282,1121.024,35.803,16119.9,20992.827,29736.49,5550.906,6,3,30.83,27.64,21.44,32.7,0.706
2026-04-27,2026-04-27 05:35:17,325,282,1365.186,58.352,16127.7,20879.692,29734.192,5541.907,6,3,30.83,27.64,21.44,32.7,0.702
2026-04-27,2026-04-27 05:40:17,325,282,1353.576,51.434,16131.9,20756.116,29732.853,5523.615,6,3,30.83,27.64,21.44,32.7,0.698
2026-04-27,2026-04-27 05:45:16,325,282,1435.855,41.533,16130.0,20633.645,29732.519,5543.51,6,4,31.78,28.53,22.53,33.57,0.694
2026-04-27,2026-04-27 05:50:17,325,282,1582.311,56.358,16133.5,20494.417,29729.717,5537.152,6,4,31.78,28.53,22.53,33.57,0.689
2026-04-27,2026-04-27 05:55:17,325,282,1514.329,76.039,16152.6,20364.399,29730.108,5487.56,6,4,31.78,28.53,22.53,33.57,0.685
2026-04-27,2026-04-27 06:00:20,325,281,1756.757,45.236,16015.0,20223.679,29728.049,5253.117,7,1,33.78,30.295,24.49,35.4,0.68
2026-04-27,2026-04-27 06:05:18,325,281,2550.255,10.218,16007.7,20034.991,29727.299,5189.978,7,1,33.78,30.295,24.49,35.4,0.674
2026-04-27,2026-04-27 06:10:18,325,281,2774.181,40.548,15986.9,19771.773,29704.933,5161.474,7,1,33.78,30.295,24.49,35.4,0.666
2026-04-27,2026-04-27 06:15:17,325,281,2755.87,48.408,15981.1,19456.892,29629.721,5160.388,7,2,39.02,34.755,27.57,41.175,0.657
2026-04-27,2026-04-27 06:20:17,325,281,2701.44,158.181,15976.8,19165.208,29566.648,5131.752,7,2,39.02,34.755,27.57,41.175,0.648
2026-04-27,2026-04-27 06:25:16,325,281,2645.647,52.945,15980.8,18884.547,29519.05,5110.978,7,2,39.02,34.755,27.57,41.175,0.64
2026-04-27,2026-04-27 06:30:17,325,281,2625.146,56.645,15968.5,18593.976,29457.3,4983.112,7,3,38.95,34.45,26.615,41.4,0.631
2026-04-27,2026-04-27 06:35:16,325,281,2794.501,44.817,15965.5,18357.73,29457.152,4945.199,7,3,38.95,34.45,26.615,41.4,0.623
2026-04-27,2026-04-27 06:40:17,325,281,3047.494,58.413,15948.9,18100.219,29457.356,4928.638,7,3,38.95,34.45,26.615,41.4,0.614
2026-04-27,2026-04-27 06:45:17,325,281,2976.615,157.291,15953.9,17840.538,29453.557,4973.601,7,4,42.45,36.87,27.74,45.15,0.606
2026-04-27,2026-04-27 06:50:18,325,281,2791.8,278.066,15942.6,17597.311,29461.163,4926.05,7,4,42.45,36.87,27.74,45.15,0.597
2026-04-27,2026-04-27 06:55:18,325,281,2565.828,201.867,15894.5,17372.096,29446.01,4885.962,7,4,42.45,36.87,27.74,45.15,0.59
2026-04-27,2026-04-27 07:00:21,325,281,2429.306,43.543,15831.0,17146.644,29444.146,4860.53,8,1,44.37,37.41,26.505,47.37,0.582
2026-04-27,2026-04-27 07:05:18,325,281,2298.301,216.04,15605.7,16938.409,29439.597,4891.41,8,1,44.37,37.41,26.505,47.37,0.575
2026-04-27,2026-04-27 07:10:18,325,281,1974.69,58.151,15552.7,16742.172,29415.286,4829.309,8,1,44.37,37.41,26.505,47.37,0.569
2026-04-27,2026-04-27 07:15:18,325,281,1612.986,108.659,15553.4,16588.126,29410.963,4787.098,8,2,34.41,29.65,21.94,36.59,0.564
2026-04-27,2026-04-27 07:20:18,325,281,1409.838,122.126,15559.5,16470.563,29419.463,4697.511,8,2,34.41,29.65,21.94,36.59,0.56
2026-04-27,2026-04-27 07:25:16,325,281,1190.654,211.397,15550.9,16366.836,29428.142,4705.118,8,2,34.41,29.65,21.94,36.59,0.556
2026-04-27,2026-04-27 07:30:18,325,281,1126.671,70.616,15533.9,16282.129,29424.696,4685.661,8,3,26.41,24.5,20.73,27.615,0.553
2026-04-27,2026-04-27 07:35:17,325,281,1010.288,132.765,15512.2,16213.449,29423.159,4680.96,8,3,26.41,24.5,20.73,27.615,0.551
2026-04-27,2026-04-27 07:40:18,325,281,1182.949,162.067,15451.6,16129.312,29422.576,4683.06,8,3,26.41,24.5,20.73,27.615,0.548
2026-04-27,2026-04-27 07:45:17,325,281,1379.352,142.717,15448.8,16027.901,29419.243,4685.823,8,4,26.09,25.3,22.01,27.465,0.545
2026-04-27,2026-04-27 07:50:19,325,281,1107.312,254.426,15443.6,15938.291,29423.443,4758.908,8,4,26.09,25.3,22.01,27.465,0.542
2026-04-27,2026-04-27 07:55:17,325,281,738.084,346.675,15457.2,15880.533,29424.661,4718.115,8,4,26.09,25.3,22.01,27.465,0.54
2026-04-27,2026-04-27 08:00:20,325,281,528.751,679.397,15422.2,15839.364,29408.24,5351.002,9,1,23.92,24.5,22.7,24.91,0.539
2026-04-27,2026-04-27 08:05:18,325,281,685.277,941.23,15306.8,15720.868,28774.155,5366.309,9,1,23.92,24.5,22.7,24.91,0.546
2026-04-27,2026-04-27 08:10:18,325,281,687.663,769.189,15193.8,15840.916,29203.656,5329.597,9,1,23.92,24.5,22.7,24.91,0.542
2026-04-27,2026-04-27 08:15:18,325,281,567.912,757.407,15176.1,15836.04,29192.349,5395.803,9,2,21.79,23.75,20.55,29.0,0.542
2026-04-27,2026-04-27 08:20:18,325,280,197.5,750.088,15150.6,15848.661,29191.921,5362.672,9,2,21.79,23.75,20.55,29.0,0.543
2026-04-27,2026-04-27 08:25:16,325,280,192.375,1034.852,15128.1,15853.971,29151.045,5385.056,9,2,21.79,23.75,20.55,29.0,0.544
2026-04-27,2026-04-27 08:30:19,325,280,80.529,1237.58,15243.6,15915.054,29125.057,5371.081,9,3,21.83,24.68,19.02,34.98,0.546
2026-04-27,2026-04-27 08:35:17,325,281,207.261,1308.993,15195.1,16072.77,29193.072,5335.786,9,3,21.83,24.68,19.02,34.98,0.551
2026-04-27,2026-04-27 08:40:19,325,281,267.081,1260.687,15198.7,16019.586,28527.592,5366.994,9,3,21.83,24.68,19.02,34.98,0.562
2026-04-27,2026-04-27 08:45:18,325,281,160.763,1558.33,15182.8,16257.807,29192.948,5362.469,9,4,19.28,22.38,21.13,25.63,0.557
2026-04-27,2026-04-27 08:50:18,325,281,181.148,2132.736,15220.3,16376.778,29202.5,5360.801,9,4,19.28,22.38,21.13,25.63,0.561
2026-04-27,2026-04-27 08:55:18,325,281,165.062,2421.568,15224.6,16538.199,29204.677,5395.239,9,4,19.28,22.38,21.13,25.63,0.566
2026-04-27,2026-04-27 09:00:21,325,281,153.324,1967.947,15306.3,16745.033,29247.162,5819.963,10,1,19.56,22.86,19.615,26.715,0.573
2026-04-27,2026-04-27 09:05:18,325,281,2.068,2091.361,15097.3,16874.204,29069.929,5800.204,10,1,19.56,22.86,19.615,26.715,0.58
2026-04-27,2026-04-27 09:10:20,325,281,16.959,2517.873,15068.4,17041.875,29437.94,5756.05,10,1,19.56,22.86,19.615,26.715,0.579
2026-04-27,2026-04-27 09:15:17,325,281,61.904,2478.242,15134.0,17138.473,29377.708,5683.361,10,2,18.44,21.83,16.97,25.57,0.583
2026-04-27,2026-04-27 09:20:18,325,280,75.581,2377.885,15057.6,17343.315,29428.534,5759.856,10,2,18.44,21.83,16.97,25.57,0.589
2026-04-27,2026-04-27 09:25:18,325,280,77.631,2337.13,15125.3,17532.953,29430.417,5770.062,10,2,18.44,21.83,16.97,25.57,0.596
2026-04-27,2026-04-27 09:30:18,325,280,81.818,2378.158,15146.0,17710.736,29446.548,5812.553,10,3,18.25,22.18,16.96,25.31,0.601
2026-04-27,2026-04-27 09:35:17,325,280,20.802,2637.99,15147.8,17907.408,29444.71,5809.714,10,3,18.25,22.18,16.96,25.31,0.608
2026-04-27,2026-04-27 09:40:18,325,280,25.167,2837.838,15029.5,18070.34,29216.524,5868.41,10,3,18.25,22.18,16.96,25.31,0.618
2026-04-27,2026-04-27 09:45:17,325,280,11.682,2883.905,15020.5,18308.763,29241.927,5873.723,10,4,16.25,20.64,16.125,23.28,0.626
2026-04-27,2026-04-27 09:50:18,325,280,39.334,2706.316,15026.7,18535.385,29237.818,5897.007,10,4,16.25,20.64,16.125,23.28,0.634
2026-04-27,2026-04-27 09:55:17,325,280,41.456,2772.78,15035.1,18729.57,29239.36,5920.985,10,4,16.25,20.64,16.125,23.28,0.641
2026-04-27,2026-04-27 10:00:24,325,280,39.501,3082.505,14997.4,18932.704,29217.562,6061.617,11,1,15.46,18.8,15.65,23.5,0.648
2026-04-27,2026-04-27 10:05:18,325,280,8.056,3456.114,15116.0,19168.035,29176.656,6097.909,11,1,15.46,18.8,15.65,23.5,0.657
2026-04-27,2026-04-27 10:10:20,325,280,2.834,3204.929,15170.6,19418.463,29152.894,6097.581,11,1,15.46,18.8,15.65,23.5,0.666
2026-04-27,2026-04-27 10:13:26,325,279,2.098,3365.853,15202.6,19578.605,29158.782,6148.496,11,1,15.46,18.8,15.65,23.5,0.671
2026-04-27,2026-04-27 10:15:18,325,279,4.349,3351.814,15134.6,19683.445,29175.853,6161.278,11,2,13.56,17.24,14.82,20.455,0.675
2026-04-27,2026-04-27 10:20:19,325,279,3.535,3258.783,15102.7,19956.123,29367.261,6185.862,11,2,13.56,17.24,14.82,20.455,0.68
2026-04-27,2026-04-27 10:25:18,325,279,59.907,2957.392,15234.9,20205.579,29380.092,6205.144,11,2,13.56,17.24,14.82,20.455,0.688
2026-04-27,2026-04-27 10:30:19,325,279,86.212,2705.958,15246.3,20431.302,29390.474,6181.194,11,3,13.2,16.96,15.33,19.39,0.695
2026-04-27,2026-04-27 10:35:18,325,279,186.213,2777.734,15310.8,20638.123,29406.523,6199.652,11,3,13.2,16.96,15.33,19.39,0.702
2026-04-27,2026-04-27 10:40:18,325,279,69.323,2973.837,15547.6,20850.028,29584.252,6236.279,11,3,13.2,16.96,15.33,19.39,0.705
2026-04-27,2026-04-27 10:45:22,325,279,117.928,2979.159,15573.7,21081.981,29595.629,6212.955,11,4,14.91,22.35,15.46,21.58,0.712
2026-04-27,2026-04-27 10:50:21,325,279,394.809,2892.581,15577.8,21286.515,29608.924,6259.915,11,4,14.91,22.35,15.46,21.58,0.719
2026-04-27,2026-04-27 10:55:18,325,279,68.337,2758.231,15604.5,21464.9,29619.987,6318.446,11,4,14.91,22.35,15.46,21.58,0.725
2026-04-27,2026-04-27 11:00:23,325,279,63.831,2984.904,15605.5,21643.383,29623.999,6316.841,12,1,20.16,45.815,14.26,24.555,0.731
2026-04-27,2026-04-27 11:05:21,325,278,71.332,2500.013,15566.6,21847.528,29613.097,6365.172,12,1,20.16,45.815,14.26,24.555,0.738
2026-04-27,2026-04-27 11:10:25,325,278,324.063,2316.896,15567.2,21995.725,29609.573,6330.61,12,1,20.16,45.815,14.26,24.555,0.743
2026-04-27,2026-04-27 11:15:19,325,278,337.132,2148.046,15571.3,22130.391,29615.154,6373.21,12,2,18.95,36.94,17.745,25.31,0.747
2026-04-27,2026-04-27 11:20:18,325,278,141.049,2152.36,15572.1,22244.575,29602.183,6462.351,12,2,18.95,36.94,17.745,25.31,0.751
2026-04-27,2026-04-27 11:25:19,325,278,49.654,2415.478,15626.7,22398.049,29599.792,6485.33,12,2,18.95,36.94,17.745,25.31,0.757
2026-04-27,2026-04-27 11:30:18,325,278,54.124,2402.42,15710.7,22559.565,29607.52,6506.669,12,3,17.25,21.835,21.63,28.0,0.762
2026-04-27,2026-04-27 11:35:21,325,278,49.31,2750.179,15712.0,22737.423,29624.723,6539.23,12,3,17.25,21.835,21.63,28.0,0.768
2026-04-27,2026-04-27 11:40:18,325,278,49.761,2629.319,15745.2,22946.182,29631.306,6579.378,12,3,17.25,21.835,21.63,28.0,0.774
2026-04-27,2026-04-27 11:45:20,325,278,85.969,2737.369,15785.9,23190.665,29692.128,6393.905,12,4,23.84,77.695,19.7,53.495,0.781
2026-04-27,2026-04-27 11:50:19,325,278,432.265,2378.897,15734.9,23299.226,29632.029,6377.165,12,4,23.84,77.695,19.7,53.495,0.786
2026-04-27,2026-04-27 11:55:19,325,278,577.19,2255.418,15725.6,23408.988,29613.665,6348.352,12,4,23.84,77.695,19.7,53.495,0.79
2026-04-27,2026-04-27 12:00:27,325,279,616.292,2031.844,15628.0,23496.754,29594.694,6517.657,13,1,21.65,39.085,22.135,43.855,0.794
2026-04-27,2026-04-27 12:05:19,325,279,185.478,2496.31,15658.4,23618.657,29604.954,6599.592,13,1,21.65,39.085,22.135,43.855,0.798
2026-04-27,2026-04-27 12:10:23,325,279,66.528,3036.289,15674.1,23792.752,29583.648,6638.913,13,1,21.65,39.085,22.135,43.855,0.804
2026-04-27,2026-04-27 12:15:22,325,279,29.62,3217.667,15642.2,24029.761,29628.412,6617.565,13,2,19.12,18.405,38.605,26.54,0.811
2026-04-27,2026-04-27 12:20:21,325,279,79.024,3227.598,15677.8,24278.023,29683.171,6697.818,13,2,19.12,18.405,38.605,26.54,0.818
2026-04-27,2026-04-27 12:25:24,325,279,272.127,2322.532,15773.1,24676.416,30120.584,6705.133,13,2,19.12,18.405,38.605,26.54,0.819
2026-04-27,2026-04-27 12:30:23,325,279,69.778,2191.083,15636.9,24798.862,30092.781,6632.625,13,3,22.88,28.48,56.76,27.46,0.824
2026-04-27,2026-04-27 12:35:21,325,279,131.409,2223.504,15672.4,24947.454,30093.79,6665.32,13,3,22.88,28.48,56.76,27.46,0.829
2026-04-27,2026-04-27 12:40:18,325,279,89.211,2373.661,15630.3,25087.683,30070.491,6767.358,13,3,22.88,28.48,56.76,27.46,0.834
2026-04-27,2026-04-27 12:45:18,325,279,128.842,2092.8,15632.1,25245.356,30064.749,6714.501,13,4,25.65,21.88,91.045,25.955,0.84
2026-04-27,2026-04-27 12:50:23,325,279,199.679,1872.457,15626.8,25367.308,30086.083,6776.358,13,4,25.65,21.88,91.045,25.955,0.843
2026-04-27,2026-04-27 12:55:23,325,280,149.601,1651.119,15646.3,25474.267,30139.41,6764.426,13,4,25.65,21.88,91.045,25.955,0.845
2026-04-27,2026-04-27 13:00:27,325,280,445.082,1270.898,15652.5,25545.795,30150.403,6759.257,14,1,28.53,26.515,109.38,28.435,0.847
2026-04-27,2026-04-27 13:05:21,325,280,128.667,1376.902,15619.5,25599.055,30151.636,6777.937,14,1,28.53,26.515,109.38,28.435,0.849
2026-04-27,2026-04-27 13:10:22,325,280,270.453,1259.588,15652.9,25511.191,29862.5,6839.8,14,1,28.53,26.515,109.38,28.435,0.854
2026-04-27,2026-04-27 13:15:19,325,280,56.744,1308.658,15819.3,25553.925,29849.288,6847.912,14,2,27.59,21.665,106.405,30.68,0.856
2026-04-27,2026-04-27 13:20:20,325,280,11.018,1569.865,15692.1,25661.192,29860.835,6889.597,14,2,27.59,21.665,106.405,30.68,0.859
2026-04-27,2026-04-27 13:25:18,325,280,34.537,1385.347,15694.5,25753.931,29851.318,6898.804,14,2,27.59,21.665,106.405,30.68,0.863
2026-04-27,2026-04-27 13:30:20,325,280,89.566,1266.424,15820.9,25963.981,29845.657,6894.872,14,3,26.91,29.64,90.065,31.87,0.87
2026-04-27,2026-04-27 13:35:19,325,280,106.699,1240.081,15768.7,26052.385,29857.183,6897.266,14,3,26.91,29.64,90.065,31.87,0.873
2026-04-27,2026-04-27 13:40:20,325,280,59.156,1374.964,15857.3,26232.945,29963.752,6933.897,14,3,26.91,29.64,90.065,31.87,0.875
2026-04-27,2026-04-27 13:45:19,325,281,269.469,974.176,15891.2,26314.111,29971.583,6993.994,14,4,26.48,52.725,52.43,42.675,0.878
2026-04-27,2026-04-27 13:50:20,325,281,247.89,937.132,15871.3,26352.896,30006.211,6995.019,14,4,26.48,52.725,52.43,42.675,0.878
2026-04-27,2026-04-27 13:55:20,325,281,402.824,665.385,15866.6,26358.794,29999.458,6923.434,14,4,26.48,52.725,52.43,42.675,0.879
2026-04-27,2026-04-27 14:00:24,325,281,285.624,965.234,15874.7,26395.106,30045.072,6821.466,15,1,27.95,35.975,62.55,40.89,0.879
2026-04-27,2026-04-27 14:05:21,325,282,285.433,811.074,15848.5,26413.192,30045.546,6853.072,15,1,27.95,35.975,62.55,40.89,0.879
2026-04-27,2026-04-27 14:10:21,325,282,186.111,657.948,15890.2,26480.671,30101.83,6827.582,15,1,27.95,35.975,62.55,40.89,0.88
2026-04-27,2026-04-27 14:15:20,325,282,287.785,369.176,15890.2,26513.806,30106.848,6917.699,15,2,26.42,30.945,42.625,52.325,0.881
2026-04-27,2026-04-27 14:20:20,325,282,190.549,483.554,15893.7,26690.763,30282.087,7124.18,15,2,26.42,30.945,42.625,52.325,0.881
2026-04-27,2026-04-27 14:25:20,325,282,274.827,486.993,15860.4,26671.848,30258.562,7118.388,15,2,26.42,30.945,42.625,52.325,0.881
2026-04-27,2026-04-27 14:30:22,325,282,502.219,348.837,15859.1,26675.488,30261.382,7284.248,15,3,37.52,38.585,100.375,65.565,0.882
2026-04-27,2026-04-27 14:35:20,325,282,445.319,390.063,15856.7,26666.919,30285.058,7207.785,15,3,37.52,38.585,100.375,65.565,0.881
2026-04-27,2026-04-27 14:40:21,325,282,166.395,524.451,15867.6,26655.308,30283.725,7144.102,15,3,37.52,38.585,100.375,65.565,0.88
2026-04-27,2026-04-27 14:45:22,325,282,277.67,576.822,15766.8,26472.884,30075.834,7156.589,15,4,36.04,36.655,145.22,43.31,0.88
2026-04-27,2026-04-27 14:50:21,325,282,210.351,431.779,15777.1,26483.15,30102.61,7068.009,15,4,36.04,36.655,145.22,43.31,0.88
2026-04-27,2026-04-27 14:55:22,325,282,285.781,260.566,15783.1,26493.689,30103.328,7051.061,15,4,36.04,36.655,145.22,43.31,0.88
2026-04-27,2026-04-27 15:00:24,325,282,148.461,403.924,15804.3,26498.628,30090.753,7096.525,16,1,44.01,43.555,170.685,57.94,0.881
2026-04-27,2026-04-27 15:05:20,325,283,256.204,183.416,15881.9,26560.864,30153.455,7022.562,16,1,44.01,43.555,170.685,57.94,0.881
2026-04-27,2026-04-27 15:10:21,325,283,174.708,845.993,15871.3,26565.488,30145.588,7021.976,16,1,44.01,43.555,170.685,57.94,0.881
2026-04-27,2026-04-27 15:15:19,325,283,175.332,649.31,15860.5,26602.044,30122.554,7115.653,16,2,34.48,36.045,125.31,38.785,0.883
2026-04-27,2026-04-27 15:20:19,325,283,154.664,627.165,15865.6,26655.931,30143.771,7139.109,16,2,34.48,36.045,125.31,38.785,0.884
2026-04-27,2026-04-27 15:25:17,325,283,216.028,352.979,15858.7,26693.675,30172.502,7139.599,16,2,34.48,36.045,125.31,38.785,0.885
2026-04-27,2026-04-27 15:30:20,325,282,102.77,811.502,15664.3,26733.694,30183.447,7096.457,16,3,39.48,37.065,150.545,39.345,0.886
2026-04-27,2026-04-27 15:35:19,325,283,135.725,673.207,15891.0,26656.402,29543.114,7115.192,16,3,39.48,37.065,150.545,39.345,0.902
2026-04-27,2026-04-27 15:40:21,325,283,158.381,648.102,15878.2,26836.41,30179.83,7123.279,16,3,39.48,37.065,150.545,39.345,0.889
2026-04-27,2026-04-27 15:45:20,325,283,174.933,332.597,15930.1,26877.83,30193.313,7113.846,16,4,59.13,49.315,179.21,69.45,0.89
2026-04-27,2026-04-27 15:50:21,325,283,248.746,230.449,15901.6,26859.358,30183.919,7118.2,16,4,59.13,49.315,179.21,69.45,0.89
2026-04-27,2026-04-27 15:51:58,325,283,243.792,264.2,15876.9,26858.56,30186.078,7102.485,16,4,59.13,49.315,179.21,69.45,0.89
2026-04-27,2026-04-27 15:55:20,325,283,133.233,448.865,15885.2,26857.77,30181.693,7142.586,16,4,59.13,49.315,179.21,69.45,0.89
2026-04-27,2026-04-27 16:00:24,325,283,199.113,596.547,15787.0,26878.884,30167.684,7191.138,17,1,40.98,33.44,174.765,32.055,0.891
2026-04-27,2026-04-27 16:05:21,325,283,3.316,495.221,15815.9,26866.08,30166.037,7267.642,17,1,40.98,33.44,174.765,32.055,0.891
2026-04-27,2026-04-27 16:10:21,325,283,14.81,525.174,15819.5,26904.476,30185.306,7211.986,17,1,40.98,33.44,174.765,32.055,0.891
2026-04-27,2026-04-27 16:15:20,325,283,1.613,607.808,15962.1,27143.331,30425.854,7372.833,17,2,59.87,56.915,195.42,102.89,0.892
2026-04-27,2026-04-27 16:20:21,325,283,564.838,299.693,16096.1,27106.168,30403.803,7270.079,17,2,59.87,56.915,195.42,102.89,0.892
2026-04-27,2026-04-27 16:25:19,325,283,9.991,682.529,16109.8,27022.076,30317.719,7229.964,17,2,59.87,56.915,195.42,102.89,0.891
2026-04-27,2026-04-27 16:30:21,325,283,243.843,270.556,16131.8,27037.401,30309.881,7071.708,17,3,49.17,34.2,216.915,62.505,0.892
2026-04-27,2026-04-27 16:35:18,325,283,163.076,508.154,16152.1,27039.028,30335.611,7041.794,17,3,49.17,34.2,216.915,62.505,0.891
2026-04-27,2026-04-27 16:40:22,325,283,11.088,687.018,16162.5,27063.804,30329.076,7041.497,17,3,49.17,34.2,216.915,62.505,0.892
2026-04-27,2026-04-27 16:45:20,325,283,0.739,623.346,16189.1,27091.519,30336.861,6999.583,17,4,53.03,50.165,135.76,110.91,0.893
2026-04-27,2026-04-27 16:50:20,325,283,434.573,356.587,16191.9,27104.044,30336.024,7007.507,17,4,53.03,50.165,135.76,110.91,0.893
2026-04-27,2026-04-27 16:55:20,325,283,771.813,266.488,16189.0,27060.305,30329.36,7199.392,17,4,53.03,50.165,135.76,110.91,0.892
2026-04-27,2026-04-27 17:00:25,325,282,157.022,579.856,16210.7,27032.838,30313.092,6813.11,18,1,35.11,28.265,109.135,62.105,0.892
2026-04-27,2026-04-27 17:05:20,325,280,154.171,652.973,16188.5,27115.052,30343.297,6896.707,18,1,35.11,28.265,109.135,62.105,0.894
2026-04-27,2026-04-27 17:10:22,325,280,1.185,681.196,16109.4,27192.536,30442.248,6832.983,18,1,35.11,28.265,109.135,62.105,0.893
2026-04-27,2026-04-27 17:15:20,325,280,16.393,275.148,16080.4,27204.599,30435.395,6933.594,18,2,69.69,61.41,199.24,104.795,0.894
2026-04-27,2026-04-27 17:20:23,325,280,356.422,237.464,16065.4,27194.378,30433.188,6974.516,18,2,69.69,61.41,199.24,104.795,0.894
2026-04-27,2026-04-27 17:25:21,325,280,583.207,190.589,16087.0,27166.88,30451.357,7042.355,18,2,69.69,61.41,199.24,104.795,0.892
2026-04-27,2026-04-27 17:30:21,325,280,212.027,240.356,16008.8,27169.262,30445.728,6964.207,18,3,98.66,82.155,309.58,110.19,0.892
2026-04-27,2026-04-27 17:35:21,325,280,342.936,247.528,16042.7,27131.668,30457.318,6940.97,18,3,98.66,82.155,309.58,110.19,0.891
2026-04-27,2026-04-27 17:40:21,325,280,76.929,464.486,16120.9,27140.301,30469.228,6980.166,18,3,98.66,82.155,309.58,110.19,0.891
2026-04-27,2026-04-27 17:45:22,325,280,208.935,347.028,16226.4,27147.015,30458.604,6736.094,18,4,104.66,71.135,400.34,75.725,0.891
2026-04-27,2026-04-27 17:50:23,325,280,342.763,172.918,16233.0,27129.942,30465.087,7099.382,18,4,104.66,71.135,400.34,75.725,0.891
2026-04-27,2026-04-27 17:55:21,325,280,343.262,331.845,16231.4,27105.046,30460.938,6803.512,18,4,104.66,71.135,400.34,75.725,0.89
2026-04-27,2026-04-27 18:00:23,325,280,525.99,253.951,16235.5,27081.602,30456.368,6458.184,19,1,107.96,78.92,371.93,86.08,0.889
2026-04-27,2026-04-27 18:05:21,325,280,103.24,267.705,16124.7,27063.781,30446.438,6471.582,19,1,107.96,78.92,371.93,86.08,0.889
2026-04-27,2026-04-27 18:10:26,325,280,140.203,210.139,16080.2,27043.752,30417.077,6508.901,19,1,107.96,78.92,371.93,86.08,0.889
2026-04-27,2026-04-27 18:15:21,325,280,280.602,182.82,16181.6,27077.137,30454.057,6343.734,19,2,156.2,124.26,389.935,125.865,0.889
2026-04-27,2026-04-27 18:20:22,325,280,231.945,171.513,16182.5,27062.928,30453.846,6525.433,19,2,156.2,124.26,389.935,125.865,0.889
2026-04-27,2026-04-27 18:25:20,325,280,319.626,135.624,16239.6,27043.329,30437.452,6563.828,19,2,156.2,124.26,389.935,125.865,0.888
2026-04-27,2026-04-27 18:30:20,325,280,1052.243,147.608,16217.6,26988.194,30415.175,6716.63,19,3,331.16,299.25,576.215,280.225,0.887
2026-04-27,2026-04-27 18:35:21,325,280,1335.199,136.603,16203.4,26905.134,30421.064,6809.23,19,3,331.16,299.25,576.215,280.225,0.884
2026-04-27,2026-04-27 18:40:21,325,280,1439.452,63.501,16240.5,26798.099,30437.636,6804.925,19,3,331.16,299.25,576.215,280.225,0.88
2026-04-27,2026-04-27 18:45:23,325,280,1653.622,94.385,16249.4,26658.166,30430.244,6770.806,19,4,459.54,424.87,734.305,404.255,0.876
2026-04-27,2026-04-27 18:50:22,325,280,2186.615,81.349,16286.9,26487.077,30425.813,6679.302,19,4,459.54,424.87,734.305,404.255,0.871
2026-04-27,2026-04-27 18:55:22,325,280,2353.349,158.577,16290.2,26317.969,30432.223,6692.682,19,4,459.54,424.87,734.305,404.255,0.865
2026-04-27,2026-04-27 19:00:26,325,280,2540.758,91.988,16291.8,26124.426,30431.17,6286.337,20,1,277.74,237.71,437.42,217.915,0.858
2026-04-27,2026-04-27 19:05:24,325,280,3619.66,539.939,16292.4,25888.854,30423.769,6279.17,20,1,277.74,237.71,437.42,217.915,0.851
2026-04-27,2026-04-27 19:10:34,325,280,3437.946,287.56,16291.4,25623.966,30423.21,6086.112,20,1,277.74,237.71,437.42,217.915,0.842
2026-04-27,2026-04-27 19:15:22,325,280,3858.114,190.697,16296.2,25324.674,30416.565,6058.561,20,2,350.04,311.015,507.01,285.99,0.833
2026-04-27,2026-04-27 19:20:23,325,280,4297.164,91.079,16296.0,24985.876,30419.232,5971.231,20,2,350.04,311.015,507.01,285.99,0.821
2026-04-27,2026-04-27 19:25:22,325,280,5060.241,55.879,16286.7,24588.043,30411.81,5827.722,20,2,350.04,311.015,507.01,285.99,0.809
2026-04-27,2026-04-27 19:30:23,325,280,5693.361,52.816,16284.8,24124.968,30410.992,5531.042,20,3,490.15,446.62,636.625,425.375,0.793
2026-04-27,2026-04-27 19:35:20,325,280,6155.521,44.109,16286.1,23620.541,30405.112,5515.038,20,3,490.15,446.62,636.625,425.375,0.777
2026-04-27,2026-04-27 19:40:23,325,280,6624.809,38.506,16287.9,23068.514,30392.72,5448.86,20,3,490.15,446.62,636.625,425.375,0.759
2026-04-27,2026-04-27 19:45:22,325,280,7126.47,37.923,16285.6,22486.006,30400.305,5249.168,20,4,553.23,510.855,704.225,468.84,0.74
2026-04-27,2026-04-27 19:50:22,325,280,7422.189,222.262,16285.6,21844.754,30397.542,5341.687,20,4,553.23,510.855,704.225,468.84,0.719
2026-04-27,2026-04-27 19:55:23,325,280,7610.981,38.719,16267.7,21209.536,30396.501,5155.038,20,4,553.23,510.855,704.225,468.84,0.698
2026-04-27,2026-04-27 20:00:30,325,279,7992.854,41.227,16064.1,20536.13,30393.162,4732.318,21,1,528.34,485.385,664.985,461.3,0.676
2026-04-27,2026-04-27 20:05:27,325,279,8212.389,37.681,16065.5,19842.5,30398.902,4655.164,21,1,528.34,485.385,664.985,461.3,0.653
2026-04-27,2026-04-27 20:10:30,325,279,8439.384,29.108,16064.4,19130.482,30398.501,4546.234,21,1,528.34,485.385,664.985,461.3,0.629
2026-04-27,2026-04-27 20:15:30,325,279,8552.659,29.214,16062.3,18385.158,30390.704,4318.844,21,2,528.84,494.925,658.48,469.58,0.605
2026-04-27,2026-04-27 20:20:23,325,279,8461.398,36.992,16060.1,17650.674,30389.197,4263.721,21,2,528.84,494.925,658.48,469.58,0.581
2026-04-27,2026-04-27 20:25:26,325,279,8514.505,29.06,16059.1,16920.222,30385.562,4251.108,21,2,528.84,494.925,658.48,469.58,0.557
2026-04-27,2026-04-27 20:30:21,325,279,8342.227,29.063,16052.1,16159.857,29983.959,4330.144,21,3,514.87,469.315,630.59,439.665,0.539
2026-04-27,2026-04-27 20:35:23,325,279,8068.882,33.298,16042.5,15426.92,29967.955,4381.015,21,3,514.87,469.315,630.59,439.665,0.515
2026-04-27,2026-04-27 20:40:27,325,279,7859.956,34.967,16032.2,14723.288,29967.282,4357.983,21,3,514.87,469.315,630.59,439.665,0.491
2026-04-27,2026-04-27 20:45:21,325,279,7637.807,31.703,15910.9,14054.742,29972.578,4321.12,21,4,478.72,437.605,597.38,374.635,0.469
2026-04-27,2026-04-27 20:50:22,325,279,7480.353,53.316,15837.1,13383.492,29972.098,4248.351,21,4,478.72,437.605,597.38,374.635,0.447
2026-04-27,2026-04-27 20:55:22,325,279,7191.349,43.998,15808.2,12742.238,29956.612,4124.067,21,4,478.72,437.605,597.38,374.635,0.425
2026-04-27,2026-04-27 21:00:25,325,279,7049.839,33.726,15762.7,12119.428,29957.573,3780.809,22,1,669.74,631.77,819.285,395.63,0.405
2026-04-27,2026-04-27 21:05:28,325,279,6881.615,40.035,15571.4,11499.042,29952.092,3809.746,22,1,669.74,631.77,819.285,395.63,0.384
2026-04-27,2026-04-27 21:10:24,325,279,6919.713,44.653,15514.3,10893.957,29949.662,3663.757,22,1,669.74,631.77,819.285,395.63,0.364
2026-04-27,2026-04-27 21:15:24,325,279,6785.985,38.36,15353.8,10280.527,29952.278,3540.558,22,2,784.31,746.23,931.415,458.665,0.343
2026-04-27,2026-04-27 21:20:29,325,279,6463.192,34.464,15237.8,9681.954,29920.991,3461.201,22,2,784.31,746.23,931.415,458.665,0.324
2026-04-27,2026-04-27 21:25:26,325,279,6404.611,34.902,15103.9,9122.868,29928.16,3430.06,22,2,784.31,746.23,931.415,458.665,0.305
2026-04-27,2026-04-27 21:30:28,325,279,6084.461,43.988,14947.5,8555.757,29916.783,3294.456,22,3,771.34,734.4,917.67,449.505,0.286
2026-04-27,2026-04-27 21:35:21,325,279,5763.646,75.253,14781.5,8036.198,29937.393,3231.362,22,3,771.34,734.4,917.67,449.505,0.268
2026-04-27,2026-04-27 21:40:21,325,279,5347.499,65.2,14508.8,7533.231,29937.589,3192.56,22,3,771.34,734.4,917.67,449.505,0.252
2026-04-27,2026-04-27 21:45:26,325,279,4716.34,100.91,14344.8,7047.806,29937.453,3147.544,22,4,514.92,475.06,641.005,343.69,0.235
2026-04-27,2026-04-27 21:50:29,325,279,4248.269,82.684,14306.2,6637.067,29936.549,3083.954,22,4,514.92,475.06,641.005,343.69,0.222
2026-04-27,2026-04-27 21:55:28,325,279,3857.412,111.456,13640.7,6218.11,29933.805,3031.98,22,4,514.92,475.06,641.005,343.69,0.208
2026-04-27,2026-04-27 22:00:28,325,277,2997.049,135.676,12927.0,5906.279,29923.497,3012.574,23,1,456.34,414.315,575.66,339.035,0.197
2026-04-27,2026-04-27 22:05:31,325,277,2475.083,87.49,12858.4,5651.824,29915.644,2931.983,23,1,456.34,414.315,575.66,339.035,0.189
2026-04-27,2026-04-27 22:10:33,325,277,1882.118,122.104,12856.2,5456.172,29928.83,2883.109,23,1,456.34,414.315,575.66,339.035,0.182
2026-04-27,2026-04-27 22:15:26,325,277,1460.475,209.615,12819.5,5317.665,29930.209,2852.317,23,2,225.31,203.425,301.925,170.705,0.178
2026-04-27,2026-04-27 22:20:27,325,277,1254.644,136.922,12756.6,5193.555,29934.219,2801.128,23,2,225.31,203.425,301.925,170.705,0.173
2026-04-27,2026-04-27 22:25:23,325,277,1369.676,496.247,12660.3,5098.466,29918.377,2833.762,23,2,225.31,203.425,301.925,170.705,0.17
2026-04-27,2026-04-27 22:30:29,325,276,1139.975,630.85,12516.2,5017.396,29803.721,2802.514,23,3,81.35,79.075,109.135,75.245,0.168
2026-04-27,2026-04-27 22:35:21,325,276,823.525,756.32,12543.1,4972.332,29759.68,2574.196,23,3,81.35,79.075,109.135,75.245,0.167
2026-04-27,2026-04-27 22:40:27,325,276,923.541,547.422,12595.0,4928.734,29590.5,2622.932,23,3,81.35,79.075,109.135,75.245,0.167
2026-04-27,2026-04-27 22:45:26,325,275,916.268,560.445,12600.0,4863.755,29445.134,2584.939,23,4,50.37,49.87,49.8,49.745,0.165
2026-04-27,2026-04-27 22:50:21,325,275,695.122,450.118,12485.5,4836.113,29445.106,2515.255,23,4,50.37,49.87,49.8,49.745,0.164
2026-04-27,2026-04-27 22:55:25,325,275,792.2,766.534,12751.4,4805.631,29446.272,2503.856,23,4,50.37,49.87,49.8,49.745,0.163
2026-04-27,2026-04-27 23:00:29,325,275,783.277,971.434,12814.2,4795.652,29446.904,2355.363,24,1,44.15,43.53,43.85,45.235,0.163
2026-04-27,2026-04-27 23:10:01,325,275,708.954,1208.588,13008.2,4797.078,29559.084,2333.706,24,1,44.15,43.53,43.85,45.235,0.162
2026-04-27,2026-04-27 23:10:35,325,275,711.339,1264.138,13016.6,4804.083,29558.822,2337.829,24,1,44.15,43.53,43.85,45.235,0.163
2026-04-27,2026-04-27 23:15:23,325,275,180.558,1349.575,13113.8,4853.018,29564.04,2316.731,24,2,35.06,33.26,33.2,34.325,0.164
2026-04-27,2026-04-27 23:20:21,325,273,517.854,1380.323,12983.4,4925.951,29561.63,2339.051,24,2,35.06,33.26,33.2,34.325,0.167
2026-04-27,2026-04-27 23:25:22,325,273,154.714,1316.601,13020.8,4984.546,29558.63,2326.773,24,2,35.06,33.26,33.2,34.325,0.169
2026-04-27,2026-04-27 23:30:23,325,273,136.523,1653.656,13031.7,5083.184,29560.693,2341.707,24,3,30.32,28.93,28.41,29.165,0.172
2026-04-27,2026-04-27 23:35:21,325,273,105.826,1615.829,13058.7,5211.564,29563.298,2470.508,24,3,30.32,28.93,28.41,29.165,0.176
2026-04-27,2026-04-27 23:40:22,325,273,216.252,1767.018,13227.2,5354.031,29441.935,2358.891,24,3,30.32,28.93,28.41,29.165,0.182
2026-04-27,2026-04-27 23:45:21,325,273,107.123,1883.188,13223.5,5455.155,29560.062,2463.106,24,4,28.02,26.64,26.005,26.7,0.185
2026-04-27,2026-04-27 23:50:22,325,273,261.7,2171.287,13352.7,5597.079,29565.752,2478.394,24,4,28.02,26.64,26.005,26.7,0.189
2026-04-27,2026-04-27 23:55:22,325,274,269.866,2082.101,13395.6,5726.043,29515.32,2428.466,24,4,28.02,26.64,26.005,26.7,0.194
2026-07-22,2026-07-22 00:00:34,335,294,795.619,534.712,14482.1,4528.741,35874.051,2642.289,1,1,37.37,37.325,37.46,37.28,0.126
2026-07-22,2026-07-22 00:05:21,335,294,734.693,358.743,14574.3,4476.243,35852.828,2643.073,1,1,37.37,37.325,37.46,37.28,0.125
2026-07-22,2026-07-22 00:10:24,335,295,1104.835,363.251,14612.4,4420.968,35854.967,2610.755,1,1,37.37,37.325,37.46,37.28,0.123
2026-07-22,2026-07-22 00:15:20,335,295,805.1,206.691,14605.2,4349.195,35847.059,2609.375,1,2,41.34,41.26,41.475,41.275,0.121
2026-07-22,2026-07-22 00:20:19,335,295,464.263,232.397,14190.7,4230.695,34823.567,2602.328,1,2,41.34,41.26,41.475,41.275,0.121
2026-07-22,2026-07-22 00:25:18,335,295,325.717,338.532,14203.3,4209.354,34832.241,2574.52,1,2,41.34,41.26,41.475,41.275,0.121
2026-07-22,2026-07-22 00:30:20,335,295,310.394,455.005,14382.0,4226.919,34854.249,2586.834,1,3,36.83,36.775,36.9,36.795,0.121
2026-07-22,2026-07-22 00:35:21,335,295,314.875,385.243,14501.7,4226.417,34842.512,2605.674,1,3,36.83,36.775,36.9,36.795,0.121
2026-07-22,2026-07-22 00:40:19,335,295,118.289,479.917,14452.2,4233.275,34839.218,2608.305,1,3,36.83,36.775,36.9,36.795,0.122
2026-07-22,2026-07-22 00:45:23,335,295,103.135,642.878,14519.4,4255.18,34838.467,2610.708,1,4,34.7,34.55,34.42,34.71,0.122
2026-07-22,2026-07-22 00:50:18,335,295,121.15,670.941,14552.4,4290.76,34837.89,2618.466,1,4,34.7,34.55,34.42,34.71,0.123
2026-07-22,2026-07-22 00:55:18,335,295,155.973,627.976,14561.6,4314.416,34822.042,2597.453,1,4,34.7,34.55,34.42,34.71,0.124
2026-07-22,2026-07-22 01:00:22,335,295,102.302,786.444,14631.5,4353.134,34819.681,2544.374,2,1,33.98,33.865,33.93,33.725,0.125
2026-07-22,2026-07-22 01:05:18,335,295,102.04,720.526,14654.0,4395.029,34818.07,2500.968,2,1,33.98,33.865,33.93,33.725,0.126
2026-07-22,2026-07-22 01:10:19,335,295,106.488,595.316,14684.0,4424.364,34818.424,2497.94,2,1,33.98,33.865,33.93,33.725,0.127
2026-07-22,2026-07-22 01:15:18,335,295,112.887,467.273,14679.4,4420.714,34817.968,2443.393,2,2,34.57,34.43,34.345,34.41,0.127
2026-07-22,2026-07-22 01:20:18,335,295,112.191,537.194,14709.9,4442.527,34805.161,2440.745,2,2,34.57,34.43,34.345,34.41,0.128
2026-07-22,2026-07-22 01:25:18,335,295,118.608,521.097,14718.8,4469.495,34809.674,2433.443,2,2,34.57,34.43,34.345,34.41,0.128
2026-07-22,2026-07-22 01:30:19,335,295,84.332,512.962,14735.1,4521.954,34890.514,2420.659,2,3,34.77,34.72,34.81,34.58,0.13
2026-07-22,2026-07-22 01:35:17,335,295,83.234,719.124,14738.7,4559.278,34891.697,2425.582,2,3,34.77,34.72,34.81,34.58,0.131
2026-07-22,2026-07-22 01:40:18,335,295,84.361,729.141,14742.2,4604.144,34883.765,2436.956,2,3,34.77,34.72,34.81,34.58,0.132
2026-07-22,2026-07-22 01:45:18,335,295,87.281,893.522,14738.5,4648.388,34886.352,2449.683,2,4,34.04,34.01,33.94,34.06,0.133
2026-07-22,2026-07-22 01:50:17,335,295,90.982,1095.579,14778.3,4706.494,34906.112,2460.004,2,4,34.04,34.01,33.94,34.06,0.135
2026-07-22,2026-07-22 01:55:17,335,295,83.435,1179.432,14784.7,4769.373,34908.381,2474.991,2,4,34.04,34.01,33.94,34.06,0.137
2026-07-22,2026-07-22 02:00:22,335,295,142.595,1153.86,14772.6,4844.467,34908.619,2521.771,3,1,34.4,33.88,32.99,34.58,0.139
2026-07-22,2026-07-22 02:05:21,335,295,71.269,1236.329,14800.6,4918.808,34929.776,2540.872,3,1,34.4,33.88,32.99,34.58,0.141
2026-07-22,2026-07-22 02:10:17,335,295,51.802,1334.587,14792.2,5010.125,34933.532,2565.861,3,1,34.4,33.88,32.99,34.58,0.143
2026-07-22,2026-07-22 02:15:17,335,295,77.257,1390.504,14805.1,5106.6,34669.566,2590.696,3,2,33.46,32.68,30.96,34.11,0.147
2026-07-22,2026-07-22 02:20:18,335,295,26.405,1276.381,14823.7,5199.372,34693.104,2613.554,3,2,33.46,32.68,30.96,34.11,0.15
2026-07-22,2026-07-22 02:25:18,335,295,3.337,1429.199,14861.1,5288.587,34689.877,2634.36,3,2,33.46,32.68,30.96,34.11,0.152
2026-07-22,2026-07-22 02:30:18,335,295,37.534,1426.325,14868.2,5381.747,34680.339,2660.423,3,3,34.42,33.65,31.85,35.16,0.155
2026-07-22,2026-07-22 02:35:17,335,295,108.73,1542.163,14880.5,5482.067,34679.564,2650.383,3,3,34.42,33.65,31.85,35.16,0.158
2026-07-22,2026-07-22 02:40:18,335,295,5.646,1472.56,14870.7,5578.732,34653.897,2673.976,3,3,34.42,33.65,31.85,35.16,0.161
2026-07-22,2026-07-22 02:45:18,335,295,5.479,1617.162,14879.0,5692.564,34654.456,2706.2,3,4,33.87,33.31,32.03,34.375,0.164
2026-07-22,2026-07-22 02:50:17,335,295,4.465,1730.855,14869.3,5809.548,34657.493,2697.08,3,4,33.87,33.31,32.03,34.375,0.168
2026-07-22,2026-07-22 02:55:18,335,295,71.451,1709.899,14867.6,5928.014,34652.249,2713.691,3,4,33.87,33.31,32.03,34.375,0.171
2026-07-22,2026-07-22 03:00:20,335,295,5.425,1637.414,14854.9,6042.931,34652.469,2801.233,4,1,31.84,31.67,31.29,31.95,0.174
2026-07-22,2026-07-22 03:05:19,335,295,36.11,1554.706,14871.9,6166.076,34657.273,2839.303,4,1,31.84,31.67,31.29,31.95,0.178
2026-07-22,2026-07-22 03:10:17,335,295,2.751,1555.384,14914.1,6278.466,34649.022,2847.738,4,1,31.84,31.67,31.29,31.95,0.181
2026-07-22,2026-07-22 03:15:18,335,295,3.368,1490.7,14910.2,6386.159,34643.55,2870.766,4,2,31.69,31.52,31.12,31.79,0.184
2026-07-22,2026-07-22 03:20:17,335,295,107.02,1458.563,14905.0,6492.475,34643.108,2887.709,4,2,31.69,31.52,31.12,31.79,0.187
2026-07-22,2026-07-22 03:25:15,335,295,2.866,1443.233,14911.1,6592.678,34642.597,2892.759,4,2,31.69,31.52,31.12,31.79,0.19
2026-07-22,2026-07-22 03:30:16,335,295,18.43,1393.383,14910.4,6695.297,34643.921,2904.188,4,3,32.47,31.81,30.26,33.1,0.193
2026-07-22,2026-07-22 03:35:16,335,295,64.309,1597.899,14909.3,6798.568,34642.266,2921.006,4,3,32.47,31.81,30.26,33.1,0.196
2026-07-22,2026-07-22 03:40:17,335,295,83.117,1507.5,14908.3,6896.836,34641.621,2931.964,4,3,32.47,31.81,30.26,33.1,0.199
2026-07-22,2026-07-22 03:45:18,335,295,2.067,1543.101,14912.1,6999.062,34638.02,2950.566,4,4,31.02,30.27,28.53,31.76,0.202
2026-07-22,2026-07-22 03:50:17,335,295,1.966,1410.294,14929.8,7104.049,34641.621,2964.904,4,4,31.02,30.27,28.53,31.76,0.205
2026-07-22,2026-07-22 03:55:25,335,295,27.833,1316.407,14983.8,7199.487,34640.116,2981.047,4,4,31.02,30.27,28.53,31.76,0.208
2026-07-22,2026-07-22 04:00:23,335,295,51.478,1279.002,15007.8,7293.944,34652.06,2978.818,5,1,32.67,31.78,29.71,33.52,0.21
2026-07-22,2026-07-22 04:05:22,335,295,187.254,1364.693,15136.4,7366.022,34649.432,2982.666,5,1,32.67,31.78,29.71,33.52,0.213
2026-07-22,2026-07-22 04:10:18,335,295,132.938,1415.446,15196.7,7431.729,34641.461,2994.789,5,1,32.67,31.78,29.71,33.52,0.215
2026-07-22,2026-07-22 04:15:17,335,295,361.647,1276.129,15267.8,7490.296,34635.212,3029.511,5,2,34.43,33.54,31.47,35.25,0.216
2026-07-22,2026-07-22 04:20:17,335,295,187.098,1175.684,15456.5,7560.973,34640.852,3043.042,5,2,34.43,33.54,31.47,35.25,0.218
2026-07-22,2026-07-22 04:25:17,335,295,131.045,1148.022,15453.0,7626.866,34638.751,3050.92,5,2,34.43,33.54,31.47,35.25,0.22
2026-07-22,2026-07-22 04:30:16,335,295,58.438,1285.431,15450.3,7702.303,34643.893,3062.248,5,3,33.69,32.71,30.95,34.08,0.222
2026-07-22,2026-07-22 04:35:16,335,295,40.106,1257.764,15447.2,7782.627,34643.856,3073.675,5,3,33.69,32.71,30.95,34.08,0.225
2026-07-22,2026-07-22 04:40:17,335,295,155.973,1164.343,15417.9,7851.244,34645.451,3076.574,5,3,33.69,32.71,30.95,34.08,0.227
2026-07-22,2026-07-22 04:45:17,335,295,124.733,1048.716,15300.8,7932.531,34655.555,3094.712,5,4,34.49,32.69,29.695,35.05,0.229
2026-07-22,2026-07-22 04:50:17,335,295,279.094,1293.973,15250.4,7990.144,34655.218,3102.416,5,4,34.49,32.69,29.695,35.05,0.231
2026-07-22,2026-07-22 04:55:17,335,295,291.208,1320.992,15246.3,8051.352,34654.498,3111.907,5,4,34.49,32.69,29.695,35.05,0.232
2026-07-22,2026-07-22 05:00:20,335,295,190.499,937.725,15243.7,8101.178,34653.164,3194.227,6,1,33.24,31.63,28.0,34.77,0.234
2026-07-22,2026-07-22 05:05:17,335,295,256.67,698.256,15244.3,8135.598,34657.894,3204.605,6,1,33.24,31.63,28.0,34.77,0.235
2026-07-22,2026-07-22 05:10:18,335,295,304.509,447.342,15228.4,8140.559,34648.038,3236.495,6,1,33.24,31.63,28.0,34.77,0.235
2026-07-22,2026-07-22 05:15:18,335,295,339.562,404.699,15239.9,8131.177,34640.11,3230.036,6,2,35.11,33.3,29.19,36.83,0.235
2026-07-22,2026-07-22 05:20:17,335,295,385.54,354.819,15218.7,8118.944,34645.17,3229.371,6,2,35.11,33.3,29.19,36.83,0.234
2026-07-22,2026-07-22 05:25:17,335,295,357.701,241.333,15183.0,8091.09,34641.606,3225.006,6,2,35.11,33.3,29.19,36.83,0.234
2026-07-22,2026-07-22 05:30:17,335,295,422.234,190.168,15177.9,8065.259,34651.619,3218.409,6,3,39.76,37.89,33.65,41.49,0.233
2026-07-22,2026-07-22 05:35:16,335,295,540.645,350.338,15177.2,8030.22,34674.658,3209.726,6,3,39.76,37.89,33.65,41.49,0.232
2026-07-22,2026-07-22 05:40:16,335,295,614.962,335.908,15182.5,7993.747,34678.254,3199.846,6,3,39.76,37.89,33.65,41.49,0.231
2026-07-22,2026-07-22 05:45:17,335,295,593.34,203.421,14992.8,7950.143,34677.588,3189.53,6,4,41.82,39.86,35.4,43.645,0.229
2026-07-22,2026-07-22 05:50:17,335,294,671.688,274.204,14785.2,7897.529,34677.366,3176.961,6,4,41.82,39.86,35.4,43.645,0.228
2026-07-22,2026-07-22 05:55:18,335,295,629.815,249.703,14725.1,7844.724,34672.164,3135.419,6,4,41.82,39.86,35.4,43.645,0.226
2026-07-22,2026-07-22 06:00:20,335,294,882.005,108.763,14712.6,7782.948,34670.424,3214.304,7,1,37.33,36.8,35.94,37.455,0.224
2026-07-22,2026-07-22 06:05:18,335,294,1474.306,77.861,14640.6,7684.053,34657.65,3169.643,7,1,37.33,36.8,35.94,37.455,0.222
2026-07-22,2026-07-22 06:10:18,335,294,1589.881,67.949,14654.3,7556.093,34603.251,3118.702,7,1,37.33,36.8,35.94,37.455,0.218
2026-07-22,2026-07-22 06:15:18,335,294,1578.205,57.611,14654.3,7416.267,34599.249,3142.382,7,2,38.87,37.35,34.335,39.895,0.214
2026-07-22,2026-07-22 06:20:19,335,294,1512.069,76.105,14795.5,7277.408,34644.585,3092.013,7,2,38.87,37.35,34.335,39.895,0.21
2026-07-22,2026-07-22 06:25:18,335,294,1598.86,209.949,14788.5,7142.116,34629.464,3071.281,7,2,38.87,37.35,34.335,39.895,0.206
2026-07-22,2026-07-22 06:30:18,335,294,1543.267,244.018,14791.4,7017.965,34628.083,3016.553,7,3,34.78,34.05,32.48,35.42,0.203
2026-07-22,2026-07-22 06:35:16,335,294,1556.377,69.254,14767.2,6879.777,34626.881,3040.965,7,3,34.78,34.05,32.48,35.42,0.199
2026-07-22,2026-07-22 06:40:16,335,294,1608.927,107.412,14738.9,6709.923,34541.487,3038.096,7,3,34.78,34.05,32.48,35.42,0.194
2026-07-22,2026-07-22 06:45:16,335,294,1484.719,86.34,14749.6,6588.436,34442.015,2989.536,7,4,42.77,40.1,34.71,44.755,0.191
2026-07-22,2026-07-22 06:50:18,335,294,1415.344,122.742,14746.2,6455.303,34442.442,2959.986,7,4,42.77,40.1,34.71,44.755,0.187
2026-07-22,2026-07-22 06:55:18,335,294,1343.047,167.42,14645.3,6338.499,34423.272,2933.396,7,4,42.77,40.1,34.71,44.755,0.184
2026-07-22,2026-07-22 07:00:21,335,294,865.891,98.396,14597.7,6239.424,34420.999,3779.115,8,1,49.17,44.445,36.07,51.49,0.181
2026-07-22,2026-07-22 07:05:18,335,294,1008.135,383.911,14552.9,6164.084,34408.515,3777.267,8,1,49.17,44.445,36.07,51.49,0.179
2026-07-22,2026-07-22 07:10:18,335,294,752.158,401.461,14516.7,6115.438,34412.134,3781.624,8,1,49.17,44.445,36.07,51.49,0.178
2026-07-22,2026-07-22 07:15:19,335,294,302.322,165.277,14390.9,6086.901,34450.208,3774.415,8,2,34.97,32.355,26.555,37.445,0.177
2026-07-22,2026-07-22 07:20:17,335,294,136.0,337.308,14384.8,6077.544,34492.944,3775.749,8,2,34.97,32.355,26.555,37.445,0.176
2026-07-22,2026-07-22 07:25:17,335,294,112.975,851.844,14414.7,6100.302,34490.482,3783.974,8,2,34.97,32.355,26.555,37.445,0.177
2026-07-22,2026-07-22 07:30:18,335,294,85.892,1129.267,14436.6,6165.306,34495.188,3746.078,8,3,26.11,25.1,22.85,26.97,0.179
2026-07-22,2026-07-22 07:35:18,335,294,14.208,1273.765,14482.4,6238.514,34458.401,3739.281,8,3,26.11,25.1,22.85,26.97,0.181
2026-07-22,2026-07-22 07:40:17,335,294,16.84,1341.818,14624.8,6336.205,34449.575,3796.247,8,3,26.11,25.1,22.85,26.97,0.184
2026-07-22,2026-07-22 07:45:17,335,294,151.995,1738.608,14767.5,6446.362,34479.223,3802.487,8,4,24.36,23.89,22.84,24.77,0.187
2026-07-22,2026-07-22 07:50:16,335,294,7.095,2198.698,14925.9,6577.769,34464.714,3697.634,8,4,24.36,23.89,22.84,24.77,0.191
2026-07-22,2026-07-22 07:55:17,335,294,5.281,2627.574,14995.0,6750.248,34449.458,3762.7,8,4,24.36,23.89,22.84,24.77,0.196
2026-07-22,2026-07-22 08:00:21,335,294,6.593,2945.884,15360.1,6979.653,34466.931,3990.159,9,1,25.8,25.52,24.9,25.97,0.203
2026-07-22,2026-07-22 08:05:16,335,293,3.947,4362.918,15814.0,7248.965,34780.199,4013.663,9,1,25.8,25.52,24.9,25.97,0.208
2026-07-22,2026-07-22 08:10:19,335,293,11.283,5031.516,16158.8,7588.337,34737.831,4103.71,9,1,25.8,25.52,24.9,25.97,0.218
2026-07-22,2026-07-22 08:15:17,335,293,8.577,5859.554,16206.8,7983.929,34731.087,4113.669,9,2,25.35,25.14,24.74,25.41,0.23
2026-07-22,2026-07-22 08:20:18,335,293,14.411,6510.405,16658.7,8475.348,35635.031,4195.853,9,2,25.35,25.14,24.74,25.41,0.238
2026-07-22,2026-07-22 08:25:16,335,293,31.158,7147.106,17067.9,9021.201,35639.293,4309.272,9,2,25.35,25.14,24.74,25.41,0.253
2026-07-22,2026-07-22 08:30:18,335,293,18.073,7568.472,17167.6,9596.758,35628.63,4373.87,9,3,24.64,24.64,24.63,24.6,0.269
2026-07-22,2026-07-22 08:35:18,335,293,18.245,7983.759,17235.2,10182.754,35622.022,4417.297,9,3,24.64,24.64,24.63,24.6,0.286
2026-07-22,2026-07-22 08:40:19,335,294,17.637,8334.476,17483.8,10817.392,35613.394,4537.783,9,3,24.64,24.64,24.63,24.6,0.304
2026-07-22,2026-07-22 08:45:19,335,294,17.189,8661.981,17741.4,11498.475,35613.688,4581.377,9,4,24.82,24.83,24.81,24.79,0.323
2026-07-22,2026-07-22 08:50:19,335,294,18.921,8910.24,17780.1,12186.236,35678.78,4749.972,9,4,24.82,24.83,24.81,24.79,0.342
2026-07-22,2026-07-22 08:55:19,335,293,19.198,9348.815,17846.7,12870.952,35673.02,4793.113,9,4,24.82,24.83,24.81,24.79,0.361
2026-07-22,2026-07-22 09:00:20,335,293,27.094,9466.152,17817.3,13577.028,35675.364,4749.619,10,1,25.87,25.87,25.84,25.83,0.381
2026-07-22,2026-07-22 09:05:16,335,292,23.314,9880.782,17728.3,14309.779,35672.495,4862.91,10,1,25.87,25.87,25.84,25.83,0.401
2026-07-22,2026-07-22 09:10:20,335,292,21.011,10334.895,17736.7,15070.962,35649.557,4938.69,10,1,25.87,25.87,25.84,25.83,0.423
2026-07-22,2026-07-22 09:15:16,335,292,20.827,10375.474,17874.4,15881.416,35660.978,4989.061,10,2,26.05,26.05,26.0,26.01,0.445
2026-07-22,2026-07-22 09:20:16,335,292,19.71,10432.978,18016.3,16668.154,35655.835,5074.119,10,2,26.05,26.05,26.0,26.01,0.467
2026-07-22,2026-07-22 09:25:17,335,292,19.969,10403.475,18012.8,17387.943,35452.259,5168.756,10,2,26.05,26.05,26.0,26.01,0.49
2026-07-22,2026-07-22 09:30:16,335,292,20.203,10331.821,17986.3,18212.938,35631.462,5238.976,10,3,26.19,26.19,26.14,26.16,0.511
2026-07-22,2026-07-22 09:35:17,335,292,11.344,10211.907,17952.3,18950.87,35456.435,5329.65,10,3,26.19,26.19,26.14,26.16,0.534
2026-07-22,2026-07-22 09:40:17,335,292,31.512,9829.455,17941.3,19860.909,35603.176,5427.275,10,3,26.19,26.19,26.14,26.16,0.558
2026-07-22,2026-07-22 09:45:17,335,292,8.523,9660.779,18200.5,20684.732,35821.985,5489.479,10,4,27.23,27.17,27.39,27.07,0.577
2026-07-22,2026-07-22 09:50:16,335,292,19.682,9724.207,18089.1,21131.535,35421.68,5546.939,10,4,27.23,27.17,27.39,27.07,0.597
2026-07-22,2026-07-22 09:55:16,335,290,24.76,9627.041,18091.8,21874.11,35418.947,5618.08,10,4,27.23,27.17,27.39,27.07,0.618
2026-07-22,2026-07-22 10:00:20,335,290,36.27,9307.741,18086.6,22667.25,35628.376,5463.799,11,1,26.42,26.265,26.84,26.06,0.636
2026-07-22,2026-07-22 10:05:16,335,292,35.034,8767.754,18089.9,23406.16,35675.911,5574.838,11,1,26.42,26.265,26.84,26.06,0.656
2026-07-22,2026-07-22 10:10:17,335,292,64.845,8651.39,18090.4,24078.312,35713.022,5653.819,11,1,26.42,26.265,26.84,26.06,0.674
2026-07-22,2026-07-22 10:15:17,335,292,8.84,8454.696,18079.3,24740.132,36313.36,5731.988,11,2,26.25,26.09,26.67,25.88,0.681
2026-07-22,2026-07-22 10:20:16,335,292,220.242,8254.082,18081.4,25368.52,36363.207,5827.405,11,2,26.25,26.09,26.67,25.88,0.698
2026-07-22,2026-07-22 10:25:17,335,291,219.618,7840.11,18071.8,25949.573,36359.271,5894.028,11,2,26.25,26.09,26.67,25.88,0.714
2026-07-22,2026-07-22 10:30:16,335,291,257.621,7782.227,18068.6,26516.904,36368.471,5879.196,11,3,26.54,26.38,26.97,26.2,0.729
2026-07-22,2026-07-22 10:35:18,335,291,252.62,7626.808,18059.0,27076.927,36388.42,5946.833,11,3,26.54,26.38,26.97,26.2,0.744
2026-07-22,2026-07-22 10:40:17,335,291,259.636,7055.461,18056.4,27619.968,36427.893,5988.392,11,3,26.54,26.38,26.97,26.2,0.758
2026-07-22,2026-07-22 10:45:17,335,290,242.475,6710.641,18059.8,28119.911,36443.791,6057.914,11,4,25.84,25.69,26.26,25.53,0.772
2026-07-22,2026-07-22 10:50:16,335,290,232.284,6269.236,18062.5,28600.556,36445.008,6100.107,11,4,25.84,25.69,26.26,25.53,0.785
2026-07-22,2026-07-22 10:55:16,335,290,225.811,5794.793,18036.9,28982.488,36415.439,6128.429,11,4,25.84,25.69,26.26,25.53,0.796
2026-07-22,2026-07-22 11:00:20,335,290,225.528,5244.213,18057.5,29359.807,36305.342,6055.624,12,1,22.81,22.67,23.18,22.55,0.809
2026-07-22,2026-07-22 11:05:18,335,290,219.769,4162.667,17870.3,29189.571,36178.668,6081.638,12,1,22.81,22.67,23.18,22.55,0.807
2026-07-22,2026-07-22 11:10:17,335,292,204.148,3398.294,17931.2,28906.852,35680.76,6101.646,12,1,22.81,22.67,23.18,22.55,0.81
2026-07-22,2026-07-22 11:15:19,335,293,97.194,2762.561,18068.0,29115.119,35799.25,6081.353,12,2,24.59,24.43,24.88,24.76,0.813
2026-07-22,2026-07-22 11:20:17,335,293,89.347,2604.045,18055.0,29287.723,35780.998,6115.012,12,2,24.59,24.43,24.88,24.76,0.819
2026-07-22,2026-07-22 11:25:17,335,293,75.577,2317.672,18051.7,29464.11,35798.382,6133.589,12,2,24.59,24.43,24.88,24.76,0.823
2026-07-22,2026-07-22 11:30:19,335,293,108.148,1977.313,18053.6,29609.84,35799.16,6193.298,12,3,27.45,27.49,27.77,28.3,0.827
2026-07-22,2026-07-22 11:35:18,335,293,261.536,1839.002,18046.6,29686.485,35770.675,6206.243,12,3,27.45,27.49,27.77,28.3,0.83
2026-07-22,2026-07-22 11:40:19,335,293,90.997,1873.536,18050.0,29802.26,35786.363,6237.155,12,3,27.45,27.49,27.77,28.3,0.833
2026-07-22,2026-07-22 11:45:19,335,294,165.426,1952.554,18056.5,29928.852,35801.944,6249.215,12,4,28.91,29.41,28.97,32.435,0.836
2026-07-22,2026-07-22 11:50:19,335,294,90.229,1802.937,18054.0,30021.257,35782.351,6245.692,12,4,28.91,29.41,28.97,32.435,0.839
2026-07-22,2026-07-22 11:55:19,335,293,68.354,1951.889,17937.1,30139.749,35776.191,6249.369,12,4,28.91,29.41,28.97,32.435,0.842
2026-07-22,2026-07-22 12:00:25,335,293,85.094,1979.815,17934.8,30240.881,35747.814,6272.736,13,1,28.24,28.645,26.345,34.375,0.846
2026-07-22,2026-07-22 12:05:18,335,293,48.876,1736.376,17953.1,30355.665,35752.52,6275.333,13,1,28.24,28.645,26.345,34.375,0.849
2026-07-22,2026-07-22 12:10:18,335,293,13.099,1609.859,17926.7,30461.365,35757.502,6282.996,13,1,28.24,28.645,26.345,34.375,0.852
2026-07-22,2026-07-22 12:15:20,335,293,8.702,1566.208,17920.9,30502.133,35694.561,6292.895,13,2,31.09,37.55,27.47,38.595,0.855
2026-07-22,2026-07-22 12:20:18,335,293,56.687,1459.314,17922.9,30342.486,35692.936,6285.446,13,2,31.09,37.55,27.47,38.595,0.85
2026-07-22,2026-07-22 12:25:17,335,293,9.319,1556.212,17929.8,30437.654,35698.431,6293.698,13,2,31.09,37.55,27.47,38.595,0.853
2026-07-22,2026-07-22 12:30:18,335,293,62.507,1280.102,17912.1,30514.98,35722.048,6293.09,13,3,37.39,56.1,28.815,53.48,0.854
2026-07-22,2026-07-22 12:35:18,335,293,42.239,1205.273,17930.1,30595.814,35713.122,6250.477,13,3,37.39,56.1,28.815,53.48,0.857
2026-07-22,2026-07-22 12:40:18,335,293,100.376,1124.583,17915.6,30657.295,35694.245,6274.819,13,3,37.39,56.1,28.815,53.48,0.859
2026-07-22,2026-07-22 12:45:18,335,293,68.822,1267.358,17799.1,30711.304,35682.871,6240.602,13,4,35.6,40.225,28.16,56.41,0.861
2026-07-22,2026-07-22 12:50:18,335,293,93.005,1386.477,17931.6,30831.466,35724.644,6270.628,13,4,35.6,40.225,28.16,56.41,0.863
2026-07-22,2026-07-22 12:55:19,335,293,7.49,1367.486,17898.7,30906.138,35686.202,6218.869,13,4,35.6,40.225,28.16,56.41,0.866
2026-07-22,2026-07-22 13:00:21,335,293,8.436,1460.137,17980.2,30981.905,35670.875,6157.292,14,1,35.71,47.48,27.5,59.2,0.869
2026-07-22,2026-07-22 13:05:23,335,293,62.761,1098.23,18001.3,31028.852,35654.274,6150.376,14,1,35.71,47.48,27.5,59.2,0.87
2026-07-22,2026-07-22 13:10:19,335,293,203.625,659.552,17855.6,31073.123,35669.549,6119.294,14,1,35.71,47.48,27.5,59.2,0.871
2026-07-22,2026-07-22 13:15:19,335,293,295.353,691.273,17863.0,31082.451,35684.055,6092.098,14,2,36.74,50.105,29.39,63.54,0.871
2026-07-22,2026-07-22 13:20:18,335,293,387.486,988.755,17890.6,31115.971,35683.683,6147.562,14,2,36.74,50.105,29.39,63.54,0.872
2026-07-22,2026-07-22 13:25:19,335,293,249.362,636.422,18012.7,31143.348,35699.254,6163.364,14,2,36.74,50.105,29.39,63.54,0.872
2026-07-22,2026-07-22 13:30:19,335,293,169.045,605.459,18035.7,31133.595,35647.168,6269.863,14,3,37.06,42.68,30.52,70.865,0.873
2026-07-22,2026-07-22 13:35:18,335,293,193.113,627.895,18064.8,31176.774,35677.442,6305.082,14,3,37.06,42.68,30.52,70.865,0.874
2026-07-22,2026-07-22 13:40:19,335,293,224.158,535.297,18119.7,31185.864,35674.452,6323.371,14,3,37.06,42.68,30.52,70.865,0.874
2026-07-22,2026-07-22 13:45:20,335,293,402.613,481.763,18108.0,31219.834,35698.678,6330.026,14,4,40.54,42.885,32.11,85.71,0.875
2026-07-22,2026-07-22 13:50:21,335,293,496.441,452.82,18074.5,31191.12,35696.491,6416.653,14,4,40.54,42.885,32.11,85.71,0.874
2026-07-22,2026-07-22 13:55:20,335,293,619.317,448.491,18074.0,31160.528,35659.925,6435.519,14,4,40.54,42.885,32.11,85.71,0.874
2026-07-22,2026-07-22 14:00:24,335,293,435.45,500.273,18027.0,31156.996,35676.536,6723.538,15,1,41.48,48.155,36.68,83.585,0.873
2026-07-22,2026-07-22 14:05:23,335,293,206.642,399.469,17965.6,31132.471,35649.175,6757.931,15,1,41.48,48.155,36.68,83.585,0.873
2026-07-22,2026-07-22 14:10:22,335,293,245.553,591.19,17949.8,31102.572,35618.727,6717.929,15,1,41.48,48.155,36.68,83.585,0.873
2026-07-22,2026-07-22 14:15:21,335,293,204.386,617.989,17952.8,31112.936,35596.698,6653.51,15,2,53.8,49.935,82.07,79.69,0.874
2026-07-22,2026-07-22 14:20:20,335,293,338.383,573.962,18073.3,31156.458,35700.23,6660.583,15,2,53.8,49.935,82.07,79.69,0.873
2026-07-22,2026-07-22 14:25:20,335,293,408.356,447.739,18020.0,31113.286,35614.996,6444.175,15,2,53.8,49.935,82.07,79.69,0.874
2026-07-22,2026-07-22 14:30:21,335,293,307.985,477.907,17989.7,31111.541,35630.116,6436.607,15,3,61.08,38.79,120.75,100.68,0.873
2026-07-22,2026-07-22 14:35:22,335,293,125.341,653.461,17981.9,31121.138,35628.648,6465.738,15,3,61.08,38.79,120.75,100.68,0.873
2026-07-22,2026-07-22 14:40:22,335,293,352.509,508.911,18070.0,30846.553,35474.972,6524.922,15,3,61.08,38.79,120.75,100.68,0.87
2026-07-22,2026-07-22 14:45:21,335,293,331.403,675.451,18220.9,30891.15,35464.193,6545.532,15,4,54.66,38.11,89.95,159.885,0.871
2026-07-22,2026-07-22 14:50:20,335,294,375.817,557.637,18149.6,30873.256,35459.609,6560.739,15,4,54.66,38.11,89.95,159.885,0.871
2026-07-22,2026-07-22 14:55:20,335,294,257.304,767.484,18136.9,30938.612,35468.693,6620.6,15,4,54.66,38.11,89.95,159.885,0.872
2026-07-22,2026-07-22 15:00:25,335,293,194.2,709.462,17960.3,31061.984,35498.206,6691.198,16,1,45.69,37.77,61.43,167.18,0.875
2026-07-22,2026-07-22 15:05:22,335,292,104.119,1008.628,17839.6,31174.359,35705.407,6726.947,16,1,45.69,37.77,61.43,167.18,0.873
2026-07-22,2026-07-22 15:10:23,335,292,70.818,1107.905,17825.5,31317.036,35690.295,6679.766,16,1,45.69,37.77,61.43,167.18,0.877
2026-07-22,2026-07-22 15:15:21,335,292,269.907,995.181,17861.0,31374.194,35692.171,6713.04,16,2,58.2,42.56,100.045,108.67,0.879
2026-07-22,2026-07-22 15:20:21,335,293,420.365,731.326,17999.9,31443.242,35690.59,6734.856,16,2,58.2,42.56,100.045,108.67,0.881
2026-07-22,2026-07-22 15:25:20,335,293,233.143,735.848,17956.8,31454.875,35688.889,6747.222,16,2,58.2,42.56,100.045,108.67,0.881
2026-07-22,2026-07-22 15:30:21,335,293,435.086,786.111,18042.8,31488.136,35700.305,6670.406,16,3,53.21,43.375,75.85,210.05,0.882
2026-07-22,2026-07-22 15:35:21,335,293,192.748,786.827,18017.1,31512.095,35712.81,6995.934,16,3,53.21,43.375,75.85,210.05,0.882
2026-07-22,2026-07-22 15:40:20,335,293,366.26,995.73,18011.4,31629.737,35789.295,7036.225,16,3,53.21,43.375,75.85,210.05,0.884
2026-07-22,2026-07-22 15:45:21,335,293,27.104,932.83,18049.8,31649.878,35786.996,6998.307,16,4,48.87,40.415,71.53,203.95,0.884
2026-07-22,2026-07-22 15:50:22,335,293,25.376,1036.452,18025.6,31716.152,35792.114,6963.647,16,4,48.87,40.415,71.53,203.95,0.886
2026-07-22,2026-07-22 15:55:21,335,293,25.649,981.596,18046.7,31799.419,35853.691,6885.569,16,4,48.87,40.415,71.53,203.95,0.887
2026-07-22,2026-07-22 16:00:23,335,293,39.568,1262.735,18057.7,31877.196,35869.473,6882.026,17,1,35.62,35.05,41.12,188.44,0.889
2026-07-22,2026-07-22 16:05:25,335,293,26.279,998.166,18091.7,31668.615,35070.179,6862.988,17,1,35.62,35.05,41.12,188.44,0.903
2026-07-22,2026-07-22 16:10:25,335,293,6.176,1026.725,18038.2,31739.863,35063.341,6872.143,17,1,35.62,35.05,41.12,188.44,0.905
2026-07-22,2026-07-22 16:15:21,335,293,163.825,656.877,18114.3,31779.594,35080.586,6970.449,17,2,41.04,41.5,44.27,201.725,0.906
2026-07-22,2026-07-22 16:20:20,335,293,126.409,509.014,18066.1,31707.051,35008.195,6898.722,17,2,41.04,41.5,44.27,201.725,0.906
2026-07-22,2026-07-22 16:25:21,335,293,31.075,745.011,18031.1,31757.54,35010.92,6897.398,17,2,41.04,41.5,44.27,201.725,0.907
2026-07-22,2026-07-22 16:30:20,335,293,115.185,387.623,17984.6,31767.277,34999.367,6951.198,17,3,49.0,53.77,47.44,222.685,0.908
2026-07-22,2026-07-22 16:35:22,335,293,618.251,323.86,17973.7,31774.963,35013.42,7020.424,17,3,49.0,53.77,47.44,222.685,0.908
2026-07-22,2026-07-22 16:40:22,335,293,114.512,255.136,18021.8,31817.328,35050.501,7042.226,17,3,49.0,53.77,47.44,222.685,0.908
2026-07-22,2026-07-22 16:45:22,335,293,206.706,254.462,18034.8,31528.544,34770.496,7041.466,17,4,54.25,60.33,52.08,232.93,0.907
2026-07-22,2026-07-22 16:50:22,335,294,167.867,282.482,18036.0,31518.58,34766.278,7050.082,17,4,54.25,60.33,52.08,232.93,0.907
2026-07-22,2026-07-22 16:55:22,335,294,149.011,300.276,18072.9,31507.713,34755.397,7044.0,17,4,54.25,60.33,52.08,232.93,0.907
2026-07-22,2026-07-22 17:00:23,335,295,14.291,665.025,18224.8,31634.465,34871.482,7101.462,18,1,47.41,49.69,45.05,216.65,0.907
2026-07-22,2026-07-22 17:05:21,335,295,13.008,668.358,18292.0,31869.277,35063.847,7025.559,18,1,47.41,49.69,45.05,216.65,0.909
2026-07-22,2026-07-22 17:10:21,335,295,47.659,693.888,18292.3,31862.255,35043.957,7052.204,18,1,47.41,49.69,45.05,216.65,0.909
2026-07-22,2026-07-22 17:15:21,335,295,79.863,536.231,18301.9,31924.93,35060.938,7007.395,18,2,47.13,48.22,46.32,213.21,0.911
2026-07-22,2026-07-22 17:20:21,335,295,11.652,484.363,18337.2,31953.186,35066.029,7130.345,18,2,47.13,48.22,46.32,213.21,0.911
2026-07-22,2026-07-22 17:25:20,335,295,24.171,651.528,18281.2,31989.08,35064.942,7146.524,18,2,47.13,48.22,46.32,213.21,0.912
2026-07-22,2026-07-22 17:30:20,335,295,12.533,721.118,18296.1,32001.818,35046.978,7211.056,18,3,52.18,54.795,50.1,223.74,0.913
2026-07-22,2026-07-22 17:35:19,335,295,144.764,592.022,18287.4,32019.83,35025.587,7061.791,18,3,52.18,54.795,50.1,223.74,0.914
2026-07-22,2026-07-22 17:40:21,335,295,54.775,313.759,18271.4,32027.162,35028.754,7183.067,18,3,52.18,54.795,50.1,223.74,0.914
2026-07-22,2026-07-22 17:45:21,335,295,51.498,298.955,18290.3,32020.782,35010.15,7146.559,18,4,44.27,42.34,43.06,210.86,0.915
2026-07-22,2026-07-22 17:50:20,335,295,20.818,632.15,18298.9,32038.332,35005.713,7163.817,18,4,44.27,42.34,43.06,210.86,0.915
2026-07-22,2026-07-22 17:55:20,335,295,158.866,298.304,18321.9,32069.646,35020.805,7169.972,18,4,44.27,42.34,43.06,210.86,0.916
2026-07-22,2026-07-22 18:00:25,335,296,39.746,496.748,18373.1,32110.504,35052.82,7223.433,19,1,50.7,49.51,44.89,226.035,0.916
2026-07-22,2026-07-22 18:05:23,335,296,324.456,424.831,18374.1,32151.173,35074.03,7196.726,19,1,50.7,49.51,44.89,226.035,0.917
2026-07-22,2026-07-22 18:10:25,335,296,500.73,268.888,18404.9,32129.764,35075.082,7280.476,19,1,50.7,49.51,44.89,226.035,0.916
2026-07-22,2026-07-22 18:15:21,335,296,298.105,171.793,18425.5,32372.106,35352.969,7298.471,19,2,70.16,66.3,65.465,259.485,0.916
2026-07-22,2026-07-22 18:20:22,335,296,367.134,227.407,18411.0,32341.095,35347.702,7347.988,19,2,70.16,66.3,65.465,259.485,0.915
2026-07-22,2026-07-22 18:25:23,335,296,355.676,120.58,18449.4,32314.844,35344.032,7281.147,19,2,70.16,66.3,65.465,259.485,0.914
2026-07-22,2026-07-22 18:30:21,335,296,860.39,186.692,18481.3,32268.04,35334.113,7415.048,19,3,117.26,116.095,106.4,310.22,0.913
2026-07-22,2026-07-22 18:35:23,335,296,1117.577,20.371,18502.8,32159.711,35300.586,7498.704,19,3,117.26,116.095,106.4,310.22,0.911
2026-07-22,2026-07-22 18:40:22,335,296,999.124,124.1,18487.6,32055.719,35299.517,7605.209,19,3,117.26,116.095,106.4,310.22,0.908
2026-07-22,2026-07-22 18:45:23,335,296,1280.322,160.679,18898.8,33002.638,36328.396,7580.29,19,4,143.4,142.25,138.105,321.825,0.908
2026-07-22,2026-07-22 18:50:23,335,296,1688.683,58.775,18935.5,32863.285,36288.517,7598.032,19,4,143.4,142.25,138.105,321.825,0.906
2026-07-22,2026-07-22 18:55:24,335,296,2114.098,185.245,18923.8,32717.289,36280.374,7607.943,19,4,143.4,142.25,138.105,321.825,0.902
2026-07-22,2026-07-22 19:00:26,335,296,2494.167,136.085,18960.5,32539.272,36283.022,7231.845,20,1,106.59,102.935,125.13,222.005,0.897
2026-07-22,2026-07-22 19:05:24,335,296,3385.484,620.207,18981.1,32326.768,36269.463,7207.693,20,1,106.59,102.935,125.13,222.005,0.891
2026-07-22,2026-07-22 19:10:24,335,296,4012.696,147.017,19009.8,32024.415,36240.734,7200.885,20,1,106.59,102.935,125.13,222.005,0.884
2026-07-22,2026-07-22 19:15:22,335,296,4957.977,104.286,19019.8,31634.292,36236.343,7132.754,20,2,128.09,127.88,130.62,131.83,0.873
2026-07-22,2026-07-22 19:20:22,335,296,5680.693,58.18,19040.5,31177.543,36248.026,7075.345,20,2,128.09,127.88,130.62,131.83,0.86
2026-07-22,2026-07-22 19:25:23,335,296,6362.291,55.063,19088.3,30672.484,36253.18,7042.448,20,2,128.09,127.88,130.62,131.83,0.846
2026-07-22,2026-07-22 19:30:24,335,296,7095.737,96.434,19098.8,30129.295,36283.828,6712.704,20,3,141.4,139.545,140.8,141.48,0.83
2026-07-22,2026-07-22 19:35:26,335,296,8110.049,87.234,19071.4,29513.982,36279.142,6607.531,20,3,141.4,139.545,140.8,141.48,0.814
2026-07-22,2026-07-22 19:40:25,335,296,8923.377,80.898,19090.1,28796.336,36268.628,6605.397,20,3,141.4,139.545,140.8,141.48,0.794
2026-07-22,2026-07-22 19:45:25,335,296,9655.636,62.484,19089.3,28029.257,36261.234,6294.856,20,4,167.79,165.41,168.245,164.99,0.773
2026-07-22,2026-07-22 19:50:27,335,296,10366.31,59.498,19089.5,27173.232,36265.755,6124.78,20,4,167.79,165.41,168.245,164.99,0.749
2026-07-22,2026-07-22 19:55:30,335,296,10826.316,54.207,19079.7,26308.949,36292.576,5917.794,20,4,167.79,165.41,168.245,164.99,0.725
2026-07-22,2026-07-22 20:00:28,335,295,11100.288,30.328,19076.6,25343.854,36281.733,5667.996,21,1,163.96,163.855,163.39,150.87,0.699
2026-07-22,2026-07-22 20:05:37,335,295,11425.25,15.774,19080.0,24396.221,36273.048,5655.572,21,1,163.96,163.855,163.39,150.87,0.673
2026-07-22,2026-07-22 20:10:35,335,295,11694.915,11.925,19075.7,23370.613,36244.573,5602.671,21,1,163.96,163.855,163.39,150.87,0.645
2026-07-22,2026-07-22 20:15:26,335,295,11799.009,119.747,19079.3,22379.506,36250.535,5462.746,21,2,161.96,161.575,160.74,150.465,0.617
2026-07-22,2026-07-22 20:20:36,335,295,11865.782,10.088,19063.8,21370.018,36238.9,5369.61,21,2,161.96,161.575,160.74,150.465,0.59
2026-07-22,2026-07-22 20:25:35,335,295,12016.372,9.773,19049.9,20341.448,36244.842,5364.69,21,2,161.96,161.575,160.74,150.465,0.561
2026-07-22,2026-07-22 20:30:24,335,295,11888.585,107.25,19032.0,19312.581,36243.313,5357.802,21,3,147.55,147.225,146.195,137.32,0.533
2026-07-22,2026-07-22 20:35:24,335,296,11620.567,104.995,18980.0,18295.255,36256.283,5317.533,21,3,147.55,147.225,146.195,137.32,0.505
2026-07-22,2026-07-22 20:40:30,335,296,11318.181,51.904,18893.0,17296.898,36230.246,5279.803,21,3,147.55,147.225,146.195,137.32,0.477
2026-07-22,2026-07-22 20:45:35,335,296,10934.9,13.543,18776.0,16293.939,36194.652,5265.928,21,4,133.55,131.625,129.265,123.59,0.45
2026-07-22,2026-07-22 20:50:34,335,296,10817.909,95.431,18714.2,15338.567,36200.693,5168.389,21,4,133.55,131.625,129.265,123.59,0.424
2026-07-22,2026-07-22 20:55:24,335,296,10445.052,45.598,18521.2,14385.108,36164.148,4942.435,21,4,133.55,131.625,129.265,123.59,0.398
2026-07-22,2026-07-22 21:00:27,335,296,10300.193,93.145,18366.5,13492.705,36173.028,4525.468,22,1,152.37,150.015,146.395,142.67,0.373
2026-07-22,2026-07-22 21:05:23,335,295,9859.9,25.742,18145.1,12564.153,36172.208,4474.05,22,1,152.37,150.015,146.395,142.67,0.347
2026-07-22,2026-07-22 21:10:34,335,294,9502.095,26.232,17861.8,11731.604,36173.882,4359.33,22,1,152.37,150.015,146.395,142.67,0.324
2026-07-22,2026-07-22 21:15:24,335,294,9037.164,34.109,17575.4,10882.597,36144.881,4336.413,22,2,198.3,196.58,191.725,193.125,0.301
2026-07-22,2026-07-22 21:20:24,335,294,8453.544,51.608,16863.8,10042.271,35152.015,4206.555,22,2,198.3,196.58,191.725,193.125,0.286
2026-07-22,2026-07-22 21:25:23,335,294,7900.685,132.391,16684.7,9318.44,35140.942,4112.854,22,2,198.3,196.58,191.725,193.125,0.265
2026-07-22,2026-07-22 21:30:23,335,295,7372.456,104.107,16315.7,8657.236,35126.956,4012.188,22,3,232.17,230.415,226.315,227.0,0.246
2026-07-22,2026-07-22 21:35:23,335,294,6763.548,125.101,15937.8,8046.51,35130.22,3956.784,22,3,232.17,230.415,226.315,227.0,0.229
2026-07-22,2026-07-22 21:40:31,335,294,6229.345,109.925,15667.4,7481.439,35139.001,3798.228,22,3,232.17,230.415,226.315,227.0,0.213
2026-07-22,2026-07-22 21:45:24,335,294,5709.138,118.309,15348.6,6955.168,35139.917,3742.687,22,4,252.56,251.005,247.525,247.78,0.198
2026-07-22,2026-07-22 21:50:24,335,294,5105.845,74.648,14834.3,6470.619,35130.804,3659.269,22,4,252.56,251.005,247.525,247.78,0.184
2026-07-22,2026-07-22 21:55:25,335,294,4721.091,104.263,14700.7,6033.568,35127.476,3611.54,22,4,252.56,251.005,247.525,247.78,0.172
2026-07-22,2026-07-22 22:00:27,335,295,4328.958,304.131,14571.3,5627.622,35134.77,3370.334,23,1,349.05,344.91,344.115,343.5,0.16
2026-07-22,2026-07-22 22:05:37,335,295,3605.547,47.57,14318.2,5254.783,35123.668,3280.541,23,1,349.05,344.91,344.115,343.5,0.15
2026-07-22,2026-07-22 22:10:29,335,295,3204.874,316.93,14301.8,4939.281,35116.448,3265.398,23,1,349.05,344.91,344.115,343.5,0.141
2026-07-22,2026-07-22 22:15:30,335,295,2828.883,292.306,14453.6,4748.462,35857.69,3242.688,23,2,207.47,204.465,202.535,205.045,0.132
2026-07-22,2026-07-22 22:20:26,335,295,2766.723,537.229,14347.5,4532.006,35863.686,3111.815,23,2,207.47,204.465,202.535,205.045,0.126
2026-07-22,2026-07-22 22:25:23,335,295,2172.872,304.613,14075.6,4573.717,36124.382,2946.233,23,2,207.47,204.465,202.535,205.045,0.127
2026-07-22,2026-07-22 22:30:34,335,295,2173.905,558.358,13659.7,4378.91,35154.017,2823.061,23,3,136.79,134.075,129.33,137.515,0.125
2026-07-22,2026-07-22 22:35:24,335,296,2013.417,700.745,13506.2,4236.71,35156.63,2751.25,23,3,136.79,134.075,129.33,137.515,0.121
2026-07-22,2026-07-22 22:40:23,335,296,1665.934,477.389,13526.7,4096.283,35138.726,2650.249,23,3,136.79,134.075,129.33,137.515,0.117
2026-07-22,2026-07-22 22:45:23,335,296,1378.288,366.209,13480.3,3992.577,35141.723,2681.88,23,4,96.8,94.69,90.5,97.39,0.114
2026-07-22,2026-07-22 22:50:21,335,296,1293.354,306.46,13336.8,3927.319,35170.778,2569.349,23,4,96.8,94.69,90.5,97.39,0.112
2026-07-22,2026-07-22 22:55:22,335,296,1220.285,225.155,13237.5,3786.487,35120.888,2534.346,23,4,96.8,94.69,90.5,97.39,0.108
2026-07-22,2026-07-22 23:00:25,335,296,960.596,272.813,13155.3,3705.55,35121.439,2597.35,24,1,78.26,76.71,73.615,78.82,0.106
2026-07-22,2026-07-22 23:05:21,335,296,920.066,490.332,13073.2,3617.952,34499.67,2648.205,24,1,78.26,76.71,73.615,78.82,0.105
2026-07-22,2026-07-22 23:10:21,335,296,768.167,506.288,13060.1,3576.152,34494.582,2712.081,24,1,78.26,76.71,73.615,78.82,0.104
2026-07-22,2026-07-22 23:15:21,335,296,853.302,812.976,13231.1,3548.846,34482.168,2671.224,24,2,62.06,61.23,59.45,62.4,0.103
2026-07-22,2026-07-22 23:20:20,335,296,416.989,202.76,13121.5,3519.966,34475.903,2683.109,24,2,62.06,61.23,59.45,62.4,0.102
2026-07-22,2026-07-22 23:25:20,335,296,493.135,376.427,13118.9,3490.84,34471.368,2641.858,24,2,62.06,61.23,59.45,62.4,0.101
2026-07-22,2026-07-22 23:30:20,335,295,398.083,264.546,13066.4,3471.476,34474.764,2619.356,24,3,64.88,64.0,62.19,65.355,0.101
2026-07-22,2026-07-22 23:35:20,335,296,373.799,414.535,13138.6,3453.016,34482.462,2587.939,24,3,64.88,64.0,62.19,65.355,0.1
2026-07-22,2026-07-22 23:40:21,335,295,182.338,392.493,13057.8,3438.588,34474.543,2569.032,24,3,64.88,64.0,62.19,65.355,0.1
2026-07-22,2026-07-22 23:45:20,335,296,263.579,620.788,13044.8,3489.089,34511.578,2531.483,24,4,61.36,61.06,61.31,61.07,0.101
2026-07-22,2026-07-22 23:50:21,335,296,491.299,687.357,12943.2,3487.455,34516.29,2525.32,24,4,61.36,61.06,61.31,61.07,0.101
2026-07-22,2026-07-22 23:55:21,335,296,476.287,635.423,12833.1,3491.62,34510.041,2491.587,24,4,61.36,61.06,61.31,61.07,0.101
